p,d_obs,n_directions,eps,ceiling_gap,observed_discrepancy,I_plus,I_minus
8,1,26,0.41648947952318155,0.09171938012661848,0.0,0.0005458049453456625,0.09226518507196414
8,1,26,0.34633413822367104,0.05183176199172895,1.3877787807814457e-17,0.06371416989954333,0.011882407907814373
8,1,26,0.18627536937827543,0.021319573211754907,5.551115123125783e-17,0.021400575785995565,8.100257424065952e-05
8,1,26,0.29891621722424166,0.08005357981793348,2.7755575615628914e-17,0.0590472208815526,0.13910080069948608
8,1,26,0.20380757751645281,0.02554004921711237,2.7755575615628914e-17,0.0008717827663388237,0.026411831983451192
8,1,26,0.23830808581647345,0.0323749484152432,4.85722573273506e-17,0.0324213736956619,4.6425280418698004e-05
8,1,26,0.14229992969688088,0.045192703258854494,0.0,0.5088443157320834,0.46365161247322895
8,1,26,0.3497958091056024,0.013536394234930594,2.7755575615628914e-17,0.015295711298467641,0.028832105533398236
8,1,26,0.1946990874728504,0.02561711544428581,2.7755575615628914e-17,0.0055278832602565844,0.031144998704542393
8,1,26,0.16594104544486296,0.10870124657773514,0.0,0.2599761028436545,0.15127485626591938
8,1,26,0.3931890465053248,0.5121872231418287,4.163336342344337e-17,0.5250934386579825,0.012906215516153821
8,1,26,0.6028061107279792,0.13110461084115155,1.3877787807814457e-16,0.1342125927531473,0.003107981911995749
8,1,26,0.3758882788248336,0.30028338985725556,2.7755575615628914e-17,0.6306696183546442,0.33038622849738863
8,1,26,0.5002465558535236,0.1388912478120137,2.7755575615628914e-17,0.15177777098211825,0.012886523170104552
8,1,26,0.2829800491203378,0.1393414955880444,2.7755575615628914e-17,0.003203592323577971,0.14254508791162238
8,1,26,0.36679253726539773,0.020821746636231285,1.3877787807814457e-17,0.042127807629385346,0.02130606099315406
8,1,26,0.4445992041714098,0.218309736554202,1.3877787807814457e-17,0.21905705070099712,0.0007473141467951327
8,1,26,0.22376277434452435,0.05280974367132768,5.551115123125783e-17,0.24173898168850158,0.1889292380171739
8,1,26,0.33679716271169213,0.30288556014687606,2.7755575615628914e-17,0.41984580655653453,0.11696024640965845
8,1,26,0.24825148713465062,0.04189959924241388,2.7755575615628914e-17,0.0003043662568506979,0.042203965499264584
8,1,26,0.2694249681882684,0.20874126947113505,0.0,0.3516343223319545,0.14289305286081946
8,1,26,0.22867461414784482,0.07818233667896268,2.7755575615628914e-17,0.04716931230939345,0.12535164898835613
8,1,26,0.47085823731562365,0.06486033805757399,0.0,0.08687952326265126,0.022019185205077278
8,1,26,0.5953044086531976,0.09590314847333255,0.0,0.008011671305756932,0.10391481977908948
8,1,26,0.3403585148211689,0.25675662014547673,2.7755575615628914e-17,0.4850435068090238,0.2282868866635471
8,1,26,0.19869212455109053,0.10861231679112568,1.3877787807814457e-17,0.16186633396104874,0.2704786507521744
8,1,26,0.42992393069156526,0.21514409236372686,1.3877787807814457e-17,0.2702662548008014,0.05512216243707454
8,1,26,0.2553397956388083,0.3306456252958712,2.7755575615628914e-17,0.2982830511133652,0.6289286764092364
8,1,26,0.3229987887009455,0.09515026578089779,1.3877787807814457e-17,0.005380367713146513,0.1005306334940443
8,1,26,0.28029643338984683,0.023231472451858772,0.0,0.0025662921391539405,0.025797764591012712
8,1,26,0.06701062589384692,0.07860325806430057,1.3877787807814457e-17,0.8420566671101406,0.76345340904584
8,1,26,0.2863151361553656,0.025926058851700465,2.7755575615628914e-17,0.027536029407940546,0.00160997055624008
8,1,26,0.18316318866325906,0.1496817422722504,5.551115123125783e-17,0.616411347620116,0.46672960534786556
8,1,26,0.5367186075315992,0.4905162133982505,5.551115123125783e-17,0.5783588011921541,0.0878425877939036
8,1,26,0.18214300915764806,0.018526885307351696,1.3877787807814457e-17,0.021791680718193072,0.003264795410841375
8,1,26,0.3439774973290861,0.08550932180528054,0.0,0.12419098622600026,0.03868166442071972
8,1,26,0.20090212065564106,0.21925543961334404,2.7755575615628914e-17,0.28562392474585674,0.5048793643592008
8,1,26,0.3191906309325976,0.17855534291569905,1.3877787807814457e-17,0.3115712461291937,0.13301590321349463
8,1,26,0.3730867853457141,0.1609784889145657,6.938893903907228e-17,0.007040099036823297,0.168018587951389
8,1,26,0.6006443634234784,0.34378226930709915,5.551115123125783e-17,0.34989898385742185,0.006116714550322707
8,1,26,0.20294755770329626,0.14898013774674165,1.3877787807814457e-17,0.22577786845548561,0.37475800620222727
8,1,26,0.32825158326895304,0.17878705281743223,0.0,0.10655190350588384,0.2853389563233161
8,1,26,0.35894647971906035,0.15140782406456404,2.7755575615628914e-17,0.06481251084310506,0.2162203349076691
8,1,26,0.4336730854469607,0.2837034022771804,2.7755575615628914e-17,0.3012975882063234,0.017594185929143035
8,1,26,0.5049534756201074,0.3908316971734799,5.551115123125783e-17,0.6108563787102387,0.2200246815367588
8,1,26,0.3061781180398993,0.04811932884772736,5.551115123125783e-17,0.0579660449992253,0.009846716151497934
8,1,26,0.21342721883375151,0.10765173539790074,0.0,0.27779277429895827,0.385444509696859
8,1,26,0.4622837223735017,0.29199751130873564,0.0,0.23190920318989613,0.5239067144986318
8,1,26,0.12324433517663157,0.06658255695407096,2.7755575615628914e-17,0.07361796997150985,0.007035413017438891
8,1,26,0.38523008241906403,0.024786842963244304,1.3877787807814457e-17,0.02641514161017977,0.0016282986469354664
8,1,26,0.31365302495905045,0.054143006027868944,2.7755575615628914e-17,0.005837550397427964,0.059980556425296906
8,1,26,0.35843662779917834,0.20963278625509718,4.163336342344337e-17,0.04438310546777001,0.2540158917228672
8,1,26,0.27679707634144096,0.04798349169227012,0.0,0.011200491936840879,0.059183983629110995
8,1,26,0.26099320312619556,0.06362928706373115,2.7755575615628914e-17,0.0001216433615287484,0.0637509304252599
8,1,26,0.5120795565180623,0.06060845889523417,6.938893903907228e-18,0.06625855290981182,0.0056500940145776495
8,1,26,0.11182916362548491,0.08819454984230571,0.0,0.17072472568292515,0.25891927552523086
8,1,26,0.28463378218450447,0.24685961759403813,1.3877787807814457e-17,0.4402073625439437,0.1933477449499056
8,1,26,0.3725208005216609,0.31158861496887846,5.551115123125783e-17,0.465472517694866,0.15388390272598748
8,1,26,0.39296241644412333,0.030825814328403475,5.551115123125783e-17,0.03161884090254279,0.0007930265741393187
8,1,26,0.2380642067176694,0.1684327463156688,1.3877787807814457e-17,0.11499948044772962,0.2834322267633984
8,1,26,0.1954813971785173,0.43942448524653194,2.7755575615628914e-17,0.3830040260177567,0.8224285112642886
8,1,26,0.31808161156043063,0.11098785976371439,6.938893903907228e-18,0.11106191849544975,7.40587317353505e-05
8,1,26,0.15443339871936487,0.11122521708663191,2.7755575615628914e-17,0.5101278872200479,0.6213531043066798
8,1,26,0.07244868020433114,0.044200203564371016,1.3877787807814457e-17,0.2544672220454673,0.21026701848109627
8,1,26,0.17290088951142032,0.0652585934038526,1.3877787807814457e-17,0.017835793537667538,0.08309438694152013
8,1,26,0.3203607463860872,0.41751300647672196,0.0,0.46870683491688836,0.05119382844016641
8,1,26,0.13202505503605505,0.033324869791193854,2.7755575615628914e-17,0.12044010638290285,0.087115236591709
8,1,26,0.18273085697309513,0.15423807311846072,1.3877787807814457e-17,0.30571825766158206,0.4599563307800428
8,1,26,0.1767228782835254,0.10595487702691908,2.7755575615628914e-17,0.459114606329185,0.5650694833561041
8,1,26,0.39525158191155796,0.023066076014915175,2.7755575615628914e-17,0.02504114323496233,0.001975067220047155
8,1,26,0.3639611106677514,0.31341611359789456,5.551115123125783e-17,0.6074220388112497,0.2940059252133551
8,1,26,0.3982709518883361,0.3276492018824946,1.3877787807814457e-17,0.16234543017524045,0.489994632057735
8,1,26,0.23211151819500503,0.16176280806027854,1.3877787807814457e-17,0.22756343918305622,0.38932624724333476
8,1,26,0.10482773392741028,0.07053814569738248,2.7755575615628914e-17,0.2908364431487052,0.22029829745132273
8,1,26,0.4855520588564191,0.21330198944189918,1.3877787807814457e-17,0.1481503588195124,0.3614523482614116
8,1,26,0.4289695361938996,0.14242650296503526,2.0816681711721685e-17,0.14593603027609703,0.00350952731106178
8,1,26,0.3879377878664857,0.2588624488777882,2.7755575615628914e-17,0.3249652763448567,0.5838277252226449
8,1,26,0.15381361650158323,0.05943356352906515,0.0,0.1489752633856066,0.20840882691467175
8,1,26,0.22293534771652626,0.1266203731027122,1.3877787807814457e-17,0.1684792226418285,0.2950995957445407
8,1,26,0.2311876462077268,0.028672268800173116,0.0,0.0007640214957693746,0.02943629029594249
8,1,26,0.6311859919587658,0.2641993527461995,4.85722573273506e-17,0.2966789911465519,0.03247963840035241
8,1,26,0.1455697204124647,0.003497948094830086,4.163336342344337e-17,4.8451429482195265e-05,0.003546399524312281
8,1,26,0.15346516929135484,0.07930697164358302,0.0,0.18584385912539997,0.265150830768983
8,1,26,0.26550301423247347,0.3861029079611987,6.938893903907228e-18,0.7184331580281409,0.33233025006694217
8,1,26,0.15345643316067561,0.1080678054293431,2.7755575615628914e-17,0.3557595268480002,0.2476917214186571
8,1,26,0.39822655556625886,0.08650479140725512,2.7755575615628914e-17,0.10189157968530371,0.015386788278048603
8,1,26,0.6197842480455006,0.3638817165995254,0.0,0.40335024814760256,0.039468531548077154
8,1,26,0.16893492358575318,0.09521260982210938,1.3877787807814457e-17,0.5149916853276804,0.419779075505571
8,1,26,0.41718178349154433,0.008725437237699543,2.0816681711721685e-17,0.015677814930396577,0.02440325216809612
8,1,26,0.14893086105084852,0.037716449981331446,1.3877787807814457e-17,0.16376186479539062,0.12604541481405918
8,1,26,0.22840376180867533,0.15613518037983048,2.7755575615628914e-17,0.09865620208820425,0.25479138246803473
8,1,26,0.2525523120962741,0.1906989380412722,2.7755575615628914e-17,0.056454584376027045,0.24715352241729924
8,1,26,0.1914015732110633,0.19264703341085737,2.7755575615628914e-17,0.5720617591912941,0.3794147257804367
8,1,26,0.25460810083734897,0.06928759716428402,2.7755575615628914e-17,0.0736836333056307,0.004396036141346679
8,1,26,0.29880791411622454,0.24741568176924372,0.0,0.35126288845597414,0.5986785702252179
8,1,26,0.38741179646531243,0.08087939457591815,1.3877787807814457e-17,0.08336418209158773,0.0024847875156695813
8,1,26,0.4743269853110368,0.3573669206918426,5.551115123125783e-17,0.373679398663619,0.016312477971776384
8,1,26,0.47174171386776687,0.30448636735727386,0.0,0.3174622034731065,0.6219485708303804
8,1,26,0.35256348407397,0.006351215871716005,0.0,0.01642891407096811,0.010077698199252104
8,1,26,0.21777665672258886,0.028570675200816006,6.938893903907228e-18,0.04868952869077742,0.07726020389159342
8,1,26,0.18802000848374195,0.09044213663700396,5.551115123125783e-17,0.16391836353747108,0.25436050017447503
8,1,26,0.278896860212,0.3040788851110978,4.163336342344337e-17,0.44324318651070754,0.1391643013996097
8,1,26,0.3265673628324942,0.254885438358066,2.7755575615628914e-17,0.053096512754248426,0.3079819511123144
8,1,26,0.22616834615656412,0.18503965841936848,5.551115123125783e-17,0.03822254844317939,0.22326220686254786
8,1,26,0.15628178032288798,0.13646074198961322,6.938893903907228e-18,0.22453604142680766,0.3609967834164209
8,1,26,0.31983135807277446,0.15681962491523493,0.0,0.22243621357631602,0.06561658866108107
8,1,26,0.19977259428908536,0.09601048298444181,2.7755575615628914e-17,0.24369006601641194,0.14767958303197012
8,1,26,0.29145873346693085,0.09460510738251682,0.0,0.11807634585528046,0.21268145323779727
8,1,26,0.40380089404943825,0.12541911442418896,2.7755575615628914e-17,0.3943693976020913,0.2689502831779023
8,1,26,0.29503476345600504,0.19248007551673368,1.3877787807814457e-17,0.2794675987174494,0.4719476742341831
8,1,26,0.41636991278988816,0.17827199122852128,5.551115123125783e-17,0.0545312822110564,0.23280327343957768
8,1,26,0.31845158050079875,0.10695604141306121,2.7755575615628914e-17,0.012159322482851159,0.11911536389591237
8,1,26,0.4605346918973309,0.3855331553463534,2.7755575615628914e-17,0.5720743149308405,0.18654115958448708
8,1,26,0.27531801221068614,0.3562478839662312,1.3877787807814457e-17,0.3437577503238921,0.7000056342901233
8,1,26,0.40480416070810465,0.020762120561349018,0.0,0.011654827432892005,0.032416947994241024
8,1,26,0.2615749595861944,0.04843634967144683,0.0,0.05301807640454719,0.004581726733100361
8,1,26,0.32401119610217355,0.3384322004032168,2.7755575615628914e-17,0.5645466587768226,0.22611445837360583
8,1,26,0.45617252788739304,0.2741737588841139,5.551115123125783e-17,0.45080723598324934,0.17663347709913543
8,1,26,0.1667712863893901,0.048991376250814234,1.3877787807814457e-17,0.19169327132991928,0.24068464758073352
8,1,26,0.2138556666510788,0.12282399386200005,2.7755575615628914e-17,0.15357199069462463,0.2763959845566247
8,1,26,0.35315734122309667,0.1833488986974569,5.551115123125783e-17,0.2042044002535414,0.020855501556084486
8,1,26,0.42133131019973674,0.12311819800732952,2.7755575615628914e-17,0.1383783116585801,0.015260113651250583
8,1,26,0.5524323753232844,0.13887422139546826,3.469446951953614e-17,1.2327910578811393e-05,0.13888654930604707
8,1,26,0.12992161927287918,0.06550632960957253,2.7755575615628914e-17,0.19271750163035814,0.1272111720207856
8,1,26,0.3860916621998851,0.23931238604912264,2.7755575615628914e-17,0.052114347566544636,0.2914267336156673
8,1,26,0.26492593272718906,0.14562262773457846,6.938893903907228e-18,0.40465295652374367,0.2590303287891652
8,1,26,0.2828885776585429,0.1453276513606698,2.7755575615628914e-17,0.2005785467327805,0.3459061980934503
8,1,26,0.197040854486524,0.27338498496399,1.3877787807814457e-17,0.41020256167755975,0.6835875466415497
8,1,26,0.3069397013274925,0.216937301298993,2.7755575615628914e-17,0.2232376268955685,0.4401749281945615
8,1,26,0.25436806871028783,0.011245689240784701,0.0,0.013182238720075639,0.0019365494792909373
8,1,26,0.11473662928828773,0.16393526931237,0.0,0.5143427053053118,0.6782779746176818
8,1,26,0.2544383355935032,0.1694397605948262,2.7755575615628914e-17,0.36097653185501627,0.19153677126019006
8,1,26,0.3328055289196256,0.19781327725102538,5.551115123125783e-17,0.05274932152697054,0.2505625987779959
8,1,26,0.28838874655202573,0.054079098501056765,2.7755575615628914e-17,0.09101099535324551,0.03693189685218875
8,1,26,0.3214100266438768,0.23048836811304677,0.0,0.4599173339279028,0.22942896581485603
8,1,26,0.21371481812023882,0.1003830653291515,2.7755575615628914e-17,0.284286854096182,0.18390378876703048
8,1,26,0.20053709189766503,0.008496693792330121,1.3877787807814457e-17,0.012783866520356317,0.0042871727280261954
8,1,26,0.3263943702437547,0.31299103146847634,4.163336342344337e-17,0.37641878060389805,0.6894098120723744
8,1,26,0.621810139441916,0.4415343528636768,1.3877787807814457e-17,0.1322475412578915,0.5737818941215683
8,1,26,0.23417467453624682,0.027590660492504276,2.7755575615628914e-17,0.03351890435881309,0.005928243866308817
8,1,26,0.3096569639430373,0.168674354044614,2.7755575615628914e-17,0.1911492150531474,0.022474861008533395
8,1,26,0.2595614449098455,0.002990069174492087,8.326672684688674e-17,0.0042305743269153455,0.007220643501407433
8,1,26,0.41360819826311357,0.1381142634738069,2.7755575615628914e-17,0.16660619461249465,0.30472045808630155
8,1,26,0.32796066430821175,0.23276690223656185,9.71445146547012e-17,0.29247653372136345,0.0597096314848016
8,1,26,0.266904125228891,0.08485454140892587,5.551115123125783e-17,0.15178633825931953,0.06693179685039366
8,1,26,0.16281063191774967,0.004602505308891653,2.7755575615628914e-17,0.0031909334310060372,0.007793438739897691
8,1,26,0.18172242346450881,0.04262183152856591,0.0,0.0002569736986279893,0.0428788052271939
8,1,26,0.22504013187627533,0.1530195136072674,2.7755575615628914e-17,0.48231846223141783,0.32929894862415043
8,1,26,0.5772902003988074,0.1530368822211815,1.3877787807814457e-17,0.0008920256308590394,0.15392890785204055
8,1,26,0.48742853333187414,0.3162889038943844,0.0,0.3628874203476053,0.04659851645322087
8,1,26,0.3076582212142492,0.06645179598077118,2.7755575615628914e-17,0.047379702474943886,0.11383149845571507
8,1,26,0.3220197558055384,0.17905103836248212,2.7755575615628914e-17,0.2995149154190389,0.12046387705655678
8,1,26,0.6557738103776277,0.23043272270630055,4.163336342344337e-17,0.044761689047402395,0.27519441175370296
8,1,26,0.3491930661238441,0.1286749714624087,5.551115123125783e-17,0.23148401737516058,0.1028090459127519
8,1,26,0.41027204867352257,0.16204129206966772,0.0,0.18527925695208827,0.02323796488242056
8,1,26,0.15551366481559492,0.15133168696250665,0.0,0.3851802323354369,0.23384854537293026
8,1,26,0.23669436205510358,0.03609052620189852,0.0,0.0009989525065315027,0.037089478708430025
8,1,26,0.37512498204920214,0.2454819274622691,5.551115123125783e-17,0.10351021811939182,0.3489921455816609
8,1,26,0.30866618983729455,0.1412648084831219,2.7755575615628914e-17,0.4146746902089184,0.5559394986920403
8,1,26,0.28125436407701315,0.041473654177519775,0.0,0.0009202487191709119,0.042393902896690684
8,1,26,0.44382636999247316,0.32819101243022863,1.3877787807814457e-17,0.3055908006788641,0.6337818131090928
8,1,26,0.6199358354243083,0.19501359473032437,0.0,0.11666990950070864,0.311683504231033
8,1,26,0.34370722311977586,0.0767996152611104,1.3877787807814457e-17,0.033193194518357845,0.10999280977946824
8,1,26,0.07893869676378125,0.1012605755561844,5.551115123125783e-17,0.6370737782325423,0.5358132026763579
8,1,26,0.24270798278709368,0.20569986230827422,0.0,0.4479740835823969,0.24227422127412265
8,1,26,0.3981314069145283,0.10804653594484509,5.551115123125783e-17,0.10863665980332167,0.0005901238584765828
8,1,26,0.17202333345370296,0.17917849053422663,1.3877787807814457e-17,0.6526337408609182,0.8318122313951448
8,1,26,0.46442929639679625,0.18215586716802762,5.551115123125783e-17,0.4501793452634797,0.2680234780954521
8,1,26,0.27995936398558663,0.10579846111748265,2.7755575615628914e-17,0.48743337773467865,0.381634916617196
8,1,26,0.10944175743077376,0.06046093106156425,1.3877787807814457e-17,0.2810967516253344,0.3415576826868986
8,1,26,0.525916135708491,0.011069631996174792,4.85722573273506e-17,0.02020549226812826,0.03127512426430305
8,1,26,0.25897424934128754,0.15866336525571537,1.3877787807814457e-17,0.053488464297042904,0.21215182955275827
8,1,26,0.32530505124586956,0.34436773664606035,6.938893903907228e-18,0.49354607852584087,0.8379138151719012
8,1,26,0.19246593650907112,0.19958750045221701,0.0,0.3718440884541882,0.1722565880019712
8,1,26,0.408726708740416,0.03374344921306807,2.7755575615628914e-17,0.034668128062911585,0.0009246788498435132
8,1,26,0.14926499047766936,0.008536714286149712,2.7755575615628914e-17,0.010742669483087034,0.002205955196937321
8,1,26,0.3823598309872327,0.1935858538273965,1.3877787807814457e-17,0.20268878860241693,0.009102934775020438
8,1,26,0.316866277066218,0.21213166383057885,2.7755575615628914e-17,0.004752157293221984,0.21688382112380084
8,1,26,0.3946863691748929,0.10684527244309017,2.7755575615628914e-17,0.14389749534561846,0.0370522229025283
8,1,26,0.11688369109757801,0.05513299034400518,2.7755575615628914e-17,0.11082034034408092,0.1659533306880861
8,1,26,0.4212563996929964,0.14868303270864008,1.3877787807814457e-17,0.2588079066395258,0.4074909393481659
8,1,26,0.2894662936838333,0.11218181719212172,2.7755575615628914e-17,0.22578723147363833,0.1136054142815166
8,1,26,0.467541951348609,0.14947526496270538,2.7755575615628914e-17,0.19965460402843369,0.0501793390657283
8,1,26,0.22299555415853767,0.13579981185913764,1.3877787807814457e-17,0.47386131215557475,0.3380615002964371
8,1,26,0.32107936676770815,0.18376462324960058,2.7755575615628914e-17,0.5021128085984805,0.31834818534887993
8,1,26,0.23951016685785206,0.17055475978281748,6.938893903907228e-18,0.05054829361992819,0.22110305340274566
8,1,26,0.13192594698993879,0.07804688294467968,0.0,0.24169547563058294,0.16364859268590326
8,1,26,0.28333461971048196,0.1361450413798621,2.7755575615628914e-17,0.20655169445030538,0.07040665307044326
8,1,26,0.4013059803093769,0.001767698527796839,0.0,0.019730476411710614,0.021498174939507453
8,1,26,0.2800993696549826,0.18241727544730202,2.0816681711721685e-17,0.5605104442944688,0.3780931688471668
8,1,26,0.5160952665403085,0.0007935120695856781,4.163336342344337e-17,0.007519611979483298,0.008313124049068976
8,1,26,0.5026128988363565,0.08766193473170449,2.7755575615628914e-17,0.08787144693135213,0.00020951219964763842
8,1,26,0.17157841662724815,0.1506361405191603,2.7755575615628914e-17,0.4460312576163303,0.29539511709717
8,1,26,0.33415353814285537,0.16914528044661326,0.0,0.3413119643987138,0.5104572448453271
8,1,26,0.16120287349968773,0.09458588872558157,2.7755575615628914e-17,0.22432052907736327,0.1297346403517817
8,1,26,0.3212025518741097,0.13241697403658878,0.0,0.1368606293118718,0.004443655275283002
8,1,26,0.26309585911562244,0.1102167969363822,1.3877787807814457e-17,0.05979061066086635,0.17000740759724856
8,1,26,0.31460790458401405,0.3814758111759672,5.551115123125783e-17,0.4025204117124841,0.7839962228884513
8,1,26,0.3996871742215132,0.3956606204663862,2.7755575615628914e-17,0.26433884264758184,0.6599994631139681
8,1,26,0.3487070869110103,0.08877051162151466,6.938893903907228e-18,0.023300741093481972,0.11207125271499663
8,2,24,0.3573676964768829,0.2531763614565209,2.7755575615628914e-17,0.744881301092431,0.4917049396359101
8,2,24,0.38619949862215863,0.4121713594994376,5.551115123125783e-17,0.42911914163490006,0.8412905011343377
8,2,24,0.2255581645038956,0.12286408470212742,2.7755575615628914e-17,0.3097587063603264,0.18689462165819895
8,2,24,0.5064966362004144,0.2595621115585184,2.7755575615628914e-17,0.3595808876683515,0.6191429992268699
8,2,24,0.5588214053270243,0.2575681419139974,8.326672684688674e-17,0.42715475239169975,0.16958661047770235
8,2,24,0.31860538714786346,0.31854787347383845,5.551115123125783e-17,0.34157667750293935,0.6601245509767778
8,2,24,0.33280573822365334,0.44706233450613053,1.3877787807814457e-17,0.17263789694305362,0.6197002314491842
8,2,24,0.32779950828244514,0.2297077645459974,2.7755575615628914e-17,0.5798768518239289,0.3501690872779315
8,2,24,0.27274415283546494,0.23344314019142362,2.7755575615628914e-17,0.4508706744990158,0.21742753430759218
8,2,24,0.20559490595038837,0.09137635116405379,0.0,0.26853563510417944,0.35991198626823323
8,2,24,0.2137764835282818,0.26257488848580524,5.551115123125783e-17,0.46719086599956294,0.7297657544853682
8,2,24,0.61209651280034,0.4173740190740997,8.326672684688674e-17,0.2635630446135773,0.680937063687677
8,2,24,0.29611834664330067,0.16254381623951675,2.7755575615628914e-17,0.5212190834394965,0.3586752671999798
8,2,24,0.17551751159422938,0.10303353538595694,2.7755575615628914e-17,0.42689418293073833,0.5299277183166953
8,2,24,0.4120227691290688,0.17614030125513608,5.551115123125783e-17,0.10581804856944492,0.281958349824581
8,2,24,0.29975738357716175,0.17416096132261497,2.7755575615628914e-17,0.37633863421520913,0.20217767289259417
8,2,24,0.5114974842429607,0.29459684869899255,5.551115123125783e-17,0.03498394964565161,0.32958079834464415
8,2,24,0.643164709403708,0.17285752234006924,5.551115123125783e-17,0.2593854000295313,0.43224292236960055
8,2,24,0.43552071093393696,0.35284860591893047,1.3877787807814457e-17,0.42336954423988965,0.0705209383209592
8,2,24,0.2137363508857051,0.24948719698946992,2.7755575615628914e-17,0.18597695534840836,0.4354641523378783
8,2,24,0.2681263395985494,0.07208245089795687,2.7755575615628914e-17,0.1359503030976847,0.06386785219972782
8,2,24,0.1174733434014413,0.02702488741934661,5.551115123125783e-17,0.3649350732585578,0.3379101858392112
8,2,24,0.3895383185703596,0.0953341910502502,5.551115123125783e-17,0.007421661091872607,0.10275585214212281
8,2,24,0.17659065707618243,0.06375997597715943,5.551115123125783e-17,0.13222592176638523,0.19598589774354466
8,2,24,0.2478681129623382,0.15205414401387107,2.7755575615628914e-17,0.8315424166494351,0.679488272635564
8,2,24,0.10476688246600901,0.0192895103859314,2.7755575615628914e-17,0.03975099008434148,0.020461479698410077
8,2,24,0.3280998288067789,0.2155554063563676,2.7755575615628914e-17,0.29541274848440024,0.5109681548407679
8,2,24,0.20609251309685384,0.227223731398014,1.3877787807814457e-17,0.5281469844568365,0.3009232530588225
8,2,24,0.30360010299518175,0.20776251535676016,3.469446951953614e-17,0.016753337938959365,0.22451585329571952
8,2,24,0.1814286372789303,0.1253013926156189,0.0,0.2186253583184506,0.3439267509340695
8,2,24,0.11489167959593052,0.08376568313271615,2.0816681711721685e-17,0.471358690291276,0.3875930071585598
8,2,24,0.22930720125817142,0.165153581075138,5.551115123125783e-17,0.26292384675413666,0.09777026567899866
8,2,24,0.1845637110721406,0.042915235147318855,6.938893903907228e-17,0.011624138061529883,0.05453937320884874
8,2,24,0.29218149214708455,0.14048609844048054,2.7755575615628914e-17,0.20698943488765764,0.3474755333281382
8,2,24,0.22303506523424405,0.10974898456403032,5.551115123125783e-17,0.31711453566707676,0.4268635202311071
8,2,24,0.4277566140080079,0.24834496446674698,1.3877787807814457e-17,0.25877129577099117,0.010426331304244205
8,2,24,0.4594488038606973,0.22676940724674083,2.7755575615628914e-17,0.3711234539089558,0.5978928611556966
8,2,24,0.45680461169210695,0.22301034290702676,2.7755575615628914e-17,0.026415508133202883,0.24942585104022966
8,2,24,0.25670739705907936,0.21617258607113865,5.551115123125783e-17,0.5479866177627715,0.3318140316916328
8,2,24,0.4927840624644477,0.27364692758513665,2.7755575615628914e-17,0.02492949655130257,0.2985764241364392
8,2,24,0.280463755386589,0.07152050501292219,2.7755575615628914e-17,0.09728258970258673,0.16880309471550892
8,2,24,0.4285063721671427,0.3190146399393683,5.551115123125783e-17,0.5211270670662531,0.8401417070056214
8,2,24,0.22850902526366082,0.0682417651068992,2.7755575615628914e-17,0.17253045332243125,0.10428868821553205
8,2,24,0.04789071618849175,0.029608911819993547,0.0,0.07146973973023525,0.1010786515502288
8,2,24,0.18105423227352152,0.054745349190833896,2.7755575615628914e-17,0.08511868484895149,0.030373335658117596
8,2,24,0.16104565597136772,0.1872021330644678,1.3877787807814457e-17,0.5860780382762837,0.3988759052118159
8,2,24,0.016301298077180167,0.014028596226431045,2.7755575615628914e-17,0.3836027921760326,0.36957419594960156
8,2,24,0.6646515244762831,0.49678629530592117,2.0816681711721685e-17,0.817811072042224,0.32102477673630286
8,2,24,0.31846381153543835,0.26874255381063206,0.0,0.5366730648554249,0.2679305110447928
8,2,24,0.39909798961295107,0.30384498537023985,5.551115123125783e-17,0.3668709639292069,0.063025978558967
8,2,24,0.29619944362654693,0.1535251924131289,2.7755575615628914e-17,0.7643790090639263,0.9179042014770552
8,2,24,0.14700684772060402,0.3106568022473792,2.0816681711721685e-17,0.34053258037119455,0.6511893826185737
8,2,24,0.09753908683997595,0.015830201022822718,6.938893903907228e-18,0.10373554938588124,0.08790534836305852
8,2,24,0.24904433305575965,0.11021431622864108,2.7755575615628914e-17,0.2600853381891124,0.3702996544177535
8,2,24,0.18114677434624513,0.20397902812834212,1.3877787807814457e-17,0.34992868969420354,0.5539077178225457
8,2,24,0.3156668961388525,0.2860225222627466,1.3877787807814457e-17,0.47226659714560143,0.18624407488285483
8,2,24,0.15293946209182785,0.03926312023857548,1.3877787807814457e-17,0.007297077231075522,0.046560197469650996
8,2,24,0.09555190908625091,0.11516547112705589,2.7755575615628914e-17,0.4555543460343097,0.34038887490725384
8,2,24,0.31251468550987055,0.006000239096270749,2.7755575615628914e-17,0.012871393834775573,0.018871632931046323
8,2,24,0.4261437820151462,0.20178032440923388,5.551115123125783e-17,0.5364591386346597,0.7382394630438935
8,2,24,0.3707534726147497,0.46684206661467054,2.7755575615628914e-17,0.19231706869538,0.6591591353100505
8,2,24,0.37243895479148004,0.3507629240049821,2.7755575615628914e-17,0.7112014336729179,0.3604385096679358
8,2,24,0.16915183194795358,0.15617814205356428,2.7755575615628914e-17,0.3804525474983087,0.536630689551873
8,2,24,0.5443411204208908,0.30295006785804107,1.1102230246251565e-16,0.012099881265959284,0.31504994912400036
8,2,24,0.5747688400199187,0.3645342886334047,8.326672684688674e-17,0.3377174870179637,0.7022517756513684
8,2,24,0.5209380738250636,0.3435226817956366,1.1102230246251565e-16,0.08920900065972565,0.43273168245536225
8,2,24,0.06351597126902263,0.06886060966576713,2.7755575615628914e-17,0.7659861905439517,0.8348468002097188
8,2,24,0.29624876847505766,0.26908241621628376,5.551115123125783e-17,0.6274330531090939,0.35835063689281016
8,2,24,0.42866439210955076,0.10529087332598402,4.163336342344337e-17,0.014940622915432453,0.12023149624141648
8,2,24,0.34158630779239774,0.049073574144785026,5.551115123125783e-17,0.43762784532358195,0.486701419468367
8,2,24,0.33619253477582794,0.2399510788556623,2.7755575615628914e-17,0.403728413499231,0.6436794923548933
8,2,24,0.28438868862559774,0.2655222878458547,2.7755575615628914e-17,0.36829176435718675,0.10276947651133204
8,2,24,0.38235964373714865,0.2975676017088873,2.7755575615628914e-17,0.20755803944213383,0.5051256411510211
8,2,24,0.220841320475241,0.15531556879873332,1.3877787807814457e-17,0.238271656019583,0.0829560872208497
8,2,24,0.2871534109550454,0.2369643426610209,1.3877787807814457e-17,0.309993357080895,0.5469576997419159
8,2,24,0.2603439054415765,0.20454190484115026,0.0,0.3860919889120973,0.18155008407094703
8,2,24,0.18131761669082327,0.04374217509032475,5.551115123125783e-17,0.014429358681453648,0.058171533771778396
8,2,24,0.45488595685386984,0.3901976839236486,2.7755575615628914e-17,0.6396469156725991,0.24944923174895048
8,2,24,0.3380966994592322,0.23191802139162793,5.551115123125783e-17,0.6759418829298451,0.4440238615382172
8,2,24,0.5350321096818271,0.6068516293630241,4.163336342344337e-17,0.033044806702177486,0.6398964360652015
8,2,24,0.26230425099179955,0.2146056063447449,2.7755575615628914e-17,0.7104979672523004,0.9251035735970453
8,2,24,0.2189237440765319,0.14951485655101393,2.7755575615628914e-17,0.5751685364843055,0.7246833930353195
8,2,24,0.22802734979775324,0.17662608702240812,2.7755575615628914e-17,0.5222584984388882,0.34563241141648005
8,2,24,0.46102937294413926,0.4501935077705386,4.163336342344337e-17,0.720790362097543,0.27059685432700437
8,2,24,0.31695564229756623,0.18110781737018294,4.163336342344337e-17,0.6661165305843059,0.4850087132141229
8,2,24,0.19798833678593833,0.1938890336222636,2.7755575615628914e-17,0.3227648994725108,0.1288758658502472
8,2,24,0.2306089745174534,0.1262431557781284,0.0,0.4744778583468081,0.6007210141249365
8,2,24,0.16790885214207207,0.21187570396872157,2.7755575615628914e-17,0.390971109642006,0.6028468136107276
8,2,24,0.38282359272173894,0.15729602221336275,1.1102230246251565e-16,0.3901112503382571,0.23281522812489436
8,2,24,0.2509842687292449,0.361492521263742,1.3877787807814457e-17,0.1429260775791815,0.5044185988429235
8,2,24,0.2510902061094949,0.06971485578009717,0.0,0.6818722009034891,0.7515870566835863
8,2,24,0.6484815105439696,0.19834646395637698,8.326672684688674e-17,0.2691431446956015,0.07079668073922454
8,2,24,0.21024153238487214,0.1249893001967331,2.7755575615628914e-17,0.501472932092908,0.3764836318961749
8,2,24,0.38611661435618494,0.3630560635434007,2.7755575615628914e-17,0.362027278871179,0.7250833424145797
8,2,24,0.4202296940184072,0.28197188815850965,2.7755575615628914e-17,0.4262713070858291,0.7082431952443388
8,2,24,0.4575722206882002,0.5378822695969072,0.0,0.25525692713143017,0.7931391967283373
8,2,24,0.46034083313116825,0.3584578010298171,2.7755575615628914e-17,0.002221416502978222,0.36067921753279536
8,2,24,0.3729773772836566,0.16823211238479252,3.122502256758253e-17,0.4474345747527444,0.2792024623679519
8,2,24,0.5934534413540725,0.20544182152859847,8.326672684688674e-17,0.5090516463450513,0.3036098248164528
8,2,24,0.34661854550079413,0.2598936416056532,2.7755575615628914e-17,0.8721349357967726,0.6122412941911194
8,2,24,0.4229797990476658,0.3711266133229421,5.551115123125783e-17,0.40462639803965905,0.033499784716716934
8,2,24,0.2625243963553184,0.3181166254240932,2.7755575615628914e-17,0.7604708396166064,0.44235421419251325
8,2,24,0.2538768761836716,0.2403965392706191,2.7755575615628914e-17,0.39552610765579277,0.15512956838517367
8,2,24,0.13813815482904593,0.10418856070766835,2.7755575615628914e-17,0.6130166674503047,0.717205228157973
8,2,24,0.3549358563521737,0.14629072124247527,2.7755575615628914e-17,0.638717247669639,0.4924265264271637
8,2,24,0.724279230757171,0.6115573918864275,4.163336342344337e-17,0.8291456885659831,0.21758829667955562
8,2,24,0.5218710912972397,0.3642272331886767,2.7755575615628914e-17,0.7674151246111398,0.4031878914224631
8,2,24,0.06837540070607782,0.06987674416561401,5.551115123125783e-17,0.5249826044137632,0.4551058602481492
8,2,24,0.16846512245476328,0.1343113763759095,1.3877787807814457e-17,0.3008292357443401,0.4351406121202496
8,2,24,0.31946141393406025,0.11605489538449021,1.3877787807814457e-17,0.6395125897470919,0.5234576943626017
8,2,24,0.4683853421992145,0.31610359637490937,5.551115123125783e-17,0.6917784731217989,0.3756748767468895
8,2,24,0.4769228768712143,0.10368491915114378,5.551115123125783e-17,0.007214971176939441,0.11089989032808321
8,2,24,0.25091171310397475,0.2561256208971958,2.7755575615628914e-17,0.8988881615261067,0.6427625406289109
8,2,24,0.5788904605495185,0.379704376523962,5.551115123125783e-17,0.20526503892046138,0.5849694154444234
8,2,24,0.41779826459413505,0.26838569009172,2.7755575615628914e-17,0.17807375464999797,0.44645944474171795
8,2,24,0.19956672182353002,0.14156649839880014,2.7755575615628914e-17,0.3789468374660436,0.5205133358648437
8,2,24,0.4722444834226325,0.07282246006803857,2.7755575615628914e-17,0.08445848448298171,0.011636024414943148
8,2,24,0.20718634552592227,0.2538945205240674,2.7755575615628914e-17,0.2832964288927598,0.5371909494168272
8,2,24,0.26194844743241946,0.17545671232347299,2.7755575615628914e-17,0.21322771607975405,0.38868442840322703
8,2,24,0.368884970572788,0.24427241677995143,2.7755575615628914e-17,0.4682075107970011,0.7124799275769526
8,2,24,0.6741355392669479,0.289914293432459,2.7755575615628914e-17,0.2701288594066452,0.5600431528391042
8,2,24,0.17473994380540303,0.07669566153832161,2.7755575615628914e-17,0.22657374563568353,0.30326940717400513
8,2,24,0.12468162894135744,0.06802436728932815,5.551115123125783e-17,0.6509715869227036,0.5829472196333755
8,2,24,0.2284968810941521,0.31687669068099905,1.3877787807814457e-17,0.37894263201102824,0.6958193226920273
8,2,24,0.3028935584425471,0.29804014643141147,4.163336342344337e-17,0.505211067026613,0.20717092059520154
8,2,24,0.30103117271050006,0.08570818147452694,5.551115123125783e-17,0.3149139671234029,0.22920578564887598
8,2,24,0.4525024300234948,0.14787207278083658,2.7755575615628914e-17,0.6202111432726648,0.4723390704918282
8,2,24,0.3093508150591183,0.3024825628825554,2.7755575615628914e-17,0.5423907999976992,0.8448733628802546
8,2,24,0.2911866702448843,0.15443650309946388,2.7755575615628914e-17,0.5084907085429108,0.6629272116423747
8,2,24,0.7481773039485392,0.2785415269302207,4.163336342344337e-17,0.3222447359008357,0.6007862628310564
8,2,24,0.2611946589661469,0.12551781469708345,2.7755575615628914e-17,0.22465982155080724,0.0991420068537238
8,2,24,0.11820772005335038,0.1436399526346811,2.7755575615628914e-17,0.4872002027299874,0.3435602500953063
8,2,24,0.19194224387734646,0.10482130426401032,2.7755575615628914e-17,0.3081329423090343,0.41295424657304464
8,2,24,0.48630903127924513,0.2514809472760005,1.3877787807814457e-17,0.020972336964546822,0.2724532842405473
8,2,24,0.13166729064497454,0.06412301118000985,2.7755575615628914e-17,0.35341409288569875,0.4175371040657086
8,2,24,0.27855604549666285,0.083466250850318,1.3877787807814457e-17,0.6371828581743844,0.5537166073240664
8,2,24,0.0895717017349564,0.09792748304406401,2.7755575615628914e-17,0.1953471911455411,0.2932746741896051
8,2,24,0.022913707601333478,0.01246595093495037,2.7755575615628914e-17,0.16649875806309575,0.17896470899804612
8,2,24,0.14250022087928882,0.0491597939459093,2.7755575615628914e-17,0.17761573052099472,0.12845593657508542
8,2,24,0.15078410961679198,0.1044509577765409,1.3877787807814457e-17,0.6027361202384174,0.4982851624618765
8,2,24,0.25240531193026194,0.15702384870074237,5.551115123125783e-17,0.605883465041408,0.4488596163406656
8,2,24,0.1660336824673376,0.06011421337992785,2.7755575615628914e-17,0.07002197534092751,0.13013618872085536
8,2,24,0.2784650487754471,0.18898420046287945,2.7755575615628914e-17,0.49460123569526515,0.3056170352323857
8,2,24,0.3724789066615538,0.2975623392124927,1.3877787807814457e-17,0.14890351839655902,0.4464658576090517
8,2,24,0.36828914400979296,0.16797528899631353,5.551115123125783e-17,0.19467313738597003,0.36264842638228356
8,2,24,0.42116630454241705,0.1301993457340493,2.7755575615628914e-17,0.3711190315763882,0.5013183773104375
8,2,24,0.28166442508856054,0.21741418751630903,1.3877787807814457e-17,0.6791237055848505,0.8965378931011595
8,2,24,0.5234045942392309,0.3606131164501238,5.551115123125783e-17,0.11928669515073391,0.4798998116008577
8,2,24,0.17666689264781937,0.13652904754156592,2.7755575615628914e-17,0.3824689064496657,0.5189979539912316
8,2,24,0.38568607550181505,0.17183705709053765,2.7755575615628914e-17,0.26604705496516085,0.09420999787462318
8,2,24,0.25083672900327597,0.027069648214479405,5.551115123125783e-17,0.027772341192319763,0.0007026929778403597
8,2,24,0.10342482726417718,0.05122046654468149,2.7755575615628914e-17,0.642810422484999,0.6940308890296805
8,2,24,0.40869229182336037,0.22569489934448728,5.551115123125783e-17,0.022921268290317827,0.2486161676348051
8,2,24,0.14974698320304838,0.05400718741905811,1.3877787807814457e-17,0.05574859645582791,0.0017414090367697981
8,2,24,0.34474830865531864,0.20598309470974885,2.7755575615628914e-17,0.37055579713302544,0.5765388918427743
8,2,24,0.3317285158440269,0.24120483472229565,2.7755575615628914e-17,0.33014313147136826,0.5713479661936639
8,2,24,0.26602378814445476,0.2324144017287083,6.245004513516506e-17,0.12867706654181676,0.3610914682705251
8,2,24,0.1402969525710873,0.1137449278902315,2.7755575615628914e-17,0.5638880933060882,0.6776330211963197
8,2,24,0.3634676998037442,0.06949742711341084,2.7755575615628914e-17,0.11553550367308826,0.046038076559677434
8,2,24,0.15874189788408943,0.11194862999517305,0.0,0.1524995941638426,0.26444822415901564
8,2,24,0.28822700501249904,0.3638934436235013,2.7755575615628914e-17,0.9171609293203118,0.5532674856968105
8,2,24,0.3219724588606876,0.3589014914519698,5.551115123125783e-17,0.5469125770131767,0.18801108556120696
8,2,24,0.17347095603623175,0.13444054908763292,4.163336342344337e-17,0.6446501784647299,0.510209629377097
8,2,24,0.10343692641008494,0.04147187882063186,2.7755575615628914e-17,0.5865261959841507,0.5450543171635188
8,2,24,0.29378512111765825,0.2084742832827246,5.551115123125783e-17,0.3302739189234371,0.5387482022061617
8,2,24,0.2379004455934125,0.10229340094521276,2.7755575615628914e-17,0.07678367911681248,0.17907708006202525
8,2,24,0.5533041799603399,0.5493166034894733,1.1102230246251565e-16,0.28301468140259256,0.8323312848920659
8,2,24,0.35560332947344675,0.18742306954184434,2.7755575615628914e-17,0.5248958446817462,0.33747277513990187
8,2,24,0.47052237713310074,0.3264578342036495,5.551115123125783e-17,0.40017745984421405,0.07371962564056454
8,2,24,0.1486334139108431,0.04040601469631429,5.551115123125783e-17,0.08067512748257485,0.12108114217888914
8,2,24,0.35935774717911534,0.2211805182287342,2.7755575615628914e-17,0.5933927848690106,0.3722122666402764
8,2,24,0.3310260599046756,0.4606694976615469,2.7755575615628914e-17,0.4489872993647442,0.9096567970262911
8,2,24,0.7309477388622301,0.33448268189975694,2.7755575615628914e-17,0.19568269107820724,0.5301653729779642
8,2,24,0.5506947063260194,0.42673777006234614,5.551115123125783e-17,0.1465411879789864,0.5732789580413326
8,2,24,0.41830694344636754,0.1904270411282155,5.551115123125783e-17,0.4538772445371281,0.6443042856653436
8,2,24,0.24956142022910058,0.036026895214224954,2.7755575615628914e-17,0.0488311417580038,0.012804246543778847
8,2,24,0.39096199063188924,0.3622694405373247,5.551115123125783e-17,0.6049531495690388,0.9672225901063635
8,2,24,0.31091666214534275,0.16817360295505476,2.7755575615628914e-17,0.30222399613484435,0.1340503931797896
8,2,24,0.27263915468786876,0.09775447762229802,4.163336342344337e-17,0.05869148005826006,0.15644595768055808
8,2,24,0.3229064357673851,0.3084468385716809,2.7755575615628914e-17,0.18033251688449353,0.48877935545617446
8,2,24,0.3010808104513567,0.19290789453998247,5.551115123125783e-17,0.11025012623978585,0.30315802077976833
8,2,24,0.4833224111745646,0.13660655867825985,0.0,0.17923974958638006,0.04263319090812021
8,2,24,0.2888817970777432,0.20106550973594395,5.551115123125783e-17,0.18597710700259862,0.38704261673854257
8,2,24,0.14135491605846576,0.11221078154953293,1.3877787807814457e-17,0.04186327031923775,0.15407405186877068
8,2,24,0.19294618229017482,0.12392206288056945,0.0,0.45977892469985615,0.3358568618192867
8,2,24,0.19215973557660598,0.13559673421882118,2.7755575615628914e-17,0.5772569173288783,0.4416601831100571
8,2,24,0.15566739467383758,0.08591560551115268,0.0,0.1428129496693349,0.22872855518048757
8,2,24,0.6038176318281204,0.3505383204937554,1.1102230246251565e-16,0.06384234672847455,0.41438066722222994
8,2,24,0.35891497540534506,0.3628423184934881,2.7755575615628914e-17,0.4422847570052459,0.805127075498734
8,2,24,0.13327216280308185,0.1267749139598905,1.3877787807814457e-17,0.6086168085861943,0.7353917225460848
8,2,24,0.167295939770032,0.0474346065731601,5.551115123125783e-17,0.022266629059385167,0.06970123563254527
8,2,24,0.38839917177547767,0.08379083583596858,5.551115123125783e-17,0.3530486474917223,0.26925781165575374
8,2,24,0.2310516256102406,0.16519537363567982,5.551115123125783e-17,0.17422909233899714,0.33942446597467696
8,2,24,0.21547284363515604,0.14640287026142446,2.7755575615628914e-17,0.45758633167523294,0.6039892019366574
8,2,24,0.2030366214238868,0.06588349257670312,2.7755575615628914e-17,0.34348015397650083,0.2775966613997977
8,2,24,0.42768435039095876,0.2664013290762388,5.551115123125783e-17,0.033406977273800056,0.29980830635003886
8,2,24,0.15776563996912218,0.2073793567516199,5.551115123125783e-17,0.49443187445486775,0.28705251770324786
8,2,24,0.4263895852814854,0.44073461427189475,2.7755575615628914e-17,0.18910425146543644,0.6298388657373312
8,2,24,0.14548668099629838,0.024383931075440894,0.0,0.005006069116698516,0.029390000192139408
8,2,24,0.3620199006355911,0.15568875066465504,2.7755575615628914e-17,0.6137765136615321,0.45808776299687703
8,3,21,0.3691586488295152,0.3429060649172362,2.7755575615628914e-17,0.7155820623067628,0.3726759973895266
8,3,21,0.341540834744204,0.2210012795899916,2.7755575615628914e-17,0.1671673722485707,0.3881686518385623
8,3,21,0.33644867939581014,0.20189884561360905,2.7755575615628914e-17,0.5181035027070446,0.3162046570934356
8,3,21,0.2517496597686793,0.1593941086100441,4.163336342344337e-17,0.7087855938781515,0.5493914852681074
8,3,21,0.5514344275787588,0.29178320806645147,2.7755575615628914e-17,0.3189254564338981,0.6107086645003496
8,3,21,0.14641311790953096,0.19772817094554496,5.551115123125783e-17,0.7015370750857763,0.5038089041402314
8,3,21,0.21409440924751807,0.2324025872910741,5.551115123125783e-17,0.8361296257548896,0.6037270384638155
8,3,21,0.28409606928550774,0.14450499409388712,2.7755575615628914e-17,0.4280643402477252,0.2835593461538381
8,3,21,0.07679894713750963,0.07307966883204842,5.551115123125783e-17,0.5011487548660728,0.5742284236981212
8,3,21,0.08248419290001482,0.10658388778115047,1.3877787807814457e-17,0.8432473942485655,0.7366635064674151
8,3,21,0.2548742432747593,0.25750894741901514,2.0816681711721685e-17,0.13206057957878542,0.38956952699780056
8,3,21,0.33839966077712974,0.1421970238308724,0.0,0.1775138912363345,0.3197109150672069
8,3,21,0.1803460612369314,0.09752344189749518,5.551115123125783e-17,0.35436289302749513,0.25683945112999995
8,3,21,0.19535280231961483,0.16824006359115268,2.0816681711721685e-17,0.5159689671191043,0.34772890352795166
8,3,21,0.2636355618462635,0.3564478382259577,5.551115123125783e-17,0.128909516077138,0.4853573543030957
8,3,21,0.4667384846618641,0.222464436183961,6.938893903907228e-16,0.6172076417198522,0.3947432055358912
8,3,21,0.227383831526716,0.042716430609351264,5.551115123125783e-17,0.5191084391519077,0.561824869761259
8,3,21,0.5307112203387175,0.4996136725199665,5.551115123125783e-17,0.24500287389447878,0.7446165464144453
8,3,21,0.19517954243443394,0.12357203968693234,2.7755575615628914e-17,0.15755415688318256,0.03398211719625022
8,3,21,0.1977031232913567,0.08002338588240687,2.7755575615628914e-17,0.31678539070046247,0.39680877658286934
8,3,21,0.42822632028345514,0.17952557554449633,2.7755575615628914e-17,0.5882812769390622,0.7678068524835585
8,3,21,0.1952860952107253,0.15886918664977256,1.1102230246251565e-16,0.7504771387616075,0.90934632541138
8,3,21,0.17888254074243268,0.1571571682321951,0.0,0.6439907929882233,0.48683362475602815
8,3,21,0.23023758947351697,0.2469032565375212,5.551115123125783e-17,0.6284692568617827,0.38156600032426147
8,3,21,0.15852669443883097,0.10199136380088258,1.1102230246251565e-16,0.31630741408735197,0.21431605028646938
8,3,21,0.4176304855689445,0.26363717160306155,5.551115123125783e-17,0.5630642833664211,0.8267014549694827
8,3,21,0.1531898480140237,0.10218167136204956,2.0816681711721685e-17,0.05965560514749412,0.1618372765095437
8,3,21,0.2835670527106724,0.18093010609242177,1.1102230246251565e-16,0.42077158922371327,0.601701695316135
8,3,21,0.15564461579130195,0.045393417375521106,5.551115123125783e-17,0.3809482915652621,0.4263417089407832
8,3,21,0.1597067632610865,0.08878877041097716,1.3877787807814457e-17,0.34872902809327616,0.259940257682299
8,3,21,0.4060133406547417,0.16032080525513698,5.551115123125783e-17,0.19659631687438728,0.35691712212952426
8,3,21,0.4420691852457539,0.1652566893672195,5.551115123125783e-17,0.28355454705863475,0.44881123642585424
8,3,21,0.1654208800011078,0.2542709316550067,2.7755575615628914e-17,0.9324845811379127,0.678213649482906
8,3,21,0.20595897068565527,0.12537567476352784,5.551115123125783e-17,0.5102681501616277,0.6356438249251556
8,3,21,0.4752530751017749,0.44967268108816316,2.7755575615628914e-17,0.18407852519174986,0.633751206279913
8,3,21,0.29990420334184625,0.14455812180467636,5.551115123125783e-17,0.28948997798739884,0.14493185618272247
8,3,21,0.5706844927199629,0.28779396872009316,1.3877787807814457e-17,0.09112657216718478,0.37892054088727795
8,3,21,0.03617899252576014,0.016451369850969177,2.7755575615628914e-17,0.5473632055044447,0.5638145753554139
8,3,21,0.39675256103215684,0.3365580296065564,8.326672684688674e-17,0.6866636392830177,0.35010560967646126
8,3,21,0.2618854662894375,0.21510875578816432,2.7755575615628914e-17,0.44403256448296263,0.2289238086947983
8,3,21,0.44393610358538305,0.207124044945442,5.551115123125783e-17,0.5529712940389236,0.34584724909348163
8,3,21,0.23604079855980944,0.18685156054602914,0.0,0.6771441253598822,0.8639956859059114
8,3,21,0.3610590445557864,0.2486052088311464,5.551115123125783e-17,0.2387088730579235,0.4873140818890699
8,3,21,0.06750820443230575,0.0776361171100585,6.938893903907228e-18,0.23503551407961729,0.3126716311896758
8,3,21,0.3150705148467882,0.232574793659245,5.551115123125783e-17,0.4337938212593008,0.6663686149185458
8,3,21,0.16424803218013428,0.0694009996703151,1.3877787807814457e-17,0.6697036444975216,0.7391046441678367
8,3,21,0.31037798080178874,0.2712098027791148,5.551115123125783e-17,0.5889660601938445,0.8601758629729592
8,3,21,0.28445265573992534,0.10522412959329847,2.7755575615628914e-17,0.5523770936993845,0.447152964106086
8,3,21,0.3696418460396622,0.26525085569849394,5.551115123125783e-17,0.7808780355483251,0.5156271798498312
8,3,21,0.2839678271603542,0.11003951761670794,5.551115123125783e-17,0.6715734825331808,0.7816130001498888
8,3,21,0.3016463336361443,0.23802482170712158,5.551115123125783e-17,0.18480654228306442,0.422831363990186
8,3,21,0.15573151612747796,0.07893782877020215,2.7755575615628914e-17,0.07499302847578036,0.15393085724598252
8,3,21,0.41664849717925134,0.31309411254432856,8.326672684688674e-17,0.44413096780004874,0.7572250803443773
8,3,21,0.17122265307402726,0.20480115473262356,2.0816681711721685e-17,0.4341674949233441,0.6389686496559677
8,3,21,0.1668925009754701,0.13895676375067423,2.0816681711721685e-17,0.9469260861725965,0.8079693224219223
8,3,21,0.19387192576741102,0.09460433420357267,5.551115123125783e-17,0.5744995640193927,0.47989522981582006
8,3,21,0.20883628943642657,0.09610631024654674,2.7755575615628914e-17,0.08652036308697476,0.1826266733335215
8,3,21,0.07958709725902571,0.10536065874924994,0.0,0.4710090884939412,0.36564842974469125
8,3,21,0.21534536223278275,0.1630221844610399,5.551115123125783e-17,0.6904594507469906,0.5274372662859507
8,3,21,0.36685700632883156,0.1986505597284911,2.7755575615628914e-17,0.45389477274414136,0.6525453324726325
8,3,21,0.32685151713529015,0.3448149501488104,2.7755575615628914e-17,0.4367257709297904,0.7815407210786008
8,3,21,0.4989896246072382,0.21798769663622997,2.7755575615628914e-16,0.8351740039351631,0.6171863072989331
8,3,21,0.2595610113399754,0.12023436097898976,2.7755575615628914e-17,0.5935320225685375,0.7137663835475273
8,3,21,0.46654839363945183,0.31522354951143905,4.163336342344337e-16,0.4238139522809713,0.10859040276953225
8,3,21,0.39349507849011056,0.19738720627373602,1.1102230246251565e-16,0.3821528870848819,0.5795400933586179
8,3,21,0.3584276120137344,0.17601504966161385,8.326672684688674e-17,0.7359415094477747,0.9119565591093886
8,3,21,0.31949486510618985,0.3571085077301769,2.7755575615628914e-17,0.8131594806376096,0.4560509729074327
8,3,21,0.4057893415168921,0.2357268464781015,2.7755575615628914e-17,0.7310610233411969,0.49533417686309544
8,3,21,0.267182172959509,0.11794090343447294,2.7755575615628914e-17,0.6379544068735041,0.5200135034390312
8,3,21,0.6351047966984089,0.17446521035877605,8.326672684688674e-17,0.5360838524516356,0.7105490628104116
8,3,21,0.15684258296542114,0.11998448314744364,2.7755575615628914e-17,0.4958951753010977,0.3759106921536541
8,3,21,0.10487019643296668,0.0843712177971001,2.7755575615628914e-17,0.8246407199156861,0.9090119377127862
8,3,21,0.4436122238231696,0.5297001118622939,5.551115123125783e-17,0.8561282028977555,0.3264280910354615
8,3,21,0.4343200598836079,0.28456937928892934,6.938893903907228e-18,0.8753272866158361,0.5907579073269068
8,3,21,0.16470816733513466,0.2671210362293316,2.7755575615628914e-17,0.48686198675792625,0.7539830229872578
8,3,21,0.4165878975320668,0.27567109667875694,5.551115123125783e-17,0.6883093368569279,0.4126382401781709
8,3,21,0.27974799528213234,0.37523532010178073,5.551115123125783e-17,0.1338164047712851,0.5090517248730658
8,3,21,0.4024626848454064,0.1851428717413724,1.1102230246251565e-16,0.605426998008162,0.4202841262667896
8,3,21,0.14520802231964486,0.043864702831643454,2.7755575615628914e-17,0.5224863176539228,0.5663510204855663
8,3,21,0.37683977646202993,0.3273120188113304,2.7755575615628914e-17,0.7718299058083636,0.44451788699703326
8,3,21,0.16895244937305906,0.07764262895090535,0.0,0.8976969295474072,0.8200543005965019
8,3,21,0.12247202412873878,0.10234438926774825,2.7755575615628914e-17,0.7722995908751101,0.6699552016073619
8,3,21,0.15282532755901793,0.10651137977834657,5.551115123125783e-17,0.4220198176252969,0.3155084378469503
8,3,21,0.3518416574693713,0.2682280090528573,5.551115123125783e-17,0.6511939718207671,0.3829659627679098
8,3,21,0.35890490546581993,0.1460686278871166,2.7755575615628914e-17,0.8854885512646637,0.7394199233775471
8,3,21,0.35526413558529163,0.19728598085247867,6.938893903907228e-17,0.6703195734345285,0.47303359258204986
8,3,21,0.1514081166017437,0.1841865295327706,6.938893903907228e-17,0.8234289263434876,0.639242396810717
8,3,21,0.17443890811951338,0.17129461839595406,5.551115123125783e-17,0.5885047331721376,0.7597993515680916
8,3,21,0.30426843900330064,0.2561603494187684,2.7755575615628914e-17,0.7298339272028354,0.47367357778406693
8,3,21,0.1482938519848851,0.1223826075485217,2.7755575615628914e-17,0.7536822959211245,0.6312996883726028
8,3,21,0.2794320695392988,0.11911048831006843,2.7755575615628914e-17,0.3599973161225896,0.2408868278125212
8,3,21,0.3291010020354405,0.24749832883953604,2.7755575615628914e-17,0.6909893193430384,0.4434909905035024
8,3,21,0.4210898381282756,0.35925654286981334,2.7755575615628914e-17,0.24576981229202824,0.6050263551618416
8,3,21,0.18123223614961512,0.13026949658529263,1.6653345369377348e-16,0.7136351257231717,0.583365629137879
8,3,21,0.23966165008566126,0.26464930101142836,4.163336342344337e-17,0.7455819890917346,0.4809326880803062
8,3,21,0.526452900429801,0.3192669490233539,5.551115123125783e-17,0.7873633596127397,0.46809641058938584
8,3,21,0.15646044438742315,0.1619892023238264,2.7755575615628914e-17,0.7046287540418662,0.5426395517180398
8,3,21,0.3213977627031771,0.2750159266012371,2.7755575615628914e-17,0.7990636677641944,0.5240477411629573
8,3,21,0.3541515975699049,0.11800511355559962,5.551115123125783e-17,0.5667674661737271,0.6847725797293267
8,3,21,0.399993544815707,0.2594138232693391,2.7755575615628914e-17,0.701974246662334,0.4425604233929949
8,3,21,0.6154410061963241,0.5318307991012339,5.551115123125783e-17,0.11285706443062572,0.6446878635318596
8,3,21,0.2281177114923331,0.12792979776914926,3.2959746043559335e-17,0.6520930206512925,0.5241632228821432
8,3,21,0.07388999183111306,0.10689462011069611,2.7755575615628914e-17,0.3488448485087644,0.2419502283980683
8,3,21,0.3022187012672602,0.24593368682364714,2.7755575615628914e-17,0.5272969948513537,0.7732306816750009
8,3,21,0.4850156971814473,0.23122376478503398,5.551115123125783e-17,0.38027151615449617,0.1490477513694622
8,3,21,0.7425822731708003,0.2508469679657347,5.551115123125783e-17,0.26081441717214093,0.5116613851378756
8,3,21,0.5473627847487643,0.6267403297504365,5.551115123125783e-17,0.9157165959325713,0.2889762661821348
8,3,21,0.3510725566750105,0.21422955638754615,2.7755575615628914e-17,0.8169392912343696,0.6027097348468234
8,3,21,0.10544540283596908,0.15710924496429546,2.7755575615628914e-17,0.9483324705935511,0.7912232256292556
8,3,21,0.5016668657457867,0.410149434600819,2.7755575615628914e-17,0.4343207549758824,0.8444701895767014
8,3,21,0.1802995121636629,0.07850942240346581,2.7755575615628914e-17,0.43293467607707964,0.3544252536736138
8,3,21,0.3663981900891412,0.11418382746145489,2.7755575615628914e-17,0.36687611438313716,0.48105994184459205
8,3,21,0.24018241144158964,0.2723376485609905,2.7755575615628914e-17,0.27640576230112646,0.548743410862117
8,3,21,0.20775223584504188,0.2633291129838977,6.938893903907228e-18,0.7308653053273615,0.4675361923434638
8,3,21,0.25367474692731273,0.19324350177282612,0.0,0.8687062994005592,0.6754627976277331
8,3,21,0.30606719361821433,0.19732633525732104,5.551115123125783e-17,0.08304337324731106,0.2803697085046321
8,3,21,0.24216230430459498,0.09014344646285441,2.7755575615628914e-17,0.16610610405794649,0.2562495505208009
8,3,21,0.5020747349804212,0.3235845077241138,2.7755575615628914e-17,0.28386765047657,0.6074521582006838
8,3,21,0.693500612676778,0.20549967423639515,6.938893903907228e-17,0.7741872335708133,0.5686875593344182
8,3,21,0.47592480581140234,0.3585233952084238,2.7755575615628914e-17,0.07727078190182299,0.4357941771102468
8,3,21,0.14993175395801966,0.2563524530409137,6.938893903907228e-17,0.5029364360801295,0.7592888891210432
8,3,21,0.4541906523520581,0.2709725980299056,4.163336342344337e-17,0.2824485859646625,0.5534211839945681
8,3,21,0.21377242588508827,0.057055893087645915,5.551115123125783e-17,0.2147706175806563,0.15771472449301038
8,3,21,0.1775723242949577,0.05238957079187523,2.0816681711721685e-17,0.503515060672701,0.4511254898808258
8,3,21,0.3650798035364145,0.12085657513348491,5.551115123125783e-17,0.42345597437501936,0.30259939924153445
8,3,21,0.4050466168741446,0.1449654341773191,1.1102230246251565e-16,0.6377157326927955,0.7826811668701146
8,3,21,0.23553925153372515,0.286831085175166,2.7755575615628914e-17,0.5599627250584274,0.2731316398832614
8,3,21,0.22927842426327683,0.1632037421717083,2.7755575615628914e-17,0.480587706209311,0.6437914483810193
8,3,21,0.42585474770012055,0.26647061748151024,5.551115123125783e-17,0.5236066336456306,0.7900772511271409
8,3,21,0.14324874525441242,0.16639988574264614,2.7755575615628914e-17,0.5459974894759131,0.37959760373326695
8,3,21,0.2552155006448811,0.159261714630897,5.551115123125783e-17,0.7319219407355659,0.8911836553664629
8,3,21,0.26810957124418205,0.2147972236441757,5.551115123125783e-17,0.40721227453737535,0.19241505089319966
8,3,21,0.22424689027224268,0.13356479392994824,5.551115123125783e-17,0.6552238315049014,0.7887886254348496
8,3,21,0.09303229879222236,0.023148971596611778,5.551115123125783e-17,0.08749677541878577,0.11064574701539755
8,3,21,0.2754043155513982,0.3766393645505172,5.551115123125783e-17,0.6986554452938608,0.3220160807433436
8,3,21,0.36686067662264316,0.31072929188266174,5.551115123125783e-17,0.21229639141580178,0.5230256832984636
8,3,21,0.2850346423739609,0.2694062209184475,2.7755575615628914e-17,0.09948600370815171,0.3688922246265992
8,3,21,0.15954483394759872,0.1091261184812129,2.7755575615628914e-17,0.6650631437882556,0.7741892622694685
8,3,21,0.30194709149533644,0.22655216492393188,1.3877787807814457e-17,0.3897757268409839,0.6163278917649158
8,3,21,0.2594538511383715,0.1212325468275578,2.7755575615628914e-16,0.527573867781844,0.4063413209542862
8,3,21,0.3140019258469915,0.29549994106630667,2.7755575615628914e-17,0.783136546163018,0.4876366050967113
8,3,21,0.17672251224517235,0.16072289734743672,2.7755575615628914e-17,0.8152598090105102,0.6545369116630735
8,3,21,0.322613825607863,0.16646990665073852,1.3877787807814457e-17,0.4369004015305597,0.6033703081812982
8,3,21,0.34195129904164745,0.1395370270240079,8.326672684688674e-17,0.5243830966848625,0.3848460696608546
8,3,21,0.4218470594051601,0.3708306602017565,2.7755575615628914e-17,0.7860640673412012,0.4152334071394447
8,3,21,0.3014119039909551,0.24297839210889227,4.163336342344337e-17,0.8625311232532061,0.6195527311443139
8,3,21,0.3196412323305949,0.14655671426527972,2.7755575615628914e-17,0.8139790861911362,0.960535800456416
8,3,21,0.1859342267414351,0.10730534503415767,2.7755575615628914e-17,0.2529443432113452,0.1456389981771875
8,3,21,0.18341609672225725,0.17536414822091936,4.163336342344337e-17,0.23484557593790337,0.41020972415882273
8,3,21,0.31951834881741487,0.22518116245147057,5.551115123125783e-17,0.8384736098478197,0.6132924473963491
8,3,21,0.3603502553812283,0.32071720521314234,5.551115123125783e-17,0.4394872217568559,0.7602044269699982
8,3,21,0.17990502693029814,0.1543130393527733,2.7755575615628914e-17,0.6282572082280308,0.4739441688752575
8,3,21,0.21020231706473877,0.194294346339136,2.7755575615628914e-17,0.6031131200115436,0.7974074663506796
8,3,21,0.1491085349520161,0.0715586852077475,2.7755575615628914e-17,0.1344688959383152,0.06291021073056771
8,3,21,0.47199752633394987,0.3241908661490036,5.551115123125783e-17,0.3248462605421595,0.6490371266911631
8,3,21,0.20380864481035255,0.2166551452002429,5.551115123125783e-17,0.4012146989224529,0.18455955372220997
8,3,21,0.2433432639873774,0.15843684103644673,6.938893903907228e-18,0.176479173119679,0.018042332083232263
8,3,21,0.264489085635164,0.2907517448154875,0.0,0.7886788895142501,0.49792714469876265
8,3,21,0.16258463093450662,0.22262853015931627,2.7755575615628914e-17,0.9019886372931679,0.6793601071338516
8,3,21,0.19321414326036065,0.11102581200097739,4.163336342344337e-17,0.8786216672819999,0.9896474792829772
8,3,21,0.5177116691960285,0.256122576876521,1.1102230246251565e-16,0.22974737614099788,0.4858699530175189
8,3,21,0.2905073604821845,0.1834446586002511,5.551115123125783e-17,0.5322136302564977,0.3487689716562466
8,3,21,0.3513462787503899,0.22504523359445094,2.7755575615628914e-17,0.18866437532146457,0.4137096089159155
8,3,21,0.33312818754360424,0.2817892962036816,0.0,0.28739007494660324,0.5691793711502848
8,3,21,0.01968416660644748,0.010023949342846561,5.551115123125783e-17,0.7091933961977248,0.6991694468548783
8,3,21,0.2837966702447504,0.13651572567783332,2.7755575615628914e-17,0.8033109148002643,0.9398266404780976
8,3,21,0.24854738488390732,0.07756138868881013,1.3877787807814457e-17,0.5175038302881495,0.5950652189769596
8,3,21,0.38956977660786385,0.3505063101084763,2.7755575615628914e-17,0.2100760400435678,0.5605823501520442
8,3,21,0.42377172099200333,0.1223722881369182,5.551115123125783e-17,0.04162330399934049,0.1639955921362587
8,3,21,0.25440190334630397,0.31307033083678226,1.3877787807814457e-17,0.5058827337663692,0.19281240292958687
8,3,21,0.48132815850286875,0.5173272364090288,8.326672684688674e-17,0.09343410538608408,0.6107613417951129
8,3,21,0.048487107622760435,0.026508244103505607,2.7755575615628914e-17,0.555648239791118,0.5291399956876124
8,3,21,0.25893236858900415,0.06770806080682445,2.7755575615628914e-17,0.8912799172600376,0.8235718564532132
8,3,21,0.5807161911767134,0.33625448618670756,1.3877787807814457e-17,0.6661502574033195,0.3298957712166119
8,3,21,0.46009997237054934,0.36226401130546865,5.551115123125783e-17,0.36736502837805934,0.729629039683528
8,3,21,0.6264216107408459,0.3769091113014931,5.551115123125783e-17,0.31159105550672245,0.6885001668082156
8,3,21,0.1583755188609101,0.11592260085147243,2.7755575615628914e-17,0.9759685940616283,0.8600459932101558
8,3,21,0.41524317068992406,0.28681516789561856,8.326672684688674e-17,0.41932401257628005,0.13250884468066146
8,3,21,0.4465863732665022,0.3439186274503349,5.273559366969494e-16,0.38848751634349893,0.7324061437938338
8,3,21,0.5782196345596018,0.13726057774193168,5.551115123125783e-17,0.756951478690508,0.8942120564324397
8,3,21,0.31696174468474214,0.1309768240487707,5.551115123125783e-17,0.3688794749568497,0.4998562990056204
8,3,21,0.22460475300424565,0.19739573303555547,2.7755575615628914e-17,0.7356839681276259,0.5382882350920705
8,3,21,0.22383335209889132,0.13585581572416838,2.7755575615628914e-17,0.5057152196160195,0.6415710353401879
8,3,21,0.35176667593835315,0.18763174065882188,5.551115123125783e-17,0.6815047188713654,0.49387297821254356
8,3,21,0.39536279548114933,0.10553102997873413,2.7755575615628914e-17,0.19948051765864516,0.09394948767991103
8,3,21,0.5943260734106368,0.12428943251539695,8.326672684688674e-17,0.020981406054305794,0.14527083856970274
8,3,21,0.3064144102574368,0.4361808464286988,2.7755575615628914e-17,0.1287534182007888,0.5649342646294876
8,3,21,0.15055609592537822,0.08709490022771757,1.3877787807814457e-17,0.2523866306124981,0.16529173038478054
8,3,21,0.15790052266760773,0.12464192411208597,2.7755575615628914e-17,0.7153096549368224,0.5906677308247364
8,3,21,0.2791813728877564,0.20545222635531207,5.551115123125783e-17,0.6312635478998672,0.4258113215445551
8,3,21,0.09767286629452006,0.05775922184635912,1.3877787807814457e-17,0.3675140209235563,0.4252732427699154
8,3,21,0.597422769468226,0.2495020594284949,9.71445146547012e-17,0.3355967198690394,0.5850987792975343
8,3,21,0.21576876067117365,0.14077781318408136,5.551115123125783e-17,0.3415746051964932,0.20079679201241182
8,3,21,0.21558591268798147,0.37891945289356693,2.7755575615628914e-17,0.7986437948121592,0.41972434191859226
8,3,21,0.23294772690408644,0.21043999489837556,1.3877787807814457e-17,0.2836867605347969,0.49412675543317247
8,3,21,0.47718117779713315,0.2379720430182808,5.551115123125783e-17,0.30046877125533666,0.5384408142736175
8,3,21,0.5625087487721804,0.3981208190454212,5.551115123125783e-17,0.948419663604625,0.5502988445592039
8,3,21,0.26146412721173024,0.16915166880334767,1.3877787807814457e-17,0.36532817284391517,0.1961765040405675
8,3,21,0.15782734283131897,0.09659702046851998,5.551115123125783e-17,0.4406509527297614,0.3440539322612414
8,3,21,0.08803463781844399,0.1675926582266345,4.163336342344337e-17,0.6929863425518596,0.8605790007784941
12,1,64,0.18936622109830029,0.004276310699962401,1.3877787807814457e-17,0.0002765399897171171,0.004552850689679518
12,1,64,0.21207257518055633,0.04383504111979567,1.3877787807814457e-17,0.043896741413712574,6.170029391690317e-05
12,1,64,0.28832584191422306,0.25075964479982543,1.3877787807814457e-17,0.5084122479922765,0.25765260319245104
12,1,64,0.17836689703550518,0.03035524543058473,1.3877787807814457e-17,0.011815973349777222,0.04217121878036195
12,1,64,0.034881336613046356,0.0026541761278750476,1.3877787807814457e-17,0.004626079263034991,0.007280255390910039
12,1,64,0.07167013512574902,0.016010699030169488,6.938893903907228e-18,0.02099199348378037,0.03700269251394986
12,1,64,0.12958439052550727,0.09750922133593631,0.0,0.631170515475003,0.5336612941390667
12,1,64,0.2090015473119007,0.012651137942846818,6.938893903907228e-18,0.012870297722885785,0.0002191597800389667
12,1,64,0.16586518241439088,0.12799903766589116,5.551115123125783e-17,0.368501051397097,0.24050201373120583
12,1,64,0.2628035476828238,0.028957663102967657,1.3877787807814457e-17,0.0003175029536877408,0.029275166056655397
12,1,64,0.2713372501364353,0.03920363462131578,1.3877787807814457e-17,0.01861258267124019,0.05781621729255597
12,1,64,0.14797361993601255,0.014270114521978301,1.3877787807814457e-17,0.02127000238661962,0.03554011690859792
12,1,64,0.10674649322624419,0.03207693177401194,1.3877787807814457e-17,0.2083378556586008,0.17626092388458886
12,1,64,0.01478230107150247,0.007215754767208371,2.7755575615628914e-17,0.24030827794466927,0.2330925231774609
12,1,64,0.13246118881717672,0.0008675668899093669,0.0,0.0002172201423829975,0.0010847870322923643
12,1,64,0.08545942076918697,0.05910610987530057,1.3877787807814457e-17,0.33523739326824264,0.2761312833929421
12,1,64,0.14673757511029864,0.03328647188928331,6.938893903907228e-18,0.013374907669812058,0.04666137955909537
12,1,64,0.1661084128333388,0.0537290788222909,6.938893903907228e-18,0.04242308762935208,0.09615216645164298
12,1,64,0.10827297659733322,0.03967927803615044,6.938893903907228e-18,0.04219344785505379,0.08187272589120423
12,1,64,0.2383064304816108,0.032369026356272215,1.3877787807814457e-17,0.0532558657289401,0.08562489208521232
12,1,64,0.03565000128413679,0.025031897150974453,0.0,0.2479022616154326,0.22287036446445815
12,1,64,0.12088513973084701,0.008554908171535829,0.0,0.011472220339040863,0.0029173121675050346
12,1,64,0.11057139301851049,0.02675138380399766,3.469446951953614e-17,0.004358158401570258,0.031109542205567917
12,1,64,0.22126421085060552,0.03358301280088905,2.7755575615628914e-17,0.05002514818649427,0.016442135385605218
12,1,64,0.17400155163538275,0.04905882076586729,0.0,0.24420904599823037,0.29326786676409766
12,1,64,0.15532209387084647,0.038431700048395405,2.7755575615628914e-17,0.049851652343460735,0.08828335239185614
12,1,64,0.147619021916279,0.07320148701328072,1.3877787807814457e-17,0.27737249398989156,0.20417100697661084
12,1,64,0.2645171187899774,0.11511637236124078,1.0408340855860843e-17,0.4324835438674343,0.5475999162286751
12,1,64,0.07440811557018337,0.007123968472914571,2.7755575615628914e-17,0.013160075057833712,0.006036106584919141
12,1,64,0.17505065676069942,0.04834775000527958,2.7755575615628914e-17,0.1282346917020322,0.07988694169675262
12,1,64,0.18843358950321454,0.02571113724339433,1.3877787807814457e-17,0.026258578643616436,0.0005474414002221036
12,1,64,0.05326591827982263,0.01950969493864413,0.0,0.10527191789731952,0.08576222295867539
12,1,64,0.13672880344009822,0.031521325330804,2.7755575615628914e-17,0.12869969734195258,0.09717837201114858
12,1,64,0.28685610996887584,0.10241485831693614,1.3877787807814457e-17,0.17986294213039278,0.2822778004473289
12,1,64,0.3159896711638012,0.13106139258217211,6.938893903907228e-18,0.012367128408766087,0.1434285209909382
12,1,64,0.04205036152885394,0.015058315473230797,1.3877787807814457e-17,0.03218931999105473,0.017131004517823935
12,1,64,0.15439853513059934,0.07315021719967385,0.0,0.20775540891999364,0.1346051917203198
12,1,64,0.16786274324945882,0.09692786378795804,1.3877787807814457e-17,0.3603190997682145,0.45724696355617256
12,1,64,0.036502764610043745,0.01275271127330048,2.7755575615628914e-17,0.09399346667905997,0.10674617795236045
12,1,64,0.14896370393372807,0.035330040515850786,0.0,0.036694007089546954,0.0013639665736961647
12,1,64,0.09103112493192979,0.06019170788670486,1.3877787807814457e-17,0.36304328867128627,0.4232349965579911
12,1,64,0.3466653545837013,0.1189522472828915,2.7755575615628914e-17,0.5808602150709183,0.46190796778802684
12,1,64,0.13781903472054383,0.03645315183228432,1.0408340855860843e-17,0.041205605142428985,0.0776587569747133
12,1,64,0.18479549911724222,0.03604687276550679,2.7755575615628914e-17,0.015909930155693513,0.05195680292120031
12,1,64,0.21310934319374608,0.10093100539099233,1.3877787807814457e-17,0.14681483582352067,0.04588383043252835
12,1,64,0.1880008698350345,0.011318816056970266,1.3877787807814457e-17,1.506673824871749e-05,0.011333882795218983
12,1,64,0.13052632300187814,0.050734507839769835,1.3877787807814457e-17,0.07542876058076088,0.12616326842053072
12,1,64,0.1057170060216331,0.03720887917416783,1.3877787807814457e-17,0.10170651074607616,0.06449763157190833
12,1,64,0.08455562469423532,0.05458936445653345,1.3877787807814457e-17,0.20126262299661346,0.2558519874531469
12,1,64,0.14061278886272688,0.026344169900973796,1.3877787807814457e-17,0.051468746268798826,0.07781291616977262
12,1,64,0.15813885829737404,0.0351377658612008,1.3877787807814457e-17,0.044928188186297534,0.08006595404749833
12,1,64,0.2896661283935361,0.10870484730683178,3.8163916471489756e-17,0.20226598448126365,0.09356113717443187
12,1,64,0.13369240273119162,0.024776202526757753,2.7755575615628914e-17,0.07332827510689624,0.04855207258013849
12,1,64,0.22337758257347187,0.03764159073914755,2.7755575615628914e-17,0.06820281491253928,0.03056122417339173
12,1,64,0.1855043361394937,0.027205991758948368,2.7755575615628914e-17,0.034048173816704316,0.006842182057755946
12,1,64,0.1075102737438389,0.038952478266973456,6.938893903907228e-18,0.2444631458060269,0.20551066753905345
12,1,64,0.1163995625968942,0.08162109187290656,2.7755575615628914e-17,0.3601264748151934,0.44174756668809995
12,1,64,0.1779720644735104,0.08086728326035213,6.938893903907228e-18,0.1817049590428065,0.10083767578245438
12,1,64,0.3621559957254873,0.07559415199126382,5.551115123125783e-17,0.08561405694052078,0.01001990494925696
12,1,64,0.15831412222290334,0.07247259483859453,0.0,0.28593718900926074,0.35840978384785527
12,1,64,0.14291544882281992,0.08471609275239075,1.3877787807814457e-17,0.09560757952843316,0.1803236722808239
12,1,64,0.042654988163759726,0.006634413956165791,1.3877787807814457e-17,0.052953948042108054,0.059588361998273845
12,1,64,0.17744603859488517,0.09091728703666219,1.3877787807814457e-17,0.2487982230065492,0.157880935969887
12,1,64,0.16580746524850762,0.05018221869266561,1.3877787807814457e-17,0.07196688331123748,0.021784664618571863
12,1,64,0.19066715216273875,0.0757686072888838,1.3877787807814457e-17,0.06851314934112454,0.14428175663000833
12,1,64,0.26481782335225734,0.08052148506879031,1.3877787807814457e-17,0.3238947907832084,0.4044162758519987
12,1,64,0.059926751645618864,0.02381754660692445,1.3877787807814457e-17,0.19809151981293305,0.1742739732060086
12,1,64,0.1388450883654988,0.09460054106233418,1.3877787807814457e-17,0.42132217091253243,0.5159227119748666
12,1,64,0.14019985535246907,0.01436658727035103,6.938893903907228e-18,0.0003907514547216933,0.014757338725072722
12,1,64,0.2110326038498525,0.044734930634848694,6.938893903907228e-18,0.0019102202302303526,0.046645150865079046
12,1,64,0.17050095442912336,0.01918243618197945,2.0816681711721685e-17,0.017773856614409313,0.03695629279638876
12,1,64,0.10676466794158238,0.013499071621546552,2.7755575615628914e-17,0.029925521194847524,0.016426449573300972
12,1,64,0.06673060346244689,0.04821006526700469,0.0,0.20659839675022226,0.15838833148321757
12,1,64,0.18737126278736876,0.050834707464490946,2.7755575615628914e-17,0.0968883782873312,0.04605367082284025
12,1,64,0.24845878018580167,0.11633746711971499,2.7755575615628914e-17,0.2801632030701737,0.16382573595045874
12,1,64,0.18464864189826802,0.025860343396987437,1.3877787807814457e-17,0.030365955281966978,0.056226298678954414
12,1,64,0.10522177235346682,0.03151005906281698,0.0,0.10842404255755135,0.07691398349473437
12,1,64,0.16290496049454242,0.010147635265181601,2.7755575615628914e-17,0.0005359467992837425,0.010683582064465343
12,1,64,0.3215963315462962,0.0830309148544412,1.3877787807814457e-17,0.019684079471253585,0.10271499432569478
12,1,64,0.1416988184424429,0.01155757620123921,0.0,0.01478456966906477,0.0032269934678255596
12,1,64,0.22890828720010395,0.004255879357625774,0.0,0.0002087913924098251,0.004464670750035599
12,1,64,0.16465687733141765,0.06186074013196624,1.3877787807814457e-17,0.16500742943986443,0.10314668930789819
12,1,64,0.1622864802985455,0.005032731247476336,6.938893903907228e-18,0.00031706505294553755,0.0053497963004218736
12,1,64,0.07788966751747017,0.0006184013028153667,1.3877787807814457e-17,0.003504704057249479,0.0028863027544341123
12,1,64,0.3745971327347399,0.09610760000066433,1.3877787807814457e-17,0.0620256526443909,0.15813325264505523
12,1,64,0.36363308020103235,0.09880470350793294,2.7755575615628914e-17,0.034328264436114815,0.13313296794404775
12,1,64,0.16841183971335127,0.05268666693636134,1.3877787807814457e-17,0.06802155521943154,0.12070822215579288
12,1,64,0.1953400007031638,0.13845692880102572,0.0,0.6138350578515805,0.4753781290505548
12,1,64,0.123692877452899,0.015394762586874965,1.3877787807814457e-17,0.028980623630827974,0.013585861043953009
12,1,64,0.21504020298142826,0.065106360216276,0.0,0.11030523560913832,0.17541159582541432
12,1,64,0.20513104941082216,0.025009729989193902,6.938893903907228e-18,0.09385454905294274,0.06884481906374884
12,1,64,0.27457871224611824,0.002468691628659872,1.3877787807814457e-17,0.007917349960293672,0.0054486583316338
12,1,64,0.04593442765325819,0.004571106307893554,1.3877787807814457e-17,0.0032910012183333644,0.007862107526226918
12,1,64,0.16021773066669545,0.14400021817605524,1.3877787807814457e-17,0.5204056304062377,0.3764054122301824
12,1,64,0.18457297378313917,0.05778753964325979,2.7755575615628914e-17,0.09154801417922444,0.14933555382248423
12,1,64,0.19024070356664186,0.03527058074678491,6.938893903907228e-18,0.048146661155656106,0.08341724190244101
12,1,64,0.18994773311196875,0.04385668784168745,2.7755575615628914e-17,0.28556149183981855,0.329418179681506
12,1,64,0.26922823992395184,0.012667540739527795,1.3877787807814457e-17,0.013208611004155681,0.0005410702646278869
12,1,64,0.22507869379717416,0.03059267820342377,0.0,0.023747976590731447,0.054340654794155216
12,1,64,0.13407101370073865,0.06713182488932379,2.0816681711721685e-17,0.040825538927784066,0.10795736381710785
12,1,64,0.03934366129695975,0.010957438965883137,2.7755575615628914e-17,0.1336394689512586,0.12268202998537547
12,1,64,0.14593464149745075,0.02905018845369009,0.0,0.16734486957072756,0.19639505802441765
12,1,64,0.33097212438208984,0.07354894862675135,0.0,0.08187985757084071,0.008330908944089362
12,1,64,0.1497476084708418,0.035993073799848826,2.7755575615628914e-17,0.1496510562769656,0.11365798247711677
12,1,64,0.16398993893109726,0.03939300414279531,2.7755575615628914e-17,0.058172039962901954,0.01877903582010664
12,1,64,0.2488261110232429,0.08906570078275912,2.7755575615628914e-17,0.15743846738255407,0.06837276659979495
12,1,64,0.1798602181780391,0.05123638924516015,2.7755575615628914e-17,0.02172324305629342,0.07295963230145357
12,1,64,0.26826655861023746,0.13182133248917638,1.3877787807814457e-17,0.0015845075969703186,0.1334058400861467
12,1,64,0.27326706094336883,0.13719776816956014,1.3877787807814457e-17,0.09744302697112754,0.2346407951406877
12,1,64,0.13926942376120405,0.04473259481043433,0.0,0.05283736848201999,0.09756996329245432
12,1,64,0.0938415131600676,0.019280497058165286,1.3877787807814457e-17,0.055614201751178295,0.03633370469301301
12,1,64,0.286378271268112,0.01143560991113184,1.3877787807814457e-17,0.011543931929161958,0.00010832201803011783
12,1,64,0.07858590098462875,0.023498464675607997,2.7755575615628914e-17,0.06452674874479546,0.08802521342040345
12,1,64,0.3830438509513764,0.18313915365511776,1.3877787807814457e-17,0.21743931896925406,0.0343001653141363
12,1,64,0.059022855193828556,0.023476456880434288,2.7755575615628914e-17,0.10976169974497943,0.13323815662541372
12,1,64,0.12955616531147235,0.08441176261953254,1.3877787807814457e-17,0.3970959719826132,0.48150773460214574
12,1,64,0.07954020712233587,0.035966730123487445,2.7755575615628914e-17,0.252184787859541,0.28815151798302846
12,1,64,0.31567616852276653,0.03573480065897258,2.7755575615628914e-17,0.02257012431074243,0.05830492496971501
12,1,64,0.4009589490310446,0.05169256121981118,1.3877787807814457e-17,0.000579713653693098,0.052272274873504276
12,1,64,0.0900269911847528,0.013508214349510342,5.551115123125783e-17,0.0584413542337011,0.04493313988419076
12,1,64,0.12530256617996177,0.011563803360683187,2.0816681711721685e-17,0.013372402806098492,0.0018085994454153048
12,1,64,0.11634668058389921,0.050449030461754196,1.3877787807814457e-17,0.17017180295600381,0.220620833417758
12,1,64,0.23101117163452026,0.02342280781478748,1.3877787807814457e-17,0.030809474227574227,0.007386666412786745
12,1,64,0.22011445061578838,0.04826054258449697,0.0,0.13830238011931364,0.09004183753481668
12,1,64,0.44708484173804186,0.10570332467599804,1.3877787807814457e-17,0.1186257175567272,0.012922392880729158
12,1,64,0.10151292729849394,0.016984309044206503,1.3877787807814457e-17,0.05522281335615235,0.03823850431194585
12,1,64,0.0274105589286064,0.014193710955869798,1.3877787807814457e-17,0.3808767678156301,0.3666830568597603
12,1,64,0.22871171626794398,0.05681378844728059,0.0,0.08176066725223517,0.024946878804954577
12,1,64,0.28560970229774413,0.06121673770960745,1.3877787807814457e-17,0.36475423970453175,0.4259709774141392
12,1,64,0.22314436328227655,0.1046091276305066,2.7755575615628914e-17,0.1791639590663942,0.0745548314358876
12,1,64,0.23369714882262044,0.04093015830591926,1.3877787807814457e-17,0.012373018250512506,0.05330317655643177
12,1,64,0.10533991554604888,0.028434470345439,1.3877787807814457e-17,0.07383155070241319,0.10226602104785219
12,1,64,0.07143356002447196,0.025194272923957844,6.938893903907228e-18,0.16502279532413372,0.19021706824809156
12,1,64,0.06783904370763799,0.05842103089623513,1.3877787807814457e-17,0.13353607478118512,0.19195710567742025
12,1,64,0.3475233249462899,0.14046430865398885,2.7755575615628914e-17,0.18194148115770237,0.3224057898116912
12,1,64,0.11933540627164801,0.04635682764297855,6.938893903907228e-18,0.3431203673266177,0.38947719496959626
12,1,64,0.11662519362539102,0.0019790852735098578,0.0,0.002013851907980301,3.4766634470443014e-05
12,1,64,0.125393595026447,0.04906822113354674,2.0816681711721685e-17,0.15007881273417867,0.10101059160063193
12,1,64,0.14189731008368067,0.09502731238001658,4.85722573273506e-17,0.20346481678581704,0.2984921291658336
12,1,64,0.27577567055860985,0.06316613251087586,0.0,0.029799444616914826,0.09296557712779067
12,1,64,0.09882565895754988,0.0034415940682873992,0.0,0.0034903614279413265,4.876735965392731e-05
12,1,64,0.2197455079963788,0.09704323164313822,6.938893903907228e-18,0.06813239005806529,0.1651756217012035
12,1,64,0.098697879789034,0.021401978701768336,2.7755575615628914e-17,0.0017928799000435985,0.023194858601811936
12,1,64,0.1389421564581736,0.07001703483243395,2.7755575615628914e-17,0.032983147182334166,0.10300018201476811
12,1,64,0.17651963763081116,0.04368001125876019,1.3877787807814457e-17,0.054250277544694005,0.0979302888034542
12,1,64,0.27987304441028327,0.06603428625498448,1.3877787807814457e-17,0.09678318451622014,0.16281747077120462
12,1,64,0.2854199510813518,0.09618133093184125,1.3877787807814457e-17,0.10689738292147236,0.010716051989631098
12,1,64,0.14897698280939084,0.008024895873374833,6.938893903907228e-18,0.010711670464180699,0.002686774590805865
12,1,64,0.1867606275427385,0.11198321773980896,0.0,0.4499983815561365,0.3380151638163275
12,1,64,0.22850252441884664,0.04643419194157529,1.3877787807814457e-17,0.046434913915586316,7.219740110237471e-07
12,1,64,0.19166151200264386,0.03306060860886356,1.3877787807814457e-17,0.03220171633167196,0.06526232494053552
12,1,64,0.17304773054171105,0.08169094271382571,1.3877787807814457e-17,0.20938979131471674,0.29108073402854245
12,1,64,0.17993703605102335,0.08660218375508619,2.7755575615628914e-17,0.1888762246717174,0.2754784084268036
12,1,64,0.16265689730656396,0.050115731812225284,1.3877787807814457e-17,0.2940935077135091,0.3442092395257344
12,1,64,0.2996404365084248,0.0844990520562708,2.7755575615628914e-17,0.14951836697949236,0.06501931492322156
12,1,64,0.25444080388195683,0.028382231004319896,2.7755575615628914e-17,0.024319224316028714,0.05270145532034861
12,1,64,0.06869266577065679,0.028863934732514765,6.938893903907228e-18,0.0531056417743248,0.024241707041810036
12,1,64,0.15856586506161932,0.0667043996711449,1.3877787807814457e-17,0.05258507309418799,0.11928947276533289
12,1,64,0.06404597232877803,0.03894180934308339,2.7755575615628914e-17,0.3052647630894266,0.26632295374634324
12,1,64,0.05886787179708648,0.013448259508719751,2.7755575615628914e-17,0.014434451465687267,0.02788271097440702
12,1,64,0.1582092405440127,0.022749715469476867,1.3877787807814457e-17,0.02170684378920985,0.04445655925868672
12,1,64,0.0496348592992393,0.015339311153434787,1.3877787807814457e-17,0.2006674496791215,0.2160067608325563
12,1,64,0.3653026925605281,0.18676980925488124,4.163336342344337e-17,0.30042077757502345,0.11365096832014222
12,1,64,0.40373688034672667,0.026804290176428734,2.7755575615628914e-17,2.824790587914558e-06,0.026807114967016647
12,1,64,0.17591223452074498,0.05828249950526371,1.3877787807814457e-17,0.2989825641091591,0.3572650636144228
12,1,64,0.17949434309227608,0.010984826224419576,2.7755575615628914e-17,0.02157671944450187,0.010591893220082294
12,1,64,0.27636300271746134,0.044800649679720944,1.3877787807814457e-17,0.06965932279484593,0.02485867311512499
12,1,64,0.18384895644944318,0.05223986316148367,5.551115123125783e-17,0.11308670454641302,0.1653265677078967
12,1,64,0.12628909581226908,0.00574935700989681,6.938893903907228e-18,0.0059296068044517765,0.00018024979455496634
12,1,64,0.1363758679728708,0.015489531324264094,0.0,0.012543056666740127,0.02803258799100422
12,1,64,0.10935221434520165,0.060078200160685546,1.3877787807814457e-17,0.19482071295160758,0.2548989131122931
12,1,64,0.10673100716283315,0.032298020249488954,0.0,0.05874392035224902,0.026445900102760066
12,1,64,0.12107735422300768,0.032306968637096034,1.3877787807814457e-17,0.07467768234500553,0.10698465098210157
12,1,64,0.23159173556011312,0.023592600801337626,2.7755575615628914e-17,0.06627795503377273,0.04268535423243511
12,1,64,0.14507304712918498,0.023327809356900146,1.3877787807814457e-17,0.030814480985424206,0.007486671628524061
12,1,64,0.11202711658008203,0.007149219630676914,2.7755575615628914e-17,0.007174736824393892,2.5517193716977785e-05
12,1,64,0.15527833574611355,0.062174891290912554,1.3877787807814457e-17,0.0809620116474945,0.14313690293840706
12,1,64,0.37480125294130034,0.042564497080352204,2.7755575615628914e-17,0.05814624964930661,0.015581752568954407
12,1,64,0.12525617215727342,0.03916296514527312,2.7755575615628914e-17,0.10048830162900022,0.13965126677427334
12,1,64,0.11660714027984313,0.0910228369251003,2.7755575615628914e-17,0.2891410566814232,0.1981182197563229
12,1,64,0.10380982629362467,0.12288071058469671,1.734723475976807e-17,0.14515488209620395,0.26803559268090066
12,1,64,0.08150456507665252,0.0024775609294658977,1.3877787807814457e-17,0.0001230884820063423,0.00260064941147224
12,1,64,0.14054786830311727,0.05285652715370462,2.7755575615628914e-17,0.13458958161953308,0.1874461087732377
12,1,64,0.11807027623584226,0.04189141688581152,0.0,0.18103680388442303,0.22292822077023455
12,1,64,0.25219693160551954,0.05192589709642759,3.469446951953614e-18,0.16854430637639478,0.1166184092799672
12,1,64,0.27654327192750017,0.12790905833873345,2.7755575615628914e-17,0.0650783881943176,0.19298744653305105
12,1,64,0.09983822962759985,0.035858178644966515,1.3877787807814457e-17,0.1814128012378262,0.14555462259285967
12,1,64,0.09385604806055423,0.04425753270291566,1.3877787807814457e-17,0.4203626106689227,0.4646201433718384
12,1,64,0.15335532941205843,0.09351169981022697,1.3877787807814457e-17,0.2069249126537833,0.30043661246401027
12,1,64,0.4080940556108015,0.09999762630898114,2.0816681711721685e-17,0.12598227033146006,0.02598464402247892
12,1,64,0.14688684091718268,0.11683153744647348,2.0816681711721685e-17,0.15571934610189522,0.2725508835483687
12,1,64,0.19310355123755207,0.14197081333921807,6.938893903907228e-18,0.3579665426155474,0.49993735595476546
12,1,64,0.13174473116140117,0.0025653814830701297,2.7755575615628914e-17,0.0026218795074918703,5.6498024421740455e-05
12,1,64,0.17107529573057786,0.035128406498531675,1.3877787807814457e-17,0.10300050519522143,0.06787209869668975
12,1,64,0.2061292096085308,0.05204821509051133,1.3877787807814457e-17,0.3742515710404745,0.42629978613098585
12,1,64,0.3981668191158602,0.09410878437701828,1.3877787807814457e-17,0.10218502990611554,0.008076245529097262
12,1,64,0.08226689706840862,0.03247531872249648,1.3877787807814457e-17,0.30789238826499565,0.34036770698749214
12,1,64,0.18992827289770675,0.019514060393162152,2.7755575615628914e-17,0.023040021984531315,0.003525961591369164
12,1,64,0.2780741750642534,0.16426172160771021,1.3877787807814457e-17,0.18831557048032385,0.35257729208803407
12,1,64,0.17200381471987747,0.17351322861583351,2.0816681711721685e-17,0.7073930916930515,0.533879863077218
12,2,62,0.10208320021193767,0.0732168776345925,1.3877787807814457e-17,0.6600636289474421,0.5868467513128496
12,2,62,0.18925873113207037,0.06561604750709593,2.0816681711721685e-17,0.4917434953259249,0.5573595428330208
12,2,62,0.2038284147111311,0.06751214604421746,2.7755575615628914e-17,0.27112603906808463,0.20361389302386718
12,2,62,0.17878182954511448,0.10689368087400208,1.3877787807814457e-17,0.2503620766314659,0.14346839575746384
12,2,62,0.16637321742459646,0.04678477257374718,2.7755575615628914e-17,0.013626514275604329,0.06041128684935151
12,2,62,0.2421774944550911,0.23945561416226485,1.3877787807814457e-17,0.3417947696179939,0.10233915545572901
12,2,62,0.07157113316548695,0.03934992552571526,2.7755575615628914e-17,0.18074639092565756,0.1413964653999423
12,2,62,0.18922268755093413,0.16329503616265545,2.7755575615628914e-17,0.2438536731400162,0.40714870930267166
12,2,62,0.06229320954783158,0.021011801457301374,1.3877787807814457e-17,0.10569288612547299,0.08468108466817162
12,2,62,0.3289428168566296,0.23132767023102177,2.7755575615628914e-17,0.3922696445240283,0.16094197429300652
12,2,62,0.29282559033062966,0.12529690027976154,2.7755575615628914e-17,0.2905653393022995,0.16526843902253796
12,2,62,0.17714314433821463,0.18752654999450105,2.0816681711721685e-17,0.21951534141235976,0.4070418914068608
12,2,62,0.18610818721069003,0.04679484624313612,2.7755575615628914e-17,0.50384335545023,0.45704850920709383
12,2,62,0.22514922267205087,0.132729337447795,2.7755575615628914e-17,0.3142111921879249,0.18148185474012993
12,2,62,0.0752509915847214,0.0679157432785544,1.3877787807814457e-17,0.23691600662708062,0.16900026334852622
12,2,62,0.2257426856098785,0.08597853907571332,5.551115123125783e-17,0.276195393307749,0.1902168542320357
12,2,62,0.20085037906439113,0.03714213543696521,0.0,0.11201407419412951,0.0748719387571643
12,2,62,0.10701072900068849,0.04795851043409399,2.7755575615628914e-17,0.3102977815169316,0.2623392710828376
12,2,62,0.11100131382660615,0.052673451554952316,2.7755575615628914e-17,0.12957092705421822,0.0768974754992659
12,2,62,0.14208543929648648,0.10682174701099334,6.938893903907228e-18,0.4852944323630277,0.3784726853520344
12,2,62,0.35854712606511646,0.14699160543974538,0.0,0.5364064355874464,0.389414830147701
12,2,62,0.1424211334810329,0.050461985357875355,1.3877787807814457e-17,0.21788994436315562,0.16742795900528026
12,2,62,0.12950806268716739,0.07102355373992703,1.3877787807814457e-17,0.25181337392126,0.32283692766118705
12,2,62,0.058045870477022546,0.07647004213829378,0.0,0.5304915595765137,0.45402151743821995
12,2,62,0.24057834760153743,0.1834932496165208,1.3877787807814457e-17,0.29191056105773633,0.10841731144121554
12,2,62,0.1518747774104365,0.06643608052070549,1.3877787807814457e-17,0.23134230061707484,0.2977783811377803
12,2,62,0.2100318405545451,0.09871173362347191,1.6479873021779667e-17,0.43607961399118245,0.33736788036771054
12,2,62,0.29424686247731957,0.0508677978037686,1.3877787807814457e-17,0.4092609816733553,0.3583931838695867
12,2,62,0.14912488185606335,0.07003441604910893,2.7755575615628914e-17,0.4373665151940789,0.36733209914496995
12,2,62,0.12006131391114189,0.023691559202961843,5.551115123125783e-17,0.17744886053743736,0.2011404197403992
12,2,62,0.1691031199476004,0.008019612443810097,2.7755575615628914e-17,0.0009077515168100528,0.00892736396062015
12,2,62,0.22570055293205957,0.08753586811792467,1.3877787807814457e-17,0.06745877330127352,0.1549946414191982
12,2,62,0.1557655590043836,0.02630288841202144,6.938893903907228e-18,0.031168021519018513,0.004865133106997073
12,2,62,0.38746718559622867,0.06244845458533016,8.326672684688674e-17,0.20693343233763273,0.14448497775230257
12,2,62,0.3545162240552864,0.1527991909105997,3.122502256758253e-17,0.20129365831586662,0.04849446740526691
12,2,62,0.2932710711873488,0.09451522969278472,2.7755575615628914e-17,0.1263140950074316,0.031798865314646874
12,2,62,0.1989800941597029,0.17841013434523395,1.3877787807814457e-17,0.2773894276999865,0.09897929335475253
12,2,62,0.03992460276393731,0.048912159274910605,1.3877787807814457e-17,0.3284604020993104,0.2795482428243998
12,2,62,0.19534604790720622,0.0798476596643542,4.163336342344337e-17,0.3601326430411809,0.2802849833768267
12,2,62,0.17656340400218723,0.08701807879657605,2.7755575615628914e-17,0.2941325638258711,0.20711448502929505
12,2,62,0.15540111304032617,0.06677019649355159,2.7755575615628914e-17,0.21189347562146832,0.2786636721150199
12,2,62,0.16968241393377415,0.1483564026118604,1.3877787807814457e-17,0.26249671373801453,0.11414031112615415
12,2,62,0.13373760409949298,0.15917124382994283,2.7755575615628914e-17,0.14430917868320478,0.3034804225131476
12,2,62,0.3217568064416995,0.034920116111729,2.7755575615628914e-17,0.003918745904295634,0.038838862016024635
12,2,62,0.1851948226834935,0.08050451764812117,1.3877787807814457e-17,0.3060486958782818,0.22554417823016065
12,2,62,0.11194609537564859,0.014089827305446806,1.3877787807814457e-17,0.04276698090652426,0.028677153601077456
12,2,62,0.16803160387640978,0.093241384600113,2.7755575615628914e-17,0.4047542093946756,0.4979955939947886
12,2,62,0.24380630228762679,0.1541031944467503,0.0,0.4029860979634878,0.5570892924102381
12,2,62,0.20404811463082198,0.06727877864485088,2.7755575615628914e-17,0.31922516372538895,0.25194638508053807
12,2,62,0.16440072774234135,0.08372040757581484,1.3877787807814457e-17,0.16817454843945498,0.08445414086364014
12,2,62,0.30478492210829244,0.04315641499383693,2.7755575615628914e-17,0.5310928532275219,0.5742492682213588
12,2,62,0.23240038982095834,0.03546124734089098,0.0,0.10969952324912682,0.07423827590823584
12,2,62,0.12397756676080446,0.0862947111011802,2.7755575615628914e-17,0.4111604131858882,0.4974551242870684
12,2,62,0.1044251392485677,0.027298068511936557,6.938893903907228e-18,0.23438121808469298,0.26167928659662953
12,2,62,0.08747369883500129,0.04951727135429923,1.3877787807814457e-17,0.34647509722768954,0.2969578258733903
12,2,62,0.17324797847796194,0.1078777433346145,2.7755575615628914e-17,0.27723574277587243,0.16935799944125793
12,2,62,0.4125228928129748,0.23763910329463495,5.551115123125783e-17,0.4880852391752162,0.25044613588058123
12,2,62,0.2745779621029449,0.07503944286570577,5.551115123125783e-17,0.2967286180777268,0.22168917521202106
12,2,62,0.11634955203277478,0.07336952272439778,2.7755575615628914e-17,0.26132218226999376,0.33469170499439155
12,2,62,0.13325799535062077,0.09247742564456424,1.3877787807814457e-17,0.21621678651804732,0.30869421216261156
12,2,62,0.10571425531897254,0.025165342079256192,1.3877787807814457e-17,0.24898728189361152,0.22382193981435533
12,2,62,0.23933407234551965,0.14184327702994332,2.7755575615628914e-17,0.3546031577402136,0.2127598807102703
12,2,62,0.1282482413989974,0.09450425737415508,0.0,0.559406474095764,0.464902216721609
12,2,62,0.054415951704721875,0.009451103407855708,1.3877787807814457e-17,0.011975540479210489,0.021426643887066197
12,2,62,0.13011188247875127,0.05644595626391763,1.3877787807814457e-17,0.3982047711239972,0.45465072738791484
12,2,62,0.2084287152557563,0.07909191563974405,2.7755575615628914e-17,0.4486395538473838,0.36954763820763975
12,2,62,0.16695913803430168,0.16053203708979918,3.469446951953614e-17,0.4588767400590201,0.29834470296922094
12,2,62,0.23393665356054438,0.05578833260320093,2.7755575615628914e-17,0.25016525595350914,0.30595358855671007
12,2,62,0.2383457784109381,0.06867919599364197,2.7755575615628914e-17,0.2823943539383026,0.35107354993194456
12,2,62,0.21734151054779977,0.17921499566546098,1.3877787807814457e-17,0.2129918818373947,0.03377688617193373
12,2,62,0.13658786711868362,0.026243295800620597,2.7755575615628914e-17,0.2261950179098039,0.1999517221091833
12,2,62,0.18098780942248496,0.03957397154763608,2.7755575615628914e-17,0.06147491904711996,0.10104889059475604
12,2,62,0.1681660874781342,0.12695983687341128,1.3877787807814457e-17,0.4758402612674896,0.6028000981409009
12,2,62,0.1369152149364057,0.09657108168081902,2.7755575615628914e-17,0.4262384355612614,0.3296673538804424
12,2,62,0.24169977389730374,0.09188800453930271,3.469446951953614e-17,0.21871950493350054,0.12683150039419783
12,2,62,0.14838586909587329,0.11413583361884834,2.168404344971009e-19,0.0954428855018012,0.20957871912064954
12,2,62,0.07612105049804867,0.03468996866608416,2.7755575615628914e-17,0.11523582530134141,0.08054585663525725
12,2,62,0.35212839498188775,0.06360303319398221,1.3877787807814457e-17,0.07017105307093792,0.006568019876955705
12,2,62,0.03943608388786604,0.025054601569953927,2.7755575615628914e-17,0.4092976053524142,0.3842430037824603
12,2,62,0.1609742192379536,0.02665119833092025,1.3877787807814457e-17,0.00674307147985346,0.03339426981077371
12,2,62,0.3030463458872006,0.20403183648086232,2.7755575615628914e-17,0.5620462396961742,0.7660780761770365
12,2,62,0.11492424817131011,0.026274814392457463,1.3877787807814457e-17,0.05759064449541454,0.031315830102957076
12,2,62,0.18919986958507712,0.0684542547934579,2.7755575615628914e-17,0.4134249171867925,0.34497066239333457
12,2,62,0.21911606800308842,0.08939336922812774,2.7755575615628914e-17,0.3063154604587584,0.39570882968688614
12,2,62,0.1405112097681601,0.056303373128627765,4.163336342344337e-17,0.3429782664585942,0.28667489332996643
12,2,62,0.2213113355600691,0.19604240654237495,1.3877787807814457e-17,0.13834112093852488,0.33438352748089983
12,2,62,0.1451015487834057,0.016972898469023723,1.3877787807814457e-17,0.03976038537099453,0.05673328384001825
12,2,62,0.17150743936690202,0.04684029045153254,2.7755575615628914e-17,0.4142415335728645,0.461081824024397
12,2,62,0.1064580263544461,0.10058560877259337,0.0,0.39587668653904745,0.2952910777664541
12,2,62,0.1235063259533966,0.11373592168529911,2.7755575615628914e-17,0.570085077629899,0.4563491559445999
12,2,62,0.23544380864861078,0.025920480725037144,2.7755575615628914e-17,0.0011928946467191174,0.02711337537175626
12,2,62,0.011343957350702679,0.009329459204341028,4.163336342344337e-17,0.24844849191159535,0.23911903270725432
12,2,62,0.056435068711144745,0.05113692059067004,1.3877787807814457e-17,0.400993892786316,0.34985697219564593
12,2,62,0.22341393253029232,0.052113456839820715,1.3877787807814457e-17,0.30366200874211097,0.25154855190229025
12,2,62,0.1772433668181432,0.05684335082647815,2.7755575615628914e-17,0.0985371584915456,0.15538050931802375
12,2,62,0.22192176994254753,0.03093539212759172,2.7755575615628914e-17,0.1310327171220897,0.10009732499449797
12,2,62,0.09793784370188659,0.0684275988308144,6.938893903907228e-18,0.23604790132233727,0.30447550015315167
12,2,62,0.31318928374307553,0.16359224769806563,5.551115123125783e-17,0.07153369112017845,0.23512593881824406
12,2,62,0.0913548957887358,0.04139248794157202,2.7755575615628914e-17,0.24048398153650993,0.1990914935949379
12,2,62,0.2601835106915829,0.14042204270432454,1.3877787807814457e-17,0.34266016051834847,0.20223811781402393
12,2,62,0.11042822778699725,0.045925941622290745,2.7755575615628914e-17,0.3310636470007692,0.3769895886230599
12,2,62,0.13042563065685814,0.07523613193840273,3.469446951953614e-17,0.5583082552888545,0.4830721233504518
12,2,62,0.1696096460534916,0.09465327116045927,2.7755575615628914e-17,0.3203518380547583,0.22569856689429904
12,2,62,0.3755071835190849,0.09439380533318464,1.3877787807814457e-17,0.14634953929580502,0.24074334462898966
12,2,62,0.04720370547922099,0.004813558015893116,1.3877787807814457e-17,0.003170311403535011,0.007983869419428127
12,2,62,0.08734210312853527,0.05553413708670207,1.3877787807814457e-17,0.3470534481236091,0.4025875852103112
12,2,62,0.16648529619736774,0.13302223011749764,2.7755575615628914e-17,0.42807507778324605,0.2950528476657484
12,2,62,0.10728560017212845,0.050912216889979156,1.3877787807814457e-17,0.08288378283434952,0.13379599972432868
12,2,62,0.09784372780710575,0.06715902843279986,2.7755575615628914e-17,0.4046454279696067,0.47180445640240654
12,2,62,0.03780702894584185,0.030205908699241557,2.7755575615628914e-17,0.4645136381056259,0.43430772940638435
12,2,62,0.22363244181948838,0.07253486232312939,2.7755575615628914e-17,0.34118826304092276,0.41372312536405215
12,2,62,0.2405190900737812,0.12600283337083196,6.938893903907228e-18,0.6624424441180415,0.5364396107472096
12,2,62,0.061413251464633827,0.024605752823212895,1.3877787807814457e-17,0.179822781061485,0.1552170282382721
12,2,62,0.11326152831448347,0.045375319963815997,5.551115123125783e-17,0.18787296688473853,0.23324828684855453
12,2,62,0.26884911689961444,0.1470303051018766,2.7755575615628914e-17,0.3282020652839341,0.4752323703858107
12,2,62,0.10625492580476563,0.02101319322311499,2.7755575615628914e-17,0.03464931681025873,0.013636123587143738
12,2,62,0.19759397507211737,0.14866560001991802,2.7755575615628914e-17,0.2888821337688392,0.14021653374892118
12,2,62,0.2919710437024544,0.18717199113288985,5.551115123125783e-17,0.6156052065564854,0.4284332154235956
12,2,62,0.1643127447632773,0.0917577574603291,2.7755575615628914e-17,0.4226165343206747,0.3308587768603456
12,2,62,0.14137030208219706,0.06695984704158336,6.938893903907228e-18,0.1451241057479888,0.21208395278957218
12,2,62,0.27177672710953293,0.08112946546296151,5.551115123125783e-17,0.11643205361810653,0.03530258815514501
12,2,62,0.15040183674103313,0.06977555313489586,2.0816681711721685e-17,0.41638085929755636,0.4861564124324522
12,2,62,0.18470688298267524,0.08559654683056989,0.0,0.45000148682714025,0.36440493999657037
12,2,62,0.146427744500509,0.03016175938818394,4.163336342344337e-17,0.32150429643201217,0.29134253704382823
12,2,62,0.12931678416720477,0.07676910463024361,1.3877787807814457e-17,0.4731904569566702,0.3964213523264266
12,2,62,0.15928618822677607,0.07986791017207015,2.0816681711721685e-17,0.32318667734744266,0.2433187671753725
12,2,62,0.1284681535201971,0.05980095930775753,2.7755575615628914e-17,0.3025415925722829,0.24274063326452539
12,2,62,0.11654867715254259,0.07509004316840417,1.3877787807814457e-17,0.26873967732322857,0.1936496341548244
12,2,62,0.06571724539807718,0.05939510883279134,2.7755575615628914e-17,0.24811748754260357,0.3075125963753949
12,2,62,0.18709231266276485,0.14470554272603042,2.7755575615628914e-17,0.4031861836783568,0.5478917264043872
12,2,62,0.17422219460009067,0.058744078386538466,1.3877787807814457e-17,0.11817903007406141,0.05943495168752295
12,2,62,0.11737011147556937,0.053521486906601023,1.3877787807814457e-17,0.37415752791133006,0.32063604100472903
12,2,62,0.08875934990967344,0.04288160400984997,1.3877787807814457e-17,0.11586842529181135,0.15875002930166132
12,2,62,0.12600118575488936,0.1257843086930816,4.163336342344337e-17,0.5272353120807962,0.4014510033877146
12,2,62,0.21416179949786637,0.17581113261777853,2.7755575615628914e-17,0.4903087701966959,0.6661199028144744
12,2,62,0.17369938572513238,0.064818916344966,2.7755575615628914e-17,0.09231718795038363,0.15713610429534963
12,2,62,0.16825446108283507,0.16619002770427488,1.3877787807814457e-17,0.6101006709024278,0.44391064319815293
12,2,62,0.2185284660898438,0.06791065746200967,1.3877787807814457e-17,0.2535901587412811,0.18567950127927144
12,2,62,0.11067212213903214,0.015326577574671894,1.3877787807814457e-17,0.04967659650485728,0.06500317407952917
12,2,62,0.21339196630291088,0.0864281690494968,1.3877787807814457e-17,0.3547521374516319,0.2683239684021351
12,2,62,0.21694814006864424,0.1844152761913163,2.7755575615628914e-17,0.2575237973755918,0.4419390735669081
12,2,62,0.16336010090082692,0.06343213861178182,1.3877787807814457e-17,0.21327533078164546,0.2767074693934273
12,2,62,0.17231735100664483,0.08102179444085363,2.7755575615628914e-17,0.19897842434518362,0.11795662990433
12,2,62,0.17349081165719005,0.14991589191162985,4.163336342344337e-17,0.4326066268302938,0.2826907349186639
12,2,62,0.2317094623091172,0.26076767810135254,2.7755575615628914e-17,0.5915229803879515,0.33075530228659894
12,2,62,0.28875018624778054,0.188101483384435,2.7755575615628914e-17,0.276432924035862,0.464534407420297
12,2,62,0.243557804981917,0.05966181177127415,2.0816681711721685e-17,0.13710092129415272,0.07743910952287857
12,2,62,0.39353182123578667,0.08465991292094965,2.7755575615628914e-17,0.09562906688763202,0.010969153966682367
12,2,62,0.14773963729081607,0.12355122372553728,0.0,0.5633841955588061,0.43983297183326886
12,2,62,0.23997667863328342,0.05265099733277381,5.551115123125783e-17,0.1670698100027522,0.219720807335526
12,2,62,0.1441024373163827,0.08581887517307007,2.7755575615628914e-17,0.5972616100789481,0.511442734905878
12,2,62,0.37249190311123503,0.09642843257579184,2.7755575615628914e-17,0.31580549937445046,0.21937706679865862
12,2,62,0.16477418681225348,0.07174050256785938,1.3877787807814457e-17,0.25353350748877157,0.1817930049209122
12,2,62,0.03142920585153822,0.0026488777604673774,1.3877787807814457e-17,0.03764385285643476,0.034994975095967384
12,2,62,0.34167264643093204,0.3089889478490442,5.551115123125783e-17,0.5509246396327229,0.24193569178367869
12,2,62,0.21441840466761602,0.014524533667973513,3.469446951953614e-17,0.014921018505280825,0.00039648483730731306
12,2,62,0.23224311446017462,0.08520988626120368,1.3877787807814457e-17,0.47850309042214145,0.39329320416093777
12,2,62,0.10258689844590249,0.08190319383121258,1.3877787807814457e-17,0.37251003534179256,0.45441322917300514
12,2,62,0.27459416831289113,0.13541745289425458,2.7755575615628914e-17,0.15634408022418042,0.020926627329925833
12,2,62,0.1804945758770921,0.02600374533804815,0.0,0.02824839586052281,0.0022446505224746585
12,2,62,0.24169292449035498,0.2142812811151676,2.7755575615628914e-17,0.2535365960521267,0.4678178771672943
12,2,62,0.2432172573419038,0.07160378125447084,4.163336342344337e-17,0.1252858880385787,0.19688966929304955
12,2,62,0.15508827192075722,0.05842059039462569,5.551115123125783e-17,0.22755548655253702,0.16913489615791133
12,2,62,0.09386160739843023,0.01130438907622424,0.0,0.0313465209959192,0.020042131919694957
12,2,62,0.1510072507074074,0.04429168306441322,2.7755575615628914e-17,0.7140633241959109,0.6697716411314977
12,2,62,0.10299423716505404,0.02672656763128188,2.7755575615628914e-17,0.09684420760491075,0.12357077523619263
12,2,62,0.44399117878988853,0.12934486414102148,5.551115123125783e-17,0.40056113772682983,0.27121627358580835
12,2,62,0.06583521156305666,0.031282688894231,0.0,0.16603334261073174,0.13475065371650075
12,2,62,0.2895584398321129,0.12635324033896222,0.0,0.34026242308687255,0.46661566342583477
12,2,62,0.05042623166347533,0.04575614921308424,1.3877787807814457e-17,0.29964458031368746,0.3454007295267717
12,2,62,0.2836484846704714,0.10046251531963057,1.3877787807814457e-17,0.2656121120852513,0.3660746274048819
12,2,62,0.14013171872868116,0.06623727208108804,0.0,0.25961255170269704,0.3258498237837851
12,2,62,0.3184586540459627,0.17148580491666265,1.3877787807814457e-17,0.4759859652125781,0.6474717701292407
12,2,62,0.2676744493383053,0.09969384883238352,1.3877787807814457e-17,0.2994830768773189,0.19978922804493537
12,2,62,0.17760357402417104,0.030064373866478547,4.163336342344337e-17,0.10472047776833542,0.13478485163481396
12,2,62,0.16715299265402883,0.14373203334142404,2.7755575615628914e-17,0.24125627751522616,0.3849883108566502
12,2,62,0.1894480771786336,0.10038527006570547,1.3877787807814457e-17,0.41024307457020887,0.5106283446359143
12,2,62,0.2589032760060505,0.20925952047944882,2.7755575615628914e-17,0.1779262360614168,0.3871857565408656
12,2,62,0.3005851163044425,0.04934231807922641,4.163336342344337e-17,0.054742052446060493,0.005399734366834084
12,2,62,0.19658400486388755,0.053518526839940433,2.7755575615628914e-17,0.10303644167685633,0.15655496851679676
12,2,62,0.3151462971994546,0.10926940086023922,3.469446951953614e-17,0.13868921462257447,0.029419813762335257
12,2,62,0.2006588970690581,0.09443284692431647,3.469446951953614e-17,0.22958642350250638,0.1351535765781899
12,2,62,0.20951678903610904,0.08142364164233634,1.3877787807814457e-17,0.25315143451851607,0.3345750761608524
12,2,62,0.12059400625821326,0.11840939717769788,2.7755575615628914e-17,0.5468873421195591,0.42847794494186126
12,2,62,0.1912748210890444,0.054578914834868125,2.0816681711721685e-17,0.18172320779450443,0.1271442929596363
12,2,62,0.05061854532401926,0.021489722813141876,1.3877787807814457e-17,0.6326480062387132,0.6541377290518551
12,2,62,0.2214933043012385,0.04095197440605945,6.938893903907228e-18,0.022417939693124885,0.06336991409918434
12,2,62,0.1961393825784294,0.08392673590626143,3.8163916471489756e-17,0.4365877945143504,0.352661058608089
12,2,62,0.242119756200175,0.06426559235724513,1.3877787807814457e-17,0.04327918996635196,0.1075447823235971
12,2,62,0.2791580213537208,0.06051002972604874,5.204170427930421e-17,0.13406807699758144,0.19457810672363018
12,2,62,0.15512845926600627,0.015139737371645109,2.7755575615628914e-17,0.018855427665119096,0.0037156902934739867
12,2,62,0.21224334935791345,0.05774420831932099,2.2551405187698492e-17,0.16712204824124305,0.10937783992192206
12,2,62,0.3379135908974171,0.07064811315987873,2.7755575615628914e-17,0.033311908199446495,0.10396002135932522
12,2,62,0.21685735114686394,0.17839915929483613,2.7755575615628914e-17,0.5004953564064337,0.3220961971115976
12,2,62,0.1588589219357179,0.03745547163954993,0.0,0.2014770952611006,0.16402162362155068
12,2,62,0.25315514338192524,0.23892277852934196,2.7755575615628914e-17,0.3202189711663542,0.5591417496956962
12,2,62,0.3037096994544324,0.19253195759639208,1.3877787807814457e-17,0.2284191415811871,0.42095109917757917
12,2,62,0.13306504105959444,0.03684057225285839,5.551115123125783e-17,0.19147293192167728,0.1546323596688189
12,2,62,0.25322860513730333,0.11019352737132695,2.7755575615628914e-17,0.09718845579153901,0.20738198316286596
12,2,62,0.2311624165972105,0.09173601325526856,4.163336342344337e-17,0.10921521758779536,0.01747920433252679
12,3,59,0.28585586217634046,0.11018536727380013,2.7755575615628914e-17,0.21386863520893953,0.1036832679351394
12,3,59,0.1752695224366706,0.1115349722449015,1.3877787807814457e-17,0.3361606477257085,0.44769561997060997
12,3,59,0.1724497077218226,0.09764846017789958,2.7755575615628914e-17,0.17717204741660503,0.2748205075945046
12,3,59,0.31103836511317573,0.16541299553145217,2.7755575615628914e-17,0.5350226802077253,0.3696096846762731
12,3,59,0.1472488479396758,0.0911350026725595,1.3877787807814457e-17,0.25689949791882877,0.16576449524626927
12,3,59,0.1897242376354418,0.07125499402873631,4.163336342344337e-17,0.415482515550608,0.3442275215218717
12,3,59,0.3128949821853915,0.10289780912746826,1.3877787807814457e-17,0.28275421415722884,0.3856520232846971
12,3,59,0.16717870807746033,0.1376029516441154,2.7755575615628914e-17,0.6104150797810753,0.7480180314251907
12,3,59,0.1947359772351851,0.053480785218935845,2.7755575615628914e-17,0.8028722375628546,0.8563530227817905
12,3,59,0.309469076046565,0.08810766064983061,2.7755575615628914e-17,0.30103926548054605,0.38914692613037666
12,3,59,0.13711574493300122,0.10585034925590009,1.734723475976807e-17,0.42083279004131036,0.5266831392972104
12,3,59,0.12510563756871954,0.059311518616318115,5.551115123125783e-17,0.21860052811122788,0.277912046727546
12,3,59,0.2068482965632996,0.17194447892843012,6.938893903907228e-18,0.42201795652042584,0.2500734775919957
12,3,59,0.2704375411155636,0.11800587837448412,5.551115123125783e-17,0.5937814440425407,0.4757755656680566
12,3,59,0.0484783078625256,0.053150330117759714,6.938893903907228e-18,0.5292825036876271,0.47613217356986737
12,3,59,0.3162381733447209,0.22624095597109517,2.7755575615628914e-17,0.24005911279224867,0.46630006876334384
12,3,59,0.23974629186491475,0.15753552239163338,2.7755575615628914e-17,0.5226999731721,0.36516445078046667
12,3,59,0.3730089725232789,0.21982596671482935,2.7755575615628914e-17,0.5858581651489969,0.36603219843416757
12,3,59,0.0850382474384318,0.04644313236891617,3.469446951953614e-17,0.6014082996643835,0.5549651672954673
12,3,59,0.10584049618783825,0.07893592554935869,1.3877787807814457e-17,0.6409837616638057,0.562047836114447
12,3,59,0.22522162001733909,0.06834615491292045,2.7755575615628914e-17,0.015182407325123779,0.08352856223804424
12,3,59,0.4601470702942382,0.12447958922425562,1.3877787807814457e-17,0.440154198510627,0.31567460928637137
12,3,59,0.133190626067545,0.08433418179517682,1.3877787807814457e-17,0.6539116336023608,0.569577451807184
12,3,59,0.09601855161886602,0.06359501105330306,0.0,0.3290910651999996,0.39268607625330265
12,3,59,0.4018645067021743,0.2561609473783008,1.3877787807814457e-17,0.5704387064882797,0.31427775910997885
12,3,59,0.1302397027324849,0.15533807489884968,1.3877787807814457e-17,0.14937121178075488,0.30470928667960456
12,3,59,0.0875433012950815,0.08289205381845077,1.3877787807814457e-17,0.6420140563066066,0.7249061101250573
12,3,59,0.14993713886973295,0.08247335236256709,2.0816681711721685e-17,0.44340712511499264,0.36093377275242555
12,3,59,0.22435845380293096,0.2358367453782506,2.7755575615628914e-17,0.25084408062521496,0.48668082600346557
12,3,59,0.049079322727672764,0.03732134061210879,2.7755575615628914e-17,0.7052116497680012,0.74253299038011
12,3,59,0.25258188520150304,0.08263031118398032,3.608224830031759e-16,0.038346554016978986,0.1209768652009593
12,3,59,0.20163800251135217,0.08464981839669,1.3877787807814457e-17,0.454525041181393,0.539174859578083
12,3,59,0.11332484102375323,0.10815527166327848,2.7755575615628914e-17,0.4254244027896116,0.3172691311263331
12,3,59,0.1980509758305109,0.2386263703707665,8.326672684688674e-17,0.7936045498519956,0.5549781794812291
12,3,59,0.09962227137964967,0.01986407919672628,2.7755575615628914e-17,0.43980577680692146,0.4199416976101952
12,3,59,0.3728022297358553,0.06827374461651325,2.7755575615628914e-17,0.3949551801633726,0.46322892477988586
12,3,59,0.18261356915539084,0.07578684924992624,5.551115123125783e-17,0.49469695055029905,0.4189101013003728
12,3,59,0.1460833988314581,0.08018820640261892,2.7755575615628914e-17,0.7629221379177881,0.6827339315151691
12,3,59,0.1493364775347398,0.08890275545182852,2.7755575615628914e-17,0.34693411255587187,0.4358368680077004
12,3,59,0.24611072709454687,0.07250272445225425,1.3877787807814457e-17,0.034441193774907154,0.1069439182271614
12,3,59,0.108870961750218,0.045448884816055246,2.0816681711721685e-17,0.7833714000620569,0.7379225152460016
12,3,59,0.4735984499401584,0.09967317101746304,2.7755575615628914e-17,0.5587911036622953,0.4591179326448323
12,3,59,0.15976071957463892,0.18131066916740946,2.7755575615628914e-17,0.5342526328691647,0.35294196370175523
12,3,59,0.11165150339759539,0.10546156434183263,2.7755575615628914e-17,0.5049071595395356,0.39944559519770295
12,3,59,0.1139084844072868,0.11796932679915417,1.5612511283791264e-17,0.3620213632065545,0.47999069000570865
12,3,59,0.12308920837249303,0.10850799075297157,2.7755575615628914e-17,0.6333785383408953,0.5248705475879237
12,3,59,0.144299508790595,0.1144821982242889,2.7755575615628914e-17,0.45793380601172357,0.5724160042360125
12,3,59,0.14808410140689712,0.09079159408042181,2.7755575615628914e-17,0.6841367182088172,0.5933451241283954
12,3,59,0.16287274350777697,0.06426692540300181,6.938893903907228e-18,0.08583916167436638,0.02157223627136456
12,3,59,0.17924728638017146,0.11076857253420402,0.0,0.5632517825543649,0.674020355088569
12,3,59,0.30579101321313473,0.15071228797103736,5.551115123125783e-17,0.6019223103442632,0.4512100223732259
12,3,59,0.16102707974353575,0.04676975061488353,1.3877787807814457e-17,0.5336015926578267,0.5803713432727102
12,3,59,0.22901747174992473,0.1323327810053797,5.551115123125783e-17,0.5448186931831752,0.4124859121777955
12,3,59,0.49322942150218807,0.2243134957537204,2.7755575615628914e-17,0.5177372777559989,0.7420507735097193
12,3,59,0.19510816832133052,0.1548349226619571,1.3877787807814457e-17,0.4504029253425083,0.2955680026805512
12,3,59,0.10667509264222483,0.0680824335869592,2.7755575615628914e-17,0.4508072800178179,0.3827248464308587
12,3,59,0.03015549634196653,0.007770395906301797,2.7755575615628914e-17,0.511757325052399,0.5039869291460972
12,3,59,0.123112901804392,0.08411486313910052,2.7755575615628914e-17,0.2162354700345878,0.13212060689548727
12,3,59,0.23497181910738185,0.09484731965475776,1.1102230246251565e-16,0.20910659917795307,0.30395391883271083
12,3,59,0.11209514368613435,0.1334615281810163,2.0816681711721685e-17,0.6140578471506923,0.7475193753317086
12,3,59,0.29346073149932106,0.23531086791040456,2.7755575615628914e-17,0.3509889972702933,0.5862998651806979
12,3,59,0.2527784398249017,0.10210255538842483,2.7755575615628914e-17,0.5883012097386476,0.6904037651270725
12,3,59,0.1264406624955817,0.05867367478688712,2.7755575615628914e-17,0.5869053894277004,0.5282317146408133
12,3,59,0.0915634683914261,0.13692109949899878,1.3877787807814457e-16,0.46025250810296314,0.5971736076019619
12,3,59,0.31816876434323593,0.1772294403428603,2.7755575615628914e-17,0.38050538965106795,0.20327594930820764
12,3,59,0.14523277233095852,0.07411332934713444,1.3877787807814457e-17,0.607064333553428,0.5329510042062936
12,3,59,0.10555531082809706,0.05030651441660086,1.3877787807814457e-17,0.23217116555672276,0.2824776799733236
12,3,59,0.1503549075456396,0.088230799677395,2.7755575615628914e-17,0.6819852787185612,0.5937544790411662
12,3,59,0.11532514972939718,0.07759989477245588,2.7755575615628914e-17,0.6661054036044353,0.5885055088319794
12,3,59,0.09937272886720175,0.05054150880622388,2.7755575615628914e-17,0.3645295542579811,0.415071063064205
12,3,59,0.22483569719061614,0.14630451983217843,6.938893903907228e-18,0.391821816951701,0.24551729711952255
12,3,59,0.11421150341927663,0.06893853833521102,5.551115123125783e-17,0.5588807410848204,0.6278192794200315
12,3,59,0.1820180263842556,0.08114107349016528,2.7755575615628914e-17,0.2750103269835175,0.19386925349335224
12,3,59,0.05542087441512152,0.024208581217594533,6.938893903907228e-17,0.2040951785313947,0.17988659731380016
12,3,59,0.26052831023642564,0.20109672824435476,2.7755575615628914e-17,0.3471888606010908,0.5482855888454455
12,3,59,0.25519150897472287,0.08156251543672419,6.938893903907228e-17,0.1918969518729439,0.2734594673096681
12,3,59,0.09082189992661116,0.0392670861257734,2.7755575615628914e-17,0.5190288145398039,0.4797617284140305
12,3,59,0.10251601683274614,0.042459050587262404,2.7755575615628914e-17,0.1259721350588217,0.16843118564608411
12,3,59,0.1328826920686541,0.05198718819838109,1.3877787807814457e-17,0.13201103509891848,0.08002384690053739
12,3,59,0.1845735671004034,0.14165461679120828,1.1102230246251565e-16,0.4075331675438659,0.5491877843350742
12,3,59,0.20836803325595954,0.06542328629327782,1.3877787807814457e-17,0.4472021944452326,0.3817789081519548
12,3,59,0.19571124922646319,0.09617459741901463,1.3877787807814457e-17,0.2990686795430969,0.39524327696211153
12,3,59,0.05826500930858045,0.026881520577331064,5.551115123125783e-17,0.367509002805863,0.3943905233831941
12,3,59,0.2549643556050814,0.11684775265368608,2.7755575615628914e-17,0.4187459002122318,0.5355936528659179
12,3,59,0.1119869053320562,0.04172500613889629,2.7755575615628914e-17,0.5721497054734257,0.5304246993345294
12,3,59,0.19071827983370554,0.09693041254716933,2.7755575615628914e-17,0.5711347851713178,0.47420437262414844
12,3,59,0.15848977407584272,0.06253563997378395,2.7755575615628914e-17,0.1974832012578734,0.13494756128408944
12,3,59,0.07545257373714287,0.01805659008830127,2.0816681711721685e-17,0.030132311992237665,0.048188902080538935
12,3,59,0.20696053526865119,0.10792662577791065,2.0816681711721685e-17,0.2346785143941181,0.34260514017202875
12,3,59,0.04821656180250911,0.033981195380950235,4.163336342344337e-17,0.6718422700464869,0.7058234654274371
12,3,59,0.08432059229411049,0.031894731399031706,2.7755575615628914e-17,0.12210612798329937,0.09021139658426766
12,3,59,0.14703856142154656,0.0895507743486858,2.7755575615628914e-17,0.31620246934662327,0.4057532436953091
12,3,59,0.14487123321860743,0.05206162795543612,2.7755575615628914e-17,0.26590221723855184,0.21384058928311572
12,3,59,0.10746578525821185,0.04012460619090773,1.734723475976807e-17,0.12024435301617713,0.16036895920708485
12,3,59,0.2495511118870671,0.12335326021670406,3.469446951953614e-17,0.26230877860280377,0.38566203881950784
12,3,59,0.1688418718832196,0.10224816528345201,2.7755575615628914e-17,0.28440075941051796,0.18215259412706594
12,3,59,0.19589586611827461,0.22901544867728374,1.734723475976807e-18,0.391698257509276,0.6207137061865597
12,3,59,0.09738024738334564,0.05261788219197314,2.7755575615628914e-17,0.16460408949273098,0.11198620730075784
12,3,59,0.1832424896862172,0.2885416701003556,2.0816681711721685e-17,0.7985557931675492,0.5100141230671936
12,3,59,0.11435762833854131,0.028849467398737783,1.3877787807814457e-17,0.34559710872986177,0.316747641331124
12,3,59,0.161880610882217,0.09601446541420267,2.7755575615628914e-17,0.5081624139045002,0.6041768793187029
12,3,59,0.22561710886385425,0.0901406067709648,2.7755575615628914e-17,0.47125566865152513,0.5613962754224899
12,3,59,0.2472642279595592,0.06701877129865974,9.71445146547012e-17,0.6871765253689758,0.7541952966676355
12,3,59,0.13388714693006426,0.07467617132695953,2.7755575615628914e-17,0.37924681529026655,0.4539229866172261
12,3,59,0.255428526277269,0.09850208761689988,2.7755575615628914e-17,0.46305445082378627,0.3645523632068864
12,3,59,0.2606845655574712,0.07818405623513147,8.326672684688674e-17,0.17003051425303756,0.09184645801790609
12,3,59,0.1189491719120398,0.06382476289234879,1.3877787807814457e-17,0.37229403063962097,0.43611879353196975
12,3,59,0.22914627277749802,0.0672771511513871,6.938893903907228e-18,0.5487799156151896,0.48150276446380247
12,3,59,0.18007803257228738,0.02620605749959659,5.551115123125783e-17,0.27218004448439337,0.29838610198398996
12,3,59,0.19017502853786922,0.06592942175335147,2.7755575615628914e-17,0.1115189856653389,0.17744840741869036
12,3,59,0.22867513746154114,0.1670153160187128,4.163336342344337e-17,0.12501475010921223,0.29203006612792504
12,3,59,0.21275180469267205,0.10577565434050373,1.3877787807814457e-17,0.46558666225822065,0.3598110079177169
12,3,59,0.2733200721487796,0.10001589665959915,6.245004513516506e-17,0.42253339789495176,0.5225492945545509
12,3,59,0.14569395237204674,0.11533318790645702,6.245004513516506e-17,0.24336074813803846,0.12802756023158143
12,3,59,0.1343955780817108,0.06210490832066429,1.3877787807814457e-17,0.6058174874612882,0.5437125791406239
12,3,59,0.15755132295579735,0.25281575816985435,1.3877787807814457e-17,0.6075388317161206,0.3547230735462662
12,3,59,0.17046719402410657,0.1523559147411246,1.3877787807814457e-17,0.27152347179592096,0.42387938653704554
12,3,59,0.1330610369416935,0.06308702712534892,2.7755575615628914e-17,0.20810343477293258,0.2711904618982815
12,3,59,0.2589362488428773,0.16803293941791037,5.551115123125783e-17,0.31253082432339185,0.4805637637413022
12,3,59,0.22645485700370602,0.1388771203651129,2.7755575615628914e-17,0.41147757571437726,0.27260045534926436
12,3,59,0.22224571554892777,0.08222895431000976,5.551115123125783e-17,0.4112015526827368,0.49343050699274654
12,3,59,0.16131935468970907,0.05587582110037265,3.469446951953614e-17,0.21970993559549243,0.16383411449511978
12,3,59,0.31675499755892667,0.15807039145006396,2.7755575615628914e-17,0.5809339889379769,0.4228635974879129
12,3,59,0.21089192371373494,0.14372432922938833,2.0816681711721685e-17,0.37821366894187597,0.5219379981712643
12,3,59,0.414455304321131,0.4091708004868326,2.7755575615628914e-17,0.37709464578234103,0.7862654462691736
12,3,59,0.09102965026588895,0.04690113974451304,2.7755575615628914e-17,0.6128859578581273,0.5659848181136142
12,3,59,0.23304777475969396,0.09867050841963167,2.7755575615628914e-17,0.16473481465077033,0.06606430623113867
12,3,59,0.13417053721102015,0.16391185185637508,2.0816681711721685e-17,0.4929220138039648,0.3290101619475897
12,3,59,0.4650738981846674,0.12325389054238445,2.7755575615628914e-17,0.6400863791650485,0.5168324886226641
12,3,59,0.17909101062459343,0.11439716913349673,2.7755575615628914e-17,0.6316621794250459,0.5172650102915491
12,3,59,0.1546184002249578,0.0688990235180818,2.7755575615628914e-17,0.16832586516811818,0.23722488868619998
12,3,59,0.1425700881504395,0.14904969947574215,2.7755575615628914e-17,0.4573611412493256,0.30831144177358344
12,3,59,0.048201357630524674,0.06166245288181571,2.7755575615628914e-17,0.23440498626294948,0.2960674391447652
12,3,59,0.19626613489222158,0.09311779323015046,2.7755575615628914e-17,0.6094330257897499,0.7025508190199004
12,3,59,0.212843167748367,0.08378141564374963,2.7755575615628914e-17,0.5263201914751041,0.4425387758313545
12,3,59,0.3494460575490586,0.26091553488951574,5.551115123125783e-17,0.1370663255457445,0.39798186043526024
12,3,59,0.2540771632748474,0.2180192521017667,3.469446951953614e-17,0.32629734632836727,0.10827809422660058
12,3,59,0.25352401845983596,0.23235846224523238,2.7755575615628914e-17,0.821315309219019,0.5889568469737866
12,3,59,0.2302269587678646,0.1294330441352885,2.7755575615628914e-17,0.5004890377695905,0.37105599363430203
12,3,59,0.35378678339753483,0.10093917162318883,5.551115123125783e-17,0.4108953121310833,0.3099561405078945
12,3,59,0.10938792272444388,0.08345526940030679,1.3877787807814457e-17,0.47068395298549587,0.3872286835851891
12,3,59,0.3020845060130495,0.15938294890776974,1.3877787807814457e-17,0.2023723240156855,0.042989375107915756
12,3,59,0.20802138564228562,0.04997203855752369,2.7755575615628914e-17,0.38741460208107165,0.43738664063859534
12,3,59,0.02603964592464053,0.020402024098366556,2.7755575615628914e-17,0.6201738724487242,0.5997718483503577
12,3,59,0.15062151524408127,0.06724280655508927,2.0816681711721685e-17,0.290654847948803,0.2234120413937137
12,3,59,0.25010022715574576,0.12004456762924509,2.7755575615628914e-17,0.40011092440859186,0.520155492037837
12,3,59,0.19241184655458235,0.17697146485000048,1.3877787807814457e-17,0.4634404468679503,0.6404119117179508
12,3,59,0.14133971021932312,0.0433692648629036,1.3877787807814457e-17,0.15574117815872113,0.11237191329581753
12,3,59,0.16989833786191927,0.05934164454590529,2.7755575615628914e-17,0.6843901966760264,0.6250485521301211
12,3,59,0.11140794164258887,0.07504033079142736,5.551115123125783e-17,0.3532511457978834,0.27821081500645606
12,3,59,0.04644426000090512,0.024461908312157,2.7755575615628914e-17,0.4686295684674286,0.4930914767795856
12,3,59,0.16346667119838157,0.25359122261674144,1.3877787807814457e-17,0.2883512239262716,0.541942446543013
12,3,59,0.12610449497170528,0.11036048856197633,2.7755575615628914e-17,0.6422527688434815,0.5318922802815051
12,3,59,0.1939582371956833,0.09002205273761105,1.1102230246251565e-16,0.3622394119832291,0.2722173592456181
12,3,59,0.10840478034455403,0.035850298009886705,2.7755575615628914e-17,0.29670641427307165,0.26085611626318495
12,3,59,0.08175266269328976,0.058215107663315224,2.7755575615628914e-17,0.2917677262997052,0.34998283396302043
12,3,59,0.07994332848783725,0.058595539299166555,2.7755575615628914e-17,0.49959849310361804,0.4410029538044515
12,3,59,0.17006802145792024,0.0377995679219745,2.7755575615628914e-17,0.15502914647431085,0.11722957855233634
12,3,59,0.15599275872482718,0.10720650408458332,2.7755575615628914e-17,0.4611355365847574,0.3539290325001741
12,3,59,0.1676714182369715,0.10116260765551033,2.0816681711721685e-17,0.6662611548060081,0.5650985471504978
12,3,59,0.12247219526469691,0.14058497598455166,2.7755575615628914e-17,0.5193696106673804,0.6599545866519321
12,3,59,0.16682497479997746,0.12125264734444335,1.3877787807814457e-17,0.31041470271931243,0.4316673500637558
12,3,59,0.23831650152146505,0.20788786243421917,2.7755575615628914e-17,0.38345652026819166,0.1755686578339725
12,3,59,0.06994850100974634,0.04327738010114457,1.3877787807814457e-17,0.6592864577078422,0.7025638378089868
12,3,59,0.06969223418496508,0.044077651342599444,2.7755575615628914e-17,0.48204202441099353,0.526119675753593
12,3,59,0.17086542003801544,0.17800576892946762,1.3877787807814457e-17,0.4142191876643925,0.5922249565938601
12,3,59,0.10714024167590044,0.04116505200209841,6.938893903907228e-18,0.46473416811949014,0.42356911611739173
12,3,59,0.2238391943087347,0.1413040677979745,2.7755575615628914e-17,0.27689504749015253,0.41819911528812703
12,3,59,0.11205523805838337,0.02322422511940969,2.7755575615628914e-17,0.3146506239756436,0.3378748490950533
12,3,59,0.3928067055268359,0.17303978139542825,2.7755575615628914e-17,0.2398842385651927,0.41292401996062095
12,3,59,0.21750363139617812,0.04742131979571451,2.7755575615628914e-17,0.26669024425742016,0.3141115640531347
12,3,59,0.17821430949669526,0.10304582279020535,6.938893903907228e-18,0.4222598418681689,0.31921401907796354
12,3,59,0.21316258660605386,0.10677976786874083,4.163336342344337e-17,0.3159851187848846,0.42276488665362544
12,3,59,0.12427615246006708,0.0883455371862702,1.3877787807814457e-17,0.44813468663729106,0.35978914945102086
12,3,59,0.30952409052335333,0.3675060999617975,2.7755575615628914e-17,0.5931365940839772,0.2256304941221797
12,3,59,0.11195909669821655,0.12228630288948683,1.3877787807814457e-17,0.6080985238608364,0.7303848267503232
12,3,59,0.11569986563238711,0.07638812304426684,2.7755575615628914e-17,0.49058721614978623,0.4141990931055194
12,3,59,0.1351954556878731,0.10363348224917279,2.7755575615628914e-17,0.5902010199708149,0.6938345022199877
12,3,59,0.06939664451863829,0.04055333238990971,5.551115123125783e-17,0.49410280089033615,0.5346561332802459
12,3,59,0.15917779390066705,0.133456209431007,1.3877787807814457e-17,0.7066038023854471,0.5731475929544401
12,3,59,0.1266585485437918,0.03467884065937854,1.3877787807814457e-17,0.22791784362536005,0.2625966842847386
12,3,59,0.11752673089003593,0.05755549762239831,2.7755575615628914e-17,0.6684050678303706,0.7259605654527689
12,3,59,0.13170562742867553,0.07866440803052754,2.7755575615628914e-17,0.5700811673069373,0.6487455753374648
12,3,59,0.19774092426965822,0.07573225544673723,2.7755575615628914e-17,0.7353575204677608,0.6596252650210236
12,3,59,0.40692180477590995,0.08132825571407062,4.163336342344337e-17,0.22451840154889724,0.14319014583482662
12,3,59,0.2790157717719885,0.06111126970560807,2.7755575615628914e-17,0.23150086632596703,0.17038959662035896
12,3,59,0.23220888332096376,0.05643876194164499,2.7755575615628914e-17,0.4854780177701625,0.4290392558285175
12,3,59,0.11063702155220181,0.12153759577996517,2.0816681711721685e-17,0.3648987358032184,0.24336114002325324
12,3,59,0.13713162186427527,0.09665353731242354,5.551115123125783e-17,0.40799416965526314,0.5046477069676867
12,3,59,0.11113408967924943,0.07522417218846081,2.7755575615628914e-17,0.10672862735911065,0.18195279954757146
12,3,59,0.11908155505370789,0.042198769038097605,5.551115123125783e-17,0.6430323218639269,0.6008335528258293
12,3,59,0.1223889233430678,0.14005732615552968,2.7755575615628914e-17,0.6426887765395538,0.5026314503840241
12,3,59,0.2703971798026264,0.043413425376104514,2.7755575615628914e-17,0.17447703062260558,0.13106360524650107
12,3,59,0.17569451474369902,0.049180342696859974,2.7755575615628914e-17,0.257544513365386,0.208364170668526
12,3,59,0.20996533439966714,0.0736722339318624,1.3877787807814457e-17,0.462212243008135,0.3885400090762726
12,3,59,0.16768520995845548,0.11212993875122812,2.7755575615628914e-17,0.4766145576601609,0.588744496411389
12,3,59,0.27442601150565393,0.09218566873976272,3.469446951953614e-17,0.19709550548182778,0.10490983674206505
12,3,59,0.05158743479608193,0.031242104385558467,1.3877787807814457e-17,0.2983359025739188,0.32957800695947725
12,3,59,0.08295122842485378,0.04037943962696028,1.734723475976807e-17,0.3070324436525043,0.3474118832794646
12,3,59,0.2120334155601758,0.1072507976489715,2.7755575615628914e-17,0.5438065798441839,0.6510573774931554
16,1,118,0.2737139199702831,0.03918952528757068,5.551115123125783e-17,0.102174403552942,0.06298487826537132
16,1,118,0.0395786486969665,0.003456272734325718,1.3877787807814457e-17,0.026944927573156113,0.023488654838830395
16,1,118,0.1021654092131242,0.02381702210521415,0.0,0.03796553678281173,0.06178255888802588
16,1,118,0.1376166144558644,0.04258999184374451,6.938893903907228e-18,0.01131270238174278,0.05390269422548729
16,1,118,0.03607858403230941,0.004209971415277035,2.7755575615628914e-17,0.017677645294366065,0.0218876167096431
16,1,118,0.16682998702280263,0.02650700603027582,2.0816681711721685e-17,0.007402258256556774,0.033909264286832594
16,1,118,0.2236771617677087,0.09157629945551889,1.3877787807814457e-17,0.14884914037168834,0.05727284091616945
16,1,118,0.10255543410782554,0.028173392489208138,6.938893903907228e-18,0.2050070543497306,0.17683366186052246
16,1,118,0.12631199436948556,0.003813035009640423,2.7755575615628914e-17,2.1560197588296104e-06,0.0038151910293992525
16,1,118,0.15970476457418595,0.002825044218202955,0.0,0.003032276371445515,0.00585732058964847
16,1,118,0.11534231116323064,0.015325331049322554,1.3877787807814457e-17,0.04651333340400165,0.031188002354679095
16,1,118,0.09567273737449751,0.04002858008979501,1.3877787807814457e-17,0.23183103666089286,0.19180245657109785
16,1,118,0.0751662063537088,0.06072071845776611,1.3877787807814457e-17,0.26907371786441786,0.32979443632218397
16,1,118,0.1617836416848437,0.006842856231616972,2.7755575615628914e-17,0.0069713613050526564,0.00012850507343568454
16,1,118,0.16593634056622614,0.026084617331128802,5.551115123125783e-17,0.031777807648317245,0.05786242497944605
16,1,118,0.1528070443703246,0.030620592965131803,6.938893903907228e-18,0.09059047724564874,0.05996988428051694
16,1,118,0.0707591814639127,0.013671345321226942,2.7755575615628914e-17,0.027600457543559977,0.04127180286478692
16,1,118,0.09570891157408723,0.027367915848496516,1.3877787807814457e-17,0.20704911592657196,0.23441703177506848
16,1,118,0.15773788984842643,0.09299647458590748,1.3877787807814457e-17,0.42358904325268626,0.3305925686667788
16,1,118,0.15242912821131263,0.07188280377113593,6.938893903907228e-18,0.16807270014993192,0.09618989637879599
16,1,118,0.09317300164352035,0.03292511717088756,1.3877787807814457e-17,0.07822310580965224,0.1111482229805398
16,1,118,0.04514039640370936,0.022843135400111403,1.3877787807814457e-17,0.6484894971275914,0.62564636172748
16,1,118,0.12575884020890818,0.007829672908750463,1.3877787807814457e-17,0.0010815510542690403,0.008911223963019504
16,1,118,0.22113580958173656,0.025262138028809042,6.938893903907228e-18,0.03170069252153764,0.006438554492728599
16,1,118,0.10102462636908942,0.003742183054151811,2.7755575615628914e-17,0.004124771236051502,0.00038258818189969117
16,1,118,0.052112012252590746,0.021488525610210002,2.7755575615628914e-17,0.16593715085153993,0.18742567646174993
16,1,118,0.17425818792610237,0.04665381212907463,0.0,0.11613609521391613,0.16278990734299076
16,1,118,0.10243447414048151,0.010472082954814946,2.7755575615628914e-17,0.020937745147112632,0.03140982810192758
16,1,118,0.04783309540445827,0.004744163372696449,2.7755575615628914e-17,0.026311346164720965,0.021567182792024516
16,1,118,0.17259215855702187,0.02081002647057461,2.0816681711721685e-17,0.013339985282637912,0.03415001175321252
16,1,118,0.1452460487275749,0.06603617625292824,1.3877787807814457e-17,0.18812257620725514,0.2541587524601834
16,1,118,0.23951245143790026,0.07933768157560561,6.938893903907228e-18,0.07995012470923535,0.15928780628484096
16,1,118,0.21048912593118224,0.06803731943076921,1.3877787807814457e-17,0.22107322670733745,0.28911054613810666
16,1,118,0.08234188689268901,0.04971229157668991,4.163336342344337e-17,0.20127532447579208,0.15156303289910217
16,1,118,0.3078567620539777,0.16544423456036866,4.163336342344337e-17,0.2638247174051145,0.42926895196548315
16,1,118,0.05537144159690236,0.002402757172676678,1.3877787807814457e-17,0.0032829525343627828,0.0008801953616861052
16,1,118,0.1236267779368975,0.028542765033440318,1.3877787807814457e-17,0.09930456005353487,0.1278473250869752
16,1,118,0.20048635780586493,0.07666023197606661,2.7755575615628914e-17,0.19591924047946632,0.11925900850339971
16,1,118,0.16473641104964146,0.014572947998208888,1.3877787807814457e-17,0.0054168496195135165,0.019989797617722405
16,1,118,0.06449279900704752,0.016202440072294072,1.3877787807814457e-17,0.17860749363948433,0.1948099337117784
16,1,118,0.07241157555950341,0.03572813192888519,0.0,0.4032059925989523,0.3674778606700671
16,1,118,0.03738087439118003,0.0012291465068499207,6.938893903907228e-18,0.00025035300400350524,0.001479499510853426
16,1,118,0.03744324185288034,0.005809045974553676,1.0408340855860843e-17,0.033099057675594463,0.027290011701040787
16,1,118,0.16472039461352941,0.0002747095911743345,0.0,0.0003479716354534142,0.0006226812266277487
16,1,118,0.13202631861219427,0.020374768526560533,2.7755575615628914e-17,0.08565539153872218,0.10603016006528271
16,1,118,0.1151317407210995,0.0545682990584849,0.0,0.1426921317117417,0.1972604307702266
16,1,118,0.10660230404666797,0.04647416829687004,6.938893903907228e-18,0.14975540406635585,0.19622957236322588
16,1,118,0.1890332859840483,0.025492127035290843,2.7755575615628914e-17,0.07610596510615114,0.0506138380708603
16,1,118,0.18203056446853805,0.04382669162697297,6.938893903907228e-18,0.08302093835209992,0.039194246725126954
16,1,118,0.04036634071319911,0.009859661151864148,1.3877787807814457e-17,0.022891000362238723,0.03275066151410287
16,1,118,0.1377876126696884,0.009603435236246599,1.3877787807814457e-17,0.14619402571838022,0.13659059048213362
16,1,118,0.1402493179644832,0.02531740774802867,6.938893903907228e-18,0.02075722663847474,0.04607463438650341
16,1,118,0.047788613116009133,0.01369500039410608,4.163336342344337e-17,0.03318628592301325,0.019491285528907172
16,1,118,0.0976055922080806,0.03384093649192943,6.938893903907228e-18,0.1834165447972273,0.21725748128915673
16,1,118,0.174364553820548,0.030756923297168594,1.3877787807814457e-17,0.026777477221074028,0.05753440051824262
16,1,118,0.13121164337867747,0.02983185186338351,0.0,0.09242308875053776,0.06259123688715425
16,1,118,0.18018319537965433,0.010022620722205191,6.938893903907228e-18,0.000989872480897454,0.011012493203102644
16,1,118,0.06255228833446738,0.01842332543683428,0.0,0.37486995642745846,0.3564466309906242
16,1,118,0.080335624650406,0.008451267107344977,1.3877787807814457e-17,0.016308151654313756,0.007856884546968779
16,1,118,0.09432262933437466,0.01700122307973434,6.938893903907228e-18,0.19409746007529036,0.2110986831550247
16,1,118,0.18607350507393874,0.028295801955757253,1.3877787807814457e-17,0.06297146110423206,0.034675659148474806
16,1,118,0.14200124261527078,0.004785585733582097,0.0,6.01060650973407e-05,0.004845691798679438
16,1,118,0.08012113120975814,0.001775429679196784,1.3877787807814457e-17,8.216818960408226e-05,0.0018575978688008662
16,1,118,0.08654351688299516,0.0007200994118991577,1.734723475976807e-18,0.0013135388664677413,0.0005934394545685836
16,1,118,0.1733241498985622,0.015837113842008973,2.7755575615628914e-17,0.02178046962254755,0.0059433557805385765
16,1,118,0.0656050249651165,0.038682743261266306,6.938893903907228e-18,0.10687478577950499,0.1455575290407713
16,1,118,0.06743885024481287,0.01346060721468897,6.938893903907228e-18,0.006175221805302817,0.019635829019991786
16,1,118,0.043117677791136226,0.005924043016233067,6.938893903907228e-18,0.017784925380242365,0.011860882364009298
16,1,118,0.15603259398384972,0.0328770494079436,1.3877787807814457e-17,0.1421138193631402,0.10923676995519659
16,1,118,0.12542376011429762,0.0062156940143516535,2.7755575615628914e-17,0.0022942291132894066,0.00850992312764106
16,1,118,0.1994299649711216,0.06890813901545134,2.7755575615628914e-17,0.34900664072944365,0.2800985017139923
16,1,118,0.12126354621371575,0.05935013209287476,0.0,0.29544853928041986,0.3547986713732946
16,1,118,0.17921484313831273,0.08479534502024275,6.938893903907228e-18,0.1024505640933121,0.18724590911355485
16,1,118,0.15170458564867073,0.0017892611487480344,3.469446951953614e-17,0.00101308567592972,0.0028023468246777543
16,1,118,0.1036845568149238,0.021333423334337034,0.0,0.06239845706805863,0.08373188040239567
16,1,118,0.08974991602879656,0.030458426160462126,1.3877787807814457e-17,0.08759188835595283,0.0571334621954907
16,1,118,0.11773537272985422,0.015550771882575504,6.938893903907228e-18,0.038895014254172765,0.02334424237159726
16,1,118,0.15792120699373627,0.0036544693957270414,1.3877787807814457e-17,0.0036545541454862775,8.474975923592164e-08
16,1,118,0.10034805814815065,0.0055980248505164126,1.3877787807814457e-17,0.008461341946715013,0.0028633170961985996
16,1,118,0.18048129680802144,0.07501075127426202,6.938893903907228e-18,0.1869962020727724,0.11198545079851038
16,1,118,0.06372759971325281,0.036303876154745174,0.0,0.42255228865425243,0.4588561648089976
16,1,118,0.03685145776077913,0.01221968430359173,1.3877787807814457e-17,0.06491214924099284,0.07713183354458457
16,1,118,0.29874393748410366,0.17923830634322876,6.938893903907228e-18,0.42091842318135925,0.24168011683813048
16,1,118,0.054416023744978156,0.004242794328229794,1.3877787807814457e-17,0.00765875211588457,0.011901546444114364
16,1,118,0.12368540746735167,0.0088321912003149,1.3877787807814457e-17,0.013940414927052992,0.005108223726738091
16,1,118,0.09917852523214077,0.02115226756531985,0.0,0.052009499000850445,0.0731617665661703
16,1,118,0.1885279653821801,0.01906278430487931,0.0,0.014907481783520094,0.033970266088399405
16,1,118,0.1603460822170236,0.011372290669147966,1.3877787807814457e-17,0.012159988145419902,0.0007876974762719362
16,1,118,0.1098055054861377,0.02418997442718234,1.3877787807814457e-17,0.06016698389354641,0.03597700946636407
16,1,118,0.16673213448303928,0.07257367100514356,1.3877787807814457e-17,0.14260031490787817,0.07002664390273461
16,1,118,0.1778093392321051,0.010397210989423575,2.7755575615628914e-17,0.015410369491696286,0.005013158502272712
16,1,118,0.20016212455915214,0.03103916590969114,6.938893903907228e-18,0.02189988287636502,0.05293904878605616
16,1,118,0.1763464699194261,0.05786794793836815,2.7755575615628914e-17,0.10084155277293559,0.15870950071130374
16,1,118,0.20142181494924025,0.05663884391069195,0.0,0.057735459208050205,0.11437430311874215
16,1,118,0.07787492366432582,0.028638899443601706,6.938893903907228e-18,0.19574373131541647,0.22438263075901818
16,1,118,0.08136867889910397,0.0213654205609545,2.7755575615628914e-17,0.09739134390218619,0.07602592334123169
16,1,118,0.13592132046587624,0.1063361667353186,1.3877787807814457e-17,0.2984032970287616,0.19206713029344302
16,1,118,0.08444750314645884,0.027084779924987368,1.3877787807814457e-17,0.30034707855965437,0.273262298634667
16,1,118,0.17736509997341732,0.0011916782793067963,1.3877787807814457e-17,0.001971681629294487,0.0031633599086012833
16,1,118,0.11996430809142467,0.0390102756694215,2.7755575615628914e-17,0.20621215475936147,0.16720187908993997
16,1,118,0.05066588927975698,0.019603618759279184,6.938893903907228e-18,0.10287509047358356,0.12247870923286275
16,1,118,0.1135495962041012,0.04782127404500193,0.0,0.02225304604735799,0.07007432009235992
16,1,118,0.06950509786549851,0.02812221964768813,0.0,0.23441747872342172,0.26253969837110985
16,1,118,0.05607058217779054,0.026705632934021784,2.7755575615628914e-17,0.1305995453900349,0.1573051783240567
16,1,118,0.07481072368011224,0.019973312476964357,6.938893903907228e-18,0.05640766547384566,0.07638097795081002
16,1,118,0.08474156132764754,0.006547777098683712,0.0,0.0013932956678711342,0.007941072766554846
16,1,118,0.18118988756800472,0.01851842598935425,1.0408340855860843e-17,0.021725796538175822,0.003207370548821574
16,1,118,0.13892807211996253,0.11567568792520694,6.938893903907228e-18,0.19962433307824068,0.3153000210034476
16,1,118,0.07574178209532256,0.002443345005743491,0.0,0.0026014356079709306,0.00015809060222743952
16,1,118,0.12440908200758924,0.06385365889983224,2.7755575615628914e-17,0.17840385792239274,0.242257516822225
16,1,118,0.1942857721441229,0.07962350659612721,1.3877787807814457e-17,0.10307586922206252,0.18269937581818974
16,1,118,0.14244279999180318,0.03504576297239431,2.7755575615628914e-17,0.16849786084042218,0.13345209786802786
16,1,118,0.1231787624162208,0.08494134349344179,1.3877787807814457e-17,0.3933519462232481,0.4782932897166899
16,1,118,0.13039793196296612,0.052416943776024974,0.0,0.0881095100317247,0.14052645380774967
16,1,118,0.10409958998097321,0.03620164566905171,2.7755575615628914e-17,0.22143981660543138,0.18523817093637968
16,1,118,0.167647085892724,0.039046912286300736,2.7755575615628914e-17,0.09366249944859213,0.13270941173489287
16,1,118,0.13239850171334613,0.08516171339187692,0.0,0.180173754253273,0.2653354676451499
16,1,118,0.2431739104362125,0.0859205085310489,1.3877787807814457e-17,0.06338196269851043,0.14930247122955934
16,1,118,0.13095672135258507,0.05077276677790593,1.3877787807814457e-17,0.27471746099320055,0.3254902277711065
16,1,118,0.3102262409084079,0.03322929542945521,0.0,0.03507306857097807,0.06830236400043328
16,1,118,0.21413020997974117,0.0017603070776298392,4.163336342344337e-17,0.0004479067748278887,0.0022082138524577278
16,1,118,0.12323801547788696,0.06346551123030864,1.3877787807814457e-17,0.17773413336227428,0.24119964459258292
16,1,118,0.1640632544819837,0.062388512594633294,2.7755575615628914e-17,0.2731637252646649,0.3355522378592982
16,1,118,0.09882699000985828,0.034169978834866666,2.7755575615628914e-17,0.20125712118046438,0.1670871423455977
16,1,118,0.2394503333573743,0.019815523588723027,1.3877787807814457e-17,0.027410369164339428,0.0075948455756164
16,1,118,0.1639992297600241,0.04014921929603632,1.3877787807814457e-17,0.07992290331009758,0.1200721226061339
16,1,118,0.1320384658317859,0.05565412950943609,1.3877787807814457e-17,0.14181236280077295,0.08615823329133686
16,1,118,0.21982877682830101,0.041091516593788506,1.3877787807814457e-17,0.01141582478123046,0.052507341375018966
16,1,118,0.13990911687942534,0.03414907999760369,1.3877787807814457e-17,0.20219409362672186,0.23634317362432555
16,1,118,0.19004723564592627,0.0565939834358406,2.0816681711721685e-17,0.31181404869532037,0.25522006525947977
16,1,118,0.07090508466202496,0.016542462709555682,6.938893903907228e-18,0.0072714176742806795,0.02381388038383636
16,1,118,0.05153722869575397,0.053392713634717814,6.938893903907228e-18,0.2666460250818572,0.320038738716575
16,1,118,0.20204483522968378,0.021299639587191603,1.3877787807814457e-17,0.004304626033008848,0.02560426562020045
16,1,118,0.1441221555633189,0.02301284465164071,1.3877787807814457e-17,0.018377923317013635,0.041390767968654346
16,1,118,0.04568998078237972,0.02247824777192589,2.7755575615628914e-17,0.22039228606830008,0.24287053384022597
16,1,118,0.20285410017373737,0.07980854756380773,0.0,0.14603982687221656,0.2258483744360243
16,1,118,0.10114556339206783,0.024657524982850856,2.0816681711721685e-17,0.08784520215928894,0.1125027271421398
16,1,118,0.19841889306436278,0.027396068008570293,1.3877787807814457e-17,0.05409742496405563,0.02670135695548534
16,1,118,0.2262573862297993,0.05538597222716013,0.0,0.09283208626284259,0.14821805849000272
16,1,118,0.12245586607224802,0.02624230126760442,0.0,0.12394430882533479,0.1501866100929392
16,1,118,0.0869506234964808,0.014563122184113347,6.938893903907228e-18,0.1157306297257631,0.10116750754164976
16,1,118,0.04938702211165552,0.00016519641402776676,0.0,0.00022432704393228825,5.9130629904521485e-05
16,1,118,0.11524369066091812,0.004514729576506147,2.7755575615628914e-17,0.005704702562442226,0.0011899729859360798
16,1,118,0.11362598497015186,0.0009573719785535336,6.938893903907228e-18,0.0010462306295281518,8.885865097461823e-05
16,1,118,0.15389132196188132,0.05931456148037287,1.3877787807814457e-17,0.21326501764988345,0.2725795791302563
16,1,118,0.16828152927934664,0.043410467630555644,0.0,0.2071714891438292,0.16376102151327357
16,1,118,0.19830039273500197,0.023813719881624958,2.7755575615628914e-17,0.036447754399781124,0.012634034518156168
16,1,118,0.058005356379820565,0.0038733799428561037,2.7755575615628914e-17,0.01911813843776424,0.015244758494908138
16,1,118,0.13958581775835857,0.05358278945432052,1.3877787807814457e-17,0.1387667055707823,0.19234949502510282
16,1,118,0.1486106724870348,0.006701226590863385,1.3877787807814457e-17,0.00672082361010211,1.9597019238724965e-05
16,1,118,0.12780578465634046,0.012542839491519658,0.0,0.03031111560166816,0.0177682761101485
16,1,118,0.10201031585111107,0.02221024720452637,0.0,0.044315252248862486,0.06652549945338886
16,1,118,0.0889397643331681,0.010889928927678559,0.0,0.009094975313128126,0.019984904240806685
16,1,118,0.27269257787401,0.11570146189398053,6.938893903907228e-18,0.10093037913845809,0.21663184103243863
16,1,118,0.169415218343946,0.0018193500171000915,0.0,1.7439843398865355e-05,0.001836789860498957
16,1,118,0.11499646822717992,0.007205966388199238,6.938893903907228e-18,0.016054406436863868,0.00884844004866463
16,1,118,0.249814299489031,0.04153834886330539,6.938893903907228e-18,0.07978504611923286,0.03824669725592747
16,1,118,0.11463936732579058,0.00821382967219699,2.7755575615628914e-17,0.0023924790981836156,0.010606308770380605
16,1,118,0.06888488251637602,0.015277562148743068,2.7755575615628914e-17,0.15209040708359434,0.13681284493485127
16,1,118,0.09882031733300978,0.020873737587611754,1.3877787807814457e-17,0.04041030552259047,0.061284043110202226
16,1,118,0.23963821416546477,0.039552098039241784,2.7755575615628914e-17,0.004601710815771639,0.044153808855013424
16,1,118,0.11940555327245939,0.047373619843994755,0.0,0.10070957077981822,0.14808319062381298
16,1,118,0.10459199282470755,0.03895258284363276,1.3877787807814457e-17,0.20759454785792034,0.2465471307015531
16,1,118,0.1005963399820033,0.04056679295264104,1.3877787807814457e-17,0.3444387298296899,0.3038719368770489
16,1,118,0.1355999714913511,0.020256498074542238,2.7755575615628914e-17,0.03519086475052401,0.014934366675981773
16,1,118,0.12976600103821453,0.015981478324049864,0.0,0.0047038781268141545,0.020685356450864018
16,1,118,0.1065161841703928,0.051233342974370655,2.7755575615628914e-17,0.34226893865915153,0.2910355956847809
16,1,118,0.09854378040107999,0.006276821266359435,6.938893903907228e-18,0.006452454984041626,0.01272927625040106
16,1,118,0.1287596841322267,0.013434232743343582,6.938893903907228e-18,0.012130569344676195,0.025564802088019777
16,1,118,0.13903257958954654,0.027413822705916635,0.0,0.1589227154022609,0.18633653810817755
16,1,118,0.08465139417261781,0.035442894487758836,0.0,0.3340885503535588,0.29864565586579994
16,1,118,0.16391864241153395,0.08139343573461072,1.3877787807814457e-17,0.3698237550555581,0.28843031932094737
16,1,118,0.09524404506481879,0.012034374731946657,1.3877787807814457e-17,0.15905025820472007,0.17108463293666673
16,1,118,0.12796441414094373,0.0030011086343867946,1.3877787807814457e-17,0.0003807012439842169,0.0033818098783710113
16,1,118,0.18104595302388132,0.016248317961116174,0.0,0.020901864772652205,0.004653546811536031
16,1,118,0.11788414675649317,0.02721984861450718,1.3877787807814457e-17,0.029975838305484975,0.057195686919992154
16,1,118,0.17301454553156337,0.019566917403306905,1.734723475976807e-17,0.03168605384479101,0.012119136441484104
16,1,118,0.07251034259061824,0.04147229630297877,2.7755575615628914e-17,0.24923676807179912,0.20776447176882035
16,1,118,0.12646246970517397,0.032836313317821456,2.0816681711721685e-17,0.14812482650184655,0.1152885131840251
16,1,118,0.024016361229047094,0.00017098102005924027,6.938893903907228e-18,0.00017347950807680758,2.4984880175673083e-06
16,1,118,0.1018120548572076,0.05485920771013117,0.0,0.23043949892050977,0.1755802912103786
16,1,118,0.2837327114874153,0.06980998954230552,1.3877787807814457e-17,0.019697379223373397,0.08950736876567893
16,1,118,0.1407551814712676,0.03268896808398511,0.0,0.051670906982029606,0.0189819388980445
16,1,118,0.11427186409689188,0.013413525496297202,0.0,0.014670359570038405,0.028083885066335607
16,1,118,0.16006695548673175,0.0481595203818746,6.938893903907228e-18,0.2412715428962449,0.1931120225143703
16,1,118,0.13987481838218152,0.04067673047457975,6.938893903907228e-18,0.01785817587275626,0.05853490634733601
16,1,118,0.11195640088320229,0.028118376787393012,1.3877787807814457e-17,0.15762021638739057,0.12950183959999756
16,1,118,0.14784095920067375,0.003948157998508201,1.3877787807814457e-17,2.92568510754836e-05,0.003977414849583685
16,1,118,0.12309454766839974,0.04017125506044311,1.3877787807814457e-17,0.057527740766690864,0.01735648570624775
16,1,118,0.1373479307511873,0.03910971404196907,2.7755575615628914e-17,0.08567181701660594,0.046562102974636865
16,1,118,0.15298730641293787,0.00702773873191456,6.938893903907228e-18,0.0009755285556461388,0.008003267287560699
16,1,118,0.16942679629515026,0.051532744239572444,1.3877787807814457e-17,0.04480511127655117,0.09633785551612362
16,1,118,0.12727560433087912,0.013636801299871302,2.7755575615628914e-17,0.028547766821200003,0.042184568121071304
16,1,118,0.11928281241221786,0.07165955882524291,1.3877787807814457e-17,0.17855120998472992,0.25021076880997284
16,1,118,0.07498130128312266,0.00986618812094714,1.3877787807814457e-17,0.04753418616450921,0.03766799804356207
16,1,118,0.12938411828166688,0.04661717673279092,6.938893903907228e-18,0.11790153617848803,0.07128435944569711
16,1,118,0.11243827867912376,0.006892705223125576,6.938893903907228e-18,0.012074855410958058,0.005182150187832482
16,1,118,0.08922466465403461,0.009471937321636328,1.3877787807814457e-17,0.04420119724350015,0.03472925992186382
16,1,118,0.05248725199600529,0.014538959420553277,1.3877787807814457e-17,0.16805890447894972,0.182597863899503
16,1,118,0.060520388239442516,0.015930784548041144,1.3877787807814457e-17,0.12931005705325674,0.14524084160129788
16,2,116,0.12067920216792473,0.032034288858245275,2.7755575615628914e-17,0.2744981536657941,0.3065324425240394
16,2,116,0.1681323152650974,0.0709349565723372,2.7755575615628914e-17,0.21540531688593026,0.28634027345826746
16,2,116,0.11088026869086352,0.03292058005513959,2.0816681711721685e-17,0.126625820279064,0.1595464003342036
16,2,116,0.20717720147068922,0.01650571838460016,2.7755575615628914e-17,0.02536607378007056,0.04187179216467072
16,2,116,0.05962921892805788,0.012331352965999024,6.938893903907228e-18,0.026291834938995253,0.03862318790499428
16,2,116,0.13993361421334985,0.03174198058231373,0.0,0.19337467700427302,0.22511665758658675
16,2,116,0.09502851677859374,0.02784362556108491,1.3877787807814457e-17,0.1016763913596744,0.12952001692075932
16,2,116,0.12119263801393487,0.03060186693751682,1.3877787807814457e-17,0.1812113045285104,0.2118131714660272
16,2,116,0.12322294347285505,0.048714840993607234,2.0816681711721685e-17,0.29538755125930166,0.24667271026569443
16,2,116,0.2061577823835774,0.02077228770033713,2.0816681711721685e-17,0.06110983342466372,0.040337545724326594
16,2,116,0.13528918318747213,0.03575554967272445,6.938893903907228e-18,0.03358406755629074,0.06933961722901519
16,2,116,0.05303523339546084,0.032313680607202494,1.3877787807814457e-17,0.21657907123767595,0.24889275184487844
16,2,116,0.1286937341684586,0.034865174958974565,1.3877787807814457e-17,0.29878942804377034,0.2639242530847958
16,2,116,0.0500507352006888,0.018862889606114652,0.0,0.24482944352325192,0.2636923331293666
16,2,116,0.10398659644777998,0.05919596780388864,1.3877787807814457e-17,0.20448171639373475,0.2636776841976234
16,2,116,0.1478327784369573,0.019542863612752204,1.3877787807814457e-17,0.04132510664656825,0.060867970259320454
16,2,116,0.04875498981266188,0.010492841012926774,2.7755575615628914e-17,0.20075325301491712,0.2112460940278439
16,2,116,0.10255606568832644,0.025733493444220296,6.938893903907228e-18,0.06355532025811568,0.08928881370233598
16,2,116,0.12126190460393609,0.0414538590393535,6.938893903907228e-18,0.28069880664640096,0.23924494760704745
16,2,116,0.19527690161308717,0.039389875943948216,1.3877787807814457e-17,0.11011413800137138,0.07072426205742316
16,2,116,0.06579930582976981,0.012755163095183417,2.7755575615628914e-17,0.04021279797695842,0.027457634881775002
16,2,116,0.10584503130077964,0.023093232642820705,1.3877787807814457e-17,0.0038636982225690878,0.02695693086538979
16,2,116,0.122615072736526,0.03509108143346998,2.7755575615628914e-17,0.18466502972303206,0.14957394828956208
16,2,116,0.01236932166475269,0.009922726497239798,6.938893903907228e-18,0.2892526488440052,0.299175375341245
16,2,116,0.06346514369517242,0.021860488233235387,2.7755575615628914e-17,0.19232021373579575,0.21418070196903113
16,2,116,0.03672611241187683,0.013800792586908847,1.3877787807814457e-17,0.08883216655068414,0.10263295913759299
16,2,116,0.14344940968626244,0.08553412194544852,6.938893903907228e-18,0.2504016495578782,0.3359357715033267
16,2,116,0.04755999344197972,0.010590635461272604,6.938893903907228e-18,0.10348125043539479,0.11407188589666739
16,2,116,0.1947362103756129,0.0463935331399879,2.7755575615628914e-17,0.17486564777932567,0.12847211463933778
16,2,116,0.3224668473868813,0.054600632168155916,1.3877787807814457e-17,0.4046215338074472,0.3500209016392913
16,2,116,0.3043648897716237,0.1705705085929841,1.3877787807814457e-17,0.3508256603721816,0.18025515177919751
16,2,116,0.08692661935351849,0.05446277486660542,1.3877787807814457e-17,0.13934828007066768,0.1938110549372731
16,2,116,0.02454107596960332,0.011893938621664268,2.7755575615628914e-17,0.2957191875662919,0.30761312618795617
16,2,116,0.15997663143172186,0.11640332705368839,1.3877787807814457e-17,0.4399039593150702,0.5563072863687586
16,2,116,0.10643171465826132,0.04958835792531821,1.3877787807814457e-17,0.13169159164852792,0.18127994957384613
16,2,116,0.11699726441725011,0.0377963213405368,1.3877787807814457e-17,0.07197221178343251,0.10976853312396931
16,2,116,0.08301613387375924,0.024577287774220802,1.3877787807814457e-17,0.21425541122816857,0.23883269900238938
16,2,116,0.09372485107781411,0.010200569868268058,1.3877787807814457e-17,0.013216137375921363,0.02341670724418942
16,2,116,0.14802097167423875,0.05686496383330597,2.7755575615628914e-17,0.5014399359530922,0.5583048997863982
16,2,116,0.08869269449617664,0.04096162754337934,1.3877787807814457e-17,0.4549595040435435,0.49592113158692286
16,2,116,0.12354519176978422,0.03972214843767963,6.938893903907228e-18,0.18286991372335035,0.14314776528567072
16,2,116,0.17252955441158038,0.08055384284378952,2.7755575615628914e-17,0.125749805408684,0.04519596256489447
16,2,116,0.16351721241132872,0.042720463756398416,1.3877787807814457e-17,0.1655220219012027,0.12280155814480427
16,2,116,0.06127983380423157,0.034571275207930866,1.3877787807814457e-17,0.11064870827470617,0.14521998348263704
16,2,116,0.27721253619388964,0.13276034471730414,6.938893903907228e-18,0.1252417326200912,0.25800207733739533
16,2,116,0.2378390601358251,0.10954403990799716,1.3877787807814457e-17,0.505662761847341,0.3961187219393439
16,2,116,0.10323785430362083,0.08228392442285248,0.0,0.6344874454738315,0.552203521050979
16,2,116,0.11277366085435916,0.0695731101734764,2.7755575615628914e-17,0.3502240274447893,0.4197971376182657
16,2,116,0.02158882971019971,0.0065136824280048675,0.0,0.045825891615757376,0.03931220918775251
16,2,116,0.11467294072369202,0.037293647307202527,2.7755575615628914e-17,0.5099678341433245,0.547261481450527
16,2,116,0.1277120468195648,0.06774648746640238,1.3877787807814457e-17,0.2804141910762018,0.3481606785426042
16,2,116,0.09463228098410145,0.03985314549391192,0.0,0.1585901067224905,0.1984432522164024
16,2,116,0.05500921155801057,0.01844691029396122,2.0816681711721685e-17,0.07720102806865874,0.058754117774697516
16,2,116,0.10905376823826353,0.00914313270976369,1.3877787807814457e-17,0.033523051221033225,0.042666183930796915
16,2,116,0.15687029066043412,0.10032965866980459,0.0,0.5022113891841101,0.40188173051430554
16,2,116,0.12581852734615634,0.023610781174272615,6.938893903907228e-18,0.04944328578435237,0.025832504610079757
16,2,116,0.17975288432414463,0.05062169402760002,3.469446951953614e-17,0.09371099639540902,0.043089302367808995
16,2,116,0.0707700100997956,0.016948746781988988,1.3877787807814457e-17,0.13290647139858736,0.14985521818057634
16,2,116,0.14942881474984063,0.07606064992066225,0.0,0.3576526797313637,0.28159202981070147
16,2,116,0.056028871138785616,0.03343224102217357,6.938893903907228e-18,0.191420926108446,0.22485316713061956
16,2,116,0.03087324698727686,0.010581504379251816,0.0,0.30598548351559657,0.3165669878948484
16,2,116,0.12890764802786114,0.03947314985307858,1.3877787807814457e-17,0.06517762057639462,0.025704470723316036
16,2,116,0.13541025348777982,0.04593786695065716,2.7755575615628914e-17,0.1591972228345743,0.11325935588391714
16,2,116,0.049567122948105946,0.01648342394542432,2.7755575615628914e-17,0.14713771528341887,0.1636211392288432
16,2,116,0.10864373390649916,0.034209494201969726,1.3877787807814457e-17,0.35987285524989243,0.3256633610479227
16,2,116,0.13149482168316215,0.050010670588146636,1.3877787807814457e-17,0.1565201826536122,0.10650951206546556
16,2,116,0.038276167562809126,0.017144362609678054,1.3877787807814457e-17,0.30328780307473535,0.2861434404650573
16,2,116,0.15541767525186423,0.03774402372377078,2.42861286636753e-17,0.4628347452296774,0.4250907215059066
16,2,116,0.06525977625775076,0.028733347838786158,2.7755575615628914e-17,0.12584944533359863,0.09711609749481247
16,2,116,0.14130772326764324,0.018123369209159836,2.0816681711721685e-17,0.030351614413090762,0.012228245203930928
16,2,116,0.05896028968227386,0.023615969828677863,0.0,0.30938591077528527,0.2857699409466074
16,2,116,0.08016599141046028,0.024872435271322046,1.3877787807814457e-17,0.17339089968146149,0.19826333495278353
16,2,116,0.09473764860968222,0.056095902530566066,6.938893903907228e-18,0.30355740955662297,0.35965331208718904
16,2,116,0.142719531244897,0.015737614701202846,6.938893903907228e-18,0.010189811223863764,0.02592742592506661
16,2,116,0.07260072191470401,0.023184572269568215,2.0816681711721685e-17,0.05368860071278278,0.030504028443214565
16,2,116,0.06786722698897286,0.03894872740950436,2.7755575615628914e-17,0.15918037823252593,0.1981291056420303
16,2,116,0.19065311189117923,0.06899627670414807,3.122502256758253e-17,0.13137716323995266,0.0623808865358046
16,2,116,0.14426212407234495,0.17673947288260516,2.0816681711721685e-17,0.5628796736622897,0.3861402007796846
16,2,116,0.2909105392552766,0.03952520004801281,2.7755575615628914e-17,0.11867985051766823,0.07915465046965542
16,2,116,0.12562599611318925,0.05181725488270199,1.3877787807814457e-17,0.14674000745512306,0.09492275257242107
16,2,116,0.12898225375168607,0.038817201780327826,2.7755575615628914e-17,0.2311569504899428,0.19233974870961498
16,2,116,0.06564091622547555,0.018796361055052446,2.0816681711721685e-17,0.24232091939957004,0.2235245583445176
16,2,116,0.06468428845135885,0.021624246299186828,1.3877787807814457e-17,0.15096971969212203,0.1293454733929352
16,2,116,0.054093807517461935,0.028742771839893627,6.938893903907228e-18,0.1659846606799933,0.13724188884009966
16,2,116,0.20134042072362426,0.04283385569078052,1.3877787807814457e-17,0.16857219576292976,0.12573834007214924
16,2,116,0.14463243353974348,0.048875280528248355,6.938893903907228e-18,0.2173912967483146,0.16851601622006623
16,2,116,0.14003932906102037,0.08568326972474563,3.469446951953614e-18,0.1968741720361629,0.2825574417609085
16,2,116,0.13723443758864692,0.08901805240565502,1.3877787807814457e-17,0.2819141882388262,0.19289613583317117
16,2,116,0.07448959141705139,0.039574581667834965,1.3877787807814457e-17,0.09810578073208283,0.1376803623999178
16,2,116,0.06300613259444122,0.02722108018204311,1.3877787807814457e-17,0.16442197335567288,0.13720089317362977
16,2,116,0.11549502067952779,0.06274197539949583,4.163336342344337e-17,0.3589614708491352,0.42170344624863104
16,2,116,0.20234757065222392,0.07500219182527157,2.7755575615628914e-17,0.3910966759295021,0.3160944841042305
16,2,116,0.09534208803232337,0.0550872183728347,2.7755575615628914e-17,0.48657718244186576,0.5416644008147005
16,2,116,0.1489622038796222,0.03156994852597307,6.938893903907228e-18,0.13974309457823383,0.10817314605226076
16,2,116,0.19587149485140332,0.04765225708148804,1.3877787807814457e-17,0.148343744900353,0.19599600198184103
16,2,116,0.1002727331313759,0.033917372874174526,4.163336342344337e-17,0.10827171596805321,0.07435434309387869
16,2,116,0.09848535104128403,0.027817328523872926,2.42861286636753e-17,0.06047829955460327,0.0882956280784762
16,2,116,0.1768222303309333,0.10062969916607878,2.0816681711721685e-17,0.6629489513450633,0.5623192521789845
16,2,116,0.06308975401098288,0.009380076166401071,0.0,0.039553405686037615,0.030173329519636544
16,2,116,0.14894193626719934,0.03392827307478552,1.3877787807814457e-17,0.2841628582413163,0.2502345851665308
16,2,116,0.025492337268098714,0.00914822796590356,0.0,0.20697355092743758,0.19782532296153402
16,2,116,0.09372140564646743,0.026534960553470308,2.0816681711721685e-17,0.10545817548036455,0.13199313603383486
16,2,116,0.11403497154676882,0.029968071745632763,6.938893903907228e-18,0.17330376557300844,0.14333569382737568
16,2,116,0.12498086643829862,0.14011331281871187,1.3877787807814457e-17,0.2937386301578699,0.43385194297658175
16,2,116,0.16644628433597317,0.15278700284841254,1.3877787807814457e-17,0.16604762164688017,0.3188346244952927
16,2,116,0.15715102028827213,0.05703615488814741,6.938893903907228e-18,0.07642462989452929,0.1334607847826767
16,2,116,0.1788673657762328,0.04630827874821805,2.0816681711721685e-17,0.26062024278623774,0.2143119640380197
16,2,116,0.09512449398936433,0.029914521753298118,6.938893903907228e-18,0.39529769970302997,0.4252122214563281
16,2,116,0.11689502499986448,0.02415378104060794,6.938893903907228e-18,0.057635144394997784,0.033481363354389844
16,2,116,0.1223409593749949,0.022264078197953126,1.3877787807814457e-17,0.07197273610129876,0.04970865790334563
16,2,116,0.16337964347354914,0.05279848785951813,6.938893903907228e-18,0.155709793337164,0.20850828119668213
16,2,116,0.07293546154096303,0.030698100654303298,1.3877787807814457e-17,0.08178244168248583,0.11248054233678913
16,2,116,0.11228735270281992,0.0482629882095984,2.7755575615628914e-17,0.3841486166176195,0.4324116048272179
16,2,116,0.18196153619765193,0.09173541715878686,1.3877787807814457e-17,0.6030118714546134,0.6947472886134003
16,2,116,0.1651308541084813,0.08969050221749134,2.7755575615628914e-17,0.15318411607581903,0.24287461829331036
16,2,116,0.13756898840656376,0.04351020703525216,1.3877787807814457e-17,0.33637432628812325,0.2928641192528711
16,2,116,0.26241196671546124,0.08069673258325999,1.3877787807814457e-17,0.2810827883766094,0.2003860557933494
16,2,116,0.16403418561209873,0.07849646125455181,2.7755575615628914e-17,0.21952726708577983,0.29802372834033164
16,2,116,0.03219635873914356,0.005118480767822009,1.3877787807814457e-17,0.16044483610796706,0.16556331687578907
16,2,116,0.04171143251805059,0.01631039056446615,5.551115123125783e-17,0.442122118277426,0.42581172771295983
16,2,116,0.04420058449264901,0.00890077093773595,6.938893903907228e-18,0.023387378677799477,0.014486607740063526
16,2,116,0.1402362361023546,0.013306449356284354,4.163336342344337e-17,0.03575764334641295,0.04906409270269731
16,2,116,0.09406322557246641,0.09530995612055271,2.7755575615628914e-17,0.19147521286762376,0.28678516898817646
16,2,116,0.2450073408076326,0.0906855296643932,1.3877787807814457e-17,0.23730510241196157,0.14661957274756837
16,2,116,0.17791521570781255,0.06669895736619935,2.7755575615628914e-17,0.15275134947816246,0.21945030684436181
16,2,116,0.17608094792903475,0.04320341487205259,2.7755575615628914e-17,0.06401186438084794,0.10721527925290053
16,2,116,0.17197518331052844,0.1452871363980941,1.3877787807814457e-17,0.334163594910901,0.47945073130899507
16,2,116,0.09234175925462594,0.044442825352845494,6.938893903907228e-18,0.5598464581277811,0.6042892834806266
16,2,116,0.2669039288110409,0.04885441687724462,1.3877787807814457e-17,0.05615237578801738,0.007297958910772756
16,2,116,0.11266250341421138,0.07537722762191246,0.0,0.3237065273601857,0.39908375498209814
16,2,116,0.14950385523690535,0.12031088503492676,2.7755575615628914e-17,0.4162364158117178,0.295925530776791
16,2,116,0.12711050075475636,0.08931872433648702,2.7755575615628914e-17,0.3186604711509414,0.40797919548742845
16,2,116,0.21611351312400878,0.03638452809430101,2.0816681711721685e-17,0.07027502052396627,0.10665954861826728
16,2,116,0.17004814045025293,0.058485350308892695,2.0816681711721685e-17,0.1565730797524182,0.09808772944352549
16,2,116,0.08334967484602104,0.029919887851043853,2.7755575615628914e-17,0.20490941269769855,0.2348293005487424
16,2,116,0.15815501724226483,0.057635886141933046,1.3877787807814457e-17,0.14737409645527957,0.20500998259721262
16,2,116,0.11063267559024399,0.037620244260030716,1.3877787807814457e-17,0.0888306720396386,0.1264509162996693
16,2,116,0.16649173783192156,0.048731672305386164,6.938893903907228e-18,0.2621138809816697,0.3108455532870559
16,2,116,0.14828765977226932,0.023915086337122506,0.0,0.04097786786418504,0.06489295420130754
16,2,116,0.08211453303531105,0.035951492951443786,1.3877787807814457e-17,0.14436449054921652,0.1803159835006603
16,2,116,0.12775747330672654,0.06466324520348699,1.3877787807814457e-17,0.387216267121456,0.451879512324943
16,2,116,0.1935567469921166,0.051737603298877666,6.938893903907228e-18,0.28705833542658493,0.3387959387254626
16,2,116,0.21598879501633667,0.08857914158581859,1.3877787807814457e-17,0.2871003481210622,0.3756794897068808
16,2,116,0.07511782350994019,0.022749964385987864,2.7755575615628914e-17,0.28347543639445943,0.26072547200847157
16,2,116,0.08670556921883975,0.03684047037492055,1.3877787807814457e-17,0.4005960327864948,0.43743650316141536
16,2,116,0.33486586464251195,0.06859911765132815,2.7755575615628914e-17,0.1493632934027292,0.21796241105405734
16,2,116,0.06736421307334715,0.028874836721106245,6.938893903907228e-18,0.30937968070684474,0.2805048439857385
16,2,116,0.12864354310250414,0.04251708334703436,1.3877787807814457e-17,0.16344315038413457,0.12092606703710021
16,2,116,0.08526919347029813,0.0329460169451411,2.7755575615628914e-17,0.26446324832502277,0.29740926527016387
16,2,116,0.19014566822275358,0.1242213459963038,2.7755575615628914e-17,0.5591468682520108,0.43492552225570696
16,2,116,0.11004825706309705,0.04083215029090373,2.7755575615628914e-17,0.17600552356754884,0.1351733732766451
16,2,116,0.12377882246847237,0.09407448740611352,2.0816681711721685e-17,0.30486986166869834,0.39894434907481185
16,2,116,0.06807247436061073,0.007809430208311069,1.3877787807814457e-17,0.0323317958681638,0.04014122607647487
16,2,116,0.09198004301693113,0.029183732270942245,1.3877787807814457e-17,0.04793800101249045,0.018754268741548202
16,2,116,0.25918593614486635,0.11766517239923899,5.551115123125783e-17,0.25001912295095136,0.13235395055171237
16,2,116,0.16553343244757712,0.036741671003845844,0.0,0.17503265223990297,0.2117743232437488
16,2,116,0.22003617239370865,0.0935233490544351,1.3877787807814457e-17,0.18577792568261262,0.09225457662817751
16,2,116,0.1384425324803459,0.15024107968175254,1.3877787807814457e-17,0.16371367793966507,0.3139547576214176
16,2,116,0.029186732453549514,0.011113140922794668,0.0,0.24111422772770771,0.2522273686505024
16,2,116,0.13791229585162348,0.0590133346117393,2.7755575615628914e-17,0.21605925597863013,0.2750725905903694
16,2,116,0.2116616808148321,0.041056092311230474,4.163336342344337e-17,0.17805301348376668,0.21910910579499715
16,2,116,0.10156676548517184,0.034253741184765485,2.7755575615628914e-17,0.13243668875269404,0.16669042993745953
16,2,116,0.12508161569339565,0.04922451302862846,1.3877787807814457e-17,0.38765053525502496,0.4368750482836534
16,2,116,0.0853290861172384,0.054651212210703015,1.3877787807814457e-17,0.1927444905866423,0.24739570279734532
16,2,116,0.10175851631737712,0.02674112147971766,1.3877787807814457e-17,0.08152940116070703,0.1082705226404247
16,2,116,0.06978143250746459,0.037462477143935705,1.3877787807814457e-17,0.13490633079011244,0.09744385364617673
16,2,116,0.23540600306863954,0.07434602835653492,2.7755575615628914e-17,0.16009873437138294,0.23444476272791787
16,2,116,0.1392275877125727,0.04490942041772969,2.7755575615628914e-17,0.19506873466236596,0.15015931424463627
16,2,116,0.1431064817512876,0.017521796831483027,2.7755575615628914e-17,0.12554609309143241,0.10802429625994939
16,2,116,0.15785503239080076,0.0946173248678309,0.0,0.28368308085166494,0.18906575598383404
16,2,116,0.2421923212354964,0.02862331884614628,2.7755575615628914e-17,0.0015103307318443204,0.030133649577990602
16,2,116,0.11496120374921925,0.03147971640013496,6.938893903907228e-18,0.0759390441095976,0.10741876050973256
16,2,116,0.11656900393739365,0.06500121990638663,2.7755575615628914e-17,0.5484156661767136,0.4834144462703269
16,2,116,0.07740195912084902,0.017918629307920986,3.469446951953614e-17,0.3819426039504403,0.3640239746425193
16,2,116,0.05876736626985314,0.025066109269172826,2.7755575615628914e-17,0.24235629760594632,0.26742240687511915
16,2,116,0.051130628986672054,0.01249965463344116,1.3877787807814457e-17,0.15651617415289562,0.14401651951945446
16,2,116,0.07631333964567381,0.06812199067396729,0.0,0.3374906636868541,0.2693686730128868
16,2,116,0.1437084879456717,0.021556416044855628,3.469446951953614e-17,0.039170285390718415,0.06072670143557404
16,2,116,0.1450673895207689,0.03541066773840633,5.551115123125783e-17,0.14346738887876337,0.10805672114035704
16,2,116,0.0932544996029795,0.08615399711230487,1.3877787807814457e-17,0.40442989273412827,0.3182758956218234
16,2,116,0.13859114995801883,0.04269473235391519,6.938893903907228e-18,0.38240662936371245,0.42510136171762763
16,2,116,0.11451245210967384,0.017464904456698363,1.3877787807814457e-17,0.019554921646416,0.03701982610311436
16,2,116,0.08134117384199278,0.0432509391008995,1.3877787807814457e-17,0.2730624051596918,0.22981146605879232
16,2,116,0.10404577448819029,0.027962311886058373,1.734723475976807e-17,0.05272178062740422,0.02475946874134585
16,2,116,0.1760220305281569,0.097385305742895,1.3877787807814457e-17,0.24876647614038372,0.3461517818832787
16,2,116,0.10138424490087605,0.04171134864357051,5.551115123125783e-17,0.3815558114802803,0.4232671601238508
16,2,116,0.09215194259654425,0.02517775306815484,1.3877787807814457e-17,0.04678772415642697,0.07196547722458181
16,2,116,0.2100230060802501,0.05456778353674352,2.0816681711721685e-17,0.5244428927996941,0.5790106763364377
16,2,116,0.13288638981003487,0.04742023862631775,1.3877787807814457e-17,0.27310281203287745,0.2256825734065597
16,2,116,0.05479678446531917,0.024537296922798935,3.469446951953614e-17,0.13395112922124475,0.15848842614404368
16,2,116,0.17382652496304662,0.03743249449612568,6.938893903907228e-18,0.4245376527533717,0.46197014724949736
16,2,116,0.19713532956485746,0.061378444336268934,1.3877787807814457e-17,0.38019079843517295,0.318812354098904
16,2,116,0.18916692653217745,0.07596708420370815,1.3877787807814457e-17,0.1941726334161728,0.11820554921246465
16,2,116,0.037523229433682866,0.016135463456823013,0.0,0.11100479739592753,0.12714026085275054
16,2,116,0.0859719486581923,0.014631051032423514,1.3877787807814457e-17,0.07739992583338318,0.09203097686580669
16,2,116,0.10046900727945737,0.036708814413633495,1.3877787807814457e-17,0.34423336134321036,0.38094217575684386
16,2,116,0.08724921723339299,0.05795714548781536,1.3877787807814457e-17,0.24611842899469918,0.30407557448251454
16,2,116,0.0936388479096938,0.049268964523100145,1.0408340855860843e-17,0.2949485168276759,0.34421748135077607
16,2,116,0.12478936492624815,0.05639389960279839,2.7755575615628914e-17,0.2015065872447151,0.2579004868475135
16,2,116,0.06130396110265251,0.005636424055285201,2.7755575615628914e-17,0.007140977903734885,0.012777401959020086
16,3,113,0.10152105660443292,0.039532756970990596,2.0816681711721685e-17,0.1380310204290415,0.1775637774000321
16,3,113,0.13663789025735262,0.06584603015717294,1.3877787807814457e-17,0.5900652434710442,0.5242192133138712
16,3,113,0.11623187945228788,0.030926787437712683,2.7755575615628914e-17,0.2644735116235389,0.2335467241858262
16,3,113,0.044823712522648766,0.02891837191686847,2.0816681711721685e-17,0.38458055250417894,0.4134989244210474
16,3,113,0.11030716792588317,0.038888499996127895,2.7755575615628914e-17,0.25555016849662904,0.21666166850050114
16,3,113,0.11833245611509045,0.04354675669803321,5.551115123125783e-17,0.2978579193745094,0.3414046760725426
16,3,113,0.15765030613284362,0.045324256212162684,4.163336342344337e-17,0.269865503445073,0.2245412472329103
16,3,113,0.06428195069614222,0.022287584751176537,1.3877787807814457e-17,0.2654070014495653,0.28769458620074184
16,3,113,0.050243599526028186,0.034133255436444354,1.3877787807814457e-17,0.3686882518998874,0.33455499646344306
16,3,113,0.08608193411129833,0.024436336264042152,1.3877787807814457e-17,0.11993909063098723,0.09550275436694508
16,3,113,0.0793829938290461,0.023514527677060998,1.3877787807814457e-17,0.17769559682251884,0.15418106914545784
16,3,113,0.109826197532145,0.07981865776131697,1.3877787807814457e-17,0.3468199064419479,0.42663856420326485
16,3,113,0.1373563133051631,0.03378424505723998,2.7755575615628914e-17,0.557711059829392,0.523926814772152
16,3,113,0.14337820802329004,0.056514439576139774,1.3877787807814457e-17,0.32482110684964915,0.38133554642578893
16,3,113,0.07793709801163305,0.03353245641330532,1.3877787807814457e-17,0.45059909963704,0.4841315560503453
16,3,113,0.11487698724868489,0.0726341123235631,2.7755575615628914e-17,0.6891067333412572,0.6164726210176941
16,3,113,0.23153835201226838,0.076660761740234,2.7755575615628914e-17,0.39934322025616314,0.32268245851592914
16,3,113,0.08055832123750807,0.03659322052549077,2.7755575615628914e-17,0.2576908599713321,0.22109763944584135
16,3,113,0.07960055268298266,0.02598412898083001,1.3877787807814457e-17,0.07404379149488206,0.10002792047571207
16,3,113,0.11723997994709927,0.05139803093975365,2.7755575615628914e-17,0.31869812246911844,0.2673000915293648
16,3,113,0.14261847245096557,0.0625107352388935,0.0,0.32592608962371566,0.26341535438482216
16,3,113,0.20777363864418444,0.15752128475036675,4.163336342344337e-17,0.44759445676088017,0.2900731720105134
16,3,113,0.13045507495952674,0.02497451376349725,1.3877787807814457e-17,0.026083231900735165,0.051057745664232414
16,3,113,0.21460707043305788,0.07646692948955142,1.1102230246251565e-16,0.3572068450303617,0.2807399155408103
16,3,113,0.03718378875257548,0.015226774291286493,1.3877787807814457e-17,0.35124355328926077,0.36647032758054726
16,3,113,0.03172830455698923,0.04103150491067331,1.3877787807814457e-17,0.5072377224168023,0.466206217506129
16,3,113,0.0858828511643533,0.03151948131317078,2.7755575615628914e-17,0.39181458377850764,0.36029510246533686
16,3,113,0.10075141259982731,0.04863705672144597,1.3877787807814457e-17,0.3725296599617397,0.32389260324029373
16,3,113,0.15695488338819222,0.04693202573348665,4.163336342344337e-17,0.2734048139685507,0.22647278823506406
16,3,113,0.036952191495725546,0.014988537384525463,1.3877787807814457e-17,0.17789000302428015,0.19287854040880562
16,3,113,0.0658231482915902,0.0460538996496469,5.551115123125783e-17,0.31384317634114356,0.26778927669149666
16,3,113,0.0976531256753576,0.032907816620329045,1.3877787807814457e-17,0.6774891137563473,0.6445812971360183
16,3,113,0.12245066338552339,0.04614888432257258,4.163336342344337e-17,0.30791680699404356,0.35406569131661614
16,3,113,0.11430660139789428,0.03532695816454531,1.5612511283791264e-17,0.10961746803304939,0.1449444261975947
16,3,113,0.0720457279360885,0.030122332353409442,2.7755575615628914e-17,0.5346878310340879,0.5648101633874973
16,3,113,0.14951961846360348,0.10706230242913228,1.0408340855860843e-17,0.26602761618129817,0.37308991861043045
16,3,113,0.19397499758389275,0.07301854928120549,1.3877787807814457e-17,0.18015361492880888,0.10713506564760339
16,3,113,0.11404175046850545,0.025382813476269694,1.3877787807814457e-17,0.21785002117718968,0.19246720770092
16,3,113,0.07099294247105853,0.061799810938421074,1.3877787807814457e-17,0.31561681447780743,0.3774166254162285
16,3,113,0.162208018107233,0.05494322575209604,1.3877787807814457e-17,0.5495737265850584,0.4946305008329624
16,3,113,0.1857913660126689,0.05496154177002366,1.3877787807814457e-17,0.22693104564408928,0.28189258741411294
16,3,113,0.026380221441375074,0.020031743070682617,2.7755575615628914e-17,0.3887535812308921,0.4087853243015747
16,3,113,0.2297855422598797,0.14540266959014325,6.938893903907228e-18,0.4137042880358705,0.26830161844572725
16,3,113,0.19684598684772237,0.0551653008050762,2.7755575615628914e-17,0.08496750847989668,0.14013280928497288
16,3,113,0.15855582270278556,0.08335578872604782,2.7755575615628914e-17,0.45979762271741104,0.3764418339913632
16,3,113,0.19607574551682178,0.15352726970717714,2.7755575615628914e-17,0.1296745739227664,0.28320184362994355
16,3,113,0.0995195386721133,0.045127748654474914,1.3877787807814457e-17,0.16329174058594068,0.2084194892404156
16,3,113,0.052736361148831325,0.02731794490500894,0.0,0.45380462154987,0.48112256645487894
16,3,113,0.0862628153361389,0.029916062578097036,2.7755575615628914e-17,0.3573511067194124,0.38726716929750943
16,3,113,0.13974344143182618,0.07440691975941566,4.163336342344337e-17,0.12016497462645492,0.19457189438587058
16,3,113,0.0909197499836865,0.014591131815280309,1.3877787807814457e-17,0.09725084872302674,0.08265971690774643
16,3,113,0.2035381235205904,0.06649433814613151,3.469446951953614e-17,0.07497733165452855,0.14147166980066006
16,3,113,0.25362947649101014,0.08976627176685652,3.469446951953614e-17,0.08728489015646744,0.17705116192332396
16,3,113,0.10698763762538839,0.060056744781146865,2.7755575615628914e-17,0.41189772326712454,0.3518409784859777
16,3,113,0.13296393934696382,0.03518559285691622,1.3877787807814457e-17,0.28268451663986816,0.24749892378295194
16,3,113,0.06477454039487608,0.039119130486468534,1.3877787807814457e-17,0.2583925510924149,0.2975116815788834
16,3,113,0.12288013907381753,0.05753014363276496,1.3877787807814457e-17,0.1980056264819288,0.14047548284916384
16,3,113,0.06272696227629897,0.04665005893740842,1.3877787807814457e-17,0.2868699319275798,0.33351999086498824
16,3,113,0.08438337712706388,0.06910095400645777,1.3877787807814457e-17,0.541740374684233,0.6108413286906907
16,3,113,0.09696562600102489,0.044346331890822765,1.3877787807814457e-17,0.423075617212,0.46742194910282275
16,3,113,0.14678923110735478,0.01805001101898953,2.0816681711721685e-17,0.04731723678639434,0.029267225767404807
16,3,113,0.11845037247239983,0.05825939381365203,2.7755575615628914e-17,0.43200385224574034,0.49026324605939237
16,3,113,0.09571335153153478,0.05989047861988839,7.632783294297951e-17,0.15954263767507876,0.21943311629496715
16,3,113,0.0911879498963785,0.022506030214112016,1.3877787807814457e-17,0.14256158205343275,0.16506761226754477
16,3,113,0.30018307550543905,0.06492202598942806,1.5265566588595902e-16,0.1918493639509912,0.25677138994041926
16,3,113,0.054321028915766525,0.05481555668844568,6.938893903907228e-18,0.38589197567693717,0.44070753236538285
16,3,113,0.09326581702127441,0.047855803605877156,2.7755575615628914e-17,0.34709812961117464,0.2992423260052975
16,3,113,0.07545390677719828,0.02982667340006734,6.938893903907228e-18,0.4678810783733621,0.4380544049732948
16,3,113,0.24896320886540368,0.12513671724368286,4.163336342344337e-17,0.2945068077605666,0.16937009051688373
16,3,113,0.1326003949603195,0.053068149797057595,1.3877787807814457e-17,0.4460709676235987,0.3930028178265411
16,3,113,0.16303858791752057,0.18385201740590246,2.0816681711721685e-17,0.6677367862907964,0.4838847688848939
16,3,113,0.11056182654932921,0.022158962916795033,6.938893903907228e-18,0.18191746266551578,0.15975849974872075
16,3,113,0.1738037660761069,0.17742418070737348,6.938893903907228e-18,0.5860259421759488,0.40860176146857535
16,3,113,0.09137228988468882,0.032940792860245205,1.3877787807814457e-17,0.2878260711162116,0.3207668639764568
16,3,113,0.03789880134338918,0.019316938303490516,2.7755575615628914e-17,0.30352568053566714,0.32284261883915766
16,3,113,0.1602433756686766,0.06376754498136561,2.7755575615628914e-17,0.5672407803255044,0.63100832530687
16,3,113,0.11025642636984596,0.05251118041051771,2.7755575615628914e-17,0.11635963007420623,0.16887081048472394
16,3,113,0.08042237345046502,0.02747750611308794,6.938893903907228e-18,0.20832973615792014,0.23580724227100808
16,3,113,0.14757315502842788,0.021575731890917133,2.7755575615628914e-17,0.19589083536371016,0.17431510347279303
16,3,113,0.05795167909925288,0.031841487099992405,2.7755575615628914e-17,0.20442676108173857,0.17258527398174617
16,3,113,0.15290622387451272,0.03302606272787706,2.0816681711721685e-17,0.3046333324225501,0.33765939515042714
16,3,113,0.1438635114221292,0.0975999709580555,1.3877787807814457e-17,0.5413151955833208,0.6389151665413763
16,3,113,0.15316119658100572,0.06496151870817274,2.0816681711721685e-17,0.2685839415329366,0.3335454602411093
16,3,113,0.2625274832142678,0.09310864829690563,0.0,0.4805764318659126,0.38746778356900696
16,3,113,0.042213619604997484,0.02340189793869224,1.3877787807814457e-17,0.37502336969124633,0.3984252676299386
16,3,113,0.028070377152837812,0.018238864126996657,1.3877787807814457e-17,0.2585940844535977,0.24035522032660106
16,3,113,0.03494854718196081,0.012862487013039325,1.3877787807814457e-17,0.2576472637088412,0.27050975072188055
16,3,113,0.11310937687220327,0.03507956746936529,0.0,0.12705384165707453,0.09197427418770925
16,3,113,0.035716358260220876,0.02936851153950837,1.3877787807814457e-17,0.47055067667655104,0.4999191882160594
16,3,113,0.16135811368024622,0.18284894310933145,2.7755575615628914e-17,0.4058317377987027,0.22298279468937124
16,3,113,0.16019170582863598,0.0670314787610537,2.7755575615628914e-17,0.19221364261800894,0.25924512137906264
16,3,113,0.11077905163667971,0.02848351168495973,2.7755575615628914e-17,0.08954237800843072,0.11802588969339045
16,3,113,0.04917271395747572,0.03932089818095974,6.938893903907228e-18,0.6416268589443905,0.6023059607634308
16,3,113,0.11336758489802755,0.05586665147158132,2.7755575615628914e-17,0.17521077562525447,0.2310774270968358
16,3,113,0.11665650288842498,0.04804397344187339,2.7755575615628914e-17,0.2776260064650635,0.3256699799069369
16,3,113,0.21943742832854968,0.09447599685168426,2.7755575615628914e-17,0.23019881577828585,0.3246748126299701
16,3,113,0.06580094970728066,0.02361567590920266,2.7755575615628914e-17,0.2945392190251846,0.27092354311598194
16,3,113,0.06730973824212708,0.0361092666543647,3.469446951953614e-17,0.30447934100807383,0.34058860766243854
16,3,113,0.2259544576340352,0.0819055408393004,6.938893903907228e-18,0.33826761727275273,0.2563620764334523
16,3,113,0.11546291991273445,0.039309710868102365,2.7755575615628914e-17,0.49698262981660835,0.457672918948506
16,3,113,0.11605904130822002,0.04177889656389655,4.163336342344337e-17,0.38744340788066456,0.4292223044445611
16,3,113,0.1346440105106444,0.0722893554927333,1.3877787807814457e-17,0.33182623244849974,0.40411558794123303
16,3,113,0.11374298771471329,0.007319247130496305,2.7755575615628914e-17,0.008864251346316939,0.0015450042158206341
16,3,113,0.09263255465620471,0.08138099784316338,1.3877787807814457e-17,0.3565861393868669,0.4379671372300303
16,3,113,0.14101001328881704,0.041832856428987875,1.3877787807814457e-17,0.21562219911812974,0.2574550555471176
16,3,113,0.11945968698110714,0.05950788058616385,1.3877787807814457e-17,0.3025124402008991,0.362020320787063
16,3,113,0.14319568437112348,0.0338665435870075,6.938893903907228e-17,0.21191673817245751,0.245783281759465
16,3,113,0.1398135181420133,0.034133624978673935,2.7755575615628914e-17,0.0892892742305197,0.05515564925184577
16,3,113,0.1414227515862391,0.060513944673192446,1.3877787807814457e-17,0.10439036628725389,0.16490431096044633
16,3,113,0.1133860395216221,0.05336960286400827,1.3877787807814457e-17,0.5608729025002829,0.6142425053642911
16,3,113,0.08670159838123356,0.04122939121068522,2.7755575615628914e-17,0.12651060157692012,0.16773999278760535
16,3,113,0.059848120132347776,0.011494911817066578,5.551115123125783e-17,0.20867205488763796,0.19717714307057138
16,3,113,0.11146433505493346,0.04349347240910059,1.3877787807814457e-17,0.16897020501209958,0.21246367742120018
16,3,113,0.09915691419727006,0.02902442847700515,3.469446951953614e-17,0.4905933497902123,0.5196177782672174
16,3,113,0.1607856088711855,0.05838925728101574,1.3877787807814457e-17,0.3641638460332827,0.42255310331429846
16,3,113,0.17976474400983902,0.13352345181970468,2.0816681711721685e-17,0.09613269406614575,0.22965614588585043
16,3,113,0.03518665906474177,0.026511196836859097,3.469446951953614e-17,0.30192030262595976,0.32843149946281885
16,3,113,0.12733277260097645,0.03763268609077405,6.938893903907228e-18,0.05769208943009512,0.02005940333932107
16,3,113,0.018069293413804397,0.004935108107342767,2.7755575615628914e-17,0.2833481373811959,0.27841302927385314
16,3,113,0.2316128339438428,0.0934692895834805,2.0816681711721685e-17,0.40320905654211653,0.30973976695863603
16,3,113,0.08420580908570911,0.034252394628846605,2.7755575615628914e-17,0.2723845109017312,0.3066369055305778
16,3,113,0.1718660469330383,0.13001784176662934,2.7755575615628914e-17,0.4783093114697952,0.3482914697031659
16,3,113,0.10187455427125727,0.027055275258008327,1.3877787807814457e-17,0.30708087166221104,0.33413614692021937
16,3,113,0.07366757424237438,0.010863171332815613,2.7755575615628914e-17,0.26148424548155896,0.25062107414874335
16,3,113,0.09912602885713277,0.06855656528390078,1.3877787807814457e-17,0.09481776564673539,0.16337433093063616
16,3,113,0.15662531439269636,0.046642195287003085,5.551115123125783e-17,0.12470061047080949,0.0780584151838064
16,3,113,0.12035973959658788,0.04452140280203443,1.3877787807814457e-17,0.2306644555224897,0.18614305272045528
16,3,113,0.08804733255730303,0.07811628590937048,1.3877787807814457e-17,0.2665732650571499,0.3446895509665204
16,3,113,0.12542575624930785,0.08267101750498335,1.3877787807814457e-17,0.4642862487577847,0.38161523125280133
16,3,113,0.17669806366258567,0.12045733470637154,1.3877787807814457e-17,0.13279520612168727,0.2532525408280588
16,3,113,0.08651919313937995,0.029908863752842914,6.938893903907228e-18,0.09034862300951965,0.06043975925667674
16,3,113,0.2111412025779255,0.08683566627325706,2.7755575615628914e-17,0.31042283894673334,0.3972585052199904
16,3,113,0.11149328510440697,0.10276949399393764,1.3877787807814457e-17,0.5312760293933753,0.6340455233873129
16,3,113,0.11152306191291766,0.030413229561084,1.3877787807814457e-17,0.4893313563468334,0.4589181267857494
16,3,113,0.12407082652839249,0.07027447618098914,2.7755575615628914e-17,0.18180404584293267,0.11152956966194352
16,3,113,0.05241325906761255,0.021815764333791565,1.3877787807814457e-17,0.18285694190226534,0.16104117756847378
16,3,113,0.08351717159175215,0.01775715857032964,4.163336342344337e-17,0.15133049860015158,0.16908765717048121
16,3,113,0.2397083791076842,0.06149993799839584,1.3877787807814457e-17,0.22579978290347522,0.28729972090187106
16,3,113,0.06003384036217644,0.02066395339743249,1.3877787807814457e-17,0.5149339811029108,0.4942700277054783
16,3,113,0.154471429773149,0.0814014866037917,1.3877787807814457e-17,0.27330990703260155,0.35471139363639326
16,3,113,0.16637314328205505,0.12771989054858307,1.3877787807814457e-17,0.46270100227657923,0.5904208928251623
16,3,113,0.09755057775667926,0.0804298744424054,4.163336342344337e-17,0.34985777347159563,0.26942789902919023
16,3,113,0.2051151019964514,0.08270523106904634,2.0816681711721685e-17,0.2176313446780984,0.30033657574714473
16,3,113,0.17965675312711704,0.05456038899969107,4.163336342344337e-17,0.31150260567530197,0.2569422166756109
16,3,113,0.09218373788829734,0.02127730009325457,1.3877787807814457e-17,0.5390815516920007,0.5603588517852552
16,3,113,0.20671046200773055,0.08088229078627257,5.551115123125783e-17,0.4086236937592807,0.4895059845455533
16,3,113,0.13564812773864773,0.07682314761983244,2.7755575615628914e-17,0.38261993008975387,0.3057967824699214
16,3,113,0.1709174208789558,0.03614543492651774,2.7755575615628914e-17,0.057710322656545784,0.09385575758306353
16,3,113,0.18261943063384514,0.06491543052714871,4.163336342344337e-17,0.19847052137519583,0.26338595190234454
16,3,113,0.1456653063654776,0.022331479519569125,6.938893903907228e-18,0.2620194703255093,0.2396879908059402
16,3,113,0.07896093986594391,0.029942598043675994,1.3877787807814457e-17,0.27490841702097013,0.3048510150646461
16,3,113,0.08675897751583544,0.04183136987926675,2.0816681711721685e-17,0.280834929126688,0.23900355924742125
16,3,113,0.08337574213186742,0.03379016693149922,0.0,0.2868242245682402,0.25303405763674097
16,3,113,0.13277890623482055,0.0400644192373274,5.551115123125783e-17,0.48431153709852937,0.44424711786120197
16,3,113,0.0636693174385241,0.03868439243565713,2.7755575615628914e-17,0.5822785559593372,0.5435941635236801
16,3,113,0.039184416197847044,0.017962386606249242,1.3877787807814457e-17,0.1924550911627253,0.17449270455647606
16,3,113,0.0748945801411759,0.06496755296158102,8.326672684688674e-17,0.3413329532217042,0.4063005061832852
16,3,113,0.1293465812820536,0.07514854827702094,2.7755575615628914e-17,0.26753651346217755,0.3426850617391985
16,3,113,0.10687920175434286,0.026332233986563647,1.3877787807814457e-17,0.3155093864672034,0.28917715248063974
16,3,113,0.03286020303638399,0.011701035907078272,1.3877787807814457e-17,0.15171158327500123,0.14001054736792296
16,3,113,0.10814432208466715,0.021657882774088033,1.3877787807814457e-17,0.278009485962309,0.256351603188221
16,3,113,0.12383009332482947,0.03458634602526117,1.3877787807814457e-17,0.12858415303735754,0.09399780701209637
16,3,113,0.03445795203185991,0.01745867260724998,2.7755575615628914e-17,0.6085750551583272,0.6260337277655772
16,3,113,0.12298598958674933,0.030809645264015112,8.326672684688674e-17,0.24134262533854292,0.27215227060255803
16,3,113,0.17420800663823452,0.07655813575407827,3.469446951953614e-17,0.518431554745699,0.44187341899162075
16,3,113,0.14722837476503445,0.07916789432912097,2.7755575615628914e-17,0.3832259184922234,0.4623938128213444
16,3,113,0.049888157484084636,0.026371353585715185,2.7755575615628914e-17,0.311759408564815,0.3381307621505302
16,3,113,0.07587409245916901,0.02387510343466509,1.3877787807814457e-17,0.13024658016803048,0.15412168360269557
16,3,113,0.407241846215062,0.10973259498841825,1.3877787807814457e-17,0.40819341433322764,0.5179260093216459
16,3,113,0.06864016228074357,0.01413390546400728,2.7755575615628914e-17,0.3002565477384754,0.2861226422744681
16,3,113,0.1644481561612406,0.06707037865444763,2.7755575615628914e-17,0.14442988014648747,0.07735950149203984
16,3,113,0.10786436808484567,0.05083876881458463,2.7755575615628914e-17,0.27879643320497344,0.2279576643903888
16,3,113,0.06218006467171356,0.02007337491071067,6.938893903907228e-18,0.07012397214065828,0.05005059722994761
16,3,113,0.15725781855575896,0.09956073821401179,4.163336342344337e-17,0.6181701108381366,0.5186093726241248
16,3,113,0.10770041288077645,0.04347121816761115,2.0816681711721685e-17,0.19223823917219102,0.23570945733980217
16,3,113,0.23047174518432156,0.046504003823027766,2.0816681711721685e-17,0.10704160688344823,0.06053760306042046
16,3,113,0.07099010270129696,0.02583553016022519,1.3877787807814457e-17,0.18730295516436704,0.16146742500414185
16,3,113,0.1442316890005446,0.06697076900964533,2.7755575615628914e-17,0.13964601418923756,0.07267524517959223
16,3,113,0.14256812868676064,0.061706558371841636,1.3877787807814457e-17,0.32507472071074944,0.2633681623389078
16,3,113,0.21176260022854757,0.053283512234355346,5.551115123125783e-17,0.4252544884809098,0.47853800071526514
16,3,113,0.04804291436679591,0.006737314446412734,1.3877787807814457e-17,0.07140432147518627,0.078141635921599
16,3,113,0.11626583296345913,0.04066352721053387,2.7755575615628914e-17,0.11743101276478884,0.15809453997532272
16,3,113,0.13364415746868322,0.025918184740119227,2.7755575615628914e-17,0.13535815864829848,0.1612763433884177
16,3,113,0.04988653411813416,0.035802356264337976,1.734723475976807e-17,0.22743347486210952,0.19163111859777154
16,3,113,0.0789345365144319,0.014437922658297797,2.7755575615628914e-17,0.42569526976959865,0.41125734711130085
16,3,113,0.07019958760782895,0.03072302240720237,4.85722573273506e-17,0.3523987853280046,0.32167576292080224
16,3,113,0.05902681203423419,0.022978815348760423,1.3877787807814457e-17,0.1501357674479381,0.17311458279669853
16,3,113,0.15590319880302114,0.03900239687751267,2.7755575615628914e-17,0.06344707036906659,0.10244946724657926
16,3,113,0.1331565705420514,0.07712116949992953,1.3877787807814457e-17,0.437061707088376,0.5141828765883055
16,3,113,0.1282159060406925,0.046731897996499794,2.7755575615628914e-17,0.3992721178382046,0.3525402198417048
16,3,113,0.12857706286257295,0.04889255805937742,6.245004513516506e-17,0.31954012790593234,0.2706475698465549
16,3,113,0.14176450408542068,0.06732279069405658,1.3877787807814457e-17,0.23837822420808882,0.17105543351403224
16,3,113,0.07367765175706673,0.03090146902794605,1.3877787807814457e-17,0.2883543387287971,0.2574528697008511
16,3,113,0.3007238306668195,0.11648104721808333,9.71445146547012e-17,0.14381170586661068,0.260292753084694
16,3,113,0.06072322605727044,0.05409500884936719,1.3877787807814457e-17,0.4700712898999068,0.41597628105053963
16,3,113,0.12174952857626979,0.02705942069669248,6.938893903907228e-18,0.03111146353782077,0.05817088423451325
16,3,113,0.13266419767892218,0.05681290680354134,1.3877787807814457e-17,0.3912496157098047,0.33443670890626337
16,3,113,0.03745900485764502,0.03174671100927123,1.3877787807814457e-17,0.3959212733045264,0.3641745622952552
16,3,113,0.26515480536561803,0.12467888771012285,2.7755575615628914e-17,0.20301439088602274,0.07833550317589989
16,3,113,0.0845518203033911,0.03914304079454106,4.163336342344337e-17,0.26924734709523473,0.3083903878897758
