kernel,label,m,rep,eps_m,I_star,regret_robust,regret_plugin_greedy,regret_plugin_exhaustive,diff_robust_minus_plugin,robust_wins,tie,same_protocol
trait_ou,mean,25,0,0.1708025311795749,0.6907252995047104,0.05841550418095365,0.08030562347935355,0.017857376384350587,-0.0218901192983999,1,0,0
trait_ou,mean,25,1,0.2839690323508117,0.6907252995047104,0.07814855901818174,0.030062967345549252,0.0067132857639981,0.04808559167263249,0,0,0
trait_ou,mean,25,2,0.26394167602049723,0.6907252995047104,0.030579452054223077,0.030013999922933854,0.030579452054223077,0.0005654521312892236,0,0,0
trait_ou,mean,25,3,0.19618213738447032,0.6907252995047104,0.009357104428705854,0.009357104428705854,0.009357104428705854,0.0,0,1,1
trait_ou,mean,25,4,0.21258258008688768,0.6907252995047104,0.028557641561249403,0.08032009886225355,0.08032009886225355,-0.05176245730100415,1,0,0
trait_ou,mean,25,5,0.24203644498298788,0.6907252995047104,0.05385063423486769,0.06502329327775558,0.02782006397919745,-0.01117265904288789,1,0,0
trait_ou,mean,25,6,0.2617785305289376,0.6907252995047104,0.0,0.006429936994737484,0.006429936994737484,-0.006429936994737484,1,0,0
trait_ou,mean,25,7,0.27104367954878117,0.6907252995047104,0.07342498976215028,0.07342498976215028,0.07342498976215028,0.0,0,1,1
trait_ou,mean,25,8,0.12322130341939752,0.6907252995047104,0.04567604779329959,0.0034570449424916605,0.009357104428705854,0.04221900285080793,0,0,0
trait_ou,mean,25,9,0.298933455672251,0.6907252995047104,0.013183901743084814,0.013183901743084814,0.013183901743084814,0.0,0,1,1
trait_ou,mean,25,10,0.14942726944071266,0.6907252995047104,0.031157011141005775,0.021152268599341162,0.021152268599341162,0.010004742541664613,0,0,0
trait_ou,mean,25,11,0.2111803618881618,0.6907252995047104,0.045194045086796586,0.04896170780757403,0.030062967345549252,-0.0037676627207774427,1,0,0
trait_ou,mean,25,12,0.25259032251952146,0.6907252995047104,0.06861677288246903,0.053432533244660796,0.046813645027288575,0.015184239637808239,0,0,0
trait_ou,mean,25,13,0.21251386348646045,0.6907252995047104,0.030013999922933743,0.030013999922933743,0.030013999922933743,0.0,0,1,1
trait_ou,mean,25,14,0.2072363736449856,0.6907252995047104,0.04896170780757403,0.013183901743084814,0.013183901743084814,0.035777806064489215,0,0,0
trait_ou,mean,25,15,0.18289232297869373,0.6907252995047104,0.0034570449424917715,0.009357104428705854,0.009357104428705854,-0.005900059486214082,1,0,0
trait_ou,mean,25,16,0.2400500664617899,0.6907252995047104,0.08310965942559934,0.0034570449424917715,0.021152268599341162,0.07965261448310756,0,0,0
trait_ou,mean,25,17,0.16495611641025193,0.6907252995047104,0.0475267026962225,0.01482039542407887,0.01482039542407887,0.03270630727214363,0,0,0
trait_ou,mean,25,18,0.26825571693480404,0.6907252995047104,0.045349645013362805,0.045349645013362805,0.045349645013362805,0.0,0,1,1
trait_ou,mean,25,19,0.24596858358696527,0.6907252995047104,0.017857376384350587,0.0,0.0,0.017857376384350587,0,0,0
trait_ou,mean,25,20,0.20851965360958802,0.6907252995047104,0.05327713644841725,0.01482039542407887,0.01482039542407887,0.03845674102433838,0,0,0
trait_ou,mean,25,21,0.20082907256859517,0.6907252995047104,0.029712916654782373,0.031157011141005775,0.007793963469837295,-0.0014440944862234018,1,0,0
trait_ou,mean,25,22,0.15312559328523845,0.6907252995047104,0.03595690901246129,0.03207288593565005,0.006713285763997989,0.0038840230768112383,0,0,0
trait_ou,mean,25,23,0.23364464123887901,0.6907252995047104,0.05327713644841725,0.05327713644841725,0.05327713644841725,0.0,0,1,1
trait_ou,mean,25,24,0.19335092503913925,0.6907252995047104,0.024642788836211516,0.024642788836211516,0.0034570449424917715,0.0,0,1,1
trait_ou,mean,25,25,0.2067406788791213,0.6907252995047104,0.0523526226783142,0.03612009374101599,0.03612009374101599,0.016232528937298207,0,0,0
trait_ou,mean,25,26,0.15048465209407846,0.6907252995047104,0.0,0.02327881424052236,0.04496036835571127,-0.02327881424052236,1,0,0
trait_ou,mean,25,27,0.14184350579291233,0.6907252995047104,0.022929268809470882,0.024642788836211516,0.024642788836211516,-0.0017135200267406336,1,0,0
trait_ou,mean,25,28,0.18222162774744322,0.6907252995047104,0.046681276841894825,0.02916030775861367,0.02916030775861367,0.017520969083281157,0,0,0
trait_ou,mean,25,29,0.38023787042610074,0.6907252995047104,0.030062967345549252,0.006429936994737484,0.03183563220872199,0.023633030350811768,0,0,0
trait_ou,mean,25,30,0.20111973455462778,0.6907252995047104,0.11784976893123511,0.03507679817218834,0.04896170780757403,0.08277297075904677,0,0,0
trait_ou,mean,25,31,0.1904349717873136,0.6907252995047104,0.007150820228128185,0.022929268809470882,0.022929268809470882,-0.015778448581342697,1,0,0
trait_ou,mean,25,32,0.1941968261397103,0.6907252995047104,0.0034570449424916605,0.03216825154893699,0.03216825154893699,-0.028711206606445328,1,0,0
trait_ou,mean,25,33,0.162918619551515,0.6907252995047104,0.07853290511407085,0.04518272505979848,0.04518272505979848,0.03335018005427237,0,0,0
trait_ou,mean,25,34,0.1826728551103442,0.6907252995047104,0.006713285763997989,0.007793963469837295,0.006713285763997989,-0.0010806777058393058,1,0,0
trait_ou,mean,25,35,0.24464993738384916,0.6907252995047104,0.035523068784319656,0.028557641561249403,0.028557641561249403,0.006965427223070253,0,0,0
trait_ou,mean,25,36,0.20758451685442647,0.6907252995047104,0.0,0.0,0.017857376384350587,0.0,0,1,1
trait_ou,mean,25,37,0.14562130954521169,0.6907252995047104,0.028863495404557682,0.07943037476698289,0.028863495404557682,-0.05056687936242521,1,0,0
trait_ou,mean,25,38,0.342450266747057,0.6907252995047104,0.02688889462248134,0.021152268599341162,0.021152268599341162,0.005736626023140179,0,0,0
trait_ou,mean,25,39,0.31750321729511094,0.6907252995047104,6.460355991932953e-05,0.05492017276326322,0.07279246439213971,-0.05485556920334389,1,0,0
trait_ou,mean,25,40,0.24695954543650694,0.6907252995047104,0.06689706607388268,0.029328021304008245,0.029328021304008245,0.03756904476987444,0,0,0
trait_ou,mean,25,41,0.1661091507455218,0.6907252995047104,0.02327881424052236,0.02400045222498537,0.02807701999074841,-0.0007216379844630083,1,0,0
trait_ou,mean,25,42,0.16828202506541917,0.6907252995047104,0.05327713644841725,0.031157011141005775,0.031157011141005775,0.022120125307411476,0,0,0
trait_ou,mean,25,43,0.21010001130582895,0.6907252995047104,0.0468046965011083,0.06217485786093424,0.02518490160958986,-0.01537016135982594,1,0,0
trait_ou,mean,25,44,0.20721178601616297,0.6907252995047104,0.07520775996134443,0.0034570449424916605,0.0192301355874116,0.07175071501885277,0,0,0
trait_ou,mean,25,45,0.246482421121336,0.6907252995047104,0.044321805609825016,0.0034570449424916605,0.0034570449424916605,0.040864760667333355,0,0,0
trait_ou,mean,25,46,0.33213181720750773,0.6907252995047104,0.05480638949711736,0.09820307155685248,0.006429936994737262,-0.043396682059735125,1,0,0
trait_ou,mean,25,47,0.12595064308345694,0.6907252995047104,0.051178098372722136,0.006429936994737484,0.009357104428705854,0.04474816137798465,0,0,0
trait_ou,mean,25,48,0.15535602429597573,0.6907252995047104,0.06419414910454313,0.04496036835571138,0.04496036835571138,0.019233780748831752,0,0,0
trait_ou,mean,25,49,0.21584045687668169,0.6907252995047104,0.049027588523831156,0.049027588523831156,0.03216825154893699,0.0,0,1,1
trait_ou,mean,25,50,0.18575766923042158,0.6907252995047104,0.032072885935650164,6.460355991932953e-05,6.460355991932953e-05,0.032008282375730834,0,0,0
trait_ou,mean,25,51,0.4137968115388542,0.6907252995047104,0.10696082485403413,0.0,0.14255513593033764,0.10696082485403413,0,0,0
trait_ou,mean,25,52,0.15210901563586599,0.6907252995047104,0.06764029529225035,0.0067132857639981,0.007793963469837295,0.06092700952825225,0,0,0
trait_ou,mean,25,53,0.17893356729749543,0.6907252995047104,0.05327713644841725,0.05327713644841725,0.02518490160958986,0.0,0,1,1
trait_ou,mean,25,54,0.2519139651407596,0.6907252995047104,0.0816157628720835,0.007150820228128185,0.007150820228128185,0.07446494264395531,0,0,0
trait_ou,mean,25,55,0.1411155301157706,0.6907252995047104,0.041551539705605545,0.013183901743084814,0.013183901743084814,0.02836763796252073,0,0,0
trait_ou,mean,25,56,0.27216865676336766,0.6907252995047104,0.051353896104069485,0.04878444880300681,0.04878444880300681,0.0025694473010626773,0,0,0
trait_ou,mean,25,57,0.1721686252638442,0.6907252995047104,0.05118392377335956,0.014335910833008558,0.014335910833008558,0.036848012940351005,0,0,0
trait_ou,mean,25,58,0.19921922196326558,0.6907252995047104,0.017857376384350587,0.041496443613811884,0.041496443613811884,-0.023639067229461297,1,0,0
trait_ou,mean,25,59,0.24621556670130224,0.6907252995047104,0.0034570449424917715,0.021152268599341162,0.021152268599341162,-0.01769522365684939,1,0,0
trait_ou,mean,25,60,0.16990254210669087,0.6907252995047104,0.04064277397617144,0.028863495404557682,0.028863495404557682,0.01177927857161376,0,0,0
trait_ou,mean,25,61,0.12000684318924726,0.6907252995047104,0.0739844877787581,6.460355991932953e-05,0.01673717695478616,0.07391988421883877,0,0,0
trait_ou,mean,25,62,0.156046457592594,0.6907252995047104,0.0523526226783142,0.059583266313413374,0.0692429099210361,-0.0072306436350991765,1,0,0
trait_ou,mean,25,63,0.1828942783098279,0.6907252995047104,0.029712916654782373,0.02518490160958986,0.006429936994737262,0.004528015045192513,0,0,0
trait_ou,mean,25,64,0.1880526666088606,0.6907252995047104,0.03183563220872199,0.009357104428705854,0.009357104428705854,0.022478527780016133,0,0,0
trait_ou,mean,25,65,0.41063864916262915,0.6907252995047104,0.06825286750434056,0.044321805609825016,0.044321805609825016,0.02393106189451555,0,0,0
trait_ou,mean,25,66,0.18606097905666236,0.6907252995047104,0.0034570449424916605,0.024642788836211516,0.024642788836211516,-0.021185743893719855,1,0,0
trait_ou,mean,25,67,0.2595138900091935,0.6907252995047104,0.042852859844659696,0.07322927014394431,0.0427791030720287,-0.030376410299284617,1,0,0
trait_ou,mean,25,68,0.3017391765453575,0.6907252995047104,0.045612371544869856,0.04115297552438257,0.04115297552438257,0.004459396020487283,0,0,0
trait_ou,mean,25,69,0.234407396359127,0.6907252995047104,0.01673717695478616,0.06656554234847878,0.09922511680317436,-0.04982836539369262,1,0,0
trait_ou,mean,25,70,0.18573733952457483,0.6907252995047104,0.009357104428705854,0.0034570449424917715,0.009357104428705854,0.005900059486214082,0,0,0
trait_ou,mean,25,71,0.16154685464134672,0.6907252995047104,0.050803577478225836,0.050803577478225836,0.050803577478225836,0.0,0,1,1
trait_ou,mean,25,72,0.17193370606766867,0.6907252995047104,0.07943037476698289,0.07943037476698289,0.07943037476698289,0.0,0,1,1
trait_ou,mean,25,73,0.1501762752550273,0.6907252995047104,0.04896170780757403,0.04896170780757403,0.04896170780757403,0.0,0,1,1
trait_ou,mean,25,74,0.167443687346142,0.6907252995047104,0.051178098372722136,0.07629680350858248,0.007793963469837295,-0.025118705135860342,1,0,0
trait_ou,mean,25,75,0.26252232121204994,0.6907252995047104,0.0,0.04064277397617144,0.045349645013362805,-0.04064277397617144,1,0,0
trait_ou,mean,25,76,0.18006582579647812,0.6907252995047104,0.013183901743084814,0.0192301355874116,0.013183901743084814,-0.006046233844326787,1,0,0
trait_ou,mean,25,77,0.17752127943897744,0.6907252995047104,0.030013999922933854,0.030013999922933854,0.030013999922933854,0.0,0,1,1
trait_ou,mean,25,78,0.19866606992915375,0.6907252995047104,0.027577804294958486,0.02916030775861367,0.02916030775861367,-0.0015825034636551827,1,0,0
trait_ou,mean,25,79,0.18238266039883017,0.6907252995047104,0.035523068784319656,0.0067132857639981,0.035523068784319656,0.028809783020321555,0,0,0
trait_ou,mean,25,80,0.201754049795277,0.6907252995047104,0.009357104428705854,6.460355991932953e-05,0.029179799102833637,0.009292500868786524,0,0,0
trait_ou,mean,25,81,0.13902426098494042,0.6907252995047104,0.05905312172074739,0.028998518687603614,0.04519404508679681,0.03005460303314378,0,0,0
trait_ou,mean,25,82,0.2293075298374857,0.6907252995047104,0.10630775285193905,0.05175141822153284,0.006429936994737262,0.05455633463040621,0,0,0
trait_ou,mean,25,83,0.28796268303942046,0.6907252995047104,0.02518490160958997,0.12015953256058953,0.12015953256058953,-0.09497463095099956,1,0,0
trait_ou,mean,25,84,0.17578659824873027,0.6907252995047104,0.032072885935650164,0.048936393040270976,0.048936393040270976,-0.016863507104620812,1,0,0
trait_ou,mean,25,85,0.206309294867336,0.6907252995047104,0.05973707202174905,0.033776082440184596,0.07925824939120163,0.025960989581564453,0,0,0
trait_ou,mean,25,86,0.12672445077986316,0.6907252995047104,6.460355991932953e-05,6.460355991932953e-05,0.029160307758613557,0.0,0,1,1
trait_ou,mean,25,87,0.23127093717653513,0.6907252995047104,0.035523068784319656,0.035523068784319656,0.035523068784319656,0.0,0,1,1
trait_ou,mean,25,88,0.36457951473787203,0.6907252995047104,0.014335910833008558,0.014335910833008558,0.014335910833008558,0.0,0,1,1
trait_ou,mean,25,89,0.25671628612994546,0.6907252995047104,0.11475292283343452,0.07178764786250147,0.01673717695478616,0.042965274970933054,0,0,0
trait_ou,mean,25,90,0.19593733626512527,0.6907252995047104,0.10148145039834011,0.0034570449424917715,0.0034570449424917715,0.09802440545584834,0,0,0
trait_ou,mean,25,91,0.2675113952597812,0.6907252995047104,0.022929268809470882,0.033776082440184596,0.033776082440184596,-0.010846813630713714,1,0,0
trait_ou,mean,25,92,0.16141453023581342,0.6907252995047104,0.0523526226783142,0.0523526226783142,0.0523526226783142,0.0,0,1,1
trait_ou,mean,25,93,0.12298885010410732,0.6907252995047104,6.460355991932953e-05,0.029245541514213547,0.029245541514213547,-0.029180937954294217,1,0,0
trait_ou,mean,25,94,0.16877241314717895,0.6907252995047104,0.07041380231668404,0.04771613906327843,0.04771613906327843,0.02269766325340561,0,0,0
trait_ou,mean,25,95,0.3752755241632283,0.6907252995047104,0.059583266313413374,0.10088029696595979,0.10088029696595979,-0.04129703065254642,1,0,0
trait_ou,mean,25,96,0.329107806170894,0.6907252995047104,0.09921130033427483,0.06579858315924969,0.029160307758613557,0.03341271717502514,0,0,0
trait_ou,mean,25,97,0.19591092245388048,0.6907252995047104,0.029328021304008245,0.029328021304008245,0.029328021304008245,0.0,0,1,1
trait_ou,mean,25,98,0.15453160139780325,0.6907252995047104,0.04408576149946608,0.022073528841416445,0.051482732089624395,0.022012232658049635,0,0,0
trait_ou,mean,25,99,0.1800899635203438,0.6907252995047104,0.02916030775861367,0.006429936994737484,0.006429936994737484,0.022730370763876184,0,0,0
trait_ou,mean,50,0,0.12424736086196198,0.6907252995047104,0.0034570449424916605,0.02327881424052236,0.02327881424052236,-0.0198217692980307,1,0,0
trait_ou,mean,50,1,0.18525222248443002,0.6907252995047104,6.460355991932953e-05,6.460355991932953e-05,6.460355991932953e-05,0.0,0,1,1
trait_ou,mean,50,2,0.1737360650256442,0.6907252995047104,6.460355991932953e-05,6.460355991932953e-05,0.0,0.0,0,1,1
trait_ou,mean,50,3,0.1574707542215441,0.6907252995047104,0.007150820228128185,0.03595690901246118,0.013183901743084814,-0.028806088784332995,1,0,0
trait_ou,mean,50,4,0.12425664762224031,0.6907252995047104,0.027769442515435228,0.009357104428705854,0.009357104428705854,0.018412338086729374,0,0,0
trait_ou,mean,50,5,0.15664622386767368,0.6907252995047104,0.009357104428705854,0.009357104428705854,0.009357104428705854,0.0,0,1,1
trait_ou,mean,50,6,0.156041830523365,0.6907252995047104,0.022309600024943754,0.022309600024943754,0.0,0.0,0,1,1
trait_ou,mean,50,7,0.39657892358299784,0.6907252995047104,0.022073528841416334,0.14089060593046698,0.031157011141005775,-0.11881707708905065,1,0,0
trait_ou,mean,50,8,0.17237682868883641,0.6907252995047104,0.02317541442590476,0.0,0.04408576149946608,0.02317541442590476,0,0,0
trait_ou,mean,50,9,0.16385295620210893,0.6907252995047104,0.007150820228128185,0.007150820228128185,0.0192301355874116,0.0,0,1,1
trait_ou,mean,50,10,0.12147716159010002,0.6907252995047104,0.04432180560982513,0.022073528841416445,0.022073528841416445,0.02224827676840868,0,0,0
trait_ou,mean,50,11,0.11402408726854751,0.6907252995047104,0.0,0.0,0.0,0.0,0,1,1
trait_ou,mean,50,12,0.21318267218409642,0.6907252995047104,0.067103085839882,0.067103085839882,0.06940144452725572,0.0,0,1,1
trait_ou,mean,50,13,0.13997433448064378,0.6907252995047104,0.04906128599582782,0.0,0.029179799102833637,0.04906128599582782,0,0,0
trait_ou,mean,50,14,0.12122600146393014,0.6907252995047104,0.02781398409126945,0.006429936994737262,0.006429936994737262,0.02138404709653219,0,0,0
trait_ou,mean,50,15,0.17479559175627996,0.6907252995047104,0.02327881424052236,6.460355991932953e-05,6.460355991932953e-05,0.02321421068060303,0,0,0
trait_ou,mean,50,16,0.09587614780960196,0.6907252995047104,0.0,0.0,0.0034570449424917715,0.0,0,1,1
trait_ou,mean,50,17,0.20110466780480057,0.6907252995047104,0.022929268809470882,0.045612371544869856,0.07041357167703788,-0.022683102735398974,1,0,0
trait_ou,mean,50,18,0.16822954138805324,0.6907252995047104,0.015931674496338588,0.0,0.0034570449424917715,0.015931674496338588,0,0,0
trait_ou,mean,50,19,0.1957334960904059,0.6907252995047104,0.0,0.0,0.0,0.0,0,1,1
trait_ou,mean,50,20,0.22255817250925924,0.6907252995047104,0.0792609654192672,0.05335378247474232,0.006429936994737484,0.025907182944524876,0,0,0
trait_ou,mean,50,21,0.11048889341866497,0.6907252995047104,0.02782006397919745,0.042852859844659696,0.014335910833008558,-0.015032795865462245,1,0,0
trait_ou,mean,50,22,0.1350137326740507,0.6907252995047104,0.07072061450473133,0.017857376384350587,0.017857376384350587,0.05286323812038074,0,0,0
trait_ou,mean,50,23,0.15041311989567469,0.6907252995047104,0.013183901743084814,0.01482039542407887,6.460355991932953e-05,-0.0016364936809940556,1,0,0
trait_ou,mean,50,24,0.15381648442619267,0.6907252995047104,0.029245541514213547,0.032072885935650164,0.029245541514213547,-0.0028273444214366172,1,0,0
trait_ou,mean,50,25,0.18285059855806213,0.6907252995047104,0.0067132857639981,0.0067132857639981,0.0067132857639981,0.0,0,1,1
trait_ou,mean,50,26,0.128600267646512,0.6907252995047104,0.029328021304008245,6.460355991932953e-05,6.460355991932953e-05,0.029263417744088915,0,0,0
trait_ou,mean,50,27,0.16087757961461213,0.6907252995047104,0.029245541514213547,0.0,0.0,0.029245541514213547,0,0,0
trait_ou,mean,50,28,0.14053978155114816,0.6907252995047104,0.024642788836211516,0.015931674496338588,0.0,0.008711114339872927,0,0,0
trait_ou,mean,50,29,0.10814408428224254,0.6907252995047104,6.460355991932953e-05,6.460355991932953e-05,6.460355991932953e-05,0.0,0,1,1
trait_ou,mean,50,30,0.19795841604926473,0.6907252995047104,0.028863495404557793,0.03183563220872199,0.049189084178437814,-0.002972136804164194,1,0,0
trait_ou,mean,50,31,0.15028877996523127,0.6907252995047104,0.006713285763997989,0.009357104428705854,0.006713285763997989,-0.0026438186647078643,1,0,0
trait_ou,mean,50,32,0.1809532933903666,0.6907252995047104,0.04518272505979848,0.046681276841894825,0.046681276841894825,-0.0014985517820963468,1,0,0
trait_ou,mean,50,33,0.17954814748846143,0.6907252995047104,0.1104565681631472,0.1104565681631472,0.0,0.0,0,1,1
trait_ou,mean,50,34,0.14545459702979313,0.6907252995047104,0.01673717695478616,0.01673717695478616,0.0,0.0,0,1,0
trait_ou,mean,50,35,0.13099413860436537,0.6907252995047104,0.028863495404557682,0.006713285763997989,0.03183563220872199,0.022150209640559693,0,0,0
trait_ou,mean,50,36,0.11525139930502143,0.6907252995047104,0.022929268809470882,0.0034570449424917715,0.0034570449424917715,0.01947222386697911,0,0,0
trait_ou,mean,50,37,0.15837246314151476,0.6907252995047104,6.460355991932953e-05,6.460355991932953e-05,6.460355991932953e-05,0.0,0,1,1
trait_ou,mean,50,38,0.08604579297166215,0.6907252995047104,0.029160307758613557,0.0034570449424917715,0.0034570449424917715,0.025703262816121786,0,0,0
trait_ou,mean,50,39,0.1566104280308963,0.6907252995047104,0.032072885935650164,0.032072885935650164,0.032072885935650164,0.0,0,1,1
trait_ou,mean,50,40,0.13421584915298168,0.6907252995047104,0.02916030775861367,0.02916030775861367,0.009357104428705854,0.0,0,1,1
trait_ou,mean,50,41,0.14726860516954055,0.6907252995047104,0.05863935306726742,0.05863935306726742,0.07629680350858248,0.0,0,1,1
trait_ou,mean,50,42,0.15751027702927778,0.6907252995047104,0.009357104428705854,0.0034570449424916605,0.009357104428705854,0.005900059486214193,0,0,0
trait_ou,mean,50,43,0.15792475482631946,0.6907252995047104,0.033776082440184596,0.033776082440184596,0.01482039542407887,0.0,0,1,1
trait_ou,mean,50,44,0.2728960110928439,0.6907252995047104,0.0,0.022073528841416445,0.022073528841416445,-0.022073528841416445,1,0,0
trait_ou,mean,50,45,0.2015569103841402,0.6907252995047104,0.02327881424052236,0.0034570449424916605,0.007793963469837295,0.0198217692980307,0,0,0
trait_ou,mean,50,46,0.1387505697591967,0.6907252995047104,0.007150820228128185,0.0034570449424916605,0.02453472227248077,0.0036937752856365247,0,0,0
trait_ou,mean,50,47,0.14589974018662522,0.6907252995047104,0.031157011141005775,0.031157011141005775,0.031157011141005775,0.0,0,1,1
trait_ou,mean,50,48,0.15377580331645602,0.6907252995047104,0.007793963469837295,0.007793963469837295,0.007793963469837295,0.0,0,1,1
trait_ou,mean,50,49,0.20578869287918844,0.6907252995047104,0.028998518687603614,0.028557641561249403,0.007793963469837295,0.00044087712635421106,0,0,0
trait_ou,mean,50,50,0.11625059326761533,0.6907252995047104,0.022073528841416334,6.460355991932953e-05,6.460355991932953e-05,0.022008925281497005,0,0,0
trait_ou,mean,50,51,0.07059908086978772,0.6907252995047104,0.0,0.0,0.0,0.0,0,1,0
trait_ou,mean,50,52,0.17719924274454762,0.6907252995047104,6.460355991932953e-05,6.460355991932953e-05,6.460355991932953e-05,0.0,0,1,1
trait_ou,mean,50,53,0.21875479161186873,0.6907252995047104,0.0,0.022043656035378945,0.022043656035378945,-0.022043656035378945,1,0,0
trait_ou,mean,50,54,0.15005892692355816,0.6907252995047104,0.03183563220872199,6.460355991932953e-05,6.460355991932953e-05,0.03177102864880266,0,0,0
trait_ou,mean,50,55,0.16656212233248813,0.6907252995047104,0.029483384904012477,0.006429936994737484,0.006429936994737484,0.023053447909274993,0,0,0
trait_ou,mean,50,56,0.18410610583836956,0.6907252995047104,0.01673717695478616,6.460355991932953e-05,6.460355991932953e-05,0.01667257339486683,0,0,0
trait_ou,mean,50,57,0.11345872112575778,0.6907252995047104,0.02518490160958986,0.05474391115014843,0.022073528841416445,-0.029559009540558567,1,0,0
trait_ou,mean,50,58,0.1688550513281426,0.6907252995047104,0.07660225114623731,0.047833294789329406,0.014335910833008558,0.028768956356907904,0,0,0
trait_ou,mean,50,59,0.09376319129170474,0.6907252995047104,0.029483384904012477,0.022043656035378945,0.009357104428705854,0.007439728868633533,0,0,0
trait_ou,mean,50,60,0.14302987957558966,0.6907252995047104,0.0,0.006429936994737262,0.0,-0.006429936994737262,1,0,0
trait_ou,mean,50,61,0.17295846427697786,0.6907252995047104,0.02327881424052236,0.01482039542407887,0.01482039542407887,0.008458418816443491,0,0,0
trait_ou,mean,50,62,0.12665138799442438,0.6907252995047104,0.030013999922933743,0.030013999922933743,0.030013999922933743,0.0,0,1,1
trait_ou,mean,50,63,0.1532900430836115,0.6907252995047104,0.04407616034592288,6.460355991932953e-05,6.460355991932953e-05,0.04401155678600355,0,0,0
trait_ou,mean,50,64,0.07971875931484118,0.6907252995047104,0.01673717695478616,0.0034570449424917715,0.009357104428705854,0.013280132012294388,0,0,0
trait_ou,mean,50,65,0.11339751088353561,0.6907252995047104,0.0,0.028557641561249403,0.0,-0.028557641561249403,1,0,0
trait_ou,mean,50,66,0.2292023269182918,0.6907252995047104,0.0034570449424917715,0.0034570449424917715,0.0034570449424917715,0.0,0,1,1
trait_ou,mean,50,67,0.08647434613707417,0.6907252995047104,0.0,0.006429936994737484,0.006429936994737484,-0.006429936994737484,1,0,0
trait_ou,mean,50,68,0.12237568237273544,0.6907252995047104,0.05275390355509646,0.05474391115014843,0.05474391115014843,-0.001990007595051968,1,0,0
trait_ou,mean,50,69,0.27044352260138993,0.6907252995047104,0.030013999922933854,0.030013999922933854,0.030013999922933854,0.0,0,1,1
trait_ou,mean,50,70,0.1726817807870391,0.6907252995047104,0.007150820228128185,0.007150820228128185,0.007150820228128185,0.0,0,1,1
trait_ou,mean,50,71,0.11445086991592346,0.6907252995047104,0.0,0.03948236568947949,0.02807701999074841,-0.03948236568947949,1,0,0
trait_ou,mean,50,72,0.1158774275299021,0.6907252995047104,0.022073528841416445,0.027577804294958375,0.027577804294958375,-0.005504275453541929,1,0,0
trait_ou,mean,50,73,0.17858864765228927,0.6907252995047104,0.022073528841416445,0.022073528841416445,0.028557641561249403,0.0,0,1,1
trait_ou,mean,50,74,0.1444197798929736,0.6907252995047104,0.007793963469837295,0.006713285763997989,0.045194045086796586,0.0010806777058393058,0,0,0
trait_ou,mean,50,75,0.17741027589963704,0.6907252995047104,0.03216825154893699,0.0,0.009357104428705854,0.03216825154893699,0,0,0
trait_ou,mean,50,76,0.08971142735626703,0.6907252995047104,0.0,0.007150820228128185,0.006713285763997989,-0.007150820228128185,1,0,0
trait_ou,mean,50,77,0.14317739224597503,0.6907252995047104,0.007150820228128185,0.01482039542407887,0.0067132857639981,-0.007669575195950684,1,0,0
trait_ou,mean,50,78,0.1254987238746451,0.6907252995047104,0.009357104428705854,0.009357104428705854,0.009357104428705854,0.0,0,1,1
trait_ou,mean,50,79,0.13918033488353176,0.6907252995047104,0.006429936994737484,0.006429936994737484,0.006429936994737484,0.0,0,1,1
trait_ou,mean,50,80,0.1098016551290178,0.6907252995047104,0.007150820228128185,0.007150820228128185,0.01482039542407887,0.0,0,1,1
trait_ou,mean,50,81,0.15726558276254005,0.6907252995047104,6.460355991932953e-05,6.460355991932953e-05,6.460355991932953e-05,0.0,0,1,1
trait_ou,mean,50,82,0.2624438246116029,0.6907252995047104,6.460355991932953e-05,6.460355991932953e-05,6.460355991932953e-05,0.0,0,1,1
trait_ou,mean,50,83,0.18823239982442563,0.6907252995047104,0.02781398409126945,0.09223264664334707,6.460355991932953e-05,-0.06441866255207762,1,0,0
trait_ou,mean,50,84,0.16305844719019236,0.6907252995047104,0.04890784615231236,0.041496443613811884,0.022929268809470882,0.007411402538500478,0,0,0
trait_ou,mean,50,85,0.20578977131727522,0.6907252995047104,0.0,0.022073528841416334,0.022073528841416334,-0.022073528841416334,1,0,0
trait_ou,mean,50,86,0.1426019893182861,0.6907252995047104,0.0067132857639981,0.0067132857639981,0.007793963469837295,0.0,0,1,1
trait_ou,mean,50,87,0.09617445324271201,0.6907252995047104,0.0,0.022929268809470882,0.022929268809470882,-0.022929268809470882,1,0,0
trait_ou,mean,50,88,0.20082499194202874,0.6907252995047104,0.029245541514213658,0.029328021304008245,0.029328021304008245,-8.247978979458725e-05,1,0,0
trait_ou,mean,50,89,0.15607346295065877,0.6907252995047104,0.0034570449424916605,0.006713285763997989,0.0034570449424916605,-0.0032562408215063288,1,0,0
trait_ou,mean,50,90,0.15177357387497503,0.6907252995047104,0.02327881424052236,0.006429936994737484,0.01673717695478616,0.016848877245784877,0,0,0
trait_ou,mean,50,91,0.11556527843083375,0.6907252995047104,0.05510284227069984,0.007793963469837295,0.007793963469837295,0.04730887880086254,0,0,0
trait_ou,mean,50,92,0.15008358432310992,0.6907252995047104,0.03595690901246118,6.460355991932953e-05,0.022929268809470882,0.03589230545254185,0,0,0
trait_ou,mean,50,93,0.1879736249551362,0.6907252995047104,6.460355991932953e-05,0.007150820228128185,6.460355991932953e-05,-0.007086216668208856,1,0,0
trait_ou,mean,50,94,0.12299957566499331,0.6907252995047104,6.460355991932953e-05,0.006713285763997989,0.006713285763997989,-0.00664868220407866,1,0,0
trait_ou,mean,50,95,0.187264884841493,0.6907252995047104,0.02327881424052236,0.03688303819268779,0.04664233927975958,-0.013604223952165428,1,0,0
trait_ou,mean,50,96,0.21904745901646,0.6907252995047104,0.07870046948436393,0.030013999922933743,6.460355991932953e-05,0.04868646956143019,0,0,0
trait_ou,mean,50,97,0.090877334739632,0.6907252995047104,0.01673717695478616,0.006429936994737262,0.029483384904012477,0.010307239960048897,0,0,0
trait_ou,mean,50,98,0.1345110307246728,0.6907252995047104,0.0468046965011083,0.04552383467948817,0.04552383467948817,0.0012808618216201273,0,0,0
trait_ou,mean,50,99,0.14142204320558616,0.6907252995047104,0.03216825154893699,0.006713285763997989,0.007793963469837295,0.025454965784939,0,0,0
trait_ou,occ_c0,25,0,0.16113831420156155,0.653779861527425,0.04248905535057523,0.07706557220482957,0.01719268032185739,-0.034576516854254336,1,0,0
trait_ou,occ_c0,25,1,0.27020882302813914,0.653779861527425,0.06281914445747083,0.02933790661640956,0.0057332935559278875,0.03348123784106127,0,0,0
trait_ou,occ_c0,25,2,0.2511130217430093,0.653779861527425,0.029591194539620336,0.02925148456411719,0.029591194539620336,0.0003397099755031441,0,0,0
trait_ou,occ_c0,25,3,0.18742204103495602,0.653779861527425,0.008662385670178963,0.008662385670178963,0.008662385670178963,0.0,0,1,1
trait_ou,occ_c0,25,4,0.20228162275356282,0.653779861527425,0.027839663870611098,0.07683525662976043,0.07683525662976043,-0.04899559275914933,1,0,0
trait_ou,occ_c0,25,5,0.231370372601295,0.653779861527425,0.052324026124497824,0.06291973279483909,0.026580452346111727,-0.010595706670341265,1,0,0
trait_ou,occ_c0,25,6,0.25520108060293034,0.653779861527425,0.0,0.0,0.006452778061558639,0.0,0,1,1
trait_ou,occ_c0,25,7,0.2623461200897764,0.653779861527425,0.0697457953337085,0.0697457953337085,0.0697457953337085,0.0,0,1,1
trait_ou,occ_c0,25,8,0.1176012104721072,0.653779861527425,0.0027074634236912143,0.0027074634236912143,0.008662385670178963,0.0,0,1,1
trait_ou,occ_c0,25,9,0.2842674448048424,0.653779861527425,0.01281599171782466,0.01281599171782466,0.01281599171782466,0.0,0,1,1
trait_ou,occ_c0,25,10,0.14387914927342288,0.653779861527425,0.05195953568815437,0.019747363005189866,0.019747363005189866,0.0322121726829645,0,0,0
trait_ou,occ_c0,25,11,0.20045103648495172,0.653779861527425,0.04399675571486017,0.04666194298113979,0.02933790661640956,-0.0026651872662796228,1,0,0
trait_ou,occ_c0,25,12,0.24200731071022463,0.653779861527425,0.06674312701196627,0.05215133646532111,0.04497806783398095,0.014591790546645167,0,0,0
trait_ou,occ_c0,25,13,0.20224687231779898,0.653779861527425,0.029251484564117303,0.029251484564117303,0.029251484564117303,0.0,0,1,1
trait_ou,occ_c0,25,14,0.19634856370099918,0.653779861527425,0.01281599171782466,0.01281599171782466,0.01281599171782466,0.0,0,1,1
trait_ou,occ_c0,25,15,0.17347463063640983,0.653779861527425,0.0027074634236909922,0.008662385670178963,0.008662385670178963,-0.00595492224648797,1,0,0
trait_ou,occ_c0,25,16,0.23021930090580506,0.653779861527425,0.07766898094641617,0.0027074634236909922,0.019747363005189866,0.07496151752272517,0,0,0
trait_ou,occ_c0,25,17,0.15551311270356694,0.653779861527425,0.013254539881511151,0.013254539881511151,0.013254539881511151,0.0,0,1,1
trait_ou,occ_c0,25,18,0.2551460303700601,0.653779861527425,0.04363274664355943,0.04363274664355943,0.04363274664355943,0.0,0,1,1
trait_ou,occ_c0,25,19,0.23491768886665487,0.653779861527425,0.01719268032185739,0.0,0.0,0.01719268032185739,0,0,0
trait_ou,occ_c0,25,20,0.20202693775698927,0.653779861527425,0.050702520000718065,0.013254539881511151,0.013254539881511151,0.037447980119206914,0,0,0
trait_ou,occ_c0,25,21,0.1916108059289101,0.653779861527425,0.02224048529156608,0.029007603241013813,0.007239640784359236,-0.006767117949447732,1,0,0
trait_ou,occ_c0,25,22,0.14811669601791738,0.653779861527425,0.04694132028535103,0.030862743127861525,0.0057332935559277765,0.016078577157489504,0,0,0
trait_ou,occ_c0,25,23,0.22262120626232867,0.653779861527425,0.050702520000718065,0.050702520000718065,0.050702520000718065,0.0,0,1,1
trait_ou,occ_c0,25,24,0.18691918106383115,0.653779861527425,0.022964118619552387,0.022964118619552387,0.0027074634236909922,0.0,0,1,1
trait_ou,occ_c0,25,25,0.20302488155663795,0.653779861527425,0.04983699095656713,0.03430485328824995,0.03430485328824995,0.01553213766831718,0,0,0
trait_ou,occ_c0,25,26,0.14324099808030155,0.653779861527425,0.0,0.022219243943727873,0.042477553814254,-0.022219243943727873,1,0,0
trait_ou,occ_c0,25,27,0.13506812705510113,0.653779861527425,0.022217055137887298,0.022964118619552387,0.022964118619552387,-0.000747063481665089,1,0,0
trait_ou,occ_c0,25,28,0.17216623695929129,0.653779861527425,0.04472670882457341,0.027962443920966917,0.027962443920966917,0.016764264903606496,0,0,0
trait_ou,occ_c0,25,29,0.36310208895095164,0.653779861527425,0.02933790661640956,0.006452778061558639,0.008662385670178963,0.02288512855485092,0,0,0
trait_ou,occ_c0,25,30,0.1931871754864175,0.653779861527425,0.03320314751268316,0.03320314751268316,0.04666194298113979,0.0,0,1,1
trait_ou,occ_c0,25,31,0.18482660082562563,0.653779861527425,0.013254539881511151,0.022217055137887187,0.022217055137887187,-0.008962515256376036,1,0,0
trait_ou,occ_c0,25,32,0.18796643158289583,0.653779861527425,0.0027074634236912143,0.0027074634236912143,0.0027074634236912143,0.0,0,1,1
trait_ou,occ_c0,25,33,0.1539471071104752,0.653779861527425,0.06858860419180834,0.04281674197440333,0.04281674197440333,0.025771862217405017,0,0,0
trait_ou,occ_c0,25,34,0.171562036982696,0.653779861527425,0.007239640784359236,0.007239640784359236,0.0057332935559277765,0.0,0,1,1
trait_ou,occ_c0,25,35,0.23297149551685786,0.653779861527425,0.03407087170471024,0.0057332935559278875,0.0057332935559278875,0.02833757814878235,0,0,0
trait_ou,occ_c0,25,36,0.1962338622107076,0.653779861527425,0.0,0.0,0.0027074634236909922,0.0,0,1,1
trait_ou,occ_c0,25,37,0.1374744640985357,0.653779861527425,0.027712279036625098,0.08321685978858084,0.027712279036625098,-0.055504580751955745,1,0,0
trait_ou,occ_c0,25,38,0.326841025645271,0.653779861527425,0.024542526749491533,0.019747363005189866,0.019747363005189866,0.004795163744301667,0,0,0
trait_ou,occ_c0,25,39,0.3011134583813798,0.653779861527425,7.422231605003216e-05,0.05331471095103868,0.07044117777502834,-0.05324048863498865,1,0,0
trait_ou,occ_c0,25,40,0.23325125274301423,0.653779861527425,0.06435141322539462,0.028834635866689218,0.028834635866689218,0.0355167773587054,0,0,0
trait_ou,occ_c0,25,41,0.15957128727669934,0.653779861527425,0.0027074634236909922,0.022995250308166626,0.026122401081914437,-0.020287786884475634,1,0,0
trait_ou,occ_c0,25,42,0.1614360755389731,0.653779861527425,0.050702520000718065,0.029007603241013813,0.029007603241013813,0.021694916759704252,0,0,0
trait_ou,occ_c0,25,43,0.20190871618827883,0.653779861527425,0.03320314751268316,0.05985171826792968,0.02470121350867205,-0.026648570755246515,1,0,0
trait_ou,occ_c0,25,44,0.19907599851253843,0.653779861527425,0.052599909272370904,0.0027074634236912143,0.017940253239822956,0.04989244584867969,0,0,0
trait_ou,occ_c0,25,45,0.23322097995307475,0.653779861527425,0.022219243943727873,0.0027074634236912143,0.0027074634236912143,0.01951178052003666,0,0,0
trait_ou,occ_c0,25,46,0.3163261285160075,0.653779861527425,0.05300566749041191,0.09381486740124034,0.0064527780615588615,-0.04080919991082843,1,0,0
trait_ou,occ_c0,25,47,0.1165129571386534,0.653779861527425,0.04472670882457341,0.006452778061558639,0.008662385670178963,0.038273930763014774,0,0,0
trait_ou,occ_c0,25,48,0.1472708266052184,0.653779861527425,0.06095674341165358,0.042477553814254,0.042477553814254,0.01847918959739958,0,0,0
trait_ou,occ_c0,25,49,0.20512665768330646,0.653779861527425,0.02470121350867205,0.030737302330408167,0.030737302330408167,-0.006036088821736119,1,0,0
trait_ou,occ_c0,25,50,0.18032890202277058,0.653779861527425,0.03394073807155973,7.422231605003216e-05,7.422231605003216e-05,0.033866515755509696,0,0,0
trait_ou,occ_c0,25,51,0.39317041839619815,0.653779861527425,0.06585402674267171,0.13503977696074154,0.13503977696074154,-0.06918575021806983,1,0,0
trait_ou,occ_c0,25,52,0.14196489118902023,0.653779861527425,0.06410019681049295,0.0057332935559278875,0.007239640784359236,0.05836690325456506,0,0,0
trait_ou,occ_c0,25,53,0.1709524219517804,0.653779861527425,0.05070252000071784,0.056370489838337035,0.02470121350867205,-0.005667969837619191,1,0,0
trait_ou,occ_c0,25,54,0.24513619611366322,0.653779861527425,0.07626097341702132,0.005617282249945732,0.005617282249945732,0.07064369116707558,0,0,0
trait_ou,occ_c0,25,55,0.1328449897348764,0.653779861527425,0.041118166446683646,0.01281599171782466,0.01281599171782466,0.028302174728858986,0,0,0
trait_ou,occ_c0,25,56,0.2563328994911087,0.653779861527425,0.04918411756349861,0.047353377133746544,0.047353377133746544,0.0018307404297520646,0,0,0
trait_ou,occ_c0,25,57,0.165466881292815,0.653779861527425,0.049567277390404896,0.049567277390404896,0.013908042130989506,0.0,0,1,1
trait_ou,occ_c0,25,58,0.19272364667409764,0.653779861527425,0.047537392501637576,0.040078389156536054,0.040078389156536054,0.0074590033451015225,0,0,0
trait_ou,occ_c0,25,59,0.2358898851365821,0.653779861527425,0.0027074634236909922,0.019747363005189866,0.019747363005189866,-0.017039899581498874,1,0,0
trait_ou,occ_c0,25,60,0.1606030282629578,0.653779861527425,0.027712279036625098,0.027712279036625098,0.027712279036625098,0.0,0,1,1
trait_ou,occ_c0,25,61,0.11233662523404409,0.653779861527425,0.07165783235025136,7.422231605003216e-05,0.016143341057408,0.07158361003420133,0,0,0
trait_ou,occ_c0,25,62,0.14934236744274199,0.653779861527425,0.056370489838337035,0.04399675571486017,0.06639909614329975,0.012373734123476865,0,0,0
trait_ou,occ_c0,25,63,0.17360816787076644,0.653779861527425,0.02879755122375005,0.02470121350867205,0.0064527780615588615,0.004096337715078002,0,0,0
trait_ou,occ_c0,25,64,0.1791665521291228,0.653779861527425,0.03095446572906868,0.008662385670178963,0.008662385670178963,0.02229208005888972,0,0,0
trait_ou,occ_c0,25,65,0.39153725904429315,0.653779861527425,0.06683609943199254,0.06828781555970598,0.06828781555970598,-0.0014517161277134427,1,0,0
trait_ou,occ_c0,25,66,0.18032693475016148,0.653779861527425,0.0027074634236912143,0.022964118619552387,0.022964118619552387,-0.020256655195861173,1,0,0
trait_ou,occ_c0,25,67,0.24874576819575656,0.653779861527425,0.04112983005124404,0.070854666001402,0.070854666001402,-0.029724835950157957,1,0,0
trait_ou,occ_c0,25,68,0.2868243923703964,0.653779861527425,0.045114820212013296,0.04027312489299195,0.04027312489299195,0.004841695319021344,0,0,0
trait_ou,occ_c0,25,69,0.22252406122964785,0.653779861527425,0.016143341057408,0.06385689527686111,0.0949298569578001,-0.047713554219453114,1,0,0
trait_ou,occ_c0,25,70,0.17654354567275682,0.653779861527425,0.008662385670178963,0.04396553206924647,0.008662385670178963,-0.03530314639906751,1,0,0
trait_ou,occ_c0,25,71,0.15418887364618183,0.653779861527425,0.0497524223618252,0.0497524223618252,0.0497524223618252,0.0,0,1,1
trait_ou,occ_c0,25,72,0.16350809708974945,0.653779861527425,0.027962443920966917,0.027712279036625098,0.027712279036625098,0.00025016488434181916,0,0,0
trait_ou,occ_c0,25,73,0.14054883071022006,0.653779861527425,0.04666194298113979,0.04666194298113979,0.04666194298113979,0.0,0,1,1
trait_ou,occ_c0,25,74,0.1562657566017941,0.653779861527425,0.04908906154394721,0.07386098651590212,0.007239640784359236,-0.024771924971954906,1,0,0
trait_ou,occ_c0,25,75,0.2504048528442022,0.653779861527425,0.0,0.03977310569706882,0.04363274664355954,-0.03977310569706882,1,0,0
trait_ou,occ_c0,25,76,0.17157983005937222,0.653779861527425,0.01281599171782466,0.017940253239822956,0.01281599171782466,-0.005124261521998297,1,0,0
trait_ou,occ_c0,25,77,0.1687344252580139,0.653779861527425,0.025979006350151712,0.02925148456411719,0.02925148456411719,-0.0032724782139654796,1,0,0
trait_ou,occ_c0,25,78,0.18925970463681957,0.653779861527425,0.0259790063501516,0.027962443920966917,0.027962443920966917,-0.0019834375708153162,1,0,0
trait_ou,occ_c0,25,79,0.17272670513207872,0.653779861527425,0.03407087170471024,0.0057332935559278875,0.03407087170471024,0.02833757814878235,0,0,0
trait_ou,occ_c0,25,80,0.19492572876371128,0.653779861527425,0.0064527780615588615,7.422231605003216e-05,0.02850577201867943,0.006378555745508829,0,0,0
trait_ou,occ_c0,25,81,0.1339137911309824,0.653779861527425,0.0564263859105808,0.02772398846077495,0.04399675571486017,0.02870239744980585,0,0,0
trait_ou,occ_c0,25,82,0.21852864445159553,0.653779861527425,0.1024126643935881,0.05080548230537962,0.0064527780615588615,0.05160718208820847,0,0,0
trait_ou,occ_c0,25,83,0.2736023094274294,0.653779861527425,0.02470121350867205,0.11501055950986272,0.11501055950986272,-0.09030934600119067,1,0,0
trait_ou,occ_c0,25,84,0.16626393715485766,0.653779861527425,0.030862743127861525,0.04704295049880103,0.04704295049880103,-0.016180207370939503,1,0,0
trait_ou,occ_c0,25,85,0.19628399902407678,0.653779861527425,0.056726679271390856,0.03229904243027737,0.0766479228896636,0.024427636841113487,0,0,0
trait_ou,occ_c0,25,86,0.12151618460151692,0.653779861527425,7.422231605003216e-05,7.422231605003216e-05,0.027962443920966806,0.0,0,1,1
trait_ou,occ_c0,25,87,0.22307207514668487,0.653779861527425,0.03407087170471024,0.03407087170471024,0.03407087170471024,0.0,0,1,1
trait_ou,occ_c0,25,88,0.3520715161335487,0.653779861527425,0.013908042130989506,0.013908042130989506,0.013908042130989506,0.0,0,1,1
trait_ou,occ_c0,25,89,0.24171124452889198,0.653779861527425,0.10881837607097766,0.06802631656723823,0.01614334105740789,0.04079205950373943,0,0,0
trait_ou,occ_c0,25,90,0.18610778222299246,0.653779861527425,0.09651060547072676,0.0027074634236909922,0.0027074634236909922,0.09380314204703577,0,0,0
trait_ou,occ_c0,25,91,0.2563622588011636,0.653779861527425,0.022217055137887187,0.03229904243027726,0.03229904243027726,-0.010081987292390071,1,0,0
trait_ou,occ_c0,25,92,0.15237631044098976,0.653779861527425,0.04983699095656691,0.04983699095656691,0.04983699095656691,0.0,0,1,1
trait_ou,occ_c0,25,93,0.1167875893419612,0.653779861527425,7.422231605003216e-05,0.028747886909351594,0.008662385670178963,-0.028673664593301562,1,0,0
trait_ou,occ_c0,25,94,0.15919258333736058,0.653779861527425,0.04562068258352747,0.04562068258352747,0.04562068258352747,0.0,0,1,1
trait_ou,occ_c0,25,95,0.35604848467401484,0.653779861527425,0.03320314751268316,0.09633304812193133,0.09633304812193133,-0.06312990060924817,1,0,0
trait_ou,occ_c0,25,96,0.3119783951563123,0.653779861527425,0.09557744933660939,0.06389337813889129,0.027962443920966806,0.0316840711977181,0,0,0
trait_ou,occ_c0,25,97,0.18984369956084973,0.653779861527425,0.028834635866689218,0.028834635866689218,0.028834635866689218,0.0,0,1,1
trait_ou,occ_c0,25,98,0.14627004362478074,0.653779861527425,0.042456614952784966,0.02232758330609308,0.050433803580862246,0.020129031646691886,0,0,0
trait_ou,occ_c0,25,99,0.17074093470294738,0.653779861527425,0.027962443920966917,0.006452778061558639,0.006452778061558639,0.021509665859408278,0,0,0
trait_ou,occ_c0,50,0,0.12082286258855068,0.653779861527425,0.0027074634236912143,0.0027074634236912143,0.0027074634236912143,0.0,0,1,1
trait_ou,occ_c0,50,1,0.17666140850015932,0.653779861527425,7.422231605003216e-05,7.422231605003216e-05,7.422231605003216e-05,0.0,0,1,1
trait_ou,occ_c0,50,2,0.16612091828962838,0.653779861527425,7.422231605003216e-05,7.422231605003216e-05,1.1102230246251565e-16,0.0,0,1,1
trait_ou,occ_c0,50,3,0.1505160790252842,0.653779861527425,0.005617282249945732,0.03394073807155973,0.01281599171782466,-0.028323455821613996,1,0,0
trait_ou,occ_c0,50,4,0.12036159204835278,0.653779861527425,0.026544543120398667,0.008662385670178963,0.008662385670178963,0.017882157450219704,0,0,0
trait_ou,occ_c0,50,5,0.14962321741039797,0.653779861527425,0.008662385670178963,0.008662385670178963,0.008662385670178963,0.0,0,1,1
trait_ou,occ_c0,50,6,0.14923127490947996,0.653779861527425,0.021848289039633095,1.1102230246251565e-16,1.1102230246251565e-16,0.021848289039632984,0,0,0
trait_ou,occ_c0,50,7,0.3747944558401799,0.653779861527425,0.02232758330609308,0.04396553206924647,0.04396553206924647,-0.021637948763153392,1,0,0
trait_ou,occ_c0,50,8,0.1682988971017889,0.653779861527425,0.02224048529156608,1.1102230246251565e-16,1.1102230246251565e-16,0.02224048529156597,0,0,0
trait_ou,occ_c0,50,9,0.15935559605025462,0.653779861527425,0.005617282249945732,0.005617282249945732,0.017940253239822956,0.0,0,1,1
trait_ou,occ_c0,50,10,0.11722097882840615,0.653779861527425,0.04531074664236456,0.02232758330609308,0.02232758330609308,0.022983163336271484,0,0,0
trait_ou,occ_c0,50,11,0.1093847106451642,0.653779861527425,7.422231605003216e-05,0.0,1.1102230246251565e-16,7.422231605003216e-05,0,0,0
trait_ou,occ_c0,50,12,0.20243464305029135,0.653779861527425,0.0656702777870729,0.0656702777870729,0.06791723049262699,0.0,0,1,1
trait_ou,occ_c0,50,13,0.1339474164254406,0.653779861527425,0.04756277524420971,1.1102230246251565e-16,0.02850577201867943,0.0475627752442096,0,0,0
trait_ou,occ_c0,50,14,0.11542748153620447,0.653779861527425,0.02622953046155374,0.0064527780615588615,0.0064527780615588615,0.01977675239999488,0,0,0
trait_ou,occ_c0,50,15,0.16645809750405943,0.653779861527425,0.022219243943727873,7.422231605003216e-05,7.422231605003216e-05,0.02214502162767784,0,0,0
trait_ou,occ_c0,50,16,0.09277019425140787,0.653779861527425,0.0027074634236909922,1.1102230246251565e-16,0.0027074634236909922,0.0027074634236908812,0,0,0
trait_ou,occ_c0,50,17,0.19411260906906797,0.653779861527425,0.022217055137887187,0.045114820212013296,0.040078389156536054,-0.02289776507412611,1,0,0
trait_ou,occ_c0,50,18,0.16252665329729654,0.653779861527425,0.04577142604057782,1.1102230246251565e-16,0.0027074634236909922,0.04577142604057771,0,0,0
trait_ou,occ_c0,50,19,0.18718099256685994,0.653779861527425,0.0,0.0,0.0,0.0,0,1,1
trait_ou,occ_c0,50,20,0.2112005731744201,0.653779861527425,0.07572602517732152,0.07572602517732152,0.006452778061558639,0.0,0,1,1
trait_ou,occ_c0,50,21,0.1062791863251692,0.653779861527425,0.026580452346111727,0.04112983005124404,0.013908042130989506,-0.014549377705132316,1,0,0
trait_ou,occ_c0,50,22,0.13087094497757557,0.653779861527425,0.0477962071438226,0.01719268032185739,0.01719268032185739,0.03060352682196521,0,0,0
trait_ou,occ_c0,50,23,0.14044459904879975,0.653779861527425,0.0064527780615588615,0.013254539881511374,7.422231605003216e-05,-0.006801761819952512,1,0,0
trait_ou,occ_c0,50,24,0.14689439897913997,0.653779861527425,0.028747886909351594,0.022219243943727873,0.028747886909351594,0.006528642965623721,0,0,0
trait_ou,occ_c0,50,25,0.1741991306217378,0.653779861527425,0.0057332935559278875,0.0057332935559278875,0.0057332935559278875,0.0,0,1,1
trait_ou,occ_c0,50,26,0.1234258208072041,0.653779861527425,0.028834635866689218,7.422231605003216e-05,7.422231605003216e-05,0.028760413550639186,0,0,0
trait_ou,occ_c0,50,27,0.1536071511281723,0.653779861527425,0.028747886909351594,0.0,0.0,0.028747886909351594,0,0,0
trait_ou,occ_c0,50,28,0.13440960724516443,0.653779861527425,0.022964118619552387,0.015382351347045686,1.1102230246251565e-16,0.007581767272506701,0,0,0
trait_ou,occ_c0,50,29,0.10328268424948128,0.653779861527425,7.422231605003216e-05,7.422231605003216e-05,7.422231605003216e-05,0.0,0,1,1
trait_ou,occ_c0,50,30,0.18764504484679762,0.653779861527425,0.04720383375791104,0.03095446572906868,0.027712279036624987,0.01624936802884236,0,0,0
trait_ou,occ_c0,50,31,0.14078526692248772,0.653779861527425,0.0057332935559277765,0.008662385670178963,0.0057332935559277765,-0.002929092114251186,1,0,0
trait_ou,occ_c0,50,32,0.17393372431680953,0.653779861527425,0.04281674197440333,0.04472670882457341,0.04281674197440333,-0.0019099668501700862,1,0,0
trait_ou,occ_c0,50,33,0.17091369748784935,0.653779861527425,0.10591465666468436,0.10591465666468436,0.0,0.0,0,1,1
trait_ou,occ_c0,50,34,0.13794898735489197,0.653779861527425,0.01614334105740789,0.016143341057408,1.1102230246251565e-16,-1.1102230246251565e-16,0,1,0
trait_ou,occ_c0,50,35,0.12547501702289882,0.653779861527425,0.02622953046155374,0.0057332935559277765,0.03095446572906868,0.020496236905625964,0,0,0
trait_ou,occ_c0,50,36,0.11091088542507033,0.653779861527425,0.022217055137887187,0.0027074634236909922,0.0027074634236909922,0.019509591714196195,0,0,0
trait_ou,occ_c0,50,37,0.15231187748733477,0.653779861527425,7.422231605003216e-05,7.422231605003216e-05,7.422231605003216e-05,0.0,0,1,1
trait_ou,occ_c0,50,38,0.07986816995403673,0.653779861527425,0.008662385670178963,0.0027074634236909922,0.0027074634236909922,0.00595492224648797,0,0,0
trait_ou,occ_c0,50,39,0.15006886754876664,0.653779861527425,0.030862743127861525,0.030862743127861525,0.030862743127861525,0.0,0,1,1
trait_ou,occ_c0,50,40,0.12663460663438453,0.653779861527425,0.0057332935559277765,0.027962443920966917,0.008662385670178963,-0.02222915036503914,1,0,0
trait_ou,occ_c0,50,41,0.1393220978713644,0.653779861527425,0.05642638591058069,0.05642638591058069,0.07386098651590212,0.0,0,1,1
trait_ou,occ_c0,50,42,0.14883831448202833,0.653779861527425,0.0027074634236909922,0.0027074634236912143,0.008662385670178963,-2.220446049250313e-16,0,1,0
trait_ou,occ_c0,50,43,0.14942302763797294,0.653779861527425,7.422231605003216e-05,0.013254539881511374,0.013254539881511374,-0.013180317565461341,1,0,0
trait_ou,occ_c0,50,44,0.2609305983576294,0.653779861527425,1.1102230246251565e-16,0.02232758330609308,0.02232758330609308,-0.02232758330609297,1,0,0
trait_ou,occ_c0,50,45,0.1918381137014742,0.653779861527425,0.022219243943727873,0.0027074634236912143,0.007239640784359236,0.01951178052003666,0,0,0
trait_ou,occ_c0,50,46,0.1328187886324948,0.653779861527425,0.005617282249945732,0.0027074634236912143,0.022338987727819393,0.0029098188262545177,0,0,0
trait_ou,occ_c0,50,47,0.14213173620751057,0.653779861527425,0.029007603241013813,0.029007603241013813,0.029007603241013813,0.0,0,1,1
trait_ou,occ_c0,50,48,0.1458964213563424,0.653779861527425,0.007239640784359236,0.007239640784359236,0.007239640784359236,0.0,0,1,1
trait_ou,occ_c0,50,49,0.19667856979285042,0.653779861527425,0.02772398846077495,0.027839663870611098,0.007239640784359236,-0.00011567540983614677,1,0,0
trait_ou,occ_c0,50,50,0.11047302006897003,0.653779861527425,0.04927411710616714,7.422231605003216e-05,7.422231605003216e-05,0.049199894790117105,0,0,0
trait_ou,occ_c0,50,51,0.06831578205230604,0.653779861527425,1.1102230246251565e-16,0.0,0.0,1.1102230246251565e-16,0,1,0
trait_ou,occ_c0,50,52,0.17043388931829961,0.653779861527425,7.422231605003216e-05,7.422231605003216e-05,7.422231605003216e-05,0.0,0,1,1
trait_ou,occ_c0,50,53,0.2076821976835253,0.653779861527425,1.1102230246251565e-16,0.022292132453603064,0.022292132453603064,-0.022292132453602953,1,0,0
trait_ou,occ_c0,50,54,0.13850093128559088,0.653779861527425,0.05560358447018465,7.422231605003216e-05,7.422231605003216e-05,0.05552936215413462,0,0,0
trait_ou,occ_c0,50,55,0.1569579788647304,0.653779861527425,0.02928580333048203,0.006452778061558639,0.006452778061558639,0.02283302526892339,0,0,0
trait_ou,occ_c0,50,56,0.17537323749494593,0.653779861527425,0.01614334105740789,7.422231605003216e-05,7.422231605003216e-05,0.016069118741357857,0,0,0
trait_ou,occ_c0,50,57,0.10902360836806213,0.653779861527425,0.02470121350867205,0.02232758330609308,0.02232758330609308,0.002373630202578969,0,0,0
trait_ou,occ_c0,50,58,0.16042675008932628,0.653779861527425,0.07320601255988424,0.04646405810782239,0.013908042130989506,0.026741954452061845,0,0,0
trait_ou,occ_c0,50,59,0.08979173446237132,0.653779861527425,0.07411289305675584,0.022292132453602953,0.008662385670178963,0.05182076060315288,0,0,0
trait_ou,occ_c0,50,60,0.13755787646382273,0.653779861527425,1.1102230246251565e-16,1.1102230246251565e-16,1.1102230246251565e-16,0.0,0,1,1
trait_ou,occ_c0,50,61,0.1640253560096236,0.653779861527425,0.022219243943727873,0.013254539881511374,0.013254539881511374,0.0089647040622165,0,0,0
trait_ou,occ_c0,50,62,0.12092012905663829,0.653779861527425,0.029251484564117303,0.029251484564117303,0.029251484564117303,0.0,0,1,1
trait_ou,occ_c0,50,63,0.14752408474462764,0.653779861527425,7.422231605003216e-05,7.422231605003216e-05,7.422231605003216e-05,0.0,0,1,1
trait_ou,occ_c0,50,64,0.07131208763922925,0.653779861527425,0.01614334105740789,0.0027074634236909922,0.008662385670178963,0.013435877633716897,0,0,0
trait_ou,occ_c0,50,65,0.1069140211675551,0.653779861527425,1.1102230246251565e-16,0.027839663870611098,1.1102230246251565e-16,-0.027839663870610987,1,0,0
trait_ou,occ_c0,50,66,0.21855023473110735,0.653779861527425,0.0027074634236909922,0.0027074634236909922,0.0027074634236909922,0.0,0,1,1
trait_ou,occ_c0,50,67,0.08272936294355854,0.653779861527425,1.1102230246251565e-16,0.006452778061558639,0.006452778061558639,-0.006452778061558528,1,0,0
trait_ou,occ_c0,50,68,0.11542808690457135,0.653779861527425,0.05346556167772476,0.05346556167772476,0.05346556167772476,0.0,0,1,1
trait_ou,occ_c0,50,69,0.257086160717591,0.653779861527425,0.02925148456411719,0.02925148456411719,0.02925148456411719,0.0,0,1,1
trait_ou,occ_c0,50,70,0.1671216041771172,0.653779861527425,0.005617282249945732,0.005617282249945732,0.005617282249945732,0.0,0,1,1
trait_ou,occ_c0,50,71,0.10925203036600806,0.653779861527425,1.1102230246251565e-16,0.03818532161844623,0.026122401081914437,-0.03818532161844612,1,0,0
trait_ou,occ_c0,50,72,0.10914428566575796,0.653779861527425,0.02232758330609308,0.025979006350151712,0.025979006350151712,-0.0036514230440586326,1,0,0
trait_ou,occ_c0,50,73,0.1725998865623491,0.653779861527425,0.02232758330609308,0.02232758330609308,0.027839663870611098,0.0,0,1,1
trait_ou,occ_c0,50,74,0.1360836172118281,0.653779861527425,0.027962443920966917,0.0057332935559277765,0.04399675571486017,0.02222915036503914,0,0,0
trait_ou,occ_c0,50,75,0.16846714541302715,0.653779861527425,0.030737302330408167,1.1102230246251565e-16,0.008662385670178963,0.030737302330408056,0,0,0
trait_ou,occ_c0,50,76,0.08561114623676486,0.653779861527425,0.04396553206924647,0.005617282249945732,0.0057332935559277765,0.03834824981930074,0,0,0
trait_ou,occ_c0,50,77,0.13859618137918495,0.653779861527425,0.005617282249945732,0.013254539881511151,0.0057332935559278875,-0.0076372576315654195,1,0,0
trait_ou,occ_c0,50,78,0.12038526770602026,0.653779861527425,0.008662385670178963,0.008662385670178963,0.008662385670178963,0.0,0,1,1
trait_ou,occ_c0,50,79,0.13333709846231767,0.653779861527425,0.006452778061558639,0.006452778061558639,0.006452778061558639,0.0,0,1,1
trait_ou,occ_c0,50,80,0.10600176120308541,0.653779861527425,0.005617282249945732,0.005617282249945732,0.013254539881511151,0.0,0,1,1
trait_ou,occ_c0,50,81,0.14979189754201822,0.653779861527425,7.422231605003216e-05,7.422231605003216e-05,7.422231605003216e-05,0.0,0,1,1
trait_ou,occ_c0,50,82,0.2537198190796997,0.653779861527425,7.422231605003216e-05,7.422231605003216e-05,7.422231605003216e-05,0.0,0,1,1
trait_ou,occ_c0,50,83,0.17902361540159273,0.653779861527425,0.02622953046155374,0.0883954435094183,7.422231605003216e-05,-0.06216591304786456,1,0,0
trait_ou,occ_c0,50,84,0.15441205325925567,0.653779861527425,0.04694132028535103,0.040078389156536054,0.022217055137887187,0.006862931128814975,0,0,0
trait_ou,occ_c0,50,85,0.19696719471747742,0.653779861527425,1.1102230246251565e-16,0.02232758330609308,0.02232758330609308,-0.02232758330609297,1,0,0
trait_ou,occ_c0,50,86,0.13757669750698148,0.653779861527425,0.0057332935559278875,0.0057332935559278875,0.007239640784359236,0.0,0,1,1
trait_ou,occ_c0,50,87,0.09468280007006907,0.653779861527425,0.0,0.022217055137887187,0.0,-0.022217055137887187,1,0,0
trait_ou,occ_c0,50,88,0.19229899648167986,0.653779861527425,0.028747886909351594,0.028834635866689218,0.028834635866689218,-8.674895733762344e-05,1,0,0
trait_ou,occ_c0,50,89,0.14799058891622496,0.653779861527425,0.0027074634236912143,0.0057332935559277765,0.0027074634236912143,-0.003025830132236562,1,0,0
trait_ou,occ_c0,50,90,0.1454615793904222,0.653779861527425,0.022219243943727873,0.006452778061558639,0.016143341057408,0.015766465882169234,0,0,0
trait_ou,occ_c0,50,91,0.110672537162124,0.653779861527425,0.05266683394406879,0.007239640784359236,0.007239640784359236,0.045427193159709556,0,0,0
trait_ou,occ_c0,50,92,0.1433112080487155,0.653779861527425,0.03394073807155973,7.422231605003216e-05,0.022217055137887298,0.033866515755509696,0,0,0
trait_ou,occ_c0,50,93,0.17746033364550812,0.653779861527425,7.422231605003216e-05,0.005617282249945732,7.422231605003216e-05,-0.0055430599338957,1,0,0
trait_ou,occ_c0,50,94,0.11744734830494374,0.653779861527425,7.422231605003216e-05,0.0057332935559277765,0.0057332935559277765,-0.005659071239877744,1,0,0
trait_ou,occ_c0,50,95,0.17840637690405403,0.653779861527425,0.04531074664236456,0.035555661747309064,0.04531074664236456,0.0097550848950555,0,0,0
trait_ou,occ_c0,50,96,0.20755707146923902,0.653779861527425,0.07547949236397422,7.422231605003216e-05,7.422231605003216e-05,0.07540527004792419,0,0,0
trait_ou,occ_c0,50,97,0.08669451149711926,0.653779861527425,0.016143341057408,0.0064527780615588615,0.02928580333048203,0.009690562995849139,0,0,0
trait_ou,occ_c0,50,98,0.1304171711691477,0.653779861527425,0.04479264064921862,0.043237369929579494,0.043237369929579494,0.0015552707196391236,0,0,0
trait_ou,occ_c0,50,99,0.1364555043466073,0.653779861527425,0.030737302330408167,0.0057332935559277765,0.007239640784359236,0.02500400877448039,0,0,0
trait_ou,occ_c1,25,0,0.15223341637910437,0.608515293682732,0.07618063144948872,0.07618063144948872,0.01727713691557342,0.0,0,1,1
trait_ou,occ_c1,25,1,0.24586505647286488,0.608515293682732,0.005040746718149469,0.03034452596118653,0.005040746718149469,-0.02530377924303706,1,0,0
trait_ou,occ_c1,25,2,0.23030929297167946,0.608515293682732,0.02993119580340242,0.02932458771225155,0.02993119580340242,0.0006066080911508731,0,0,0
trait_ou,occ_c1,25,3,0.17477763242632388,0.608515293682732,0.008732818429402545,0.008732818429402545,0.008732818429402545,0.0,0,1,1
trait_ou,occ_c1,25,4,0.1915137476902976,0.608515293682732,0.07605230527136253,0.07605230527136253,0.07605230527136253,0.0,0,1,1
trait_ou,occ_c1,25,5,0.21995357040042773,0.608515293682732,0.052875478041707225,0.0631772907753575,0.026261299367902113,-0.010301812733650273,1,0,0
trait_ou,occ_c1,25,6,0.2576582927057739,0.608515293682732,0.01189924335848791,0.0,0.006941699545954583,0.01189924335848791,0,0,0
trait_ou,occ_c1,25,7,0.25126986739488183,0.608515293682732,0.06814920123099588,0.06814920123099588,0.06814920123099588,0.0,0,1,1
trait_ou,occ_c1,25,8,0.11158127009881208,0.608515293682732,0.0022651238521276262,0.0022651238521276262,0.008732818429402656,0.0,0,1,1
trait_ou,occ_c1,25,9,0.25742800453117043,0.608515293682732,0.013149521838083045,0.013149521838083045,0.013149521838083045,0.0,0,1,1
trait_ou,occ_c1,25,10,0.13851307650483408,0.608515293682732,0.04917685685137074,0.019405172940073934,0.019405172940073934,0.02977168391129681,0,0,0
trait_ou,occ_c1,25,11,0.1865997838292584,0.608515293682732,0.025036040715089247,0.04556579806323746,0.03034452596118653,-0.020529757348148214,1,0,0
trait_ou,occ_c1,25,12,0.22612998855815375,0.608515293682732,0.0631772907753575,0.0631772907753575,0.04500080613864976,0.0,0,1,1
trait_ou,occ_c1,25,13,0.1912400571368677,0.608515293682732,0.02932458771225166,0.02932458771225166,0.02932458771225166,0.0,0,1,1
trait_ou,occ_c1,25,14,0.18563907150342218,0.608515293682732,0.013149521838083045,0.013149521838083045,0.013149521838083045,0.0,0,1,1
trait_ou,occ_c1,25,15,0.1652079822913327,0.608515293682732,0.0022651238521276262,0.008732818429402545,0.008732818429402545,-0.006467694577274918,1,0,0
trait_ou,occ_c1,25,16,0.22260398279938642,0.608515293682732,0.07362456142858942,0.0022651238521276262,0.019405172940073934,0.07135943757646179,0,0,0
trait_ou,occ_c1,25,17,0.1434650583454644,0.608515293682732,0.01189924335848791,0.01189924335848791,0.01189924335848791,0.0,0,1,1
trait_ou,occ_c1,25,18,0.2374282453324738,0.608515293682732,0.04392966394786668,0.04392966394786668,0.04392966394786668,0.0,0,1,1
trait_ou,occ_c1,25,19,0.2129455477909693,0.608515293682732,0.01727713691557342,0.0001223529239841037,0.0001223529239841037,0.017154783991589317,0,0,0
trait_ou,occ_c1,25,20,0.18640127139293589,0.608515293682732,0.049447995104081044,0.01189924335848791,0.01189924335848791,0.037548751745593134,0,0,0
trait_ou,occ_c1,25,21,0.18735408910572282,0.608515293682732,0.026139780653946065,0.027843776041264423,0.007502886872706838,-0.0017039953873183578,1,0,0
trait_ou,occ_c1,25,22,0.14295222156977094,0.608515293682732,0.04687852432548201,0.031160990004251654,0.005040746718149469,0.015717534321230353,0,0,0
trait_ou,occ_c1,25,23,0.20601945791556214,0.608515293682732,0.04531049244243668,0.049447995104081044,0.049447995104081044,-0.0041375026616443655,1,0,0
trait_ou,occ_c1,25,24,0.18360652471568945,0.608515293682732,0.022366849855308235,0.022366849855308235,0.0022651238521276262,0.0,0,1,1
trait_ou,occ_c1,25,25,0.20317615755702267,0.608515293682732,0.04863288330888327,0.033623357559094735,0.033623357559094735,0.015009525749788533,0,0,0
trait_ou,occ_c1,25,26,0.1345514180962598,0.608515293682732,0.01189924335848791,0.021947566690058595,0.04083232030693407,-0.010048323331570685,1,0,0
trait_ou,occ_c1,25,27,0.12774294703318434,0.608515293682732,0.022366849855308235,0.022366849855308235,0.022366849855308235,0.0,0,1,1
trait_ou,occ_c1,25,28,0.1583663950202998,0.608515293682732,0.04453623492349024,0.027965258354374467,0.027965258354374467,0.01657097656911577,0,0,0
trait_ou,occ_c1,25,29,0.33242431169965103,0.608515293682732,0.04531049244243668,0.005040746718149469,0.008732818429402545,0.04026974572428721,0,0,0
trait_ou,occ_c1,25,30,0.18187336191796089,0.608515293682732,0.10544494867910204,0.031885976868650245,0.04556579806323746,0.07355897181045179,0,0,0
trait_ou,occ_c1,25,31,0.18290935624645194,0.608515293682732,0.01189924335848791,0.022750713844382542,0.0022651238521276262,-0.010851470485894632,1,0,0
trait_ou,occ_c1,25,32,0.18278823350845036,0.608515293682732,0.04910676251884605,0.0022651238521276262,0.0022651238521276262,0.04684163866671842,0,0,0
trait_ou,occ_c1,25,33,0.1489887378195609,0.608515293682732,0.04164996473671834,0.04164996473671834,0.04164996473671834,0.0,0,1,1
trait_ou,occ_c1,25,34,0.16096569886627693,0.608515293682732,0.007502886872706838,0.008732818429402656,0.005040746718149469,-0.001229931556695818,1,0,0
trait_ou,occ_c1,25,35,0.21620798384938278,0.608515293682732,0.06814920123099588,0.005040746718149469,0.005040746718149469,0.06310845451284641,0,0,0
trait_ou,occ_c1,25,36,0.18326284415200134,0.608515293682732,0.03990585808902214,0.01727713691557342,0.0022651238521276262,0.022628721173448718,0,0,0
trait_ou,occ_c1,25,37,0.12953000727817804,0.608515293682732,0.027742782564488366,0.0769476346391772,0.0,-0.04920485207468883,1,0,0
trait_ou,occ_c1,25,38,0.2989764541847481,0.608515293682732,0.05055355480622703,0.039845500212371765,0.039845500212371765,0.010708054593855265,0,0,0
trait_ou,occ_c1,25,39,0.26949340595793986,0.608515293682732,0.0001223529239841037,0.05374956930918473,0.07075994212768266,-0.05362721638520063,1,0,0
trait_ou,occ_c1,25,40,0.2183451758097429,0.608515293682732,0.06347668650169813,0.06347668650169813,0.06347668650169813,0.0,0,1,1
trait_ou,occ_c1,25,41,0.15451619028247437,0.608515293682732,0.0022651238521276262,0.022849602946337866,0.025036040715089247,-0.02058447909421024,1,0,0
trait_ou,occ_c1,25,42,0.1551622077162541,0.608515293682732,0.0022651238521276262,0.027843776041264312,0.027843776041264312,-0.025578652189136686,1,0,0
trait_ou,occ_c1,25,43,0.19776091234152487,0.608515293682732,0.046426793776583763,0.06016777508063098,0.02581425678282845,-0.013740981304047217,1,0,0
trait_ou,occ_c1,25,44,0.19647365221061724,0.608515293682732,0.027415103616139525,0.0022651238521276262,0.01766387711368489,0.0251499797640119,0,0,0
trait_ou,occ_c1,25,45,0.20732839251430074,0.608515293682732,0.03410729268346546,0.0022651238521276262,0.0022651238521276262,0.031842168831337836,0,0,0
trait_ou,occ_c1,25,46,0.29145137407557203,0.608515293682732,0.052891330825189375,0.09145430235120633,0.006941699545954805,-0.038562971526016954,1,0,0
trait_ou,occ_c1,25,47,0.10720325905288652,0.608515293682732,0.04453623492349024,0.005040746718149469,0.008732818429402545,0.03949548820534077,0,0,0
trait_ou,occ_c1,25,48,0.1431071788535968,0.608515293682732,0.05927397590705108,0.04083232030693418,0.04083232030693418,0.018441655600116902,0,0,0
trait_ou,occ_c1,25,49,0.19296754404796118,0.608515293682732,0.02581425678282845,0.030456894065807982,0.030456894065807982,-0.004642637282979534,1,0,0
trait_ou,occ_c1,25,50,0.1780381508852335,0.608515293682732,0.03277062421277577,0.0001223529239841037,0.0001223529239841037,0.032648271288791664,0,0,0
trait_ou,occ_c1,25,51,0.35548907616060954,0.608515293682732,0.09750004123334877,0.1303625942126415,0.1303625942126415,-0.03286255297929275,1,0,0
trait_ou,occ_c1,25,52,0.13172973466717075,0.608515293682732,0.062192065451841416,0.005040746718149469,0.007502886872706838,0.05715131873369195,0,0,0
trait_ou,occ_c1,25,53,0.1650019487881979,0.608515293682732,0.008732818429402656,0.054414916515680645,0.02581425678282845,-0.04568209808627799,1,0,0
trait_ou,occ_c1,25,54,0.2403274920597097,0.608515293682732,0.07227596110736101,0.003758291816139736,0.003758291816139736,0.06851766929122127,0,0,0
trait_ou,occ_c1,25,55,0.12917513910960138,0.608515293682732,0.060449346842367024,0.013149521838083045,0.013149521838083045,0.04729982500428398,0,0,0
trait_ou,occ_c1,25,56,0.22511840793440596,0.608515293682732,0.04911903346751523,0.019405172940073934,0.019405172940073934,0.029713860527441294,0,0,0
trait_ou,occ_c1,25,57,0.15442492356847415,0.608515293682732,0.02219034529435615,0.04977727907126972,0.014228301346630223,-0.02758693377691357,1,0,0
trait_ou,occ_c1,25,58,0.1870069724994715,0.608515293682732,0.01727713691557342,0.04066395320991034,0.04066395320991034,-0.02338681629433692,1,0,0
trait_ou,occ_c1,25,59,0.23067568930007415,0.608515293682732,0.0022651238521276262,0.019405172940073934,0.019405172940073934,-0.017140049087946307,1,0,0
trait_ou,occ_c1,25,60,0.15718684200154026,0.608515293682732,0.027742782564488366,0.005040746718149469,0.027742782564488366,0.022702035846338897,0,0,0
trait_ou,occ_c1,25,61,0.10670844363482407,0.608515293682732,0.04061828045120153,0.023830926714271894,0.0001223529239841037,0.016787353736929633,0,0,0
trait_ou,occ_c1,25,62,0.14248039654343847,0.608515293682732,0.054414916515680645,0.04531049244243668,0.027843776041264423,0.009104424073243966,0,0,0
trait_ou,occ_c1,25,63,0.16178231745897453,0.608515293682732,0.029235411901023967,0.02581425678282845,0.008732818429402545,0.003421155118195518,0,0,0
trait_ou,occ_c1,25,64,0.1693622401152044,0.608515293682732,0.08942212656380932,0.008732818429402545,0.008732818429402545,0.08068930813440678,0,0,0
trait_ou,occ_c1,25,65,0.35038381661040124,0.608515293682732,0.06951493270089626,0.06951493270089626,0.06951493270089626,0.0,0,1,1
trait_ou,occ_c1,25,66,0.1755066640683678,0.608515293682732,0.0022651238521276262,0.022366849855308235,0.022366849855308235,-0.02010172600318061,1,0,0
trait_ou,occ_c1,25,67,0.23093458772410208,0.608515293682732,0.04103476254686911,0.04103476254686911,0.04103476254686911,0.0,0,1,1
trait_ou,occ_c1,25,68,0.254733720837932,0.608515293682732,0.022750713844382542,0.053650845407033465,0.053650845407033465,-0.030900131562650923,1,0,0
trait_ou,occ_c1,25,69,0.20650128634729673,0.608515293682732,0.016368779027633895,0.09415267686290685,0.09415267686290685,-0.07778389783527295,1,0,0
trait_ou,occ_c1,25,70,0.16409803566412745,0.608515293682732,0.0022651238521276262,0.04104758161464872,0.008732818429402545,-0.038782457762521094,1,0,0
trait_ou,occ_c1,25,71,0.1507880732322593,0.608515293682732,0.02389685107921702,0.050903028263050265,0.050903028263050265,-0.027006177183833247,1,0,0
trait_ou,occ_c1,25,72,0.15864086046720483,0.608515293682732,0.005040746718149469,0.027742782564488366,0.027742782564488366,-0.022702035846338897,1,0,0
trait_ou,occ_c1,25,73,0.13180259446087833,0.608515293682732,0.04556579806323746,0.04556579806323746,0.04556579806323746,0.0,0,1,1
trait_ou,occ_c1,25,74,0.14337454057300436,0.608515293682732,0.049026893882775924,0.07433918321129063,0.007502886872706838,-0.025312289328514703,1,0,0
trait_ou,occ_c1,25,75,0.23262356442844073,0.608515293682732,0.08753603661776599,0.027742782564488366,0.04392966394786657,0.05979325405327762,0,0,0
trait_ou,occ_c1,25,76,0.1610597161074615,0.608515293682732,0.013149521838083045,0.01766387711368489,0.013149521838083045,-0.004514355275601845,1,0,0
trait_ou,occ_c1,25,77,0.1560439155064519,0.608515293682732,0.025029785781719438,0.02932458771225155,0.02932458771225155,-0.004294801930532111,1,0,0
trait_ou,occ_c1,25,78,0.1741373419445591,0.608515293682732,0.02502978578171955,0.027965258354374467,0.027965258354374467,-0.002935472572654918,1,0,0
trait_ou,occ_c1,25,79,0.1638703308653357,0.608515293682732,0.03410729268346546,0.005040746718149469,0.03410729268346546,0.029066545965315993,0,0,0
trait_ou,occ_c1,25,80,0.19317962067552696,0.608515293682732,0.029544144721152632,0.09110715265831593,0.029544144721152632,-0.061563007937163294,1,0,0
trait_ou,occ_c1,25,81,0.12525010756093324,0.608515293682732,0.03277062421277577,0.027415103616139413,0.005040746718149469,0.005355520596636354,0,0,0
trait_ou,occ_c1,25,82,0.20791528439216272,0.608515293682732,0.10206788173035619,0.05235232961092473,0.006941699545954805,0.04971555211943146,0,0,0
trait_ou,occ_c1,25,83,0.2500249040204556,0.608515293682732,0.02581425678282845,0.02581425678282845,0.12115514131882316,0.0,0,1,1
trait_ou,occ_c1,25,84,0.15387440332418262,0.608515293682732,0.047304218375308626,0.047304218375308626,0.01189924335848791,0.0,0,1,1
trait_ou,occ_c1,25,85,0.18615139459212837,0.608515293682732,0.09553127601712297,0.05055355480622703,0.0001223529239841037,0.04497772121089594,0,0,0
trait_ou,occ_c1,25,86,0.11900761238627072,0.608515293682732,0.0001223529239841037,0.0001223529239841037,0.027965258354374356,0.0,0,1,1
trait_ou,occ_c1,25,87,0.21791477166458995,0.608515293682732,0.03410729268346546,0.03410729268346546,0.03410729268346546,0.0,0,1,1
trait_ou,occ_c1,25,88,0.30714939371412864,0.608515293682732,0.022545384434325633,0.014228301346630223,0.014228301346630223,0.00831708308769541,0,0,0
trait_ou,occ_c1,25,89,0.21580734257391626,0.608515293682732,0.016368779027633895,0.07387817722508727,0.016368779027633895,-0.057509398197453376,1,0,0
trait_ou,occ_c1,25,90,0.17591725375073702,0.608515293682732,0.02046545053076665,0.0022651238521276262,0.0022651238521276262,0.018200326678639023,0,0,0
trait_ou,occ_c1,25,91,0.2381396843112079,0.608515293682732,0.022750713844382542,0.03201537688509393,0.01189924335848802,-0.009264663040711385,1,0,0
trait_ou,occ_c1,25,92,0.1429391026847785,0.608515293682732,0.05042225733904182,0.04863288330888327,0.04863288330888327,0.0017893740301585526,0,0,0
trait_ou,occ_c1,25,93,0.11234900192443814,0.608515293682732,0.0001223529239841037,0.029444192449686657,0.008732818429402656,-0.029321839525702553,1,0,0
trait_ou,occ_c1,25,94,0.14968164025865416,0.608515293682732,0.04514682708693285,0.04514682708693285,0.04514682708693285,0.0,0,1,1
trait_ou,occ_c1,25,95,0.3256626487456994,0.608515293682732,0.031885976868650245,0.09493712427957768,0.09493712427957768,-0.06305114741092743,1,0,0
trait_ou,occ_c1,25,96,0.28391680143767756,0.608515293682732,0.09418033146802807,0.027965258354374356,0.027965258354374356,0.06621507311365371,0,0,0
trait_ou,occ_c1,25,97,0.18293101976406934,0.608515293682732,0.02956343944547124,0.02956343944547124,0.02956343944547124,0.0,0,1,1
trait_ou,occ_c1,25,98,0.14079317323905888,0.608515293682732,0.06477537327582372,0.051653429832412834,0.051653429832412834,0.013121943443410888,0,0,0
trait_ou,occ_c1,25,99,0.15846186566951614,0.608515293682732,0.006941699545954583,0.006941699545954583,0.006941699545954583,0.0,0,1,1
trait_ou,occ_c1,50,0,0.120334726169471,0.608515293682732,0.0022651238521276262,0.0022651238521276262,0.0022651238521276262,0.0,0,1,1
trait_ou,occ_c1,50,1,0.16830970366196646,0.608515293682732,0.0001223529239841037,0.0001223529239841037,0.0001223529239841037,0.0,0,1,1
trait_ou,occ_c1,50,2,0.15554971210733382,0.608515293682732,0.021947566690058595,0.0001223529239841037,0.0,0.02182521376607449,0,0,0
trait_ou,occ_c1,50,3,0.14634117520292472,0.608515293682732,0.003758291816139736,0.03277062421277577,0.013149521838083045,-0.02901233239663603,1,0,0
trait_ou,occ_c1,50,4,0.11462184468900022,0.608515293682732,0.019405172940073934,0.008732818429402545,0.008732818429402545,0.010672354510671389,0,0,0
trait_ou,occ_c1,50,5,0.14868138596027525,0.608515293682732,0.008732818429402656,0.008732818429402656,0.008732818429402656,0.0,0,1,1
trait_ou,occ_c1,50,6,0.14550332724243942,0.608515293682732,0.0,0.0,0.0,0.0,0,1,1
trait_ou,occ_c1,50,7,0.33572894384785756,0.608515293682732,0.01189924335848791,0.04104758161464883,0.04104758161464883,-0.02914833825616092,1,0,0
trait_ou,occ_c1,50,8,0.16577059081540274,0.608515293682732,0.05199456637743882,0.0,0.02219034529435615,0.05199456637743882,0,0,0
trait_ou,occ_c1,50,9,0.1599174442534564,0.608515293682732,0.003758291816139736,0.003758291816139736,0.01766387711368489,0.0,0,1,1
trait_ou,occ_c1,50,10,0.10663658386202901,0.608515293682732,0.023830926714271894,0.02389685107921702,0.02389685107921702,-6.592436494512466e-05,1,0,0
trait_ou,occ_c1,50,11,0.1029249036264282,0.608515293682732,0.0,0.0,0.0,0.0,0,1,1
trait_ou,occ_c1,50,12,0.18739116679032575,0.608515293682732,0.0675104567126188,0.028707051321883115,0.06985710381291754,0.03880340539073568,0,0,0
trait_ou,occ_c1,50,13,0.1283378614265055,0.608515293682732,0.0001223529239841037,0.0,0.029544144721152632,0.0001223529239841037,0,0,0
trait_ou,occ_c1,50,14,0.1103527233057825,0.608515293682732,0.0,0.006941699545954805,0.006941699545954805,-0.006941699545954805,1,0,0
trait_ou,occ_c1,50,15,0.15696224212158294,0.608515293682732,0.021947566690058595,0.0001223529239841037,0.0001223529239841037,0.02182521376607449,0,0,0
trait_ou,occ_c1,50,16,0.08819448931434615,0.608515293682732,0.0022651238521276262,0.0022651238521276262,0.0022651238521276262,0.0,0,1,1
trait_ou,occ_c1,50,17,0.1835333168555327,0.608515293682732,0.027742782564488366,0.022750713844382542,0.04066395320991034,0.0049920687201058245,0,0,0
trait_ou,occ_c1,50,18,0.15650249192326715,0.608515293682732,0.04572787752493901,0.0,0.027742782564488366,0.04572787752493901,0,0,0
trait_ou,occ_c1,50,19,0.18000133878201913,0.608515293682732,0.0,0.0,0.0,0.0,0,1,1
trait_ou,occ_c1,50,20,0.19726573709376555,0.608515293682732,0.07373478781075338,0.07373478781075338,0.006941699545954583,0.0,0,1,1
trait_ou,occ_c1,50,21,0.10454466006478497,0.608515293682732,0.0001223529239841037,0.04103476254686911,0.014228301346630223,-0.040912409622885004,1,0,0
trait_ou,occ_c1,50,22,0.1267148235598055,0.608515293682732,0.04668084150048757,0.01727713691557342,0.01727713691557342,0.029403704584914148,0,0,0
trait_ou,occ_c1,50,23,0.12888498378786584,0.608515293682732,0.005040746718149469,0.01189924335848802,0.031885976868650245,-0.006858496640338552,1,0,0
trait_ou,occ_c1,50,24,0.1395876782281522,0.608515293682732,0.029444192449686657,0.021947566690058595,0.021947566690058595,0.007496625759628062,0,0,0
trait_ou,occ_c1,50,25,0.1655784959916558,0.608515293682732,0.005040746718149469,0.005040746718149469,0.005040746718149469,0.0,0,1,1
trait_ou,occ_c1,50,26,0.1180225034676286,0.608515293682732,0.02956343944547124,0.008732818429402545,0.0001223529239841037,0.020830621016068696,0,0,0
trait_ou,occ_c1,50,27,0.14480578656769388,0.608515293682732,0.029444192449686657,0.0,0.0,0.029444192449686657,0,0,0
trait_ou,occ_c1,50,28,0.12787348297639378,0.608515293682732,0.022366849855308235,0.015534432128183395,0.0,0.00683241772712484,0,0,0
trait_ou,occ_c1,50,29,0.10090002683120985,0.608515293682732,0.0001223529239841037,0.0001223529239841037,0.0001223529239841037,0.0,0,1,1
trait_ou,occ_c1,50,30,0.17640478323566605,0.608515293682732,0.047110189440886296,0.03174490038398137,0.027742782564488366,0.01536528905690493,0,0,0
trait_ou,occ_c1,50,31,0.13264655342360848,0.608515293682732,0.005040746718149469,0.008732818429402545,0.005040746718149469,-0.0036920717112530754,1,0,0
trait_ou,occ_c1,50,32,0.17057454525520616,0.608515293682732,0.04164996473671834,0.04164996473671834,0.02046545053076665,0.0,0,1,1
trait_ou,occ_c1,50,33,0.16396309018215188,0.608515293682732,0.104035251240857,0.104035251240857,0.0,0.0,0,1,1
trait_ou,occ_c1,50,34,0.12762962319716709,0.608515293682732,0.006941699545954805,0.016368779027633895,0.016368779027633895,-0.00942707948167909,1,0,0
trait_ou,occ_c1,50,35,0.12584430768928323,0.608515293682732,0.025372987114375856,0.031885976868650245,0.03174490038398137,-0.00651298975427439,1,0,0
trait_ou,occ_c1,50,36,0.10651790950672246,0.608515293682732,0.0,0.0022651238521276262,0.0022651238521276262,-0.0022651238521276262,1,0,0
trait_ou,occ_c1,50,37,0.14693602729599858,0.608515293682732,0.0001223529239841037,0.0001223529239841037,0.0001223529239841037,0.0,0,1,1
trait_ou,occ_c1,50,38,0.07785725247902708,0.608515293682732,0.0022651238521276262,0.0022651238521276262,0.0022651238521276262,0.0,0,1,1
trait_ou,occ_c1,50,39,0.14759884155724856,0.608515293682732,0.031160990004251654,0.031160990004251654,0.031160990004251654,0.0,0,1,1
trait_ou,occ_c1,50,40,0.12316513884132957,0.608515293682732,0.005040746718149469,0.027965258354374467,0.008732818429402656,-0.022924511636224998,1,0,0
trait_ou,occ_c1,50,41,0.13162821783652823,0.608515293682732,0.05603430832995715,0.05603430832995715,0.07433918321129063,0.0,0,1,1
trait_ou,occ_c1,50,42,0.14476013101825402,0.608515293682732,0.0022651238521276262,0.0022651238521276262,0.008732818429402545,0.0,0,1,0
trait_ou,occ_c1,50,43,0.1381954128689324,0.608515293682732,0.0001223529239841037,0.01189924335848802,0.01189924335848802,-0.011776890434503917,1,0,0
trait_ou,occ_c1,50,44,0.24850997475436976,0.608515293682732,0.0,0.02389685107921702,0.04061828045120153,-0.02389685107921702,1,0,0
trait_ou,occ_c1,50,45,0.17621199983202743,0.608515293682732,0.0022651238521276262,0.0022651238521276262,0.0022651238521276262,0.0,0,1,1
trait_ou,occ_c1,50,46,0.12862264048453836,0.608515293682732,0.003758291816139736,0.0022651238521276262,0.02046545053076665,0.0014931679640121098,0,0,0
trait_ou,occ_c1,50,47,0.1405068387806933,0.608515293682732,0.027843776041264312,0.027843776041264312,0.027843776041264312,0.0,0,1,1
trait_ou,occ_c1,50,48,0.13936509991573925,0.608515293682732,0.007502886872706838,0.007502886872706838,0.007502886872706838,0.0,0,1,1
trait_ou,occ_c1,50,49,0.18565582784920875,0.608515293682732,0.027415103616139413,0.027965258354374467,0.007502886872706838,-0.0005501547382350536,1,0,0
trait_ou,occ_c1,50,50,0.09977612643047745,0.608515293682732,0.049882185351822206,0.0001223529239841037,0.0001223529239841037,0.0497598324278381,0,0,0
trait_ou,occ_c1,50,51,0.06689186875282993,0.608515293682732,0.0,0.0,0.0,0.0,0,1,0
trait_ou,occ_c1,50,52,0.1632893249996628,0.608515293682732,0.0001223529239841037,0.0001223529239841037,0.0001223529239841037,0.0,0,1,1
trait_ou,occ_c1,50,53,0.19365087268366327,0.608515293682732,0.0,0.023830926714271894,0.023830926714271894,-0.023830926714271894,1,0,0
trait_ou,occ_c1,50,54,0.12929294876565384,0.608515293682732,0.0022651238521276262,0.0001223529239841037,0.0001223529239841037,0.0021427709281435225,0,0,0
trait_ou,occ_c1,50,55,0.140507848325095,0.608515293682732,0.003758291816139736,0.006941699545954583,0.04061828045120153,-0.0031834077298148467,1,0,0
trait_ou,occ_c1,50,56,0.16493771096021126,0.608515293682732,0.016368779027633895,0.0001223529239841037,0.0001223529239841037,0.01624642610364979,0,0,0
trait_ou,occ_c1,50,57,0.10610409105130908,0.608515293682732,0.02581425678282845,0.02581425678282845,0.0001223529239841037,0.0,0,1,1
trait_ou,occ_c1,50,58,0.15337575763767147,0.608515293682732,0.07225411713120267,0.04762195887712872,0.014228301346630223,0.024632158254073944,0,0,0
trait_ou,occ_c1,50,59,0.0886252975906961,0.608515293682732,0.030454649859044114,0.023830926714272116,0.008732818429402545,0.006623723144771998,0,0,0
trait_ou,occ_c1,50,60,0.13272237889743255,0.608515293682732,0.0,0.0,0.0,0.0,0,1,1
trait_ou,occ_c1,50,61,0.1547942555629082,0.608515293682732,0.021947566690058595,0.01189924335848802,0.01189924335848802,0.010048323331570574,0,0,0
trait_ou,occ_c1,50,62,0.1170728460075195,0.608515293682732,0.02932458771225166,0.02932458771225166,0.02932458771225166,0.0,0,1,1
trait_ou,occ_c1,50,63,0.1413994535464992,0.608515293682732,0.0001223529239841037,0.0001223529239841037,0.0001223529239841037,0.0,0,1,1
trait_ou,occ_c1,50,64,0.06476796109521266,0.608515293682732,0.005040746718149469,0.0022651238521276262,0.008732818429402545,0.002775622866021843,0,0,0
trait_ou,occ_c1,50,65,0.10011323997555754,0.608515293682732,0.0,0.028707051321883115,0.0,-0.028707051321883115,1,0,0
trait_ou,occ_c1,50,66,0.20372590801308837,0.608515293682732,0.0022651238521276262,0.0022651238521276262,0.0022651238521276262,0.0,0,1,1
trait_ou,occ_c1,50,67,0.08105987528050229,0.608515293682732,0.0,0.006941699545954583,0.0022651238521276262,-0.006941699545954583,1,0,0
trait_ou,occ_c1,50,68,0.10793712963750823,0.608515293682732,0.08298146376149251,0.05466318024057182,0.05466318024057182,0.028318283520920695,0,0,0
trait_ou,occ_c1,50,69,0.2387942036692104,0.608515293682732,0.02932458771225155,0.02932458771225155,0.02932458771225155,0.0,0,1,1
trait_ou,occ_c1,50,70,0.16575837044961111,0.608515293682732,0.003758291816139736,0.003758291816139736,0.003758291816139736,0.0,0,1,1
trait_ou,occ_c1,50,71,0.10580830618452125,0.608515293682732,0.0,0.038843890458705954,0.025036040715089247,-0.038843890458705954,1,0,0
trait_ou,occ_c1,50,72,0.10457930917740133,0.608515293682732,0.0,0.025029785781719438,0.025029785781719438,-0.025029785781719438,1,0,0
trait_ou,occ_c1,50,73,0.16763732874058135,0.608515293682732,0.02389685107921702,0.02389685107921702,0.028707051321883115,0.0,0,1,1
trait_ou,occ_c1,50,74,0.13022524065741842,0.608515293682732,0.005040746718149469,0.005040746718149469,0.04531049244243668,0.0,0,1,1
trait_ou,occ_c1,50,75,0.1645995477690399,0.608515293682732,0.030456894065807982,0.0,0.0022651238521276262,0.030456894065807982,0,0,0
trait_ou,occ_c1,50,76,0.08158586329397122,0.608515293682732,0.04104758161464872,0.003758291816139736,0.005040746718149469,0.037289289798508984,0,0,0
trait_ou,occ_c1,50,77,0.13879197554927647,0.608515293682732,0.003758291816139736,0.01189924335848791,0.005040746718149469,-0.008140951542348174,1,0,0
trait_ou,occ_c1,50,78,0.11924659301437607,0.608515293682732,0.008732818429402656,0.008732818429402656,0.008732818429402656,0.0,0,1,1
trait_ou,occ_c1,50,79,0.13131979032277996,0.608515293682732,0.006941699545954583,0.006941699545954583,0.006941699545954583,0.0,0,1,1
trait_ou,occ_c1,50,80,0.10428220886848572,0.608515293682732,0.003758291816139736,0.003758291816139736,0.01189924335848791,0.0,0,1,1
trait_ou,occ_c1,50,81,0.14445115886057897,0.608515293682732,0.0001223529239841037,0.0001223529239841037,0.0001223529239841037,0.0,0,1,1
trait_ou,occ_c1,50,82,0.24229697939053096,0.608515293682732,0.003758291816139736,0.0001223529239841037,0.0001223529239841037,0.0036359388921556324,0,0,0
trait_ou,occ_c1,50,83,0.16943652186946723,0.608515293682732,0.025372987114375856,0.08720181591545517,0.0001223529239841037,-0.061828828801079316,1,0,0
trait_ou,occ_c1,50,84,0.14667361807751733,0.608515293682732,0.04066395320991034,0.04066395320991034,0.022750713844382542,0.0,0,1,1
trait_ou,occ_c1,50,85,0.18881383589459327,0.608515293682732,0.0,0.02389685107921702,0.02389685107921702,-0.02389685107921702,1,0,0
trait_ou,occ_c1,50,86,0.13191928647821277,0.608515293682732,0.005040746718149469,0.005040746718149469,0.007502886872706838,0.0,0,1,1
trait_ou,occ_c1,50,87,0.09256960076546228,0.608515293682732,0.0,0.022750713844382542,0.016368779027633895,-0.022750713844382542,1,0,0
trait_ou,occ_c1,50,88,0.1786863854060245,0.608515293682732,0.029444192449686657,0.02956343944547124,0.02956343944547124,-0.0001192469957845832,1,0,0
trait_ou,occ_c1,50,89,0.13566547290896736,0.608515293682732,0.0022651238521276262,0.0022651238521276262,0.0022651238521276262,0.0,0,1,1
trait_ou,occ_c1,50,90,0.14083303022580423,0.608515293682732,0.021947566690058595,0.0022651238521276262,0.0022651238521276262,0.01968244283793097,0,0,0
trait_ou,occ_c1,50,91,0.10654744072548805,0.608515293682732,0.052089291849447106,0.007502886872706838,0.007502886872706838,0.04458640497674027,0,0,0
trait_ou,occ_c1,50,92,0.13631428060223105,0.608515293682732,0.0,0.0,0.02275071384438243,0.0,0,1,1
trait_ou,occ_c1,50,93,0.16931167680720488,0.608515293682732,0.0001223529239841037,0.003758291816139736,0.0001223529239841037,-0.0036359388921556324,1,0,0
trait_ou,occ_c1,50,94,0.11303113708864881,0.608515293682732,0.025372987114375856,0.005040746718149469,0.005040746718149469,0.020332240396226386,0,0,0
trait_ou,occ_c1,50,95,0.16905152758286135,0.608515293682732,0.046426793776583763,0.03570977249251317,0.046426793776583763,0.010717021284070594,0,0,0
trait_ou,occ_c1,50,96,0.1921343966618842,0.608515293682732,0.07464917560048023,0.0001223529239841037,0.0001223529239841037,0.07452682267649613,0,0,0
trait_ou,occ_c1,50,97,0.08455005942321714,0.608515293682732,0.03174490038398137,0.006941699545954805,0.030454649859044114,0.024803200838026562,0,0,0
trait_ou,occ_c1,50,98,0.12455634423013623,0.608515293682732,0.013149521838083045,0.04226488757989355,0.04226488757989355,-0.029115365741810506,1,0,0
trait_ou,occ_c1,50,99,0.13267846895852875,0.608515293682732,0.01189924335848791,0.005040746718149469,0.008732818429402545,0.006858496640338441,0,0,0
two_scale_ou,mean,25,0,0.17797027233366414,0.5930390313528916,0.05797681323023596,0.05797681323023596,0.05797681323023596,0.0,0,1,1
two_scale_ou,mean,25,1,0.33456802837569016,0.5930390313528916,0.06989927086688896,0.06989927086688896,0.05361140330589176,0.0,0,1,1
two_scale_ou,mean,25,2,0.27054290842488493,0.5930390313528916,0.0732152055313926,0.0732152055313926,0.030526534988497778,0.0,0,1,1
two_scale_ou,mean,25,3,0.24109449450652887,0.5930390313528916,0.06889739965630559,0.039739937748018206,0.06889739965630559,0.029157461908287385,0,0,0
two_scale_ou,mean,25,4,0.2569103489768091,0.5930390313528916,0.002111479944596817,0.16438703371415186,0.10083324444087133,-0.16227555376955505,1,0,0
two_scale_ou,mean,25,5,0.2208737239347341,0.5930390313528916,0.07045330501585922,0.07562635427208586,0.07562635427208586,-0.005173049256226636,1,0,0
two_scale_ou,mean,25,6,0.23363642148308056,0.5930390313528916,0.019386818994429733,0.019386818994429733,0.019386818994429733,0.0,0,1,1
two_scale_ou,mean,25,7,0.2727781172965158,0.5930390313528916,0.0165682501466915,0.0165682501466915,0.0165682501466915,0.0,0,1,1
two_scale_ou,mean,25,8,0.3422987348990585,0.5930390313528916,0.16184288939768354,0.03333102555957157,0.03333102555957157,0.12851186383811197,0,0,0
two_scale_ou,mean,25,9,0.27800675267048347,0.5930390313528916,0.07118669487315832,0.10385115152645186,0.07058336745213756,-0.03266445665329354,1,0,0
two_scale_ou,mean,25,10,0.27274891595066547,0.5930390313528916,0.031837130797505386,0.0995478125004155,0.0995478125004155,-0.06771068170291011,1,0,0
two_scale_ou,mean,25,11,0.20159360005410032,0.5930390313528916,0.08651783716420525,0.08651783716420525,0.08651783716420525,0.0,0,1,1
two_scale_ou,mean,25,12,0.31776962222645466,0.5930390313528916,0.06635282643393414,0.06635282643393414,0.05418586682292437,0.0,0,1,1
two_scale_ou,mean,25,13,0.17785628106353368,0.5930390313528916,0.041472041399945425,1.1102230246251565e-16,1.1102230246251565e-16,0.041472041399945314,0,0,0
two_scale_ou,mean,25,14,0.2585255348450957,0.5930390313528916,0.07534383763075825,0.05686590016642734,0.05686590016642734,0.018477937464330907,0,0,0
two_scale_ou,mean,25,15,0.16992405779679798,0.5930390313528916,0.0165682501466915,0.01789549898750553,0.0165682501466915,-0.0013272488408140326,1,0,0
two_scale_ou,mean,25,16,0.28923163644876587,0.5930390313528916,0.04506122092717013,0.059655877582633576,0.04506122092717013,-0.014594656655463445,1,0,0
two_scale_ou,mean,25,17,0.21601678553528592,0.5930390313528916,0.002111479944596817,0.0028179394613951914,0.0028179394613951914,-0.0007064595167983745,1,0,0
two_scale_ou,mean,25,18,0.3855383993070578,0.5930390313528916,0.05213259951737359,0.009566908682229314,0.009566908682229314,0.042565690835144276,0,0,0
two_scale_ou,mean,25,19,0.2444768486999438,0.5930390313528916,0.07235317334359781,0.04946107887990003,0.04946107887990003,0.022892094463697776,0,0,0
two_scale_ou,mean,25,20,0.2873246744425323,0.5930390313528916,0.06288108773429835,0.09352086495460565,0.09352086495460565,-0.030639777220307307,1,0,0
two_scale_ou,mean,25,21,0.32597765506119725,0.5930390313528916,0.07492767254305699,0.07814058498871279,0.048441132056707414,-0.0032129124456558023,1,0,0
two_scale_ou,mean,25,22,0.19016411934998234,0.5930390313528916,0.07285570859970203,0.07834920354864727,0.07834920354864727,-0.005493494948945243,1,0,0
two_scale_ou,mean,25,23,0.2589182893870736,0.5930390313528916,0.0674816607294475,0.009566908682229203,0.009566908682229203,0.0579147520472183,0,0,0
two_scale_ou,mean,25,24,0.27075036060989605,0.5930390313528916,0.02647378478209572,0.02647378478209572,0.02647378478209572,0.0,0,1,1
two_scale_ou,mean,25,25,0.27570215722983177,0.5930390313528916,0.08828988690065054,0.07390526303762779,0.07390526303762779,0.01438462386302275,0,0,0
two_scale_ou,mean,25,26,0.16392437161851886,0.5930390313528916,0.009566908682229203,0.0,0.030526534988497778,0.009566908682229203,0,0,0
two_scale_ou,mean,25,27,0.21002966073113882,0.5930390313528916,0.0,0.0,0.0,0.0,0,1,1
two_scale_ou,mean,25,28,0.2864616888704561,0.5930390313528916,0.05687848858559019,0.037979309552298335,0.07534383763075836,0.018899179033291857,0,0,0
two_scale_ou,mean,25,29,0.3167389300033336,0.5930390313528916,0.06423357195438906,0.06423357195438906,0.06423357195438906,0.0,0,1,1
two_scale_ou,mean,25,30,0.2578628351436735,0.5930390313528916,0.08796783713806444,0.017203315776228356,0.017203315776228356,0.07076452136183609,0,0,0
two_scale_ou,mean,25,31,0.22270580805552637,0.5930390313528916,0.0,0.0,0.0,0.0,0,1,1
two_scale_ou,mean,25,32,0.196733799869735,0.5930390313528916,0.05687848858559019,0.08202381045299634,0.08202381045299634,-0.025145321867406145,1,0,0
two_scale_ou,mean,25,33,0.265536249035513,0.5930390313528916,0.0028179394613951914,0.0028179394613951914,0.0028179394613951914,0.0,0,1,1
two_scale_ou,mean,25,34,0.2277412074521935,0.5930390313528916,0.06914389835373258,0.047823947722469784,0.047823947722469784,0.021319950631262796,0,0,0
two_scale_ou,mean,25,35,0.2534681255034311,0.5930390313528916,0.06288108773429835,0.06288108773429835,0.019571626248462648,0.0,0,1,1
two_scale_ou,mean,25,36,0.30795790467202766,0.5930390313528916,0.1007669907626283,0.09867128806548453,0.09867128806548453,0.0020957026971437642,0,0,0
two_scale_ou,mean,25,37,0.3249022336086147,0.5930390313528916,0.12105036640197742,0.18781707427699346,0.18781707427699346,-0.06676670787501604,1,0,0
two_scale_ou,mean,25,38,0.19907115929422325,0.5930390313528916,0.05213259951737359,0.07927772345112383,0.1245100754031997,-0.027145123933750237,1,0,0
two_scale_ou,mean,25,39,0.32231597306390736,0.5930390313528916,0.05092728916845701,0.05092728916845701,0.12105036640197736,0.0,0,1,1
two_scale_ou,mean,25,40,0.25196633673651864,0.5930390313528916,0.04944314665401184,0.04944314665401184,0.04944314665401184,0.0,0,1,1
two_scale_ou,mean,25,41,0.27871972689559205,0.5930390313528916,0.07234422101037863,0.022025178995253025,0.02852065362322509,0.050319042015125603,0,0,0
two_scale_ou,mean,25,42,0.19537373955731085,0.5930390313528916,0.13442033412933546,0.056372929310669506,0.04289506452783043,0.07804740481866596,0,0,0
two_scale_ou,mean,25,43,0.2322496168920249,0.5930390313528916,0.07058336745213756,0.07058336745213756,0.07058336745213756,0.0,0,1,1
two_scale_ou,mean,25,44,0.2487275857333851,0.5930390313528916,0.017018680981405798,0.065145335586144,0.065145335586144,-0.048126654604738195,1,0,0
two_scale_ou,mean,25,45,0.20461452855000406,0.5930390313528916,0.09698806060069842,0.09698806060069842,0.08284853163834183,0.0,0,1,1
two_scale_ou,mean,25,46,0.2699413772589251,0.5930390313528916,0.07390526303762779,0.057789184227538426,0.03658881114357648,0.016116078810089363,0,0,0
two_scale_ou,mean,25,47,0.20374241295137852,0.5930390313528916,0.049227329725104796,0.039739937748018206,0.039739937748018206,0.00948739197708659,0,0,0
two_scale_ou,mean,25,48,0.2583375614023808,0.5930390313528916,0.0757848335843101,0.07571589632539011,0.09871327783275158,6.89372589199877e-05,0,0,0
two_scale_ou,mean,25,49,0.23127110487815566,0.5930390313528916,0.1007669907626283,0.08891111300246823,0.08891111300246823,0.01185587776016006,0,0,0
two_scale_ou,mean,25,50,0.2334996631564279,0.5930390313528916,0.07390526303762779,0.07390526303762779,0.07390526303762779,0.0,0,1,1
two_scale_ou,mean,25,51,0.25751386950671484,0.5930390313528916,0.05797681323023596,0.05797681323023596,0.05797681323023596,0.0,0,1,1
two_scale_ou,mean,25,52,0.32845855805348867,0.5930390313528916,0.12390257989437425,0.12390257989437425,0.12390257989437425,0.0,0,1,1
two_scale_ou,mean,25,53,0.24651038214636162,0.5930390313528916,0.08684244197433044,0.08684244197433044,0.12989572105667557,0.0,0,1,1
two_scale_ou,mean,25,54,0.24337217227778418,0.5930390313528916,0.022942476602562434,0.03886465532602468,0.054661212213394816,-0.015922178723462244,1,0,0
two_scale_ou,mean,25,55,0.27687421386153305,0.5930390313528916,0.07261049608456094,0.0,0.02647378478209572,0.07261049608456094,0,0,0
two_scale_ou,mean,25,56,0.22350666813449027,0.5930390313528916,0.017895498987505642,0.05021901237831994,0.06595072217197273,-0.032323513390814296,1,0,0
two_scale_ou,mean,25,57,0.18680804831323394,0.5930390313528916,0.06195491201566461,0.06195491201566461,0.036588811143576594,0.0,0,1,1
two_scale_ou,mean,25,58,0.2997621069193955,0.5930390313528916,0.039739937748018206,0.05949140559772603,0.08749110168518637,-0.019751467849707827,1,0,0
two_scale_ou,mean,25,59,0.21620520447142788,0.5930390313528916,0.002111479944596817,0.002111479944596817,0.002111479944596817,0.0,0,1,1
two_scale_ou,mean,25,60,0.23756449755881032,0.5930390313528916,0.03973993774801832,0.08668234423157595,0.10930067113853253,-0.04694240648355763,1,0,0
two_scale_ou,mean,25,61,0.18533001182454484,0.5930390313528916,0.06969385382473214,0.09184932520505651,0.06969385382473214,-0.022155471380324365,1,0,0
two_scale_ou,mean,25,62,0.22514918206258683,0.5930390313528916,0.08877744019469469,0.04510861128322596,0.04510861128322596,0.04366882891146873,0,0,0
two_scale_ou,mean,25,63,0.26846768309429675,0.5930390313528916,0.07093945678605496,0.1065710571170857,0.1065710571170857,-0.035631600331030744,1,0,0
two_scale_ou,mean,25,64,0.29169998173464634,0.5930390313528916,0.038273249899416495,0.022025178995253025,0.022025178995253025,0.01624807090416347,0,0,0
two_scale_ou,mean,25,65,0.32399688699630097,0.5930390313528916,0.07235317334359781,0.07235317334359781,0.07235317334359781,0.0,0,1,1
two_scale_ou,mean,25,66,0.15885886037700242,0.5930390313528916,0.060480606447501195,0.05418586682292437,0.05418586682292437,0.006294739624576828,0,0,0
two_scale_ou,mean,25,67,0.2821694500524465,0.5930390313528916,0.034351538607673926,0.06863048696691398,0.06863048696691398,-0.03427894835924006,1,0,0
two_scale_ou,mean,25,68,0.21764792517610104,0.5930390313528916,0.06541809896571649,0.07814058498871279,0.07814058498871279,-0.012722486022996304,1,0,0
two_scale_ou,mean,25,69,0.36790582776303915,0.5930390313528916,0.06914389835373258,0.022025178995253136,0.0388646553260249,0.047118719358479444,0,0,0
two_scale_ou,mean,25,70,0.36655594350706966,0.5930390313528916,0.07214165201119949,0.12266661240413756,0.0681137139554222,-0.05052496039293808,1,0,0
two_scale_ou,mean,25,71,0.2694172300263826,0.5930390313528916,0.06994161221484463,0.06994161221484463,0.06994161221484463,0.0,0,1,1
two_scale_ou,mean,25,72,0.31807978038409823,0.5930390313528916,0.0,0.11309420953817162,0.11309420953817162,-0.11309420953817162,1,0,0
two_scale_ou,mean,25,73,0.3136992287044836,0.5930390313528916,0.08320040800717143,0.08320040800717143,0.12061132754134762,0.0,0,1,1
two_scale_ou,mean,25,74,0.23094059548346046,0.5930390313528916,0.049227329725104796,0.1161281465930255,0.10582639513995545,-0.06690081686792071,1,0,0
two_scale_ou,mean,25,75,0.21742312653633272,0.5930390313528916,0.04298936291368072,0.04298936291368072,0.04298936291368072,0.0,0,1,1
two_scale_ou,mean,25,76,0.23784298889008793,0.5930390313528916,0.08202381045299634,0.09032854135189772,0.09032854135189772,-0.00830473089890138,1,0,0
two_scale_ou,mean,25,77,0.2371123889938342,0.5930390313528916,0.04946107887990003,0.07804931459395636,0.07804931459395636,-0.02858823571405633,1,0,0
two_scale_ou,mean,25,78,0.16961858382362843,0.5930390313528916,0.048441132056707414,0.048441132056707414,0.0,0.0,0,1,1
two_scale_ou,mean,25,79,0.2897264505702759,0.5930390313528916,0.07045330501585922,0.07927772345112383,0.07927772345112383,-0.008824418435264603,1,0,0
two_scale_ou,mean,25,80,0.37774256306825793,0.5930390313528916,0.04580620978460359,0.08550877913985777,0.08550877913985777,-0.03970256935525418,1,0,0
two_scale_ou,mean,25,81,0.2213617357643208,0.5930390313528916,0.05213259951737359,0.017895498987505642,0.017895498987505642,0.03423710052986795,0,0,0
two_scale_ou,mean,25,82,0.23002071077934952,0.5930390313528916,0.05949140559772603,0.05949140559772603,0.05949140559772603,0.0,0,1,1
two_scale_ou,mean,25,83,0.22187936315795137,0.5930390313528916,0.021340603933221014,0.017203315776228245,0.017203315776228245,0.004137288156992769,0,0,0
two_scale_ou,mean,25,84,0.25976875687803747,0.5930390313528916,0.06288108773429835,0.06288108773429835,0.06288108773429835,0.0,0,1,1
two_scale_ou,mean,25,85,0.3201903477423307,0.5930390313528916,0.05418586682292437,0.042899861968139774,0.042899861968139774,0.011286004854784593,0,0,0
two_scale_ou,mean,25,86,0.2192825720698402,0.5930390313528916,0.017203315776228245,0.04403403982616805,0.04403403982616805,-0.026830724049939803,1,0,0
two_scale_ou,mean,25,87,0.21753419878328434,0.5930390313528916,0.09054149372520948,0.07240922300135877,0.07240922300135877,0.018132270723850707,0,0,0
two_scale_ou,mean,25,88,0.18744563798135,0.5930390313528916,0.11236785848658576,0.0,0.03333102555957157,0.11236785848658576,0,0,0
two_scale_ou,mean,25,89,0.24524096344903423,0.5930390313528916,0.08284853163834172,0.10885239292811832,0.08284853163834172,-0.02600386128977661,1,0,0
two_scale_ou,mean,25,90,0.33173651070057836,0.5930390313528916,0.05462099458009806,0.09251262279494255,0.09251262279494255,-0.037891628214844486,1,0,0
two_scale_ou,mean,25,91,0.2027285373867002,0.5930390313528916,0.05092728916845701,0.01789549898750553,0.01789549898750553,0.03303179018095148,0,0,0
two_scale_ou,mean,25,92,0.16064465560691948,0.5930390313528916,0.022942476602562434,0.022942476602562434,0.022942476602562434,0.0,0,1,1
two_scale_ou,mean,25,93,0.15339148650158263,0.5930390313528916,0.038273249899416495,0.03337184903328194,0.038273249899416495,0.004901400866134553,0,0,0
two_scale_ou,mean,25,94,0.25345541969929647,0.5930390313528916,0.08999026896861784,0.11281562444974641,0.11281562444974641,-0.022825355481128573,1,0,0
two_scale_ou,mean,25,95,0.2219872489542557,0.5930390313528916,0.017895498987505642,0.019386818994429733,0.019386818994429733,-0.0014913200069240906,1,0,0
two_scale_ou,mean,25,96,0.25696548659036184,0.5930390313528916,0.08891111300246823,0.08220643199945399,0.08220643199945399,0.006704681003014246,0,0,0
two_scale_ou,mean,25,97,0.25363305220878024,0.5930390313528916,0.12703133790857923,0.04946107887990003,0.08913645056771202,0.0775702590286792,0,0,0
two_scale_ou,mean,25,98,0.16367445149371973,0.5930390313528916,0.07093945678605496,0.017203315776228245,0.017203315776228245,0.05373614100982671,0,0,0
two_scale_ou,mean,25,99,0.3257546003683415,0.5930390313528916,0.019386818994429622,0.019386818994429622,0.019386818994429622,0.0,0,1,1
two_scale_ou,mean,50,0,0.14085664800705144,0.5930390313528916,0.05686590016642734,0.06825813020905225,0.06825813020905225,-0.011392230042624907,1,0,0
two_scale_ou,mean,50,1,0.18887899192272228,0.5930390313528916,0.08436726463416966,0.038273249899416495,0.038273249899416495,0.046094014734753164,0,0,0
two_scale_ou,mean,50,2,0.19877175608215497,0.5930390313528916,0.0165682501466915,0.0165682501466915,0.0165682501466915,0.0,0,1,1
two_scale_ou,mean,50,3,0.1336851107378056,0.5930390313528916,0.022942476602562434,0.009566908682229314,0.009566908682229314,0.01337556792033312,0,0,0
two_scale_ou,mean,50,4,0.21950262137555676,0.5930390313528916,0.017203315776228245,0.02485163307193361,0.02647378478209572,-0.007648317295705365,1,0,0
two_scale_ou,mean,50,5,0.17857926746953362,0.5930390313528916,0.0028179394613951914,0.019571626248462648,0.07452532470667161,-0.016753686787067457,1,0,0
two_scale_ou,mean,50,6,0.14379346888983918,0.5930390313528916,0.047823947722469895,0.065145335586144,0.065145335586144,-0.017321387863674098,1,0,0
two_scale_ou,mean,50,7,0.26758584348476144,0.5930390313528916,0.019571626248462648,0.0,0.0,0.019571626248462648,0,0,0
two_scale_ou,mean,50,8,0.18643280727979256,0.5930390313528916,0.03010812798507867,0.03330155450308536,0.03330155450308536,-0.0031934265180066923,1,0,0
two_scale_ou,mean,50,9,0.22427580719005863,0.5930390313528916,0.04289506452783043,0.022025178995253025,0.022025178995253025,0.020869885532577404,0,0,0
two_scale_ou,mean,50,10,0.17006443465344123,0.5930390313528916,0.017018680981405798,0.017018680981405798,1.1102230246251565e-16,0.0,0,1,1
two_scale_ou,mean,50,11,0.15801611351777495,0.5930390313528916,0.02852065362322509,0.02852065362322509,0.02852065362322509,0.0,0,1,1
two_scale_ou,mean,50,12,0.13526317238349012,0.5930390313528916,0.017203315776228245,0.017203315776228245,0.017203315776228245,0.0,0,1,1
two_scale_ou,mean,50,13,0.17917857884930355,0.5930390313528916,0.019386818994429733,0.019386818994429733,0.019386818994429733,0.0,0,1,1
two_scale_ou,mean,50,14,0.16852524503705774,0.5930390313528916,0.070094800568541,0.09101027315228039,0.09101027315228039,-0.02091547258373938,1,0,0
two_scale_ou,mean,50,15,0.15632095305488541,0.5930390313528916,0.017203315776228356,0.002111479944596817,0.002111479944596817,0.01509183583163154,0,0,0
two_scale_ou,mean,50,16,0.19351487443754595,0.5930390313528916,0.0028179394613951914,0.0028179394613951914,0.0028179394613951914,0.0,0,1,1
two_scale_ou,mean,50,17,0.1820382867405903,0.5930390313528916,0.10066237065504652,0.10066237065504652,0.10066237065504652,0.0,0,1,1
two_scale_ou,mean,50,18,0.15602600121019267,0.5930390313528916,0.0476270557352807,0.0476270557352807,0.03886465532602468,0.0,0,1,1
two_scale_ou,mean,50,19,0.1930206783476529,0.5930390313528916,0.03886465532602468,0.03886465532602468,0.05686590016642734,0.0,0,1,1
two_scale_ou,mean,50,20,0.15997228823685578,0.5930390313528916,0.009566908682229314,0.017203315776228356,0.009566908682229314,-0.0076364070939990425,1,0,0
two_scale_ou,mean,50,21,0.20808970839958238,0.5930390313528916,0.07240922300135877,0.0927380984689643,0.0927380984689643,-0.020328875467605534,1,0,0
two_scale_ou,mean,50,22,0.15243191706750164,0.5930390313528916,0.017895498987505642,0.017895498987505642,0.017895498987505642,0.0,0,1,1
two_scale_ou,mean,50,23,0.16297653587682914,0.5930390313528916,0.02647378478209572,0.08905738048932266,0.02647378478209572,-0.06258359570722694,1,0,0
two_scale_ou,mean,50,24,0.26262024746377355,0.5930390313528916,0.0028179394613951914,1.1102230246251565e-16,1.1102230246251565e-16,0.0028179394613950803,0,0,0
two_scale_ou,mean,50,25,0.24632576141763374,0.5930390313528916,0.009566908682229314,0.0,0.030526534988497778,0.009566908682229314,0,0,0
two_scale_ou,mean,50,26,0.11453712493891438,0.5930390313528916,1.1102230246251565e-16,0.009566908682229203,0.009566908682229203,-0.009566908682229092,1,0,0
two_scale_ou,mean,50,27,0.19380989381313124,0.5930390313528916,0.04904083087604405,0.030539020014062945,0.038273249899416495,0.018501810861981105,0,0,0
two_scale_ou,mean,50,28,0.14905366939104364,0.5930390313528916,0.06388053470480881,0.0506484457573404,0.0506484457573404,0.013232088947468412,0,0,0
two_scale_ou,mean,50,29,0.17906033483408734,0.5930390313528916,0.037979309552298224,0.05213259951737359,0.08320040800717143,-0.014153289965075366,1,0,0
two_scale_ou,mean,50,30,0.2152813423902196,0.5930390313528916,0.009566908682229203,0.0674816607294475,0.0674816607294475,-0.0579147520472183,1,0,0
two_scale_ou,mean,50,31,0.1369070197734047,0.5930390313528916,0.0028179394613951914,0.0028179394613951914,0.0028179394613951914,0.0,0,1,1
two_scale_ou,mean,50,32,0.22709304327163887,0.5930390313528916,0.09352086495460565,0.021340603933221014,0.07168111380981235,0.07218026102138464,0,0,0
two_scale_ou,mean,50,33,0.1693464578184683,0.5930390313528916,0.0385045214066726,0.021340603933221014,0.021340603933221014,0.017163917473451584,0,0,0
two_scale_ou,mean,50,34,0.16189703510766995,0.5930390313528916,0.0028179394613953024,0.04506122092717013,0.04506122092717013,-0.04224328146577483,1,0,0
two_scale_ou,mean,50,35,0.14784000457767754,0.5930390313528916,0.0,0.002111479944596817,0.002111479944596817,-0.002111479944596817,1,0,0
two_scale_ou,mean,50,36,0.17030512465388056,0.5930390313528916,1.1102230246251565e-16,1.1102230246251565e-16,1.1102230246251565e-16,0.0,0,1,1
two_scale_ou,mean,50,37,0.12397637829198865,0.5930390313528916,0.002111479944596817,1.1102230246251565e-16,1.1102230246251565e-16,0.002111479944596706,0,0,0
two_scale_ou,mean,50,38,0.1172191635171197,0.5930390313528916,0.021340603933221014,0.021340603933221014,0.048441132056707414,0.0,0,1,1
two_scale_ou,mean,50,39,0.31560635686928584,0.5930390313528916,0.022025178995253136,0.09100043781853406,0.022025178995253136,-0.06897525882328093,1,0,0
two_scale_ou,mean,50,40,0.13024971473289465,0.5930390313528916,0.0028179394613953024,0.031083022637115043,1.1102230246251565e-16,-0.02826508317571974,1,0,0
two_scale_ou,mean,50,41,0.14886235077646287,0.5930390313528916,0.019386818994429733,0.019386818994429733,0.019386818994429733,0.0,0,1,1
two_scale_ou,mean,50,42,0.19338655021310996,0.5930390313528916,0.002111479944596817,0.002111479944596817,0.002111479944596817,0.0,0,1,1
two_scale_ou,mean,50,43,0.19230867272971314,0.5930390313528916,0.05213259951737359,0.05501727734575779,0.05501727734575779,-0.0028846778283841967,1,0,0
two_scale_ou,mean,50,44,0.21219297099701406,0.5930390313528916,0.056372929310669506,0.07571589632539011,0.07571589632539011,-0.019342967014720602,1,0,0
two_scale_ou,mean,50,45,0.1478358003183705,0.5930390313528916,0.04107124775851667,0.009566908682229203,0.009566908682229203,0.03150433907628747,0,0,0
two_scale_ou,mean,50,46,0.1556378547009573,0.5930390313528916,0.0028179394613951914,0.0,0.0,0.0028179394613951914,0,0,0
two_scale_ou,mean,50,47,0.15035272854445647,0.5930390313528916,0.0165682501466915,0.0165682501466915,0.07534383763075825,0.0,0,1,1
two_scale_ou,mean,50,48,0.21379491053672156,0.5930390313528916,0.037979309552298224,0.05428621650991228,0.05428621650991228,-0.016306906957614054,1,0,0
two_scale_ou,mean,50,49,0.20058850901033443,0.5930390313528916,0.06195491201566461,0.034351538607673926,0.034351538607673926,0.027603373407990683,0,0,0
two_scale_ou,mean,50,50,0.15007092172421882,0.5930390313528916,1.1102230246251565e-16,1.1102230246251565e-16,1.1102230246251565e-16,0.0,0,1,1
two_scale_ou,mean,50,51,0.22011569148093219,0.5930390313528916,0.02647378478209572,0.02647378478209572,0.02647378478209572,0.0,0,1,1
two_scale_ou,mean,50,52,0.183671031305843,0.5930390313528916,0.03333102555957168,0.03333102555957168,0.03333102555957168,0.0,0,1,1
two_scale_ou,mean,50,53,0.18019566134817505,0.5930390313528916,0.036588811143576594,0.04506122092717013,0.04506122092717013,-0.008472409783593537,1,0,0
two_scale_ou,mean,50,54,0.20434849319491127,0.5930390313528916,0.03658881114357648,0.03658881114357648,0.03658881114357648,0.0,0,1,1
two_scale_ou,mean,50,55,0.21084164601832356,0.5930390313528916,0.11462061532222484,0.06994161221484463,0.11462061532222484,0.04467900310738021,0,0,0
two_scale_ou,mean,50,56,0.17552107114656268,0.5930390313528916,0.002111479944596817,0.002111479944596817,0.002111479944596817,0.0,0,1,1
two_scale_ou,mean,50,57,0.1776252325304727,0.5930390313528916,0.017203315776228245,0.017203315776228245,0.017203315776228245,0.0,0,1,1
two_scale_ou,mean,50,58,0.13800487207297318,0.5930390313528916,0.021340603933221014,0.0028179394613951914,0.0028179394613951914,0.018522664471825823,0,0,0
two_scale_ou,mean,50,59,0.2112991291103818,0.5930390313528916,0.002111479944596817,0.002111479944596817,0.002111479944596817,0.0,0,1,1
two_scale_ou,mean,50,60,0.22159397078139703,0.5930390313528916,0.04708289625540363,0.05271508252742907,0.05271508252742907,-0.005632186272025441,1,0,0
two_scale_ou,mean,50,61,0.1936690798668303,0.5930390313528916,0.019386818994429733,0.019386818994429733,0.019386818994429733,0.0,0,1,1
two_scale_ou,mean,50,62,0.17239547040597547,0.5930390313528916,0.02485163307193361,0.0028179394613953024,0.0028179394613953024,0.022033693610538307,0,0,0
two_scale_ou,mean,50,63,0.285830601068879,0.5930390313528916,0.0028179394613953024,0.02852065362322509,0.02852065362322509,-0.025702714161829787,1,0,0
two_scale_ou,mean,50,64,0.23669629218645094,0.5930390313528916,0.021340603933221014,0.009566908682229314,0.009566908682229314,0.0117736952509917,0,0,0
two_scale_ou,mean,50,65,0.1635330967109263,0.5930390313528916,0.065145335586144,0.065145335586144,0.065145335586144,0.0,0,1,1
two_scale_ou,mean,50,66,0.17237598775128093,0.5930390313528916,0.10066237065504652,0.10066237065504652,0.10066237065504652,0.0,0,1,1
two_scale_ou,mean,50,67,0.20173170852626593,0.5930390313528916,0.05778918422753854,0.13904459576666278,0.0,-0.08125541153912424,1,0,0
two_scale_ou,mean,50,68,0.19174033317584593,0.5930390313528916,0.01789549898750553,0.01789549898750553,0.036588811143576594,0.0,0,1,1
two_scale_ou,mean,50,69,0.17635745935047598,0.5930390313528916,0.021340603933221014,0.0028179394613951914,0.0028179394613951914,0.018522664471825823,0,0,0
two_scale_ou,mean,50,70,0.2794549339102635,0.5930390313528916,0.0719596284156232,0.0719596284156232,0.0719596284156232,0.0,0,1,1
two_scale_ou,mean,50,71,0.2028324297266843,0.5930390313528916,0.002111479944596817,0.030539020014062945,0.030539020014062945,-0.02842754006946613,1,0,0
two_scale_ou,mean,50,72,0.15916585975250402,0.5930390313528916,0.01789549898750553,0.01789549898750553,0.01789549898750553,0.0,0,1,1
two_scale_ou,mean,50,73,0.1654213526238406,0.5930390313528916,0.02647378478209572,0.02485163307193361,0.02647378478209572,0.001622151710162112,0,0,0
two_scale_ou,mean,50,74,0.1457940446531032,0.5930390313528916,0.022025178995253025,0.06195491201566461,0.06195491201566461,-0.039929733020411584,1,0,0
two_scale_ou,mean,50,75,0.1320653935694347,0.5930390313528916,0.039739937748018206,0.051569971890391364,0.051569971890391364,-0.011830034142373158,1,0,0
two_scale_ou,mean,50,76,0.2252620265858566,0.5930390313528916,0.031837130797505386,0.031837130797505386,0.031837130797505386,0.0,0,1,1
two_scale_ou,mean,50,77,0.17526532261095823,0.5930390313528916,0.02485163307193361,0.06310834074532923,0.06310834074532923,-0.03825670767339562,1,0,0
two_scale_ou,mean,50,78,0.19273903053200475,0.5930390313528916,0.0867106716137257,0.09424618718757172,0.09424618718757172,-0.007535515573846019,1,0,0
two_scale_ou,mean,50,79,0.14146343183917043,0.5930390313528916,0.05835409262453117,0.10083324444087133,0.10083324444087133,-0.042479151816340155,1,0,0
two_scale_ou,mean,50,80,0.17024472094407944,0.5930390313528916,0.022025178995253025,0.0,0.0,0.022025178995253025,0,0,0
two_scale_ou,mean,50,81,0.16763992336164366,0.5930390313528916,0.08891111300246823,0.05138371747610604,0.038273249899416495,0.037527395526362195,0,0,0
two_scale_ou,mean,50,82,0.21519476555695055,0.5930390313528916,0.0,0.02852065362322509,0.02852065362322509,-0.02852065362322509,1,0,0
two_scale_ou,mean,50,83,0.1584706935007531,0.5930390313528916,0.041472041399945425,0.09385852291902258,0.09385852291902258,-0.052386481519077155,1,0,0
two_scale_ou,mean,50,84,0.15390156397688604,0.5930390313528916,0.019386818994429733,0.06914389835373258,0.06914389835373258,-0.04975707935930285,1,0,0
two_scale_ou,mean,50,85,0.1960233956941509,0.5930390313528916,0.019386818994429733,0.04506122092717013,0.07571589632539011,-0.0256744019327404,1,0,0
two_scale_ou,mean,50,86,0.2545912202615632,0.5930390313528916,0.0028179394613953024,0.037979309552298335,0.037979309552298335,-0.03516137009090303,1,0,0
two_scale_ou,mean,50,87,0.1606417500259143,0.5930390313528916,0.017895498987505642,0.017895498987505642,0.017895498987505642,0.0,0,1,1
two_scale_ou,mean,50,88,0.18735472221047728,0.5930390313528916,0.04403403982616805,0.04403403982616805,0.04403403982616805,0.0,0,1,1
two_scale_ou,mean,50,89,0.15037697208795925,0.5930390313528916,0.06969385382473214,0.06969385382473214,0.06969385382473214,0.0,0,1,1
two_scale_ou,mean,50,90,0.14717856816163777,0.5930390313528916,0.009566908682229314,0.009566908682229314,0.009566908682229314,0.0,0,1,1
two_scale_ou,mean,50,91,0.14810610659421758,0.5930390313528916,0.02647378478209572,0.02647378478209572,0.02647378478209572,0.0,0,1,1
two_scale_ou,mean,50,92,0.18723466603490208,0.5930390313528916,0.009566908682229203,0.009566908682229203,0.009566908682229203,0.0,0,1,1
two_scale_ou,mean,50,93,0.3326302541057934,0.5930390313528916,0.08821083570350774,0.05686590016642734,0.05686590016642734,0.0313449355370804,0,0,0
two_scale_ou,mean,50,94,0.18707068080616562,0.5930390313528916,0.022025178995253136,0.022025178995253136,0.06310834074532923,0.0,0,1,1
two_scale_ou,mean,50,95,0.20407106538590386,0.5930390313528916,0.039739937748018206,0.039739937748018206,0.039739937748018206,0.0,0,1,1
two_scale_ou,mean,50,96,0.19541058313751486,0.5930390313528916,0.06433846216014494,1.1102230246251565e-16,1.1102230246251565e-16,0.06433846216014483,0,0,0
two_scale_ou,mean,50,97,0.16040611513533526,0.5930390313528916,1.1102230246251565e-16,0.0165682501466915,0.0165682501466915,-0.016568250146691388,1,0,0
two_scale_ou,mean,50,98,0.2117520905903198,0.5930390313528916,0.02485163307193361,0.02485163307193361,0.02485163307193361,0.0,0,1,1
two_scale_ou,mean,50,99,0.16585113365466703,0.5930390313528916,0.02647378478209572,0.02647378478209572,0.02647378478209572,0.0,0,1,1
two_scale_ou,occ_c0,25,0,0.1669556694260081,0.5659177375470303,0.055369644844802335,0.055369644844802335,0.055369644844802335,0.0,0,1,1
two_scale_ou,occ_c0,25,1,0.3185396587967508,0.5659177375470303,0.06704136856721077,0.06704136856721077,0.051605856522894955,0.0,0,1,1
two_scale_ou,occ_c0,25,2,0.2616420763994902,0.5659177375470303,0.08508050202686968,0.02937872114078377,0.02937872114078377,0.055701780886085905,0,0,0
two_scale_ou,occ_c0,25,3,0.23168828170877376,0.5659177375470303,0.07488139737838218,0.03807794664521591,0.06627371792448017,0.036803450733166265,0,0,0
two_scale_ou,occ_c0,25,4,0.24044625852577833,0.5659177375470303,0.0022930710329734927,0.15641801113549014,0.15641801113549014,-0.15412494010251665,1,0,0
two_scale_ou,occ_c0,25,5,0.20840376369127872,0.5659177375470303,0.036352682070381226,0.07277703794756574,0.07277703794756574,-0.03642435587718451,1,0,0
two_scale_ou,occ_c0,25,6,0.22253379183448235,0.5659177375470303,0.018900226407509546,0.018900226407509546,0.0735812720317855,0.0,0,1,1
two_scale_ou,occ_c0,25,7,0.26335665375655953,0.5659177375470303,0.015318451469760186,0.015318451469760186,0.015318451469760186,0.0,0,1,1
two_scale_ou,occ_c0,25,8,0.32780881901453435,0.5659177375470303,0.15445254082942933,0.03164303517600153,0.03164303517600153,0.1228095056534278,0,0,0
two_scale_ou,occ_c0,25,9,0.2702357511777926,0.5659177375470303,0.06847616231021103,0.10015070254994368,0.06806522896711009,-0.03167454023973265,1,0,0
two_scale_ou,occ_c0,25,10,0.26481478921387736,0.5659177375470303,0.03062273633992585,0.09490275626622047,0.09490275626622047,-0.06428001992629462,1,0,0
two_scale_ou,occ_c0,25,11,0.18987485924942038,0.5659177375470303,0.06474220934623742,0.08317663710620571,0.08317663710620571,-0.018434427759968286,1,0,0
two_scale_ou,occ_c0,25,12,0.305347750956094,0.5659177375470303,0.07495396549006567,0.06382604142389847,0.05227977689945529,0.011127924066167194,0,0,0
two_scale_ou,occ_c0,25,13,0.1665757697753107,0.5659177375470303,0.0,0.0,0.0,0.0,0,1,1
two_scale_ou,occ_c0,25,14,0.24826266309411313,0.5659177375470303,0.07135696918847678,0.054401907965347385,0.054401907965347385,0.016955061223129397,0,0,0
two_scale_ou,occ_c0,25,15,0.16370741664012778,0.5659177375470303,0.015318451469760186,0.016976180746055003,0.015318451469760186,-0.001657729276294817,1,0,0
two_scale_ou,occ_c0,25,16,0.28029273088899287,0.5659177375470303,0.04269294580261973,0.057043715446488896,0.04269294580261973,-0.014350769643869166,1,0,0
two_scale_ou,occ_c0,25,17,0.20962142595578181,0.5659177375470303,0.0022930710329734927,0.002672695836637873,0.002672695836637873,-0.0003796248036643801,1,0,0
two_scale_ou,occ_c0,25,18,0.370541789776093,0.5659177375470303,0.050548594346154885,0.009421402118412803,0.009421402118412803,0.04112719222774208,0,0,0
two_scale_ou,occ_c0,25,19,0.23479029934074302,0.5659177375470303,0.06867409497929,0.04727519557236615,0.04727519557236615,0.021398899406923855,0,0,0
two_scale_ou,occ_c0,25,20,0.27455029269043574,0.5659177375470303,0.060645765940765095,0.08974758846509023,0.08974758846509023,-0.02910182252432514,1,0,0
two_scale_ou,occ_c0,25,21,0.3120075173572104,0.5659177375470303,0.07196924979363983,0.07487313804822393,0.04652230260086876,-0.002903888254584097,1,0,0
two_scale_ou,occ_c0,25,22,0.17709592124289364,0.5659177375470303,0.06985312422772283,0.07488139737838218,0.07488139737838218,-0.005028273150659346,1,0,0
two_scale_ou,occ_c0,25,23,0.24767471016468778,0.5659177375470303,0.049261999342149365,0.009421402118412803,0.009421402118412803,0.03984059722373656,0,0,0
two_scale_ou,occ_c0,25,24,0.25678104051977924,0.5659177375470303,0.025496000761714877,0.025496000761714877,0.025496000761714877,0.0,0,1,1
two_scale_ou,occ_c0,25,25,0.2615944222323764,0.5659177375470303,0.07053784104284555,0.07053784104284555,0.07053784104284555,0.0,0,1,1
two_scale_ou,occ_c0,25,26,0.15412393805561003,0.5659177375470303,0.009421402118412803,0.0,0.02937872114078377,0.009421402118412803,0,0,0
two_scale_ou,occ_c0,25,27,0.19688376404972818,0.5659177375470303,0.0,0.0,0.0,0.0,0,1,1
two_scale_ou,occ_c0,25,28,0.27453883399023477,0.5659177375470303,0.05414766298044449,0.036352682070381226,0.07135696918847678,0.017794980910063263,0,0,0
two_scale_ou,occ_c0,25,29,0.3058187302571996,0.5659177375470303,0.03164303517600153,0.0615316612184843,0.0615316612184843,-0.02988862604248277,1,0,0
two_scale_ou,occ_c0,25,30,0.24801608078250578,0.5659177375470303,0.08383908078424146,0.016657703211766406,0.016657703211766406,0.06718137757247505,0,0,0
two_scale_ou,occ_c0,25,31,0.21320097980290037,0.5659177375470303,0.0,0.0,0.0,0.0,0,1,1
two_scale_ou,occ_c0,25,32,0.18478138961527218,0.5659177375470303,0.01665386754422471,0.04589028008731921,0.04589028008731921,-0.029236412543094503,1,0,0
two_scale_ou,occ_c0,25,33,0.2571463704917205,0.5659177375470303,0.002672695836637873,0.002672695836637873,0.002672695836637873,0.0,0,1,1
two_scale_ou,occ_c0,25,34,0.21340158145031285,0.5659177375470303,0.06651805607990391,0.04589028008731921,0.04589028008731921,0.020627775992584696,0,0,0
two_scale_ou,occ_c0,25,35,0.24185092703191452,0.5659177375470303,0.09705635641901256,0.060645765940765095,0.019291202582065625,0.03641059047824746,0,0,0
two_scale_ou,occ_c0,25,36,0.2917779477818562,0.5659177375470303,0.09406763305021476,0.11508117879023272,0.11508117879023272,-0.021013545740017958,1,0,0
two_scale_ou,occ_c0,25,37,0.3113994013294781,0.5659177375470303,0.17910719976020611,0.17910719976020611,0.17910719976020611,0.0,0,1,1
two_scale_ou,occ_c0,25,38,0.18350681941366037,0.5659177375470303,0.050548594346154885,0.07586251074684675,0.11914784743759571,-0.02531391640069186,1,0,0
two_scale_ou,occ_c0,25,39,0.3099364760303017,0.5659177375470303,0.11576367657916803,0.048834990165504744,0.11576367657916803,0.06692868641366329,0,0,0
two_scale_ou,occ_c0,25,40,0.24173325841189988,0.5659177375470303,0.047264781819225665,0.047264781819225665,0.047264781819225665,0.0,0,1,1
two_scale_ou,occ_c0,25,41,0.2650824959276658,0.5659177375470303,0.0692437158029876,0.021291387890486457,0.027387950678261053,0.04795232791250115,0,0,0
two_scale_ou,occ_c0,25,42,0.18531418081130713,0.5659177375470303,0.08981990550945096,0.053772106977373224,0.04141162153084621,0.036047798532077735,0,0,0
two_scale_ou,occ_c0,25,43,0.22227227152346596,0.5659177375470303,0.06806522896711009,0.06806522896711009,0.06806522896711009,0.0,0,1,1
two_scale_ou,occ_c0,25,44,0.23831909159346665,0.5659177375470303,0.06283079159319149,0.0628307915931916,0.0628307915931916,-1.1102230246251565e-16,0,1,0
two_scale_ou,occ_c0,25,45,0.1920634628002007,0.5659177375470303,0.06613709829327336,0.09333240297144685,0.0794330710894477,-0.027195304678173493,1,0,0
two_scale_ou,occ_c0,25,46,0.2589702963114674,0.5659177375470303,0.07053784104284555,0.05557821278754271,0.03474328904130264,0.014959628255302837,0,0,0
two_scale_ou,occ_c0,25,47,0.19447943443431515,0.5659177375470303,0.047424710147558224,0.03807794664521591,0.03807794664521591,0.009346763502342315,0,0,0
two_scale_ou,occ_c0,25,48,0.24760032130288945,0.5659177375470303,0.07241567245219699,0.07219945930499777,0.0938990354005636,0.00021621314719921791,0,0,0
two_scale_ou,occ_c0,25,49,0.2173845930615193,0.5659177375470303,0.09633751774081933,0.08525521225155558,0.08525521225155558,0.011082305489263755,0,0,0
two_scale_ou,occ_c0,25,50,0.22238140858016991,0.5659177375470303,0.07053784104284555,0.07053784104284555,0.07053784104284555,0.0,0,1,1
two_scale_ou,occ_c0,25,51,0.2392907616008147,0.5659177375470303,0.055369644844802335,0.055369644844802335,0.055369644844802335,0.0,0,1,1
two_scale_ou,occ_c0,25,52,0.31343577709969167,0.5659177375470303,0.11766388806516886,0.11766388806516886,0.11766388806516886,0.0,0,1,1
two_scale_ou,occ_c0,25,53,0.23817866688079653,0.5659177375470303,0.08374618670656159,0.08374618670656159,0.12487997808029982,0.0,0,1,1
two_scale_ou,occ_c0,25,54,0.22939033852580276,0.5659177375470303,0.054401907965347385,0.03728557068683258,0.05228116102683977,0.017116337278514804,0,0,0
two_scale_ou,occ_c0,25,55,0.2659667800623965,0.5659177375470303,0.054828631628371705,0.0,0.025496000761714988,0.054828631628371705,0,0,0
two_scale_ou,occ_c0,25,56,0.21610235770309602,0.5659177375470303,0.016976180746054892,0.04798780726156493,0.06341782227313975,-0.031011626515510038,1,0,0
two_scale_ou,occ_c0,25,57,0.17681237616171008,0.5659177375470303,0.05922807407388131,0.05922807407388131,0.03474328904130264,0.0,0,1,1
two_scale_ou,occ_c0,25,58,0.2874302259868891,0.5659177375470303,0.03807794664521591,0.04804587142874117,0.08393001533441241,-0.009967924783525262,1,0,0
two_scale_ou,occ_c0,25,59,0.20752035393567408,0.5659177375470303,0.0022930710329734927,0.0022930710329734927,0.0022930710329734927,0.0,0,1,1
two_scale_ou,occ_c0,25,60,0.22844513682468365,0.5659177375470303,0.03807794664521591,0.082976924461309,0.10413833703212994,-0.04489897781609309,1,0,0
two_scale_ou,occ_c0,25,61,0.1747689592704234,0.5659177375470303,0.06683573334556975,0.08786605076072623,0.06683573334556975,-0.021030317415156485,1,0,0
two_scale_ou,occ_c0,25,62,0.2186651394717391,0.5659177375470303,0.08476434635657049,0.04368809979254229,0.04368809979254229,0.041076246564028196,0,0,0
two_scale_ou,occ_c0,25,63,0.2574728859240636,0.5659177375470303,0.06809536256188564,0.10199892058231724,0.10199892058231724,-0.0339035580204316,1,0,0
two_scale_ou,occ_c0,25,64,0.2799892026954163,0.5659177375470303,0.037008050567604256,0.021291387890486457,0.021291387890486457,0.0157166626771178,0,0,0
two_scale_ou,occ_c0,25,65,0.31076531480849606,0.5659177375470303,0.1112375500708142,0.06867409497929,0.06867409497929,0.042563455091524205,0,0,0
two_scale_ou,occ_c0,25,66,0.1526432813047941,0.5659177375470303,0.05823540290092044,0.05227977689945529,0.05227977689945529,0.005955626001465153,0,0,0
two_scale_ou,occ_c0,25,67,0.26963139866967806,0.5659177375470303,0.03521309441381704,0.06613709829327336,0.06613709829327336,-0.03092400387945632,1,0,0
two_scale_ou,occ_c0,25,68,0.2061450041126377,0.5659177375470303,0.06274133697831297,0.07487313804822393,0.07487313804822393,-0.012131801069910964,1,0,0
two_scale_ou,occ_c0,25,69,0.353736459449461,0.5659177375470303,0.06651805607990391,0.021291387890486457,0.03728557068683247,0.04522666818941745,0,0,0
two_scale_ou,occ_c0,25,70,0.3514143395372536,0.5659177375470303,0.06968318114005001,0.11730507043371119,0.06586199763125178,-0.04762188929366118,1,0,0
two_scale_ou,occ_c0,25,71,0.2605076108868164,0.5659177375470303,0.0675555515035493,0.0675555515035493,0.0675555515035493,0.0,0,1,1
two_scale_ou,occ_c0,25,72,0.30349719310544204,0.5659177375470303,0.0,0.10803042346289427,0.10803042346289427,-0.10803042346289427,1,0,0
two_scale_ou,occ_c0,25,73,0.2996324161796687,0.5659177375470303,0.11506397648552935,0.07962486446584754,0.11506397648552935,0.03543911201968181,0,0,0
two_scale_ou,occ_c0,25,74,0.22000118287870718,0.5659177375470303,0.047424710147558224,0.11115109133632461,0.10150535531993654,-0.06372638118876639,1,0,0
two_scale_ou,occ_c0,25,75,0.20729138754546161,0.5659177375470303,0.0414813076725169,0.0414813076725169,0.0414813076725169,0.0,0,1,1
two_scale_ou,occ_c0,25,76,0.2203381614497702,0.5659177375470303,0.07874755936810557,0.08656766595603721,0.08656766595603721,-0.007820106587931641,1,0,0
two_scale_ou,occ_c0,25,77,0.22729878321440916,0.5659177375470303,0.04727519557236615,0.07482212039839148,0.07482212039839148,-0.027546924826025332,1,0,0
two_scale_ou,occ_c0,25,78,0.15992714404686703,0.5659177375470303,0.04652230260086876,0.04652230260086876,0.0,0.0,0,1,1
two_scale_ou,occ_c0,25,79,0.27920248250652907,0.5659177375470303,0.10128286514257706,0.07586251074684675,0.07586251074684675,0.025420354395730316,0,0,0
two_scale_ou,occ_c0,25,80,0.36120844235486593,0.5659177375470303,0.043837539944039494,0.08255159108697308,0.08255159108697308,-0.03871405114293358,1,0,0
two_scale_ou,occ_c0,25,81,0.21147393078643045,0.5659177375470303,0.050548594346154885,0.016976180746054892,0.0666997251111397,0.03357241360009999,0,0,0
two_scale_ou,occ_c0,25,82,0.22185979068329745,0.5659177375470303,0.05700220194992067,0.05700220194992067,0.05700220194992067,0.0,0,1,1
two_scale_ou,occ_c0,25,83,0.2103029143324982,0.5659177375470303,0.016657703211766406,0.016657703211766406,0.016657703211766406,0.0,0,1,0
two_scale_ou,occ_c0,25,84,0.24762948934889806,0.5659177375470303,0.060645765940765095,0.060645765940765095,0.060645765940765095,0.0,0,1,1
two_scale_ou,occ_c0,25,85,0.3077700931322159,0.5659177375470303,0.05227977689945529,0.041525205067150184,0.041525205067150184,0.010754571832305104,0,0,0
two_scale_ou,occ_c0,25,86,0.2088861483616285,0.5659177375470303,0.016657703211766406,0.0424601556294516,0.0424601556294516,-0.025802452417685195,1,0,0
two_scale_ou,occ_c0,25,87,0.2072764078373131,0.5659177375470303,0.027387950678261053,0.06955755336779196,0.06955755336779196,-0.042169602689530905,1,0,0
two_scale_ou,occ_c0,25,88,0.18185242897689136,0.5659177375470303,0.1066144132821108,0.0,0.03164303517600153,0.1066144132821108,0,0,0
two_scale_ou,occ_c0,25,89,0.2265884676939587,0.5659177375470303,0.0794330710894477,0.1042187407228809,0.0794330710894477,-0.024785669633433205,1,0,0
two_scale_ou,occ_c0,25,90,0.3176491142417268,0.5659177375470303,0.051803184217399156,0.08813179634963464,0.08813179634963464,-0.03632861213223548,1,0,0
two_scale_ou,occ_c0,25,91,0.1935863230244501,0.5659177375470303,0.048834990165504744,0.016976180746055003,0.016976180746055003,0.03185880941944974,0,0,0
two_scale_ou,occ_c0,25,92,0.15960140962551805,0.5659177375470303,0.02213787509880205,0.02213787509880205,0.02213787509880205,0.0,0,1,1
two_scale_ou,occ_c0,25,93,0.14146142662085803,0.5659177375470303,0.037008050567604256,0.03223489679763403,0.037008050567604256,0.004773153769970229,0,0,0
two_scale_ou,occ_c0,25,94,0.240711214367045,0.5659177375470303,0.02358355424611036,0.10778518389492342,0.10778518389492342,-0.08420162964881306,1,0,0
two_scale_ou,occ_c0,25,95,0.21216274670417667,0.5659177375470303,0.016976180746054892,0.018900226407509546,0.018900226407509546,-0.0019240456614546542,1,0,0
two_scale_ou,occ_c0,25,96,0.24620525238617524,0.5659177375470303,0.08525521225155558,0.07919386424389319,0.07919386424389319,0.006061348007662393,0,0,0
two_scale_ou,occ_c0,25,97,0.24366500635570645,0.5659177375470303,0.12103813054437845,0.04727519557236615,0.08543425950656008,0.0737629349720123,0,0,0
two_scale_ou,occ_c0,25,98,0.15278995698877468,0.5659177375470303,0.06809536256188564,0.016657703211766406,0.016657703211766406,0.051437659350119236,0,0,0
two_scale_ou,occ_c0,25,99,0.31195649033760675,0.5659177375470303,0.029539095722304176,0.018900226407509546,0.018900226407509546,0.01063886931479463,0,0,0
two_scale_ou,occ_c0,50,0,0.1369987729903186,0.5659177375470303,0.054401907965347385,0.06508695360102312,0.06508695360102312,-0.010685045635675738,1,0,0
two_scale_ou,occ_c0,50,1,0.18159423253182894,0.5659177375470303,0.08126415851438301,0.037008050567604256,0.037008050567604256,0.044256107946778755,0,0,0
two_scale_ou,occ_c0,50,2,0.1909931364760722,0.5659177375470303,0.015318451469760186,0.015318451469760186,0.015318451469760186,0.0,0,1,1
two_scale_ou,occ_c0,50,3,0.12540993855579108,0.5659177375470303,0.02213787509880205,0.009421402118412803,0.009421402118412803,0.012716472980389248,0,0,0
two_scale_ou,occ_c0,50,4,0.21061773931830785,0.5659177375470303,0.016657703211766406,0.02358355424611036,0.025496000761714877,-0.006925851034343955,1,0,0
two_scale_ou,occ_c0,50,5,0.1711130142677682,0.5659177375470303,0.002672695836637873,0.019291202582065625,0.07106755962148237,-0.016618506745427752,1,0,0
two_scale_ou,occ_c0,50,6,0.1359619735264042,0.5659177375470303,0.04589028008731921,0.0628307915931916,0.0628307915931916,-0.01694051150587239,1,0,0
two_scale_ou,occ_c0,50,7,0.25620252234372115,0.5659177375470303,0.019291202582065625,0.0,0.0,0.019291202582065625,0,0,0
two_scale_ou,occ_c0,50,8,0.17961239015051852,0.5659177375470303,0.028991314261634815,0.03216278774548165,0.03216278774548165,-0.0031714734838468317,1,0,0
two_scale_ou,occ_c0,50,9,0.21729801860163894,0.5659177375470303,0.021291387890486457,0.021291387890486457,0.021291387890486457,0.0,0,1,1
two_scale_ou,occ_c0,50,10,0.16265189515797795,0.5659177375470303,0.01665386754422482,0.01665386754422482,0.0,0.0,0,1,1
two_scale_ou,occ_c0,50,11,0.1501468298315034,0.5659177375470303,0.027387950678261053,0.027387950678261053,0.027387950678261053,0.0,0,1,1
two_scale_ou,occ_c0,50,12,0.13033214935590626,0.5659177375470303,0.016657703211766406,0.016657703211766406,0.016657703211766406,0.0,0,1,1
two_scale_ou,occ_c0,50,13,0.1714737681414374,0.5659177375470303,0.018900226407509546,0.018900226407509546,0.018900226407509546,0.0,0,1,1
two_scale_ou,occ_c0,50,14,0.16320795557541096,0.5659177375470303,0.06474220934623742,0.08777779772676636,0.08777779772676636,-0.023035588380528937,1,0,0
two_scale_ou,occ_c0,50,15,0.1500015231421345,0.5659177375470303,0.016657703211766406,0.0022930710329734927,0.0022930710329734927,0.014364632178792913,0,0,0
two_scale_ou,occ_c0,50,16,0.18552855078181452,0.5659177375470303,0.002672695836637873,0.002672695836637873,0.002672695836637873,0.0,0,1,1
two_scale_ou,occ_c0,50,17,0.17462606456445193,0.5659177375470303,0.09663535231883941,0.09663535231883941,0.09663535231883941,0.0,0,1,1
two_scale_ou,occ_c0,50,18,0.15202068189950912,0.5659177375470303,0.045356075380833305,0.045356075380833305,0.03728557068683258,0.0,0,1,1
two_scale_ou,occ_c0,50,19,0.18615256930612367,0.5659177375470303,0.03728557068683258,0.03728557068683258,0.054401907965347385,0.0,0,1,1
two_scale_ou,occ_c0,50,20,0.15460215704628802,0.5659177375470303,0.009421402118412803,0.016657703211766406,0.009421402118412803,-0.007236301093353603,1,0,0
two_scale_ou,occ_c0,50,21,0.1998558267447308,0.5659177375470303,0.06955755336779196,0.08902776774111854,0.08902776774111854,-0.019470214373326578,1,0,0
two_scale_ou,occ_c0,50,22,0.14656406120309445,0.5659177375470303,0.016976180746054892,0.016976180746054892,0.016976180746054892,0.0,0,1,1
two_scale_ou,occ_c0,50,23,0.1545853201143037,0.5659177375470303,0.025496000761714877,0.08538866416516655,0.025496000761714877,-0.059892663403451674,1,0,0
two_scale_ou,occ_c0,50,24,0.252478123017469,0.5659177375470303,0.002672695836637873,0.0,0.0,0.002672695836637873,0,0,0
two_scale_ou,occ_c0,50,25,0.23488631123265064,0.5659177375470303,0.01665386754422471,0.0,0.02937872114078377,0.01665386754422471,0,0,0
two_scale_ou,occ_c0,50,26,0.11100663870335109,0.5659177375470303,0.0,0.009421402118412803,0.009421402118412803,-0.009421402118412803,1,0,0
two_scale_ou,occ_c0,50,27,0.18510112207269347,0.5659177375470303,0.04726034669463364,0.029539095722304176,0.037008050567604256,0.01772125097232946,0,0,0
two_scale_ou,occ_c0,50,28,0.13990160002433183,0.5659177375470303,0.06119201390312656,0.04857979368018861,0.04857979368018861,0.012612220222937953,0,0,0
two_scale_ou,occ_c0,50,29,0.16884631346736484,0.5659177375470303,0.036352682070381226,0.050548594346154996,0.07962486446584754,-0.01419591227577377,1,0,0
two_scale_ou,occ_c0,50,30,0.20630412462672926,0.5659177375470303,0.009421402118412803,0.06474220934623742,0.06474220934623742,-0.05532080722782462,1,0,0
two_scale_ou,occ_c0,50,31,0.1284433135001653,0.5659177375470303,0.002672695836637873,0.002672695836637873,0.04269294580261962,0.0,0,1,1
two_scale_ou,occ_c0,50,32,0.21868927838982086,0.5659177375470303,0.08974758846509023,0.10832954880515572,0.06893244576613816,-0.018581960340065484,1,0,0
two_scale_ou,occ_c0,50,33,0.1587756869902805,0.5659177375470303,0.05557821278754271,0.020965760802279187,0.020965760802279187,0.034612451985263526,0,0,0
two_scale_ou,occ_c0,50,34,0.15340347115654213,0.5659177375470303,0.002672695836637873,0.04269294580261973,0.04269294580261973,-0.04002024996598186,1,0,0
two_scale_ou,occ_c0,50,35,0.14180018820203916,0.5659177375470303,0.0,0.0022930710329734927,0.0022930710329734927,-0.0022930710329734927,1,0,0
two_scale_ou,occ_c0,50,36,0.16502366053496612,0.5659177375470303,0.0,0.0,0.0,0.0,0,1,1
two_scale_ou,occ_c0,50,37,0.11982719014470261,0.5659177375470303,0.0022930710329734927,0.0,0.0,0.0022930710329734927,0,0,0
two_scale_ou,occ_c0,50,38,0.10908362235469499,0.5659177375470303,0.020965760802279187,0.020965760802279187,0.04652230260086876,0.0,0,1,1
two_scale_ou,occ_c0,50,39,0.30247515300370365,0.5659177375470303,0.021291387890486457,0.08772510306111614,0.021291387890486457,-0.06643371517062968,1,0,0
two_scale_ou,occ_c0,50,40,0.12683540331372484,0.5659177375470303,0.002672695836637873,0.029919652360972826,0.0,-0.027246956524334953,1,0,0
two_scale_ou,occ_c0,50,41,0.13916607297581696,0.5659177375470303,0.018900226407509546,0.018900226407509546,0.018900226407509546,0.0,0,1,1
two_scale_ou,occ_c0,50,42,0.18647233803374214,0.5659177375470303,0.020965760802279187,0.0022930710329734927,0.0022930710329734927,0.018672689769305695,0,0,0
two_scale_ou,occ_c0,50,43,0.1848057124388982,0.5659177375470303,0.050548594346154885,0.0532738196912772,0.0532738196912772,-0.0027252253451223174,1,0,0
two_scale_ou,occ_c0,50,44,0.20584580388748325,0.5659177375470303,0.053772106977373224,0.07219945930499777,0.07219945930499777,-0.018427352327624547,1,0,0
two_scale_ou,occ_c0,50,45,0.14234523719427755,0.5659177375470303,0.039478581413201486,0.009421402118412803,0.009421402118412803,0.030057179294788683,0,0,0
two_scale_ou,occ_c0,50,46,0.14825744299437293,0.5659177375470303,0.002672695836637873,0.0,0.0,0.002672695836637873,0,0,0
two_scale_ou,occ_c0,50,47,0.1436741554326988,0.5659177375470303,0.015318451469760186,0.015318451469760186,0.07135696918847678,0.0,0,1,1
two_scale_ou,occ_c0,50,48,0.20481481842282195,0.5659177375470303,0.036352682070381226,0.05203991500097338,0.05203991500097338,-0.015687232930592154,1,0,0
two_scale_ou,occ_c0,50,49,0.19313297069610028,0.5659177375470303,0.0592280740738812,0.032696386381012243,0.032696386381012243,0.026531687692868955,0,0,0
two_scale_ou,occ_c0,50,50,0.1451412852605924,0.5659177375470303,0.0,0.0,0.0,0.0,0,1,1
two_scale_ou,occ_c0,50,51,0.20788481953148696,0.5659177375470303,0.025496000761714988,0.025496000761714988,0.025496000761714988,0.0,0,1,1
two_scale_ou,occ_c0,50,52,0.1741876629705707,0.5659177375470303,0.03164303517600153,0.03164303517600153,0.03164303517600153,0.0,0,1,1
two_scale_ou,occ_c0,50,53,0.17499452576034047,0.5659177375470303,0.03474328904130264,0.04269294580261973,0.04269294580261973,-0.007949656761317092,1,0,0
two_scale_ou,occ_c0,50,54,0.19462520672184708,0.5659177375470303,0.03474328904130264,0.03474328904130264,0.03474328904130264,0.0,0,1,1
two_scale_ou,occ_c0,50,55,0.1994284570174738,0.5659177375470303,0.11033134632564084,0.0675555515035493,0.11033134632564084,0.04277579482209154,0,0,0
two_scale_ou,occ_c0,50,56,0.16804455977998112,0.5659177375470303,0.0022930710329734927,0.0022930710329734927,0.0022930710329734927,0.0,0,1,1
two_scale_ou,occ_c0,50,57,0.16699503293746049,0.5659177375470303,0.016657703211766406,0.016657703211766406,0.016657703211766406,0.0,0,1,1
two_scale_ou,occ_c0,50,58,0.13276015264465163,0.5659177375470303,0.020965760802279187,0.002672695836637873,0.002672695836637873,0.018293064965641315,0,0,0
two_scale_ou,occ_c0,50,59,0.20328256558369284,0.5659177375470303,0.0022930710329734927,0.0022930710329734927,0.0022930710329734927,0.0,0,1,1
two_scale_ou,occ_c0,50,60,0.21232069208202164,0.5659177375470303,0.04483660348377205,0.04999963590476508,0.04999963590476508,-0.00516303242099303,1,0,0
two_scale_ou,occ_c0,50,61,0.18184428655605211,0.5659177375470303,0.018900226407509546,0.018900226407509546,0.018900226407509546,0.0,0,1,1
two_scale_ou,occ_c0,50,62,0.16517994801967317,0.5659177375470303,0.02358355424611036,0.002672695836637873,0.002672695836637873,0.020910858409472488,0,0,0
two_scale_ou,occ_c0,50,63,0.27274058497410475,0.5659177375470303,0.002672695836637873,0.027387950678261053,0.027387950678261053,-0.02471525484162318,1,0,0
two_scale_ou,occ_c0,50,64,0.22841592655663226,0.5659177375470303,0.020965760802279187,0.009421402118412803,0.009421402118412803,0.011544358683866385,0,0,0
two_scale_ou,occ_c0,50,65,0.15637532228987636,0.5659177375470303,0.06283079159319149,0.06283079159319149,0.06283079159319149,0.0,0,1,1
two_scale_ou,occ_c0,50,66,0.16319420687501346,0.5659177375470303,0.09663535231883941,0.09663535231883941,0.09663535231883941,0.0,0,1,1
two_scale_ou,occ_c0,50,67,0.19445722589105363,0.5659177375470303,0.055578212787542824,0.13355678848677954,0.0,-0.07797857569923672,1,0,0
two_scale_ou,occ_c0,50,68,0.18613166057514025,0.5659177375470303,0.016976180746055003,0.016976180746055003,0.03474328904130264,0.0,0,1,1
two_scale_ou,occ_c0,50,69,0.16952336302718218,0.5659177375470303,0.020965760802279187,0.002672695836637873,0.002672695836637873,0.018293064965641315,0,0,0
two_scale_ou,occ_c0,50,70,0.26726593846918156,0.5659177375470303,0.027387950678261053,0.06898990962717527,0.06898990962717527,-0.04160195894891422,1,0,0
two_scale_ou,occ_c0,50,71,0.19425645973496586,0.5659177375470303,0.0022930710329734927,0.029539095722304176,0.029539095722304176,-0.027246024689330683,1,0,0
two_scale_ou,occ_c0,50,72,0.15329224684994647,0.5659177375470303,0.016976180746055003,0.016976180746055003,0.016976180746055003,0.0,0,1,1
two_scale_ou,occ_c0,50,73,0.15622322177646114,0.5659177375470303,0.025496000761714877,0.02358355424611036,0.025496000761714877,0.0019124465156045156,0,0,0
two_scale_ou,occ_c0,50,74,0.13979793497942822,0.5659177375470303,0.021291387890486457,0.0592280740738812,0.0592280740738812,-0.03793668618339474,1,0,0
two_scale_ou,occ_c0,50,75,0.1230365625922673,0.5659177375470303,0.03807794664521591,0.04932500429646425,0.04932500429646425,-0.011247057651248338,1,0,0
two_scale_ou,occ_c0,50,76,0.21577902197199744,0.5659177375470303,0.03062273633992585,0.03062273633992585,0.03062273633992585,0.0,0,1,1
two_scale_ou,occ_c0,50,77,0.16647766388265783,0.5659177375470303,0.02358355424611036,0.06064291498765173,0.06064291498765173,-0.03705936074154137,1,0,0
two_scale_ou,occ_c0,50,78,0.18218793494991625,0.5659177375470303,0.08347270019689956,0.08999873131251052,0.08999873131251052,-0.006526031115610953,1,0,0
two_scale_ou,occ_c0,50,79,0.1320250999956838,0.5659177375470303,0.05583528276204219,0.09674970050940357,0.09674970050940357,-0.040914417747361376,1,0,0
two_scale_ou,occ_c0,50,80,0.16336263407888213,0.5659177375470303,0.021291387890486457,0.0,0.0,0.021291387890486457,0,0,0
two_scale_ou,occ_c0,50,81,0.1608647727354459,0.5659177375470303,0.049261999342149254,0.049261999342149254,0.037008050567604256,0.0,0,1,1
two_scale_ou,occ_c0,50,82,0.20549065327508692,0.5659177375470303,0.0,0.027387950678261053,0.036352682070381226,-0.027387950678261053,1,0,0
two_scale_ou,occ_c0,50,83,0.15285062383703615,0.5659177375470303,0.039718295130382275,0.09050862848603991,0.09050862848603991,-0.050790333355657635,1,0,0
two_scale_ou,occ_c0,50,84,0.14748842252483213,0.5659177375470303,0.018900226407509546,0.06651805607990391,0.06651805607990391,-0.04761782967239436,1,0,0
two_scale_ou,occ_c0,50,85,0.18827754406775626,0.5659177375470303,0.018900226407509546,0.04269294580261973,0.07219945930499777,-0.023792719395110185,1,0,0
two_scale_ou,occ_c0,50,86,0.24348186183399584,0.5659177375470303,0.002672695836637873,0.036352682070381226,0.036352682070381226,-0.03367998623374335,1,0,0
two_scale_ou,occ_c0,50,87,0.1540499376365168,0.5659177375470303,0.016976180746054892,0.016976180746054892,0.016976180746054892,0.0,0,1,1
two_scale_ou,occ_c0,50,88,0.1817627215088825,0.5659177375470303,0.0424601556294516,0.0424601556294516,0.0424601556294516,0.0,0,1,1
two_scale_ou,occ_c0,50,89,0.14208090481985236,0.5659177375470303,0.009421402118412803,0.06683573334556975,0.06683573334556975,-0.057414331227156945,1,0,0
two_scale_ou,occ_c0,50,90,0.14004143449378054,0.5659177375470303,0.009421402118412803,0.009421402118412803,0.009421402118412803,0.0,0,1,1
two_scale_ou,occ_c0,50,91,0.13928734768847523,0.5659177375470303,0.025496000761714877,0.025496000761714877,0.025496000761714877,0.0,0,1,1
two_scale_ou,occ_c0,50,92,0.18054729952747361,0.5659177375470303,0.009421402118412803,0.009421402118412803,0.009421402118412803,0.0,0,1,1
two_scale_ou,occ_c0,50,93,0.32304661649718236,0.5659177375470303,0.08366587681754528,0.054401907965347385,0.054401907965347385,0.029263968852197897,0,0,0
two_scale_ou,occ_c0,50,94,0.17978111509176742,0.5659177375470303,0.021291387890486457,0.021291387890486457,0.06064291498765173,0.0,0,1,1
two_scale_ou,occ_c0,50,95,0.1973510902832346,0.5659177375470303,0.03807794664521591,0.03807794664521591,0.03807794664521591,0.0,0,1,1
two_scale_ou,occ_c0,50,96,0.18880031343405462,0.5659177375470303,0.06170113409380329,0.0,0.0,0.06170113409380329,0,0,0
two_scale_ou,occ_c0,50,97,0.15212467895346227,0.5659177375470303,0.0,0.015318451469760186,0.015318451469760186,-0.015318451469760186,1,0,0
two_scale_ou,occ_c0,50,98,0.2033560803175894,0.5659177375470303,0.02358355424611036,0.02358355424611036,0.02358355424611036,0.0,0,1,1
two_scale_ou,occ_c0,50,99,0.15982300298267188,0.5659177375470303,0.025496000761714877,0.025496000761714877,0.025496000761714877,0.0,0,1,1
two_scale_ou,occ_c1,25,0,0.15531085251513377,0.5222968448653639,0.05348672418156131,0.05348672418156131,0.05348672418156131,0.0,0,1,1
two_scale_ou,occ_c1,25,1,0.29984622519243065,0.5222968448653639,0.050565535047996435,0.06299469951019254,0.050565535047996435,-0.012429164462196107,1,0,0
two_scale_ou,occ_c1,25,2,0.23917893288769407,0.5222968448653639,0.06809167087908102,0.07418462908666501,0.028830188886758423,-0.006092958207583987,1,0,0
two_scale_ou,occ_c1,25,3,0.21957628113473138,0.5222968448653639,0.06488770470881666,0.03688965218820767,0.06488770470881666,0.027998052520608996,0,0,0
two_scale_ou,occ_c1,25,4,0.22298970814303232,0.5222968448653639,0.14654171893694212,0.14654171893694212,0.14654171893694212,0.0,0,1,1
two_scale_ou,occ_c1,25,5,0.19282065537522486,0.5222968448653639,0.03482100583073955,0.1003818679340131,0.03482100583073955,-0.06556086210327355,1,0,0
two_scale_ou,occ_c1,25,6,0.21069544256837092,0.5222968448653639,0.04828368222152413,0.01887295302090186,0.07116715690287284,0.029410729200622265,0,0,0
two_scale_ou,occ_c1,25,7,0.25214948765915635,0.5222968448653639,0.013386947077757116,0.013386947077757116,0.013386947077757116,0.0,0,1,1
two_scale_ou,occ_c1,25,8,0.30477333239572274,0.5222968448653639,0.030110556900752372,0.030110556900752372,0.030110556900752372,0.0,0,1,1
two_scale_ou,occ_c1,25,9,0.25154344738747847,0.5222968448653639,0.06702593027641529,0.0800820505381214,0.0800820505381214,-0.013056120261706106,1,0,0
two_scale_ou,occ_c1,25,10,0.24642380032073652,0.5222968448653639,0.08889933083526053,0.08889933083526053,0.08889933083526053,0.0,0,1,1
two_scale_ou,occ_c1,25,11,0.17671937405373622,0.5222968448653639,0.06194809669293766,0.0803659037737337,0.0803659037737337,-0.018417807080796045,1,0,0
two_scale_ou,occ_c1,25,12,0.27828180864470387,0.5222968448653639,0.08594540615231461,0.06198878787448148,0.05125457842684722,0.02395661827783313,0,0,0
two_scale_ou,occ_c1,25,13,0.15333750175140015,0.5222968448653639,0.009489804954957992,0.0,0.0,0.009489804954957992,0,0,0
two_scale_ou,occ_c1,25,14,0.22349468475203232,0.5222968448653639,0.0661883896639881,0.022054555129385256,0.05280548152793879,0.044133834534602845,0,0,0
two_scale_ou,occ_c1,25,15,0.14781923150935233,0.5222968448653639,0.04690380191579446,0.013386947077757116,0.013386947077757116,0.03351685483803735,0,0,0
two_scale_ou,occ_c1,25,16,0.25128630642041705,0.5222968448653639,0.03995939153351302,0.03995939153351302,0.03995939153351302,0.0,0,1,1
two_scale_ou,occ_c1,25,17,0.18632495745246325,0.5222968448653639,0.002469741471749387,0.030110556900752483,0.030110556900752483,-0.027640815429003096,1,0,0
two_scale_ou,occ_c1,25,18,0.3216277151736294,0.5222968448653639,0.0212242140609763,0.0212242140609763,0.0212242140609763,0.0,0,1,1
two_scale_ou,occ_c1,25,19,0.22062881816123825,0.5222968448653639,0.06300590307072312,0.04505184680626789,0.04505184680626789,0.01795405626445523,0,0,0
two_scale_ou,occ_c1,25,20,0.2447775780222254,0.5222968448653639,0.10816093364561596,0.02673712190869465,0.02673712190869465,0.08142381173692131,0,0,0
two_scale_ou,occ_c1,25,21,0.27306181040886185,0.5222968448653639,0.051186209967333474,0.0720520864408582,0.04502524365285021,-0.020865876473524725,1,0,0
two_scale_ou,occ_c1,25,22,0.15443404856051263,0.5222968448653639,0.07143140222546268,0.07143140222546268,0.07143140222546268,0.0,0,1,1
two_scale_ou,occ_c1,25,23,0.2327092841676539,0.5222968448653639,0.04512135388282584,0.07643161911772689,0.08767883406797944,-0.03131026523490105,1,0,0
two_scale_ou,occ_c1,25,24,0.23679364147835147,0.5222968448653639,0.025125160928661572,0.025125160928661572,0.025125160928661572,0.0,0,1,1
two_scale_ou,occ_c1,25,25,0.2420830116312525,0.5222968448653639,0.04854994854834577,0.0675926070795893,0.0675926070795893,-0.01904265853124354,1,0,0
two_scale_ou,occ_c1,25,26,0.14092264731098236,0.5222968448653639,0.0,0.0,0.06223145992023804,0.0,0,1,1
two_scale_ou,occ_c1,25,27,0.18343334068442313,0.5222968448653639,0.0,0.0,0.0,0.0,0,1,1
two_scale_ou,occ_c1,25,28,0.241382124044764,0.5222968448653639,0.14263397807787526,0.1065480642145783,0.0661883896639881,0.03608591386329696,0,0,0
two_scale_ou,occ_c1,25,29,0.2627892367407858,0.5222968448653639,0.030110556900752483,0.05956595509299378,0.05956595509299378,-0.0294553981922413,1,0,0
two_scale_ou,occ_c1,25,30,0.22844116438958567,0.5222968448653639,0.07807518467342378,0.06094570604971783,0.06094570604971783,0.01712947862370595,0,0,0
two_scale_ou,occ_c1,25,31,0.19153735638361746,0.5222968448653639,0.0,0.0,0.0,0.0,0,1,1
two_scale_ou,occ_c1,25,32,0.16821988567278656,0.5222968448653639,0.002469741471749387,0.06783457918262442,0.06783457918262442,-0.06536483771087503,1,0,0
two_scale_ou,occ_c1,25,33,0.2462659989797032,0.5222968448653639,0.002469741471749387,0.002469741471749387,0.002469741471749387,0.0,0,1,1
two_scale_ou,occ_c1,25,34,0.18650282635920512,0.5222968448653639,0.10243411230178445,0.04451642291169072,0.04451642291169072,0.05791768939009373,0,0,0
two_scale_ou,occ_c1,25,35,0.19107936096743566,0.5222968448653639,0.08568136757618683,0.0552629464130624,0.019851492340691723,0.03041842116312443,0,0,0
two_scale_ou,occ_c1,25,36,0.2655695921651383,0.5222968448653639,0.08811085271460423,0.0912270303823739,0.10816093364561596,-0.0031161776677696706,1,0,0
two_scale_ou,occ_c1,25,37,0.2714417140058024,0.5222968448653639,0.09641272358372438,0.16893223945996994,0.16893223945996994,-0.07251951587624555,1,0,0
two_scale_ou,occ_c1,25,38,0.15716806263861988,0.5222968448653639,0.07293976789729728,0.07293976789729728,0.11431508953689906,0.0,0,1,1
two_scale_ou,occ_c1,25,39,0.27957857494958743,0.5222968448653639,0.1107331203211494,0.03911203422290971,0.1107331203211494,0.0716210860982397,0,0,0
two_scale_ou,occ_c1,25,40,0.2223642873283543,0.5222968448653639,0.045213590164075834,0.045213590164075834,0.045213590164075834,0.0,0,1,1
two_scale_ou,occ_c1,25,41,0.2454080287809437,0.5222968448653639,0.07143140222546268,0.0212242140609763,0.02673712190869465,0.05020718816448638,0,0,0
two_scale_ou,occ_c1,25,42,0.16716625822335995,0.5222968448653639,0.08567083875273768,0.022054555129385256,0.022054555129385256,0.06361628362335242,0,0,0
two_scale_ou,occ_c1,25,43,0.20937050391830703,0.5222968448653639,0.06670496176902502,0.08567083875273768,0.08567083875273768,-0.01896587698371266,1,0,0
two_scale_ou,occ_c1,25,44,0.22521119691341684,0.5222968448653639,0.09404162443840897,0.041042854691013986,0.06156069610284276,0.05299876974739498,0,0,0
two_scale_ou,occ_c1,25,45,0.175242896320213,0.5222968448653639,0.07675536839460056,0.09081676295108071,0.07675536839460056,-0.014061394556480145,1,0,0
two_scale_ou,occ_c1,25,46,0.22907662477695076,0.5222968448653639,0.0675926070795893,0.03301320378271355,0.03301320378271355,0.034579403296875755,0,0,0
two_scale_ou,occ_c1,25,47,0.18420195919379162,0.5222968448653639,0.03301320378271355,0.03688965218820767,0.03688965218820767,-0.003876448405494115,1,0,0
two_scale_ou,occ_c1,25,48,0.23520252715521806,0.5222968448653639,0.06886423318797252,0.06886423318797252,0.08832844917565918,0.0,0,1,1
two_scale_ou,occ_c1,25,49,0.19333291333234792,0.5222968448653639,0.0912270303823739,0.08166433888348013,0.08166433888348013,0.009562691498893772,0,0,0
two_scale_ou,occ_c1,25,50,0.210712808018644,0.5222968448653639,0.0675926070795893,0.0675926070795893,0.0675926070795893,0.0,0,1,1
two_scale_ou,occ_c1,25,51,0.2175318822101322,0.5222968448653639,0.05348672418156131,0.05348672418156131,0.05348672418156131,0.0,0,1,1
two_scale_ou,occ_c1,25,52,0.2955209129626285,0.5222968448653639,0.10967815798162717,0.10967815798162717,0.10967815798162717,0.0,0,1,1
two_scale_ou,occ_c1,25,53,0.2226400943035161,0.5222968448653639,0.0821827692847169,0.0821827692847169,0.12114104939857567,0.0,0,1,1
two_scale_ou,occ_c1,25,54,0.20483831315916168,0.5222968448653639,0.050742170725490754,0.03628091001126005,0.050742170725490754,0.014461260714230706,0,0,0
two_scale_ou,occ_c1,25,55,0.23456211016989817,0.5222968448653639,0.06505199653430144,0.025125160928661572,0.025125160928661572,0.039926835605639865,0,0,0
two_scale_ou,occ_c1,25,56,0.20116502942780154,0.5222968448653639,0.01590609456129266,0.04583956086884644,0.06131912995839606,-0.02993346630755378,1,0,0
two_scale_ou,occ_c1,25,57,0.16210577599788634,0.5222968448653639,0.05663373808280081,0.05663373808280081,0.03301320378271355,0.0,0,1,1
two_scale_ou,occ_c1,25,58,0.2513212820095917,0.5222968448653639,0.03688965218820767,0.04512135388282584,0.04512135388282584,-0.008231701694618176,1,0,0
two_scale_ou,occ_c1,25,59,0.18640538259422884,0.5222968448653639,0.02673712190869465,0.0026038184247919594,0.0026038184247919594,0.02413330348390269,0,0,0
two_scale_ou,occ_c1,25,60,0.21058992369780288,0.5222968448653639,0.09727509045281463,0.06495751609073835,0.09727509045281463,0.03231757436207627,0,0,0
two_scale_ou,occ_c1,25,61,0.1561161094548117,0.5222968448653639,0.06372082945618363,0.08332629253385943,0.06372082945618363,-0.0196054630776758,1,0,0
two_scale_ou,occ_c1,25,62,0.2089819721830039,0.5222968448653639,0.09404162443840897,0.04326926042077134,0.04326926042077134,0.05077236401763763,0,0,0
two_scale_ou,occ_c1,25,63,0.23991316199036788,0.5222968448653639,0.05116290914282373,0.09718308544971538,0.09718308544971538,-0.04602017630689165,1,0,0
two_scale_ou,occ_c1,25,64,0.23486972322620198,0.5222968448653639,0.050742170725490754,0.0212242140609763,0.03628091001125994,0.029517956664514455,0,0,0
two_scale_ou,occ_c1,25,65,0.2900516274348862,0.5222968448653639,0.12319800575578005,0.06300590307072307,0.06300590307072307,0.06019210268505698,0,0,0
two_scale_ou,occ_c1,25,66,0.14212467357183745,0.5222968448653639,0.05669960761545478,0.047252088038712725,0.05125457842684733,0.009447519576742058,0,0,0
two_scale_ou,occ_c1,25,67,0.2401499217806343,0.5222968448653639,0.06462019047274398,0.030824091811748056,0.030824091811748056,0.03379609866099592,0,0,0
two_scale_ou,occ_c1,25,68,0.19043151634175348,0.5222968448653639,0.04505184680626789,0.0720520864408582,0.07652471718732234,-0.027000239634590306,1,0,0
two_scale_ou,occ_c1,25,69,0.31056480648712603,0.5222968448653639,0.03628091001125994,0.0212242140609763,0.03628091001125994,0.015056695950283638,0,0,0
two_scale_ou,occ_c1,25,70,0.31028475598071004,0.5222968448653639,0.04729867115405806,0.11202460483827487,0.06497832905475892,-0.06472593368421681,1,0,0
two_scale_ou,occ_c1,25,71,0.2341351548912313,0.5222968448653639,0.04451642291169072,0.10884112809888413,0.06648193680788145,-0.06432470518719341,1,0,0
two_scale_ou,occ_c1,25,72,0.26107409939715076,0.5222968448653639,0.08801151929133305,0.07807518467342378,0.10170801403534396,0.00993633461790927,0,0,0
two_scale_ou,occ_c1,25,73,0.2749916302155629,0.5222968448653639,0.053151995318164225,0.07621127543581313,0.10971492409335387,-0.023059280117648906,1,0,0
two_scale_ou,occ_c1,25,74,0.20584353925315696,0.5222968448653639,0.07342903811432294,0.10629763536330422,0.08027495236551307,-0.03286859724898128,1,0,0
two_scale_ou,occ_c1,25,75,0.19279258396481574,0.5222968448653639,0.040564075426501256,0.040564075426501256,0.016292552009405492,0.0,0,1,1
two_scale_ou,occ_c1,25,76,0.1921980778774281,0.5222968448653639,0.07649992891654017,0.08341145492960261,0.08341145492960261,-0.006911526013062441,1,0,0
two_scale_ou,occ_c1,25,77,0.20279400994472524,0.5222968448653639,0.04505184680626789,0.07216151495715556,0.07216151495715556,-0.027109668150887667,1,0,0
two_scale_ou,occ_c1,25,78,0.14577880047553576,0.5222968448653639,0.05712014475362087,0.04502524365285021,0.0,0.01209490110077066,0,0,0
two_scale_ou,occ_c1,25,79,0.26045963547691386,0.5222968448653639,0.06500373405157167,0.07293976789729728,0.03995939153351302,-0.00793603384572561,1,0,0
two_scale_ou,occ_c1,25,80,0.3118940271767253,0.5222968448653639,0.04215743878149636,0.08124707801639991,0.08124707801639991,-0.03908963923490355,1,0,0
two_scale_ou,occ_c1,25,81,0.19258965937124126,0.5222968448653639,0.05028897421222084,0.01590609456129266,0.06447856902474153,0.03438287965092818,0,0,0
two_scale_ou,occ_c1,25,82,0.18837021948649593,0.5222968448653639,0.07807518467342378,0.054238450352979084,0.054238450352979084,0.023836734320444697,0,0,0
two_scale_ou,occ_c1,25,83,0.19390878214844848,0.5222968448653639,0.016292552009405492,0.01629255200940538,0.01629255200940538,1.1102230246251565e-16,0,1,0
two_scale_ou,occ_c1,25,84,0.20494765516886967,0.5222968448653639,0.021377267855494875,0.05932070854333188,0.05932070854333188,-0.037943440687837005,1,0,0
two_scale_ou,occ_c1,25,85,0.2701970153941351,0.5222968448653639,0.04610464212653004,0.041042854691013986,0.041042854691013986,0.005061787435516052,0,0,0
two_scale_ou,occ_c1,25,86,0.20071844469761735,0.5222968448653639,0.01629255200940538,0.0414376471282662,0.0414376471282662,-0.025145095118860816,1,0,0
two_scale_ou,occ_c1,25,87,0.19584287753106755,0.5222968448653639,0.02673712190869465,0.06783457918262442,0.06783457918262442,-0.04109745727392977,1,0,0
two_scale_ou,occ_c1,25,88,0.16947706666276816,0.5222968448653639,0.09922223095334037,0.030110556900752372,0.030110556900752372,0.069111674052588,0,0,0
two_scale_ou,occ_c1,25,89,0.21186064529229534,0.5222968448653639,0.06223145992023804,0.09990016514099048,0.07675536839460056,-0.03766870522075244,1,0,0
two_scale_ou,occ_c1,25,90,0.2988096169720267,0.5222968448653639,0.10331971769491438,0.08349598482939413,0.08349598482939413,0.01982373286552025,0,0,0
two_scale_ou,occ_c1,25,91,0.176931990057756,0.5222968448653639,0.047252088038712725,0.04512135388282584,0.04512135388282584,0.002130734155886882,0,0,0
two_scale_ou,occ_c1,25,92,0.1422288605406691,0.5222968448653639,0.021539822692108856,0.021539822692108856,0.021539822692108856,0.0,0,1,1
two_scale_ou,occ_c1,25,93,0.12536880343346885,0.5222968448653639,0.02913027689208947,0.03167856473155972,0.03631802085968111,-0.0025482878394702535,1,0,0
two_scale_ou,occ_c1,25,94,0.22721832832037597,0.5222968448653639,0.022054555129385256,0.10246353367137578,0.10246353367137578,-0.08040897854199053,1,0,0
two_scale_ou,occ_c1,25,95,0.1899357541113239,0.5222968448653639,0.01590609456129266,0.01887295302090186,0.013386947077757116,-0.0029668584596092007,1,0,0
two_scale_ou,occ_c1,25,96,0.21738715485847038,0.5222968448653639,0.029366030404106125,0.0773251084922133,0.0773251084922133,-0.04795907808810718,1,0,0
two_scale_ou,occ_c1,25,97,0.2225702684540018,0.5222968448653639,0.1138697438958039,0.04505184680626789,0.08235039409744888,0.068817897089536,0,0,0
two_scale_ou,occ_c1,25,98,0.14262746226303774,0.5222968448653639,0.09942070592322899,0.01629255200940538,0.01629255200940538,0.08312815391382361,0,0,0
two_scale_ou,occ_c1,25,99,0.27988404299886915,0.5222968448653639,0.01887295302090175,0.01887295302090175,0.01887295302090175,0.0,0,1,1
two_scale_ou,occ_c1,50,0,0.12983510790073394,0.5222968448653639,0.03301320378271355,0.06223145992023804,0.06223145992023804,-0.02921825613752449,1,0,0
two_scale_ou,occ_c1,50,1,0.16187095476589666,0.5222968448653639,0.07933943114414743,0.03631802085968111,0.028830188886758423,0.04302141028446632,0,0,0
two_scale_ou,occ_c1,50,2,0.17898074007443227,0.5222968448653639,0.013386947077757116,0.013386947077757116,0.013386947077757116,0.0,0,1,1
two_scale_ou,occ_c1,50,3,0.11651165823186571,0.5222968448653639,0.021539822692108856,0.009489804954958103,0.009489804954958103,0.012050017737150753,0,0,0
two_scale_ou,occ_c1,50,4,0.19638385361823768,0.5222968448653639,0.01629255200940538,0.022054555129385256,0.025125160928661572,-0.005762003119979875,1,0,0
two_scale_ou,occ_c1,50,5,0.16220520061353877,0.5222968448653639,0.002469741471749387,0.002469741471749387,0.06780474035193501,0.0,0,1,1
two_scale_ou,occ_c1,50,6,0.12362125625189013,0.5222968448653639,0.04451642291169061,0.06156069610284276,0.06156069610284276,-0.01704427319115215,1,0,0
two_scale_ou,occ_c1,50,7,0.23849983074669717,0.5222968448653639,0.019851492340691723,0.0,0.0,0.019851492340691723,0,0,0
two_scale_ou,occ_c1,50,8,0.16073083116132275,0.5222968448653639,0.028486291050242973,0.03159488826296264,0.03159488826296264,-0.003108597212719666,1,0,0
two_scale_ou,occ_c1,50,9,0.20244557080531728,0.5222968448653639,0.0212242140609763,0.0212242140609763,0.0212242140609763,0.0,0,1,1
two_scale_ou,occ_c1,50,10,0.14277362038872643,0.5222968448653639,0.0,0.0,0.0,0.0,0,1,1
two_scale_ou,occ_c1,50,11,0.13940475286658272,0.5222968448653639,0.026737121908694483,0.026737121908694483,0.026737121908694483,0.0,0,1,1
two_scale_ou,occ_c1,50,12,0.12376427456138239,0.5222968448653639,0.025125160928661572,0.025125160928661572,0.025125160928661572,0.0,0,1,1
two_scale_ou,occ_c1,50,13,0.15658458026623973,0.5222968448653639,0.01887295302090186,0.01887295302090186,0.01887295302090186,0.0,0,1,1
two_scale_ou,occ_c1,50,14,0.15414196150390702,0.5222968448653639,0.015906094561292772,0.08594540615231461,0.08594540615231461,-0.07003931159102184,1,0,0
two_scale_ou,occ_c1,50,15,0.14320360145494493,0.5222968448653639,0.016292552009405492,0.0026038184247919594,0.0026038184247919594,0.013688733584613533,0,0,0
two_scale_ou,occ_c1,50,16,0.17109416884595383,0.5222968448653639,0.002469741471749387,0.002469741471749387,0.002469741471749387,0.0,0,1,1
two_scale_ou,occ_c1,50,17,0.15966628049523768,0.5222968448653639,0.09369739924940645,0.09369739924940645,0.09369739924940645,0.0,0,1,1
two_scale_ou,occ_c1,50,18,0.14424517811012932,0.5222968448653639,0.042965572933159446,0.042965572933159446,0.03628091001126005,0.0,0,1,1
two_scale_ou,occ_c1,50,19,0.17045076377438292,0.5222968448653639,0.03628091001126005,0.03628091001126005,0.05280548152793879,0.0,0,1,1
two_scale_ou,occ_c1,50,20,0.142199491964679,0.5222968448653639,0.009489804954958103,0.021539822692108856,0.009489804954958103,-0.012050017737150753,1,0,0
two_scale_ou,occ_c1,50,21,0.17940374592919758,0.5222968448653639,0.06783457918262442,0.08574432660930648,0.03530977537039659,-0.017909747426682054,1,0,0
two_scale_ou,occ_c1,50,22,0.14016101090026134,0.5222968448653639,0.01590609456129266,0.01590609456129266,0.01590609456129266,0.0,0,1,1
two_scale_ou,occ_c1,50,23,0.14477908779685322,0.5222968448653639,0.025125160928661572,0.08252629574374182,0.025125160928661572,-0.057401134815080246,1,0,0
two_scale_ou,occ_c1,50,24,0.22961943690893571,0.5222968448653639,0.002469741471749387,0.002469741471749387,0.002469741471749387,0.0,0,1,1
two_scale_ou,occ_c1,50,25,0.2149805330880757,0.5222968448653639,0.016792046391688187,0.0,0.028830188886758423,0.016792046391688187,0,0,0
two_scale_ou,occ_c1,50,26,0.10422028737458722,0.5222968448653639,0.0,0.009489804954957992,0.009489804954957992,-0.009489804954957992,1,0,0
two_scale_ou,occ_c1,50,27,0.17168402404285604,0.5222968448653639,0.009489804954958103,0.02913027689208947,0.03631802085968111,-0.019640471937131365,1,0,0
two_scale_ou,occ_c1,50,28,0.12825052912105694,0.5222968448653639,0.042474718771267295,0.04715191460100304,0.04715191460100304,-0.0046771958297357474,1,0,0
two_scale_ou,occ_c1,50,29,0.15317668066958823,0.5222968448653639,0.03482100583073955,0.05028897421222073,0.07621127543581313,-0.015467968381481179,1,0,0
two_scale_ou,occ_c1,50,30,0.1911226336469454,0.5222968448653639,0.009489804954957992,0.06194809669293777,0.06194809669293777,-0.05245829173797978,1,0,0
two_scale_ou,occ_c1,50,31,0.12199957127213812,0.5222968448653639,0.03995939153351302,0.002469741471749387,0.03995939153351302,0.037489650061763635,0,0,0
two_scale_ou,occ_c1,50,32,0.20576698003105975,0.5222968448653639,0.08706332875803563,0.10417390375446783,0.06624636323432931,-0.017110574996432204,1,0,0
two_scale_ou,occ_c1,50,33,0.14466564141546717,0.5222968448653639,0.054265745374038776,0.021377267855494875,0.021377267855494875,0.0328884775185439,0,0,0
two_scale_ou,occ_c1,50,34,0.14109619455096717,0.5222968448653639,0.002469741471749387,0.03995939153351302,0.03995939153351302,-0.037489650061763635,1,0,0
two_scale_ou,occ_c1,50,35,0.13372948724382228,0.5222968448653639,0.0,0.0026038184247919594,0.0026038184247919594,-0.0026038184247919594,1,0,0
two_scale_ou,occ_c1,50,36,0.15452114056921612,0.5222968448653639,0.0,0.0,0.0,0.0,0,1,1
two_scale_ou,occ_c1,50,37,0.10950225390846197,0.5222968448653639,0.0026038184247919594,0.0,0.0,0.0026038184247919594,0,0,0
two_scale_ou,occ_c1,50,38,0.10147728206435774,0.5222968448653639,0.009489804954957992,0.002469741471749387,0.04502524365285021,0.007020063483208605,0,0,0
two_scale_ou,occ_c1,50,39,0.2565115230222628,0.5222968448653639,0.0212242140609763,0.08074388031984692,0.0212242140609763,-0.05951966625887062,1,0,0
two_scale_ou,occ_c1,50,40,0.1180841599986156,0.5222968448653639,0.002469741471749387,0.029366030404106125,0.0,-0.026896288932356738,1,0,0
two_scale_ou,occ_c1,50,41,0.12304440746066697,0.5222968448653639,0.01887295302090186,0.01887295302090186,0.01887295302090186,0.0,0,1,1
two_scale_ou,occ_c1,50,42,0.17060196494213858,0.5222968448653639,0.021377267855494875,0.0026038184247919594,0.0026038184247919594,0.018773449430702915,0,0,0
two_scale_ou,occ_c1,50,43,0.17225886463510062,0.5222968448653639,0.08594540615231472,0.052836278102978695,0.052836278102978695,0.03310912804933602,0,0,0
two_scale_ou,occ_c1,50,44,0.1945530674492778,0.5222968448653639,0.06929868823523183,0.08832844917565918,0.06886423318797252,-0.019029760940427354,1,0,0
two_scale_ou,occ_c1,50,45,0.1281100039762017,0.5222968448653639,0.038137387376757315,0.009489804954957992,0.009489804954957992,0.028647582421799322,0,0,0
two_scale_ou,occ_c1,50,46,0.13834512327344822,0.5222968448653639,0.002469741471749387,0.0,0.0,0.002469741471749387,0,0,0
two_scale_ou,occ_c1,50,47,0.13244194057425696,0.5222968448653639,0.013386947077757116,0.013386947077757116,0.0661883896639881,0.0,0,1,1
two_scale_ou,occ_c1,50,48,0.18925872976183622,0.5222968448653639,0.03482100583073955,0.05037686678815617,0.05037686678815617,-0.015555860957416623,1,0,0
two_scale_ou,occ_c1,50,49,0.17921150638290675,0.5222968448653639,0.05663373808280081,0.030824091811748056,0.030824091811748056,0.025809646271052755,0,0,0
two_scale_ou,occ_c1,50,50,0.13562276066720352,0.5222968448653639,0.0,0.0,0.0,0.0,0,1,1
two_scale_ou,occ_c1,50,51,0.18645703324800178,0.5222968448653639,0.022054555129385256,0.025125160928661572,0.025125160928661572,-0.003070605799276316,1,0,0
two_scale_ou,occ_c1,50,52,0.16309932756200501,0.5222968448653639,0.030110556900752483,0.030110556900752483,0.030110556900752483,0.0,0,1,1
two_scale_ou,occ_c1,50,53,0.167723603956631,0.5222968448653639,0.03301320378271355,0.03995939153351302,0.03995939153351302,-0.006946187750799471,1,0,0
two_scale_ou,occ_c1,50,54,0.17613231476636843,0.5222968448653639,0.03301320378271355,0.03301320378271355,0.03301320378271355,0.0,0,1,1
two_scale_ou,occ_c1,50,55,0.18401037231801193,0.5222968448653639,0.10739468907168187,0.10739468907168187,0.06780474035193501,0.0,0,1,1
two_scale_ou,occ_c1,50,56,0.15763826235030448,0.5222968448653639,0.0026038184247919594,0.0026038184247919594,0.0026038184247919594,0.0,0,1,1
two_scale_ou,occ_c1,50,57,0.15333539714064354,0.5222968448653639,0.01629255200940538,0.01629255200940538,0.01629255200940538,0.0,0,1,1
two_scale_ou,occ_c1,50,58,0.12326023927555074,0.5222968448653639,0.01887295302090186,0.002469741471749387,0.002469741471749387,0.016403211549152474,0,0,0
two_scale_ou,occ_c1,50,59,0.1897438721461999,0.5222968448653639,0.0026038184247919594,0.0026038184247919594,0.0026038184247919594,0.0,0,1,1
two_scale_ou,occ_c1,50,60,0.200012708961472,0.5222968448653639,0.042474718771267295,0.04690380191579446,0.04690380191579446,-0.004429083144527168,1,0,0
two_scale_ou,occ_c1,50,61,0.16175790632029258,0.5222968448653639,0.022054555129385256,0.01887295302090186,0.01887295302090186,0.0031816021084833945,0,0,0
two_scale_ou,occ_c1,50,62,0.15041691865876958,0.5222968448653639,0.009489804954957992,0.002469741471749387,0.002469741471749387,0.007020063483208605,0,0,0
two_scale_ou,occ_c1,50,63,0.2406003292431956,0.5222968448653639,0.026737121908694483,0.026737121908694483,0.026737121908694483,0.0,0,1,1
two_scale_ou,occ_c1,50,64,0.20943726012823505,0.5222968448653639,0.021377267855494875,0.009489804954958103,0.009489804954958103,0.011887462900536772,0,0,0
two_scale_ou,occ_c1,50,65,0.14132205556435343,0.5222968448653639,0.06156069610284276,0.06156069610284276,0.06156069610284276,0.0,0,1,1
two_scale_ou,occ_c1,50,66,0.14864254908808117,0.5222968448653639,0.09369739924940645,0.09369739924940645,0.09369739924940645,0.0,0,1,1
two_scale_ou,occ_c1,50,67,0.18267146181578933,0.5222968448653639,0.054265745374038665,0.08801151929133305,0.0,-0.033745773917294386,1,0,0
two_scale_ou,occ_c1,50,68,0.16681203860237503,0.5222968448653639,0.013386947077757116,0.0,0.03301320378271355,0.013386947077757116,0,0,0
two_scale_ou,occ_c1,50,69,0.1591167147200233,0.5222968448653639,0.002469741471749387,0.002469741471749387,0.002469741471749387,0.0,0,1,1
two_scale_ou,occ_c1,50,70,0.24945042706083065,0.5222968448653639,0.026737121908694483,0.06689036072960303,0.06689036072960303,-0.04015323882090854,1,0,0
two_scale_ou,occ_c1,50,71,0.180459389169423,0.5222968448653639,0.0,0.0,0.0,0.0,0,1,1
two_scale_ou,occ_c1,50,72,0.14257376088891882,0.5222968448653639,0.015906094561292772,0.015906094561292772,0.015906094561292772,0.0,0,1,1
two_scale_ou,occ_c1,50,73,0.14311406301271,0.5222968448653639,0.025125160928661572,0.01629255200940538,0.06300590307072307,0.00883260891925619,0,0,0
two_scale_ou,occ_c1,50,74,0.13096521342581258,0.5222968448653639,0.0212242140609763,0.05663373808280081,0.05663373808280081,-0.03540952402182451,1,0,0
two_scale_ou,occ_c1,50,75,0.10971026547869461,0.5222968448653639,0.03688965218820767,0.03688965218820767,0.015906094561292772,0.0,0,1,1
two_scale_ou,occ_c1,50,76,0.19645755154394137,0.5222968448653639,0.02999362153935775,0.02999362153935775,0.02999362153935775,0.0,0,1,1
two_scale_ou,occ_c1,50,77,0.15096516798660692,0.5222968448653639,0.022054555129385256,0.05905725563022002,0.05905725563022002,-0.03700270050083476,1,0,0
two_scale_ou,occ_c1,50,78,0.1657573629555375,0.5222968448653639,0.08257122867955502,0.08532909743504957,0.08532909743504957,-0.0027578687554945525,1,0,0
two_scale_ou,occ_c1,50,79,0.11653813303483967,0.5222968448653639,0.05950870047687706,0.06886423318797252,0.06886423318797252,-0.00935553271109546,1,0,0
two_scale_ou,occ_c1,50,80,0.15277080486681216,0.5222968448653639,0.0212242140609763,0.0,0.0,0.0212242140609763,0,0,0
two_scale_ou,occ_c1,50,81,0.13108836122006387,0.5222968448653639,0.0812486653230633,0.046867710805122864,0.03631802085968111,0.03438095451794043,0,0,0
two_scale_ou,occ_c1,50,82,0.1904628420722605,0.5222968448653639,0.0,0.0,0.03482100583073955,0.0,0,1,1
two_scale_ou,occ_c1,50,83,0.13999803208157155,0.5222968448653639,0.009489804954957992,0.04610464212653004,0.08866128276684204,-0.036614837171572046,1,0,0
two_scale_ou,occ_c1,50,84,0.13773989873343762,0.5222968448653639,0.01887295302090186,0.06513609867733117,0.06513609867733117,-0.046263145656429305,1,0,0
two_scale_ou,occ_c1,50,85,0.17459649983009295,0.5222968448653639,0.01887295302090186,0.03995939153351302,0.06886423318797252,-0.02108643851261116,1,0,0
two_scale_ou,occ_c1,50,86,0.22690676143710714,0.5222968448653639,0.03482100583073955,0.03482100583073955,0.03482100583073955,0.0,0,1,1
two_scale_ou,occ_c1,50,87,0.14198805157871836,0.5222968448653639,0.01590609456129266,0.01590609456129266,0.01590609456129266,0.0,0,1,1
two_scale_ou,occ_c1,50,88,0.16536260682044074,0.5222968448653639,0.03665595880916134,0.0414376471282662,0.01629255200940538,-0.00478168831910486,1,0,0
two_scale_ou,occ_c1,50,89,0.12904754301076632,0.5222968448653639,0.009489804954957992,0.06372082945618363,0.06372082945618363,-0.05423102450122563,1,0,0
two_scale_ou,occ_c1,50,90,0.1310286534546386,0.5222968448653639,0.009489804954958103,0.009489804954958103,0.009489804954958103,0.0,0,1,1
two_scale_ou,occ_c1,50,91,0.12718299140659928,0.5222968448653639,0.025125160928661572,0.025125160928661572,0.025125160928661572,0.0,0,1,1
two_scale_ou,occ_c1,50,92,0.1595547414802686,0.5222968448653639,0.009489804954957992,0.009489804954957992,0.009489804954957992,0.0,0,1,1
two_scale_ou,occ_c1,50,93,0.314181566924012,0.5222968448653639,0.07802059628981245,0.05280548152793879,0.05280548152793879,0.025215114761873658,0,0,0
two_scale_ou,occ_c1,50,94,0.16813611644448123,0.5222968448653639,0.0212242140609763,0.0212242140609763,0.05905725563022002,0.0,0,1,1
two_scale_ou,occ_c1,50,95,0.19143924393140804,0.5222968448653639,0.03688965218820767,0.03688965218820767,0.03688965218820767,0.0,0,1,1
two_scale_ou,occ_c1,50,96,0.17648192772463184,0.5222968448653639,0.0212242140609763,0.0,0.0,0.0212242140609763,0,0,0
two_scale_ou,occ_c1,50,97,0.1390549819576548,0.5222968448653639,0.013386947077757116,0.013386947077757116,0.013386947077757116,0.0,0,1,1
two_scale_ou,occ_c1,50,98,0.18731819065808183,0.5222968448653639,0.022054555129385256,0.022054555129385256,0.022054555129385256,0.0,0,1,1
two_scale_ou,occ_c1,50,99,0.1412941171749818,0.5222968448653639,0.025125160928661572,0.025125160928661572,0.025125160928661572,0.0,0,1,1
