alpha,label,protocol,model,n_train,n_train_used,is_reference,seed_index,seed_key,r2_test,r2_bayes_test,r2_best_linear_test,hyperparameter,ceiling,label_variance,ceiling_best_linear,r2_class_reference,protocol_gap,approximation_gap,estimation_gap,protocol_gap_paired,approximation_gap_paired,approximation_gap_exact_linear,ceiling_utilization,absolute_gap,protocol_share_of_residual
0.0,occupation,same_time,ridge,100,100,0,0,"[20260802, 0, 0]",0.07739425433545599,0.084293463830444,0.08268748785224278,cv-alpha,0.0860502626123045,0.016804686944287432,0.08452056361587312,0.08240858133908235,0.9139497373876955,0.003641681273222147,0.005014327003626362,0.915706536169556,0.0018848824913616502,0.0015296989964313779,0.8994075321321475,0.00865600827684851,0.9906178686643516
0.0,occupation,same_time,gp,100,100,0,0,"[20260802, 0, 0]",0.049663029060525,0.084293463830444,0.08268748785224278,reg=30,0.0860502626123045,0.016804686944287432,0.08452056361587312,0.08148307413042588,0.9139497373876955,0.00456718848187862,0.03182004506990088,0.915706536169556,0.0028103897000181233,nan,0.5771397733471133,0.0363872335517795,0.9617112301589107
0.0,occupation,same_time,mlp,100,100,0,0,"[20260802, 0, 0]",0.07682798996194407,0.084293463830444,0.08268748785224278,weight_decay=1,0.0860502626123045,0.016804686944287432,0.08452056361587312,0.08363052555570949,0.9139497373876955,0.0024197370565950116,0.006802535593765424,0.915706536169556,0.0006629382747345147,nan,0.8928269087113544,0.009222272650360436,0.9900102336833411
0.0,occupation,same_time,ridge,250,250,0,0,"[20260802, 0, 0]",0.07420137443069896,0.084293463830444,0.08268748785224278,cv-alpha,0.0860502626123045,0.016804686944287432,0.08452056361587312,0.08240858133908235,0.9139497373876955,0.003641681273222147,0.008207206908383391,0.915706536169556,0.0018848824913616502,0.0015296989964313779,0.8623027074886435,0.011848888181605538,0.9872014411618732
0.0,occupation,same_time,gp,250,250,0,0,"[20260802, 0, 0]",0.04389857180220025,0.084293463830444,0.08268748785224278,reg=0.1,0.0860502626123045,0.016804686944287432,0.08452056361587312,0.08148307413042588,0.9139497373876955,0.00456718848187862,0.03758450232822563,0.915706536169556,0.0028103897000181233,nan,0.510150352474614,0.04215169081010425,0.9559129506902233
0.0,occupation,same_time,mlp,250,250,0,0,"[20260802, 0, 0]",0.049496827435072666,0.084293463830444,0.08268748785224278,weight_decay=0.001,0.0860502626123045,0.016804686944287432,0.08452056361587312,0.08363052555570949,0.9139497373876955,0.0024197370565950116,0.034133698120636824,0.915706536169556,0.0006629382747345147,nan,0.575208325139905,0.036553435177231836,0.9615430687321194
0.0,occupation,same_time,ridge,500,500,0,0,"[20260802, 0, 0]",0.07232271732869999,0.084293463830444,0.08268748785224278,cv-alpha,0.0860502626123045,0.016804686944287432,0.08452056361587312,0.08240858133908235,0.9139497373876955,0.003641681273222147,0.010085864010382362,0.915706536169556,0.0018848824913616502,0.0015296989964313779,0.8404706172083015,0.013727545283604509,0.9852022405420177
0.0,occupation,same_time,gp,500,500,0,0,"[20260802, 0, 0]",0.06678100458443526,0.084293463830444,0.08268748785224278,reg=10,0.0860502626123045,0.016804686944287432,0.08452056361587312,0.08148307413042588,0.9139497373876955,0.00456718848187862,0.014702069545990626,0.915706536169556,0.0028103897000181233,nan,0.776069735955531,0.019269258027869246,0.9793518368973098
0.0,occupation,same_time,mlp,500,500,0,0,"[20260802, 0, 0]",0.0687662365160231,0.084293463830444,0.08268748785224278,weight_decay=1,0.0860502626123045,0.016804686944287432,0.08452056361587312,0.08363052555570949,0.9139497373876955,0.0024197370565950116,0.014864289039686396,0.915706536169556,0.0006629382747345147,nan,0.7991403445896058,0.017284026096281407,0.9814396483739833
0.0,occupation,same_time,ridge,1000,1000,0,0,"[20260802, 0, 0]",0.07553848013451459,0.084293463830444,0.08268748785224278,cv-alpha,0.0860502626123045,0.016804686944287432,0.08452056361587312,0.08240858133908235,0.9139497373876955,0.003641681273222147,0.006870101204567769,0.915706536169556,0.0018848824913616502,0.0015296989964313779,0.8778413666771678,0.010511782477789916,0.9886292914827656
0.0,occupation,same_time,gp,1000,1000,0,0,"[20260802, 0, 0]",0.07073050759439348,0.084293463830444,0.08268748785224278,reg=30,0.0860502626123045,0.016804686944287432,0.08452056361587312,0.08148307413042588,0.9139497373876955,0.00456718848187862,0.010752566536032404,0.915706536169556,0.0028103897000181233,nan,0.8219673647373573,0.015319755017911024,0.9835141956740098
0.0,occupation,same_time,mlp,1000,1000,0,0,"[20260802, 0, 0]",0.07621243302424441,0.084293463830444,0.08268748785224278,weight_decay=0.1,0.0860502626123045,0.016804686944287432,0.08452056361587312,0.08363052555570949,0.9139497373876955,0.0024197370565950116,0.007418092531465081,0.915706536169556,0.0006629382747345147,nan,0.8856734507321148,0.009837829588060093,0.9893505499102281
0.0,occupation,same_time,ridge,2500,2500,0,0,"[20260802, 0, 0]",0.08020219187418143,0.084293463830444,0.08268748785224278,cv-alpha,0.0860502626123045,0.016804686944287432,0.08452056361587312,0.08240858133908235,0.9139497373876955,0.003641681273222147,0.0022063894649009264,0.915706536169556,0.0018848824913616502,0.0015296989964313779,0.9320388972608801,0.005848070738123073,0.9936420040508259
0.0,occupation,same_time,gp,2500,1500,0,0,"[20260802, 0, 0]",0.07744312693539224,0.084293463830444,0.08268748785224278,reg=30,0.0860502626123045,0.016804686944287432,0.08452056361587312,0.08148307413042588,0.9139497373876955,0.00456718848187862,0.004039947195033644,0.915706536169556,0.0028103897000181233,nan,0.89997548623772,0.008607135676912264,0.9906703468065654
0.0,occupation,same_time,mlp,2500,2500,0,0,"[20260802, 0, 0]",0.08133326108586225,0.084293463830444,0.08268748785224278,weight_decay=0.1,0.0860502626123045,0.016804686944287432,0.08452056361587312,0.08363052555570949,0.9139497373876955,0.0024197370565950116,0.0022972644698472378,0.915706536169556,0.0006629382747345147,nan,0.9451831826743576,0.004717001526442249,0.9948653833576061
0.0,occupation,same_time,ridge,5000,5000,0,0,"[20260802, 0, 0]",0.08010204526988174,0.084293463830444,0.08268748785224278,cv-alpha,0.0860502626123045,0.016804686944287432,0.08452056361587312,0.08240858133908235,0.9139497373876955,0.003641681273222147,0.0023065360692006154,0.915706536169556,0.0018848824913616502,0.0015296989964313779,0.9308750820526582,0.0059482173424227625,0.9935338291472038
0.0,occupation,same_time,gp,5000,1500,0,0,"[20260802, 0, 0]",0.07247015516938593,0.084293463830444,0.08268748785224278,reg=0.01,0.0860502626123045,0.016804686944287432,0.08452056361587312,0.08148307413042588,0.9139497373876955,0.00456718848187862,0.00901291896103995,0.915706536169556,0.0028103897000181233,nan,0.8421840093143803,0.01358010744291857,0.985358845843501
0.0,occupation,same_time,mlp,5000,5000,0,0,"[20260802, 0, 0]",0.08071006308612594,0.084293463830444,0.08268748785224278,weight_decay=0.001,0.0860502626123045,0.016804686944287432,0.08452056361587312,0.08363052555570949,0.9139497373876955,0.0024197370565950116,0.0029204624695835513,0.915706536169556,0.0006629382747345147,nan,0.9379409270342546,0.005340199526178563,0.9941909518295109
0.0,occupation,same_time,ridge,20000,20000,1,0,"[20260802, 0, 0]",0.08240858133908235,0.084293463830444,0.08268748785224278,cv-alpha,0.0860502626123045,0.016804686944287432,0.08452056361587312,0.08240858133908235,0.9139497373876955,0.003641681273222147,0.0,0.915706536169556,0.0018848824913616502,0.0015296989964313779,0.9576796030288766,0.003641681273222147,0.9960312605380108
0.0,occupation,same_time,gp,20000,1500,1,0,"[20260802, 0, 0]",0.08148307413042588,0.084293463830444,0.08268748785224278,reg=10,0.0860502626123045,0.016804686944287432,0.08452056361587312,0.08148307413042588,0.9139497373876955,0.00456718848187862,0.0,0.915706536169556,0.0028103897000181233,nan,0.9469241772979139,0.00456718848187862,0.9950276490794605
0.0,occupation,same_time,mlp,20000,20000,1,0,"[20260802, 0, 0]",0.08363052555570949,0.084293463830444,0.08268748785224278,weight_decay=0.001,0.0860502626123045,0.016804686944287432,0.08452056361587312,0.08363052555570949,0.9139497373876955,0.0024197370565950116,0.0,0.915706536169556,0.0006629382747345147,nan,0.9718799573279976,0.0024197370565950116,0.9973594307491938
0.0,occupation,dispersed,ridge,100,100,0,0,"[20260802, 0, 0]",0.2827029956766748,0.3321312008012557,0.3300964091466754,cv-alpha,0.3288284538097061,0.016804686944287432,0.3268187630006054,0.32967963267662725,0.6711715461902938,-0.000851178866921154,0.04697663699995247,0.6678687991987443,0.0024515681246284338,0.0020096908091006838,0.8597278988523169,0.046125458133031316,0.9356954541075427
0.0,occupation,dispersed,gp,100,100,0,0,"[20260802, 0, 0]",0.2621722394783941,0.3321312008012557,0.3300964091466754,reg=1,0.3288284538097061,0.016804686944287432,0.3268187630006054,0.3227924811758065,0.6711715461902938,0.0060359726338996,0.060620241697412425,0.6678687991987443,0.009338719625449188,nan,0.7972918293442873,0.06665621433131202,0.9096588419441014
0.0,occupation,dispersed,mlp,100,100,0,0,"[20260802, 0, 0]",0.26127492357206894,0.3321312008012557,0.3300964091466754,weight_decay=0.1,0.3288284538097061,0.016804686944287432,0.3268187630006054,0.32693449140453157,0.6711715461902938,0.0018939624051745318,0.06565956783246263,0.6678687991987443,0.00519670939672412,nan,0.794563002517019,0.06755353023763716,0.9085538959036168
0.0,occupation,dispersed,ridge,250,250,0,0,"[20260802, 0, 0]",0.3092649466085394,0.3321312008012557,0.3300964091466754,cv-alpha,0.3288284538097061,0.016804686944287432,0.3268187630006054,0.32967963267662725,0.6711715461902938,-0.000851178866921154,0.02041468606808783,0.6678687991987443,0.0024515681246284338,0.0020096908091006838,0.9405054307967883,0.019563507201166674,0.9716772630763253
0.0,occupation,dispersed,gp,250,250,0,0,"[20260802, 0, 0]",0.3017919625958755,0.3321312008012557,0.3300964091466754,reg=1,0.3288284538097061,0.016804686944287432,0.3268187630006054,0.3227924811758065,0.6711715461902938,0.0060359726338996,0.021000518579931016,0.6678687991987443,0.009338719625449188,nan,0.917779343908369,0.027036491213830616,0.9612773131137964
0.0,occupation,dispersed,mlp,250,250,0,0,"[20260802, 0, 0]",0.3107881000100202,0.3321312008012557,0.3300964091466754,weight_decay=0.1,0.3288284538097061,0.016804686944287432,0.3268187630006054,0.32693449140453157,0.6711715461902938,0.0018939624051745318,0.01614639139451135,0.6678687991987443,0.00519670939672412,nan,0.9451374916292192,0.018040353799685882,0.9738246629230456
0.0,occupation,dispersed,ridge,500,500,0,0,"[20260802, 0, 0]",0.31829389506150396,0.3321312008012557,0.3300964091466754,cv-alpha,0.3288284538097061,0.016804686944287432,0.3268187630006054,0.32967963267662725,0.6711715461902938,-0.000851178866921154,0.011385737615123293,0.6678687991987443,0.0024515681246284338,0.0020096908091006838,0.9679633601467514,0.010534558748202139,0.9845467736435298
0.0,occupation,dispersed,gp,500,500,0,0,"[20260802, 0, 0]",0.3120556116888106,0.3321312008012557,0.3300964091466754,reg=3,0.3288284538097061,0.016804686944287432,0.3268187630006054,0.3227924811758065,0.6711715461902938,0.0060359726338996,0.010736869486995926,0.6678687991987443,0.009338719625449188,nan,0.9489921205827218,0.016772842120895526,0.9756188982628805
0.0,occupation,dispersed,mlp,500,500,0,0,"[20260802, 0, 0]",0.31980288567523885,0.3321312008012557,0.3300964091466754,weight_decay=0.1,0.3288284538097061,0.016804686944287432,0.3268187630006054,0.32693449140453157,0.6711715461902938,0.0018939624051745318,0.007131605729292723,0.6678687991987443,0.00519670939672412,nan,0.9725523505344511,0.009025568134467254,0.9867309520367091
0.0,occupation,dispersed,ridge,1000,1000,0,0,"[20260802, 0, 0]",0.32420913686137676,0.3321312008012557,0.3300964091466754,cv-alpha,0.3288284538097061,0.016804686944287432,0.3268187630006054,0.32967963267662725,0.6711715461902938,-0.000851178866921154,0.005470495815250498,0.6678687991987443,0.0024515681246284338,0.0020096908091006838,0.9859521981908459,0.004619316948329344,0.9931645762020581
0.0,occupation,dispersed,gp,1000,1000,0,0,"[20260802, 0, 0]",0.3163020192688739,0.3321312008012557,0.3300964091466754,reg=3,0.3288284538097061,0.016804686944287432,0.3268187630006054,0.3227924811758065,0.6711715461902938,0.0060359726338996,0.0064904619069325875,0.6678687991987443,0.009338719625449188,nan,0.9619058679511924,0.012526434540832188,0.9816784093358929
0.0,occupation,dispersed,mlp,1000,1000,0,0,"[20260802, 0, 0]",0.3214584583454758,0.3321312008012557,0.3300964091466754,weight_decay=0.1,0.3288284538097061,0.016804686944287432,0.3268187630006054,0.32693449140453157,0.6711715461902938,0.0018939624051745318,0.0054760330590557516,0.6678687991987443,0.00519670939672412,nan,0.9775871115201749,0.007369995464230283,0.9891384756690657
0.0,occupation,dispersed,ridge,2500,2500,0,0,"[20260802, 0, 0]",0.3282494554105767,0.3321312008012557,0.3300964091466754,cv-alpha,0.3288284538097061,0.016804686944287432,0.3268187630006054,0.32967963267662725,0.6711715461902938,-0.000851178866921154,0.0014301772660505474,0.6678687991987443,0.0024515681246284338,0.0020096908091006838,0.9982392083397246,0.0005789983991293934,0.999138075281378
0.0,occupation,dispersed,gp,2500,1500,0,0,"[20260802, 0, 0]",0.316550564368544,0.3321312008012557,0.3300964091466754,reg=10,0.3288284538097061,0.016804686944287432,0.3268187630006054,0.3227924811758065,0.6711715461902938,0.0060359726338996,0.006241916807262493,0.6678687991987443,0.009338719625449188,nan,0.9626617182944048,0.012277889441162093,0.9820354092035817
0.0,occupation,dispersed,mlp,2500,2500,0,0,"[20260802, 0, 0]",0.3238797481360163,0.3321312008012557,0.3300964091466754,weight_decay=0.1,0.3288284538097061,0.016804686944287432,0.3268187630006054,0.32693449140453157,0.6711715461902938,0.0018939624051745318,0.003054743268515292,0.6678687991987443,0.00519670939672412,nan,0.9849504943493921,0.004948705673689824,0.9926807314822372
0.0,occupation,dispersed,ridge,5000,5000,0,0,"[20260802, 0, 0]",0.32741550182607815,0.3321312008012557,0.3300964091466754,cv-alpha,0.3288284538097061,0.016804686944287432,0.3268187630006054,0.32967963267662725,0.6711715461902938,-0.000851178866921154,0.0022641308505491065,0.6678687991987443,0.0024515681246284338,0.0020096908091006838,0.995703072628728,0.0014129519836279525,0.9978992201166333
0.0,occupation,dispersed,gp,5000,1500,0,0,"[20260802, 0, 0]",0.3068743914714289,0.3321312008012557,0.3300964091466754,reg=10,0.3288284538097061,0.016804686944287432,0.3268187630006054,0.3227924811758065,0.6711715461902938,0.0060359726338996,0.01591808970437758,0.6678687991987443,0.009338719625449188,nan,0.9332355151024064,0.02195406233827718,0.9683259973832401
0.0,occupation,dispersed,mlp,5000,5000,0,0,"[20260802, 0, 0]",0.32675954984778055,0.3321312008012557,0.3300964091466754,weight_decay=0.01,0.3288284538097061,0.016804686944287432,0.3268187630006054,0.32693449140453157,0.6711715461902938,0.0018939624051745318,0.0001749415567510182,0.6678687991987443,0.00519670939672412,nan,0.9937082574881952,0.00206890396192555,0.9969269464402238
0.0,occupation,dispersed,ridge,20000,20000,1,0,"[20260802, 0, 0]",0.32967963267662725,0.3321312008012557,0.3300964091466754,cv-alpha,0.3288284538097061,0.016804686944287432,0.3268187630006054,0.32967963267662725,0.6711715461902938,-0.000851178866921154,0.0,0.6678687991987443,0.0024515681246284338,0.0020096908091006838,1.002588519506325,-0.000851178866921154,1.0012698090471575
0.0,occupation,dispersed,gp,20000,1500,1,0,"[20260802, 0, 0]",0.3227924811758065,0.3321312008012557,0.3300964091466754,reg=3,0.3288284538097061,0.016804686944287432,0.3268187630006054,0.3227924811758065,0.6711715461902938,0.0060359726338996,0.0,0.6678687991987443,0.009338719625449188,nan,0.9816440074939724,0.0060359726338996,0.991086967486156
0.0,occupation,dispersed,mlp,20000,20000,1,0,"[20260802, 0, 0]",0.32693449140453157,0.3321312008012557,0.3300964091466754,weight_decay=0.1,0.3288284538097061,0.016804686944287432,0.3268187630006054,0.32693449140453157,0.6711715461902938,0.0018939624051745318,0.0,0.6678687991987443,0.00519670939672412,nan,0.9942402721442392,0.0018939624051745318,0.9971860652774692
0.0,mean,same_time,ridge,100,100,0,0,"[20260802, 0, 0]",0.08294773153566126,0.09102840857111061,0.09102840857095873,cv-alpha,0.09372900828046571,0.09521352791540096,0.09372900828879718,0.09063130305090472,0.9062709917195343,0.0030977052295609875,0.007683571515243459,0.9089715914288894,0.0003971055202058871,-8.331474399270178e-12,0.8849739590485841,0.010781276744804447,0.9882435526135731
0.0,mean,same_time,gp,100,100,0,0,"[20260802, 0, 0]",0.038692911777114536,0.09102840857111061,0.09102840857095873,reg=0.01,0.09372900828046571,0.09521352791540096,0.09372900828879718,0.08791552720452045,0.9062709917195343,0.005813481075945259,0.049222615427405914,0.9089715914288894,0.003112881366590159,nan,0.41281682679639126,0.05503609650335117,0.9427486833524827
0.0,mean,same_time,mlp,100,100,0,0,"[20260802, 0, 0]",0.07966449592399816,0.09102840857111061,0.09102840857095873,weight_decay=1,0.09372900828046571,0.09521352791540096,0.09372900828879718,0.09040387888808588,0.9062709917195343,0.003325129392379833,0.010739382964087718,0.9089715914288894,0.0006245296830247327,nan,0.8499449357835703,0.014064512356467551,0.9847180595617812
0.0,mean,same_time,ridge,250,250,0,0,"[20260802, 0, 0]",0.07418759814515996,0.09102840857111061,0.09102840857095873,cv-alpha,0.09372900828046571,0.09521352791540096,0.09372900828879718,0.09063130305090472,0.9062709917195343,0.0030977052295609875,0.01644370490574476,0.9089715914288894,0.0003971055202058871,-8.331474399270178e-12,0.7915116089051971,0.019541410135305748,0.9788926891709864
0.0,mean,same_time,gp,250,250,0,0,"[20260802, 0, 0]",0.05020236625375851,0.09102840857111061,0.09102840857095873,reg=30,0.09372900828046571,0.09521352791540096,0.09372900828879718,0.08791552720452045,0.9062709917195343,0.005813481075945259,0.03771316095076194,0.9089715914288894,0.003112881366590159,nan,0.5356118364502243,0.043526642026707196,0.9541727200824589
0.0,mean,same_time,mlp,250,250,0,0,"[20260802, 0, 0]",0.07082451613761609,0.09102840857111061,0.09102840857095873,weight_decay=1,0.09372900828046571,0.09521352791540096,0.09372900828879718,0.09040387888808588,0.9062709917195343,0.003325129392379833,0.019579362750469786,0.9089715914288894,0.0006245296830247327,nan,0.7556307000036487,0.02290449214284962,0.9753496594124066
0.0,mean,same_time,ridge,500,500,0,0,"[20260802, 0, 0]",0.07564760757870548,0.09102840857111061,0.09102840857095873,cv-alpha,0.09372900828046571,0.09521352791540096,0.09372900828879718,0.09063130305090472,0.9062709917195343,0.0030977052295609875,0.014983695472199243,0.9089715914288894,0.0003971055202058871,-8.331474399270178e-12,0.807088530717671,0.01808140070176023,0.9804388446981817
0.0,mean,same_time,gp,500,500,0,0,"[20260802, 0, 0]",0.07125409252529769,0.09102840857111061,0.09102840857095873,reg=3,0.09372900828046571,0.09521352791540096,0.09372900828879718,0.08791552720452045,0.9062709917195343,0.005813481075945259,0.016661434679222764,0.9089715914288894,0.003112881366590159,nan,0.7602138743651673,0.022474915755168023,0.9758007916112619
0.0,mean,same_time,mlp,500,500,0,0,"[20260802, 0, 0]",0.07125737528348319,0.09102840857111061,0.09102840857095873,weight_decay=1,0.09372900828046571,0.09521352791540096,0.09372900828879718,0.09040387888808588,0.9062709917195343,0.003325129392379833,0.019146503604602683,0.9089715914288894,0.0006245296830247327,nan,0.7602488982947462,0.022471632996982516,0.9758042407024857
0.0,mean,same_time,ridge,1000,1000,0,0,"[20260802, 0, 0]",0.08262385753619605,0.09102840857111061,0.09102840857095873,cv-alpha,0.09372900828046571,0.09521352791540096,0.09372900828879718,0.09063130305090472,0.9062709917195343,0.0030977052295609875,0.008007445514708667,0.9089715914288894,0.0003971055202058871,-8.331474399270178e-12,0.8815185293432353,0.011105150744269654,0.9878946593112347
0.0,mean,same_time,gp,1000,1000,0,0,"[20260802, 0, 0]",0.07723474333534819,0.09102840857111061,0.09102840857095873,reg=10,0.09372900828046571,0.09521352791540096,0.09372900828879718,0.08791552720452045,0.9062709917195343,0.005813481075945259,0.010680783869172261,0.9089715914288894,0.003112881366590159,nan,0.8240217703385737,0.01649426494511752,0.9821251777459239
0.0,mean,same_time,mlp,1000,1000,0,0,"[20260802, 0, 0]",0.077245744995873,0.09102840857111061,0.09102840857095873,weight_decay=1,0.09372900828046571,0.09521352791540096,0.09372900828879718,0.09040387888808588,0.9062709917195343,0.003325129392379833,0.013158133892212875,0.9089715914288894,0.0006245296830247327,nan,0.8241391476663258,0.01648326328459271,0.9821368872641839
0.0,mean,same_time,ridge,2500,2500,0,0,"[20260802, 0, 0]",0.08924371813054033,0.09102840857111061,0.09102840857095873,cv-alpha,0.09372900828046571,0.09521352791540096,0.09372900828879718,0.09063130305090472,0.9062709917195343,0.0030977052295609875,0.001387584920364393,0.9089715914288894,0.0003971055202058871,-8.331474399270178e-12,0.952146190040718,0.0044852901499253806,0.9950752026209265
0.0,mean,same_time,gp,2500,1500,0,0,"[20260802, 0, 0]",0.07196793337077345,0.09102840857111061,0.09102840857095873,reg=0.01,0.09372900828046571,0.09521352791540096,0.09372900828879718,0.08791552720452045,0.9062709917195343,0.005813481075945259,0.015947593833746998,0.9089715914288894,0.003112881366590159,nan,0.7678298820299421,0.021761074909692257,0.9765513760868929
0.0,mean,same_time,mlp,2500,2500,0,0,"[20260802, 0, 0]",0.08820405143039967,0.09102840857111061,0.09102840857095873,weight_decay=0.1,0.09372900828046571,0.09521352791540096,0.09372900828879718,0.09040387888808588,0.9062709917195343,0.003325129392379833,0.00219982745768621,0.9089715914288894,0.0006245296830247327,nan,0.9410539282189598,0.005524956850066043,0.9939405775395982
0.0,mean,same_time,ridge,5000,5000,0,0,"[20260802, 0, 0]",0.08868999956284696,0.09102840857111061,0.09102840857095873,cv-alpha,0.09372900828046571,0.09521352791540096,0.09372900828879718,0.09063130305090472,0.9062709917195343,0.0030977052295609875,0.0019413034880577662,0.9089715914288894,0.0003971055202058871,-8.331474399270178e-12,0.9462385358592453,0.005039008717618754,0.9944705877086814
0.0,mean,same_time,gp,5000,1500,0,0,"[20260802, 0, 0]",0.08516659949099847,0.09102840857111061,0.09102840857095873,reg=0.3,0.09372900828046571,0.09521352791540096,0.09372900828879718,0.08791552720452045,0.9062709917195343,0.005813481075945259,0.002748927713521976,0.9089715914288894,0.003112881366590159,nan,0.9086471846171048,0.008562408789467235,0.9906404720414632
0.0,mean,same_time,mlp,5000,5000,0,0,"[20260802, 0, 0]",0.0882527590169343,0.09102840857111061,0.09102840857095873,weight_decay=0.001,0.09372900828046571,0.09521352791540096,0.09372900828879718,0.09040387888808588,0.9062709917195343,0.003325129392379833,0.0021511198711515744,0.9089715914288894,0.0006245296830247327,nan,0.9415735921674877,0.0054762492635314075,0.9939936760788803
0.0,mean,same_time,ridge,20000,20000,1,0,"[20260802, 0, 0]",0.09063130305090472,0.09102840857111061,0.09102840857095873,cv-alpha,0.09372900828046571,0.09521352791540096,0.09372900828879718,0.09063130305090472,0.9062709917195343,0.0030977052295609875,0.0,0.9089715914288894,0.0003971055202058871,-8.331474399270178e-12,0.9669504106957826,0.0030977052295609875,0.996593565140351
0.0,mean,same_time,gp,20000,1500,1,0,"[20260802, 0, 0]",0.08791552720452045,0.09102840857111061,0.09102840857095873,reg=0.1,0.09372900828046571,0.09521352791540096,0.09372900828879718,0.08791552720452045,0.9062709917195343,0.005813481075945259,0.0,0.9089715914288894,0.003112881366590159,nan,0.9379756472131919,0.005813481075945259,0.9936261593642447
0.0,mean,same_time,mlp,20000,20000,1,0,"[20260802, 0, 0]",0.09040387888808588,0.09102840857111061,0.09102840857095873,weight_decay=0.01,0.09372900828046571,0.09521352791540096,0.09372900828879718,0.09040387888808588,0.9062709917195343,0.003325129392379833,0.0,0.9089715914288894,0.0006245296830247327,nan,0.9645240096595279,0.003325129392379833,0.9963443892127474
0.0,mean,dispersed,ridge,100,100,0,0,"[20260802, 0, 0]",0.3278939487973008,0.36774784182099474,0.36774784182126696,cv-alpha,0.36242539370674215,0.09521352791540096,0.3624253937235382,0.36734386498170835,0.6375746062932579,-0.004918471274966196,0.03944991618440752,0.6322521581790053,0.0004039768392863907,-1.6796064539192912e-11,0.9047212322617146,0.03453144490944132,0.9486220294436436
0.0,mean,dispersed,gp,100,100,0,0,"[20260802, 0, 0]",0.31292642748125077,0.36774784182099474,0.36774784182126696,reg=0.3,0.36242539370674215,0.09521352791540096,0.3624253937235382,0.34577081234813634,0.6375746062932579,0.016654581358605813,0.03284438486688557,0.6322521581790053,0.0219770294728584,nan,0.8634230186818983,0.04949896622549138,0.9279568183010843
0.0,mean,dispersed,mlp,100,100,0,0,"[20260802, 0, 0]",0.12099668258156127,0.36774784182099474,0.36774784182126696,weight_decay=0.01,0.36242539370674215,0.09521352791540096,0.3624253937235382,0.36686716302673195,0.6375746062932579,-0.004441769319989797,0.24587048044517068,0.6322521581790053,0.0008806787942627903,nan,0.3338526623205276,0.24142871112518088,0.7253381115395136
0.0,mean,dispersed,ridge,250,250,0,0,"[20260802, 0, 0]",0.3405746275061745,0.36774784182099474,0.36774784182126696,cv-alpha,0.36242539370674215,0.09521352791540096,0.3624253937235382,0.36734386498170835,0.6375746062932579,-0.004918471274966196,0.026769237475533836,0.6322521581790053,0.0004039768392863907,-1.6796064539192912e-11,0.9397096158823566,0.02185076620056764,0.9668639286384568
0.0,mean,dispersed,gp,250,250,0,0,"[20260802, 0, 0]",0.3371062620592884,0.36774784182099474,0.36774784182126696,reg=1,0.36242539370674215,0.09521352791540096,0.3624253937235382,0.34577081234813634,0.6375746062932579,0.016654581358605813,0.008664550288847939,0.6322521581790053,0.0219770294728584,nan,0.9301397416210277,0.025319131647453752,0.9618051428180512
0.0,mean,dispersed,mlp,250,250,0,0,"[20260802, 0, 0]",0.34796460782059613,0.36774784182099474,0.36774784182126696,weight_decay=0.1,0.36242539370674215,0.09521352791540096,0.3624253937235382,0.36686716302673195,0.6375746062932579,-0.004441769319989797,0.018902555206135818,0.6322521581790053,0.0008806787942627903,nan,0.9600999650210851,0.014460785886146021,0.9778220844150632
0.0,mean,dispersed,ridge,500,500,0,0,"[20260802, 0, 0]",0.3575930087772078,0.36774784182099474,0.36774784182126696,cv-alpha,0.36242539370674215,0.09521352791540096,0.3624253937235382,0.36734386498170835,0.6375746062932579,-0.004918471274966196,0.009750856204500558,0.6322521581790053,0.0004039768392863907,-1.6796064539192912e-11,0.9866665387871676,0.004832384929534361,0.9924776893845192
0.0,mean,dispersed,gp,500,500,0,0,"[20260802, 0, 0]",0.34695757040646624,0.36774784182099474,0.36774784182126696,reg=3,0.36242539370674215,0.09521352791540096,0.3624253937235382,0.34577081234813634,0.6375746062932579,0.016654581358605813,-0.0011867580583299064,0.6322521581790053,0.0219770294728584,nan,0.957321358908996,0.015467823300275907,0.976314213901992
0.0,mean,dispersed,mlp,500,500,0,0,"[20260802, 0, 0]",0.35787789560361505,0.36774784182099474,0.36774784182126696,weight_decay=0.1,0.36242539370674215,0.09521352791540096,0.3624253937235382,0.36686716302673195,0.6375746062932579,-0.004441769319989797,0.008989267423116898,0.6322521581790053,0.0008806787942627903,nan,0.9874525952593523,0.004547498103127101,0.9929180165703814
0.0,mean,dispersed,ridge,1000,1000,0,0,"[20260802, 0, 0]",0.3621464465950943,0.36774784182099474,0.36774784182126696,cv-alpha,0.36242539370674215,0.09521352791540096,0.3624253937235382,0.36734386498170835,0.6375746062932579,-0.004918471274966196,0.005197418386614028,0.6322521581790053,0.0004039768392863907,-1.6796064539192912e-11,0.9992303323208265,0.0002789471116478315,0.9995626784390261
0.0,mean,dispersed,gp,1000,1000,0,0,"[20260802, 0, 0]",0.34867748314539226,0.36774784182099474,0.36774784182126696,reg=1,0.36242539370674215,0.09521352791540096,0.3624253937235382,0.34577081234813634,0.6375746062932579,0.016654581358605813,-0.002906670797255928,0.6322521581790053,0.0219770294728584,nan,0.9620669224616362,0.013747910561349885,0.9788923149352462
0.0,mean,dispersed,mlp,1000,1000,0,0,"[20260802, 0, 0]",0.36178412030525087,0.36774784182099474,0.36774784182126696,weight_decay=0.1,0.36242539370674215,0.09521352791540096,0.3624253937235382,0.36686716302673195,0.6375746062932579,-0.004441769319989797,0.005083042721481079,0.6322521581790053,0.0008806787942627903,nan,0.9982306057670722,0.0006412734014912824,0.9989952092671246
0.0,mean,dispersed,ridge,2500,2500,0,0,"[20260802, 0, 0]",0.36630435263479644,0.36774784182099474,0.36774784182126696,cv-alpha,0.36242539370674215,0.09521352791540096,0.3624253937235382,0.36734386498170835,0.6375746062932579,-0.004918471274966196,0.0010395123469119083,0.6322521581790053,0.0004039768392863907,-1.6796064539192912e-11,1.010702779097187,-0.003878958928054288,1.0061211702245114
0.0,mean,dispersed,gp,2500,1500,0,0,"[20260802, 0, 0]",0.35222168913982155,0.36774784182099474,0.36774784182126696,reg=3,0.36242539370674215,0.09521352791540096,0.3624253937235382,0.34577081234813634,0.6375746062932579,0.016654581358605813,-0.006450876791685212,0.6322521581790053,0.0219770294728584,nan,0.9718460550940948,0.010203704566920602,0.9842481534255583
0.0,mean,dispersed,mlp,2500,2500,0,0,"[20260802, 0, 0]",0.36238134242705855,0.36774784182099474,0.36774784182126696,weight_decay=0.1,0.36242539370674215,0.09521352791540096,0.3624253937235382,0.36686716302673195,0.6375746062932579,-0.004441769319989797,0.004485820599673396,0.6322521581790053,0.0008806787942627903,nan,0.9998784542130642,4.405127968359901e-05,0.999930912812603
0.0,mean,dispersed,ridge,5000,5000,0,0,"[20260802, 0, 0]",0.3660855880542956,0.36774784182099474,0.36774784182126696,cv-alpha,0.36242539370674215,0.09521352791540096,0.3624253937235382,0.36734386498170835,0.6375746062932579,-0.004918471274966196,0.0012582769274127603,0.6322521581790053,0.0004039768392863907,-1.6796064539192912e-11,1.0100991663694379,-0.003660194347553436,1.0057739566707737
0.0,mean,dispersed,gp,5000,1500,0,0,"[20260802, 0, 0]",0.3429008486302778,0.36774784182099474,0.36774784182126696,reg=10,0.36242539370674215,0.09521352791540096,0.3624253937235382,0.34577081234813634,0.6375746062932579,0.016654581358605813,0.0028699637178585258,0.6322521581790053,0.0219770294728584,nan,0.9461280985949271,0.01952454507646434,0.9702867595616804
0.0,mean,dispersed,mlp,5000,5000,0,0,"[20260802, 0, 0]",0.3651470969761452,0.36774784182099474,0.36774784182126696,weight_decay=0.01,0.36242539370674215,0.09521352791540096,0.3624253937235382,0.36686716302673195,0.6375746062932579,-0.004441769319989797,0.0017200660505867216,0.6322521581790053,0.0008806787942627903,nan,1.0075096925233813,-0.002721703269403075,1.0042871399917044
0.0,mean,dispersed,ridge,20000,20000,1,0,"[20260802, 0, 0]",0.36734386498170835,0.36774784182099474,0.36774784182126696,cv-alpha,0.36242539370674215,0.09521352791540096,0.3624253937235382,0.36734386498170835,0.6375746062932579,-0.004918471274966196,0.0,0.6322521581790053,0.0004039768392863907,-1.6796064539192912e-11,1.01357098967228,-0.004918471274966196,1.007774320049586
0.0,mean,dispersed,gp,20000,1500,1,0,"[20260802, 0, 0]",0.34577081234813634,0.36774784182099474,0.36774784182126696,reg=3,0.36242539370674215,0.09521352791540096,0.3624253937235382,0.34577081234813634,0.6375746062932579,0.016654581358605813,0.0,0.6322521581790053,0.0219770294728584,nan,0.9540468696515181,0.016654581358605813,0.9745432003448489
0.0,mean,dispersed,mlp,20000,20000,1,0,"[20260802, 0, 0]",0.36686716302673195,0.36774784182099474,0.36774784182126696,weight_decay=0.01,0.36242539370674215,0.09521352791540096,0.3624253937235382,0.36686716302673195,0.6375746062932579,-0.004441769319989797,0.0,0.6322521581790053,0.0008806787942627903,nan,1.0122556790918018,-0.004441769319989797,1.007015540911168
0.0,occupation,same_time,ridge,100,100,0,1,"[20260802, 0, 1]",0.060682603161507975,0.08556244084336062,0.08364235505938644,cv-alpha,0.0860502626123045,0.016804686944287432,0.08452056361587312,0.0835807062187719,0.9139497373876955,0.002469556393532607,0.02289810305726392,0.9144375591566394,0.001981734624588727,0.0015296989964313779,0.7051995115332843,0.025367659450796526,0.9729935168493868
0.0,occupation,same_time,gp,100,100,0,1,"[20260802, 0, 1]",-0.05083115790439008,0.08556244084336062,0.08364235505938644,reg=0.3,0.0860502626123045,0.016804686944287432,0.08452056361587312,0.05710182235352512,0.9139497373876955,0.02894844025877938,0.1079329802579152,0.9144375591566394,0.0284606184898355,nan,-0.5907147330090964,0.13688142051669458,0.8697398535558566
0.0,occupation,same_time,mlp,100,100,0,1,"[20260802, 0, 1]",-0.09140519152386317,0.08556244084336062,0.08364235505938644,weight_decay=0.001,0.0860502626123045,0.016804686944287432,0.08452056361587312,0.08459626626581307,0.9139497373876955,0.0014539963464914318,0.17600145778967624,0.9144375591566394,0.0009661745775475516,nan,-1.0622302448475383,0.17745545413616767,0.837406441242599
0.0,occupation,same_time,ridge,250,250,0,1,"[20260802, 0, 1]",0.08320666100369101,0.08556244084336062,0.08364235505938644,cv-alpha,0.0860502626123045,0.016804686944287432,0.08452056361587312,0.0835807062187719,0.9139497373876955,0.002469556393532607,0.00037404521508088706,0.9144375591566394,0.001981734624588727,0.0015296989964313779,0.9669541786127346,0.002843601608613494,0.9968983177694913
0.0,occupation,same_time,gp,250,250,0,1,"[20260802, 0, 1]",0.06966841903607524,0.08556244084336062,0.08364235505938644,reg=30,0.0860502626123045,0.016804686944287432,0.08452056361587312,0.05710182235352512,0.9139497373876955,0.02894844025877938,-0.012566596682550113,0.9144375591566394,0.0284606184898355,nan,0.8096247114313072,0.016381843576229266,0.9823913925836465
0.0,occupation,same_time,mlp,250,250,0,1,"[20260802, 0, 1]",0.06564717201996872,0.08556244084336062,0.08364235505938644,weight_decay=0.001,0.0860502626123045,0.016804686944287432,0.08452056361587312,0.08459626626581307,0.9139497373876955,0.0014539963464914318,0.018949094245844345,0.9144375591566394,0.0009661745775475516,nan,0.762893337301468,0.020403090592335776,0.9781633982566895
0.0,occupation,same_time,ridge,500,500,0,1,"[20260802, 0, 1]",0.08315334616781467,0.08556244084336062,0.08364235505938644,cv-alpha,0.0860502626123045,0.016804686944287432,0.08452056361587312,0.0835807062187719,0.9139497373876955,0.002469556393532607,0.0004273600509572262,0.9144375591566394,0.001981734624588727,0.0015296989964313779,0.9663346007723213,0.002896916444489833,0.9968403479116366
0.0,occupation,same_time,gp,500,500,0,1,"[20260802, 0, 1]",0.07739187528278313,0.08556244084336062,0.08364235505938644,reg=3,0.0860502626123045,0.016804686944287432,0.08452056361587312,0.05710182235352512,0.9139497373876955,0.02894844025877938,-0.020290052929258007,0.9144375591566394,0.0284606184898355,nan,0.8993798848873787,0.008658387329521372,0.9906153142406205
0.0,occupation,same_time,mlp,500,500,0,1,"[20260802, 0, 1]",0.07498147267747257,0.08556244084336062,0.08364235505938644,weight_decay=0.001,0.0860502626123045,0.016804686944287432,0.08452056361587312,0.08459626626581307,0.9139497373876955,0.0014539963464914318,0.009614793588340498,0.9144375591566394,0.0009661745775475516,nan,0.8713683189474755,0.01106878993483193,0.9880339802848375
0.0,occupation,same_time,ridge,1000,1000,0,1,"[20260802, 0, 1]",0.08349768343998287,0.08556244084336062,0.08364235505938644,cv-alpha,0.0860502626123045,0.016804686944287432,0.08452056361587312,0.0835807062187719,0.9139497373876955,0.002469556393532607,8.302277878902142e-05,0.9144375591566394,0.001981734624588727,0.0015296989964313779,0.9703361838205868,0.0025525791723216285,0.997214868826625
0.0,occupation,same_time,gp,1000,1000,0,1,"[20260802, 0, 1]",0.0835950478230042,0.08556244084336062,0.08364235505938644,reg=10,0.0860502626123045,0.016804686944287432,0.08452056361587312,0.05710182235352512,0.9139497373876955,0.02894844025877938,-0.026493225469479076,0.9144375591566394,0.0284606184898355,nan,0.9714676665152998,0.002455214789300303,0.9973208189420324
0.0,occupation,same_time,mlp,1000,1000,0,1,"[20260802, 0, 1]",0.08479691313382665,0.08556244084336062,0.08364235505938644,weight_decay=0.1,0.0860502626123045,0.016804686944287432,0.08452056361587312,0.08459626626581307,0.9139497373876955,0.0014539963464914318,-0.00020064686801357645,0.9144375591566394,0.0009661745775475516,nan,0.9854346815404299,0.0012533494784778554,0.9986305231085162
0.0,occupation,same_time,ridge,2500,2500,0,1,"[20260802, 0, 1]",0.0832184789828534,0.08556244084336062,0.08364235505938644,cv-alpha,0.0860502626123045,0.016804686944287432,0.08452056361587312,0.0835807062187719,0.9139497373876955,0.002469556393532607,0.0003622272359184997,0.9144375591566394,0.001981734624588727,0.0015296989964313779,0.9670915167079782,0.0028317836294511067,0.9969111685123089
0.0,occupation,same_time,gp,2500,1500,0,1,"[20260802, 0, 1]",0.07091145653079789,0.08556244084336062,0.08364235505938644,reg=0.001,0.0860502626123045,0.016804686944287432,0.08452056361587312,0.05710182235352512,0.9139497373876955,0.02894844025877938,-0.013809634177272767,0.9144375591566394,0.0284606184898355,nan,0.8240701931414921,0.015138806081506612,0.9837057445300331
0.0,occupation,same_time,mlp,2500,2500,0,1,"[20260802, 0, 1]",0.08430994834042682,0.08556244084336062,0.08364235505938644,weight_decay=0.1,0.0860502626123045,0.016804686944287432,0.08452056361587312,0.08459626626581307,0.9139497373876955,0.0014539963464914318,0.000286317925386248,0.9144375591566394,0.0009661745775475516,nan,0.979775607661785,0.0017403142718776798,0.9980994504977709
0.0,occupation,same_time,ridge,5000,5000,0,1,"[20260802, 0, 1]",0.08311154435578783,0.08556244084336062,0.08364235505938644,cv-alpha,0.0860502626123045,0.016804686944287432,0.08452056361587312,0.0835807062187719,0.9139497373876955,0.002469556393532607,0.0004691618629840688,0.9144375591566394,0.001981734624588727,0.0015296989964313779,0.9658488171063819,0.002938718256516676,0.9967949010172105
0.0,occupation,same_time,gp,5000,1500,0,1,"[20260802, 0, 1]",0.08234038072304939,0.08556244084336062,0.08364235505938644,reg=30,0.0860502626123045,0.016804686944287432,0.08452056361587312,0.05710182235352512,0.9139497373876955,0.02894844025877938,-0.025238558369524267,0.9144375591566394,0.0284606184898355,nan,0.9568870358249827,0.003709881889255112,0.9959572353285217
0.0,occupation,same_time,mlp,5000,5000,0,1,"[20260802, 0, 1]",0.08514553992935137,0.08556244084336062,0.08364235505938644,weight_decay=0.01,0.0860502626123045,0.016804686944287432,0.08452056361587312,0.08459626626581307,0.9139497373876955,0.0014539963464914318,-0.0005492736635382967,0.9144375591566394,0.0009661745775475516,nan,0.9894861136330365,0.0009047226829531352,0.9990110747420051
0.0,occupation,same_time,ridge,20000,20000,1,1,"[20260802, 0, 1]",0.0835807062187719,0.08556244084336062,0.08364235505938644,cv-alpha,0.0860502626123045,0.016804686944287432,0.08452056361587312,0.0835807062187719,0.9139497373876955,0.002469556393532607,0.0,0.9144375591566394,0.001981734624588727,0.0015296989964313779,0.9713010010828314,0.002469556393532607,0.9973052112605104
0.0,occupation,same_time,gp,20000,1500,1,1,"[20260802, 0, 1]",0.05710182235352512,0.08556244084336062,0.08364235505938644,reg=0.001,0.0860502626123045,0.016804686944287432,0.08452056361587312,0.05710182235352512,0.9139497373876955,0.02894844025877938,0.0,0.9144375591566394,0.0284606184898355,nan,0.6635868458739603,0.02894844025877938,0.9692984450017326
0.0,occupation,same_time,mlp,20000,20000,1,1,"[20260802, 0, 1]",0.08459626626581307,0.08556244084336062,0.08364235505938644,weight_decay=1,0.0860502626123045,0.016804686944287432,0.08452056361587312,0.08459626626581307,0.9139497373876955,0.0014539963464914318,0.0,0.9144375591566394,0.0009661745775475516,nan,0.983102941207253,0.0014539963464914318,0.9984116338038516
0.0,occupation,dispersed,ridge,100,100,0,1,"[20260802, 0, 1]",0.2857011156060566,0.33311982221959513,0.3303344498625407,cv-alpha,0.3288284538097061,0.016804686944287432,0.3268187630006054,0.3299499068792253,0.6711715461902938,-0.0011214530695192182,0.04424879127316872,0.6668801777804049,0.003169915340369811,0.0020096908091006838,0.8688454794468382,0.0431273382036495,0.9396228397581196
0.0,occupation,dispersed,gp,100,100,0,1,"[20260802, 0, 1]",0.2665988898999587,0.33311982221959513,0.3303344498625407,reg=1,0.3288284538097061,0.016804686944287432,0.3268187630006054,0.31834805101243924,0.6711715461902938,0.010480402797266863,0.05174916111248051,0.6668801777804049,0.014771771207155893,nan,0.8107537131024561,0.062229563909747376,0.9151493458998734
0.0,occupation,dispersed,mlp,100,100,0,1,"[20260802, 0, 1]",0.27507954791569644,0.33311982221959513,0.3303344498625407,weight_decay=0.1,0.3288284538097061,0.016804686944287432,0.3268187630006054,0.33043828091860494,0.6711715461902938,-0.0016098271088988425,0.0553587330029085,0.6668801777804049,0.0026815413009901867,nan,0.8365442367553926,0.05374890589400966,0.9258554428427699
0.0,occupation,dispersed,ridge,250,250,0,1,"[20260802, 0, 1]",0.301939550038959,0.33311982221959513,0.3303344498625407,cv-alpha,0.3288284538097061,0.016804686944287432,0.3268187630006054,0.3299499068792253,0.6711715461902938,-0.0011214530695192182,0.028010356840266315,0.6668801777804049,0.003169915340369811,0.0020096908091006838,0.9182281719868811,0.026888903770747097,0.9614805511868667
0.0,occupation,dispersed,gp,250,250,0,1,"[20260802, 0, 1]",0.28930992603090633,0.33311982221959513,0.3303344498625407,reg=1,0.3288284538097061,0.016804686944287432,0.3268187630006054,0.31834805101243924,0.6711715461902938,0.010480402797266863,0.02903812498153291,0.6668801777804049,0.014771771207155893,nan,0.8798202305154856,0.03951852777879977,0.944394147004059
0.0,occupation,dispersed,mlp,250,250,0,1,"[20260802, 0, 1]",0.30201856512409764,0.33311982221959513,0.3303344498625407,weight_decay=0.1,0.3288284538097061,0.016804686944287432,0.3268187630006054,0.33043828091860494,0.6711715461902938,-0.0016098271088988425,0.028419715794507305,0.6668801777804049,0.0026815413009901867,nan,0.9184684647116231,0.026809888685608463,0.9615893957260121
0.0,occupation,dispersed,ridge,500,500,0,1,"[20260802, 0, 1]",0.32136574354466196,0.33311982221959513,0.3303344498625407,cv-alpha,0.3288284538097061,0.016804686944287432,0.3268187630006054,0.3299499068792253,0.6711715461902938,-0.0011214530695192182,0.008584163334563355,0.6668801777804049,0.003169915340369811,0.0020096908091006838,0.9773051565988786,0.007462710265044137,0.989003339878503
0.0,occupation,dispersed,gp,500,500,0,1,"[20260802, 0, 1]",0.3144015768002294,0.33311982221959513,0.3303344498625407,reg=3,0.3288284538097061,0.016804686944287432,0.3268187630006054,0.31834805101243924,0.6711715461902938,0.010480402797266863,0.003946474212209838,0.6668801777804049,0.014771771207155893,nan,0.9561264335785686,0.014426877009476702,0.9789572488481745
0.0,occupation,dispersed,mlp,500,500,0,1,"[20260802, 0, 1]",0.3218657986241601,0.33311982221959513,0.3303344498625407,weight_decay=0.1,0.3288284538097061,0.016804686944287432,0.3268187630006054,0.33043828091860494,0.6711715461902938,-0.0016098271088988425,0.00857248229444485,0.6668801777804049,0.0026815413009901867,nan,0.9788258737804505,0.006962655185546007,0.9897326293653678
0.0,occupation,dispersed,ridge,1000,1000,0,1,"[20260802, 0, 1]",0.3290190248324891,0.33311982221959513,0.3303344498625407,cv-alpha,0.3288284538097061,0.016804686944287432,0.3268187630006054,0.3299499068792253,0.6711715461902938,-0.0011214530695192182,0.0009308820467361922,0.6668801777804049,0.003169915340369811,0.0020096908091006838,1.0005795454151705,-0.00019057102278302596,1.0002840185189086
0.0,occupation,dispersed,gp,1000,1000,0,1,"[20260802, 0, 1]",0.32581800847317277,0.33311982221959513,0.3303344498625407,reg=3,0.3288284538097061,0.016804686944287432,0.3268187630006054,0.31834805101243924,0.6711715461902938,0.010480402797266863,-0.007469957460733534,0.6668801777804049,0.014771771207155893,nan,0.9908449366176947,0.0030104453365333295,0.9955346696079561
0.0,occupation,dispersed,mlp,1000,1000,0,1,"[20260802, 0, 1]",0.3300474862379752,0.33311982221959513,0.3303344498625407,weight_decay=0.1,0.3288284538097061,0.016804686944287432,0.3268187630006054,0.33043828091860494,0.6711715461902938,-0.0016098271088988425,0.00039079468062974687,0.6668801777804049,0.0026815413009901867,nan,1.0037071987358326,-0.0012190324282690956,1.0018195803482006
0.0,occupation,dispersed,ridge,2500,2500,0,1,"[20260802, 0, 1]",0.32932165988620155,0.33311982221959513,0.3303344498625407,cv-alpha,0.3288284538097061,0.016804686944287432,0.3268187630006054,0.3299499068792253,0.6711715461902938,-0.0011214530695192182,0.0006282469930237733,0.6668801777804049,0.003169915340369811,0.0020096908091006838,1.0014998886829327,-0.0004932060764954449,1.0007353839344382
0.0,occupation,dispersed,gp,2500,1500,0,1,"[20260802, 0, 1]",0.31801128957092184,0.33311982221959513,0.3303344498625407,reg=10,0.3288284538097061,0.016804686944287432,0.3268187630006054,0.31834805101243924,0.6711715461902938,0.010480402797266863,0.00033676144151739695,0.6668801777804049,0.014771771207155893,nan,0.9671039287705796,0.01081716423878426,0.9841387928079064
0.0,occupation,dispersed,mlp,2500,2500,0,1,"[20260802, 0, 1]",0.3227374310333425,0.33311982221959513,0.3303344498625407,weight_decay=0.01,0.3288284538097061,0.016804686944287432,0.3268187630006054,0.33043828091860494,0.6711715461902938,-0.0016098271088988425,0.0077008498852624285,0.6668801777804049,0.0026815413009901867,nan,0.9814765945410293,0.006091022776363586,0.9910064086582298
0.0,occupation,dispersed,ridge,5000,5000,0,1,"[20260802, 0, 1]",0.32987689682125554,0.33311982221959513,0.3303344498625407,cv-alpha,0.3288284538097061,0.016804686944287432,0.3268187630006054,0.3299499068792253,0.6711715461902938,-0.0011214530695192182,7.30100579697801e-05,0.6668801777804049,0.003169915340369811,0.0020096908091006838,1.0031884193700469,-0.001048443011549438,1.0015645528509256
0.0,occupation,dispersed,gp,5000,1500,0,1,"[20260802, 0, 1]",0.31600423690105217,0.33311982221959513,0.3303344498625407,reg=10,0.3288284538097061,0.016804686944287432,0.3268187630006054,0.31834805101243924,0.6711715461902938,0.010480402797266863,0.002343814111387066,0.6668801777804049,0.014771771207155893,nan,0.9610002821833802,0.01282421690865393,0.9812510287336402
0.0,occupation,dispersed,mlp,5000,5000,0,1,"[20260802, 0, 1]",0.3273202444541121,0.33311982221959513,0.3303344498625407,weight_decay=0.1,0.3288284538097061,0.016804686944287432,0.3268187630006054,0.33043828091860494,0.6711715461902938,-0.0016098271088988425,0.003118036464492824,0.6668801777804049,0.0026815413009901867,nan,0.9954133854959316,0.0015082093555939813,0.9977579088070369
0.0,occupation,dispersed,ridge,20000,20000,1,1,"[20260802, 0, 1]",0.3299499068792253,0.33311982221959513,0.3303344498625407,cv-alpha,0.3288284538097061,0.016804686944287432,0.3268187630006054,0.3299499068792253,0.6711715461902938,-0.0011214530695192182,0.0,0.6668801777804049,0.003169915340369811,0.0020096908091006838,1.0034104502105168,-0.0011214530695192182,1.0016736854170052
0.0,occupation,dispersed,gp,20000,1500,1,1,"[20260802, 0, 1]",0.31834805101243924,0.33311982221959513,0.3303344498625407,reg=10,0.3288284538097061,0.016804686944287432,0.3268187630006054,0.31834805101243924,0.6711715461902938,0.010480402797266863,0.0,0.6668801777804049,0.014771771207155893,nan,0.96812805377441,0.010480402797266863,0.9846249940122181
0.0,occupation,dispersed,mlp,20000,20000,1,1,"[20260802, 0, 1]",0.33043828091860494,0.33311982221959513,0.3303344498625407,weight_decay=0.01,0.3288284538097061,0.016804686944287432,0.3268187630006054,0.33043828091860494,0.6711715461902938,-0.0016098271088988425,0.0,0.6668801777804049,0.0026815413009901867,nan,1.0048956441884753,-0.0016098271088988425,1.002404299802425
0.0,mean,same_time,ridge,100,100,0,1,"[20260802, 0, 1]",0.06457228777121093,0.09290736269634248,0.09290736269621414,cv-alpha,0.09372900828046571,0.09521352791540096,0.09372900828879718,0.09291092954878943,0.9062709917195343,0.000818078731676275,0.0283386417775785,0.9070926373036575,-3.5668524469567586e-06,-8.331474399270178e-12,0.6889253279837444,0.029156720509254774,0.9688306000259659
0.0,mean,same_time,gp,100,100,0,1,"[20260802, 0, 1]",-0.011871839182821642,0.09290736269634248,0.09290736269621414,reg=30,0.09372900828046571,0.09521352791540096,0.09372900828879718,0.08936427712641604,0.9062709917195343,0.0043647311540496725,0.10123611630923768,0.9070926373036575,0.0035430855699264407,nan,-0.1266613122300141,0.10560084746328735,0.895638119992973
0.0,mean,same_time,mlp,100,100,0,1,"[20260802, 0, 1]",0.03813728577173936,0.09290736269634248,0.09290736269621414,weight_decay=1,0.09372900828046571,0.09521352791540096,0.09372900828879718,0.09295690704386017,0.9062709917195343,0.000772101236605538,0.05481962127212081,0.9070926373036575,-4.9544347517693765e-05,nan,0.40688882205625176,0.05559172250872635,0.9422040986864433
0.0,mean,same_time,ridge,250,250,0,1,"[20260802, 0, 1]",0.09092295268129424,0.09290736269634248,0.09290736269621414,cv-alpha,0.09372900828046571,0.09521352791540096,0.09372900828879718,0.09291092954878943,0.9062709917195343,0.000818078731676275,0.001987976867495189,0.9070926373036575,-3.5668524469567586e-06,-8.331474399270178e-12,0.9700620368160208,0.002806055599171464,0.9969132917749405
0.0,mean,same_time,gp,250,250,0,1,"[20260802, 0, 1]",0.06336429419589118,0.09290736269634248,0.09290736269621414,reg=1,0.09372900828046571,0.09521352791540096,0.09372900828879718,0.08936427712641604,0.9062709917195343,0.0043647311540496725,0.025999982930524856,0.9070926373036575,0.0035430855699264407,nan,0.6760371773729423,0.03036471408457453,0.9675810841969705
0.0,mean,same_time,mlp,250,250,0,1,"[20260802, 0, 1]",0.0764771425801194,0.09290736269634248,0.09290736269621414,weight_decay=0.01,0.09372900828046571,0.09521352791540096,0.09372900828879718,0.09295690704386017,0.9062709917195343,0.000772101236605538,0.016479764463740776,0.9070926373036575,-4.9544347517693765e-05,nan,0.815938885763909,0.017251865700346314,0.9813195032892372
0.0,mean,same_time,ridge,500,500,0,1,"[20260802, 0, 1]",0.09169531606991244,0.09290736269634248,0.09290736269621414,cv-alpha,0.09372900828046571,0.09521352791540096,0.09372900828879718,0.09291092954878943,0.9062709917195343,0.000818078731676275,0.0012156134788769979,0.9070926373036575,-3.5668524469567586e-06,-8.331474399270178e-12,0.9783024247470127,0.002033692210553273,0.997761002176325
0.0,mean,same_time,gp,500,500,0,1,"[20260802, 0, 1]",0.07420483484771856,0.09290736269634248,0.09290736269621414,reg=30,0.09372900828046571,0.09521352791540096,0.09372900828879718,0.08936427712641604,0.9062709917195343,0.0043647311540496725,0.015159442278697477,0.9070926373036575,0.0035430855699264407,nan,0.791695508243031,0.01952417343274715,0.9789109144574808
0.0,mean,same_time,mlp,500,500,0,1,"[20260802, 0, 1]",0.08887213525899496,0.09290736269634248,0.09290736269621414,weight_decay=0.1,0.09372900828046571,0.09521352791540096,0.09372900828879718,0.09295690704386017,0.9062709917195343,0.000772101236605538,0.004084771784865215,0.9070926373036575,-4.9544347517693765e-05,nan,0.9481817517268772,0.004856873021470753,0.9946693837282088
0.0,mean,same_time,ridge,1000,1000,0,1,"[20260802, 0, 1]",0.09272866764567511,0.09290736269634248,0.09290736269621414,cv-alpha,0.09372900828046571,0.09521352791540096,0.09372900828879718,0.09291092954878943,0.9062709917195343,0.000818078731676275,0.00018226190311432244,0.9070926373036575,-3.5668524469567586e-06,-8.331474399270178e-12,0.9893273101557069,0.0010003406347905974,0.9988974184468116
0.0,mean,same_time,gp,1000,1000,0,1,"[20260802, 0, 1]",0.08747312068787816,0.09290736269634248,0.09290736269621414,reg=10,0.09372900828046571,0.09521352791540096,0.09372900828879718,0.08936427712641604,0.9062709917195343,0.0043647311540496725,0.0018911564385378776,0.9070926373036575,0.0035430855699264407,nan,0.9332555874925292,0.00625588759258755,0.9931444347181276
0.0,mean,same_time,mlp,1000,1000,0,1,"[20260802, 0, 1]",0.08471091402754061,0.09290736269634248,0.09290736269621414,weight_decay=1,0.09372900828046571,0.09521352791540096,0.09372900828879718,0.09295690704386017,0.9062709917195343,0.000772101236605538,0.008245993016319564,0.9070926373036575,-4.9544347517693765e-05,nan,0.9037854510746532,0.009018094252925102,0.990147272166647
0.0,mean,same_time,ridge,2500,2500,0,1,"[20260802, 0, 1]",0.09164176303848481,0.09290736269634248,0.09290736269621414,cv-alpha,0.09372900828046571,0.09521352791540096,0.09372900828879718,0.09291092954878943,0.9062709917195343,0.000818078731676275,0.0012691665103046201,0.9070926373036575,-3.5668524469567586e-06,-8.331474399270178e-12,0.9777310644775498,0.002087245241980895,0.9977021783289346
0.0,mean,same_time,gp,2500,1500,0,1,"[20260802, 0, 1]",0.0865030355070392,0.09290736269634248,0.09290736269621414,reg=30,0.09372900828046571,0.09521352791540096,0.09372900828879718,0.08936427712641604,0.9062709917195343,0.0043647311540496725,0.002861241619376842,0.9070926373036575,0.0035430855699264407,nan,0.9229056947684307,0.0072259727734265145,0.9920897681609294
0.0,mean,same_time,mlp,2500,2500,0,1,"[20260802, 0, 1]",0.09067499575651905,0.09290736269634248,0.09290736269621414,weight_decay=0.01,0.09372900828046571,0.09521352791540096,0.09372900828879718,0.09295690704386017,0.9062709917195343,0.000772101236605538,0.0022819112873411207,0.9070926373036575,-4.9544347517693765e-05,nan,0.9674165706009806,0.0030540125239466587,0.9966414510656864
0.0,mean,same_time,ridge,5000,5000,0,1,"[20260802, 0, 1]",0.09170873434277149,0.09290736269634248,0.09290736269621414,cv-alpha,0.09372900828046571,0.09521352791540096,0.09372900828879718,0.09291092954878943,0.9062709917195343,0.000818078731676275,0.001202195206017942,0.9070926373036575,-3.5668524469567586e-06,-8.331474399270178e-12,0.978445585046105,0.002020273937694217,0.9977757421940721
0.0,mean,same_time,gp,5000,1500,0,1,"[20260802, 0, 1]",0.0871490165456853,0.09290736269634248,0.09290736269621414,reg=30,0.09372900828046571,0.09521352791540096,0.09372900828879718,0.08936427712641604,0.9062709917195343,0.0043647311540496725,0.002215260580730738,0.9070926373036575,0.0035430855699264407,nan,0.9297977023816247,0.0065799917347804104,0.9927918227026704
0.0,mean,same_time,mlp,5000,5000,0,1,"[20260802, 0, 1]",0.09037258410723126,0.09290736269634248,0.09290736269621414,weight_decay=0.1,0.09372900828046571,0.09521352791540096,0.09372900828879718,0.09295690704386017,0.9062709917195343,0.000772101236605538,0.0025843229366289133,0.9070926373036575,-4.9544347517693765e-05,nan,0.9641901239028262,0.0033564241732344513,0.9963101110250286
0.0,mean,same_time,ridge,20000,20000,1,1,"[20260802, 0, 1]",0.09291092954878943,0.09290736269634248,0.09290736269621414,cv-alpha,0.09372900828046571,0.09521352791540096,0.09372900828879718,0.09291092954878943,0.9062709917195343,0.000818078731676275,0.0,0.9070926373036575,-3.5668524469567586e-06,-8.331474399270178e-12,0.9912718725324786,0.000818078731676275,0.9990981274515088
0.0,mean,same_time,gp,20000,1500,1,1,"[20260802, 0, 1]",0.08936427712641604,0.09290736269634248,0.09290736269621414,reg=10,0.09372900828046571,0.09521352791540096,0.09372900828879718,0.08936427712641604,0.9062709917195343,0.0043647311540496725,0.0,0.9070926373036575,0.0035430855699264407,nan,0.953432440669925,0.0043647311540496725,0.9952069405532693
0.0,mean,same_time,mlp,20000,20000,1,1,"[20260802, 0, 1]",0.09295690704386017,0.09290736269634248,0.09290736269621414,weight_decay=0.01,0.09372900828046571,0.09521352791540096,0.09372900828879718,0.09295690704386017,0.9062709917195343,0.000772101236605538,0.0,0.9070926373036575,-4.9544347517693765e-05,nan,0.9917624089834048,0.000772101236605538,0.9991487711635737
0.0,mean,dispersed,ridge,100,100,0,1,"[20260802, 0, 1]",0.33448895354664787,0.3657066187489092,0.3657066187487934,cv-alpha,0.36242539370674215,0.09521352791540096,0.3624253937235382,0.3654627019819291,0.6375746062932579,-0.003037308275186945,0.030973748435281223,0.6342933812510908,0.00024391676698010123,-1.6796064539192912e-11,0.9229180939161808,0.027936440160094278,0.9580225748182943
0.0,mean,dispersed,gp,100,100,0,1,"[20260802, 0, 1]",0.2943301048747229,0.3657066187489092,0.3657066187487934,reg=1,0.36242539370674215,0.09521352791540096,0.3624253937235382,0.3528624701362688,0.6375746062932579,0.009562923570473336,0.05853236526154593,0.6342933812510908,0.012844148612640383,nan,0.8121122580965758,0.06809528883201926,0.9035026301923645
0.0,mean,dispersed,mlp,100,100,0,1,"[20260802, 0, 1]",0.15911842506234763,0.3657066187489092,0.3657066187487934,weight_decay=1,0.36242539370674215,0.09521352791540096,0.3624253937235382,0.3654168218088938,0.6375746062932579,-0.0029914281021516387,0.20629839674654615,0.6342933812510908,0.0002897969400154077,nan,0.4390377380429885,0.20330696864439451,0.7582216394033027
0.0,mean,dispersed,ridge,250,250,0,1,"[20260802, 0, 1]",0.35210846070370705,0.3657066187489092,0.3657066187487934,cv-alpha,0.36242539370674215,0.09521352791540096,0.3624253937235382,0.3654627019819291,0.6375746062932579,-0.003037308275186945,0.013354241278222045,0.6342933812510908,0.00024391676698010123,-1.6796064539192912e-11,0.9715336364885538,0.0103169330030351,0.9840761417964482
0.0,mean,dispersed,gp,250,250,0,1,"[20260802, 0, 1]",0.3329345432312417,0.3657066187489092,0.3657066187487934,reg=3,0.36242539370674215,0.09521352791540096,0.3624253937235382,0.3528624701362688,0.6375746062932579,0.009562923570473336,0.019927926905027094,0.6342933812510908,0.012844148612640383,nan,0.9186291827570916,0.02949085047550043,0.9557901699507076
0.0,mean,dispersed,mlp,250,250,0,1,"[20260802, 0, 1]",0.3530413832606887,0.3657066187489092,0.3657066187487934,weight_decay=0.1,0.36242539370674215,0.09521352791540096,0.3624253937235382,0.3654168218088938,0.6375746062932579,-0.0029914281021516387,0.012375438548205109,0.6342933812510908,0.0002897969400154077,nan,0.9741077457347082,0.00938401044605347,0.9854951921139112
0.0,mean,dispersed,ridge,500,500,0,1,"[20260802, 0, 1]",0.3540876833892025,0.3657066187489092,0.3657066187487934,cv-alpha,0.36242539370674215,0.09521352791540096,0.3624253937235382,0.3654627019819291,0.6375746062932579,-0.003037308275186945,0.011375018592726605,0.6342933812510908,0.00024391676698010123,-1.6796064539192912e-11,0.9769946850791417,0.00833771031753966,0.9870915755852298
0.0,mean,dispersed,gp,500,500,0,1,"[20260802, 0, 1]",0.3370098575387802,0.3657066187489092,0.3657066187487934,reg=3,0.36242539370674215,0.09521352791540096,0.3624253937235382,0.3528624701362688,0.6375746062932579,0.009562923570473336,0.015852612597488602,0.6342933812510908,0.012844148612640383,nan,0.9298737433709543,0.02541553616796194,0.9616652880032096
0.0,mean,dispersed,mlp,500,500,0,1,"[20260802, 0, 1]",0.3538079072667383,0.3657066187489092,0.3657066187487934,weight_decay=0.1,0.36242539370674215,0.09521352791540096,0.3624253937235382,0.3654168218088938,0.6375746062932579,-0.0029914281021516387,0.011608914542155513,0.6342933812510908,0.0002897969400154077,nan,0.9762227300028078,0.008617486440003874,0.9866642032037972
0.0,mean,dispersed,ridge,1000,1000,0,1,"[20260802, 0, 1]",0.3606667423976928,0.3657066187489092,0.3657066187487934,cv-alpha,0.36242539370674215,0.09521352791540096,0.3624253937235382,0.3654627019819291,0.6375746062932579,-0.003037308275186945,0.004795959584236287,0.6342933812510908,0.00024391676698010123,-1.6796064539192912e-11,0.9951475494278628,0.0017586513090493416,0.9972492416308127
0.0,mean,dispersed,gp,1000,1000,0,1,"[20260802, 0, 1]",0.3419020634091725,0.3657066187489092,0.3657066187487934,reg=1,0.36242539370674215,0.09521352791540096,0.3624253937235382,0.3528624701362688,0.6375746062932579,0.009562923570473336,0.010960406727096306,0.6342933812510908,0.012844148612640383,nan,0.9433722618394224,0.020523330297569642,0.9688141701159444
0.0,mean,dispersed,mlp,1000,1000,0,1,"[20260802, 0, 1]",0.3605995631015484,0.3657066187489092,0.3657066187487934,weight_decay=0.1,0.36242539370674215,0.09521352791540096,0.3624253937235382,0.3654168218088938,0.6375746062932579,-0.0029914281021516387,0.004817258707345395,0.6342933812510908,0.0002897969400154077,nan,0.9949621890825036,0.0018258306051937567,0.997144464564256
0.0,mean,dispersed,ridge,2500,2500,0,1,"[20260802, 0, 1]",0.36287363865240074,0.3657066187489092,0.3657066187487934,cv-alpha,0.36242539370674215,0.09521352791540096,0.3624253937235382,0.3654627019819291,0.6375746062932579,-0.003037308275186945,0.0025890633295283516,0.6342933812510908,0.00024391676698010123,-1.6796064539192912e-11,1.0012367923259298,-0.0004482449456585935,1.0007035416721897
0.0,mean,dispersed,gp,2500,1500,0,1,"[20260802, 0, 1]",0.34882973245587423,0.3657066187489092,0.3657066187487934,reg=3,0.36242539370674215,0.09521352791540096,0.3624253937235382,0.3528624701362688,0.6375746062932579,0.009562923570473336,0.0040327376803945825,0.6342933812510908,0.012844148612640383,nan,0.9624870070173148,0.013595661250867919,0.9791211885300851
0.0,mean,dispersed,mlp,2500,2500,0,1,"[20260802, 0, 1]",0.35981026275647765,0.3657066187489092,0.3657066187487934,weight_decay=0.01,0.36242539370674215,0.09521352791540096,0.3624253937235382,0.3654168218088938,0.6375746062932579,-0.0029914281021516387,0.005606559052416138,0.6342933812510908,0.0002897969400154077,nan,0.9927843606003487,0.0026151309502644993,0.9959150689270271
0.0,mean,dispersed,ridge,5000,5000,0,1,"[20260802, 0, 1]",0.36521747283217754,0.3657066187489092,0.3657066187487934,cv-alpha,0.36242539370674215,0.09521352791540096,0.3624253937235382,0.3654627019819291,0.6375746062932579,-0.003037308275186945,0.00024522914975155796,0.6342933812510908,0.00024391676698010123,-1.6796064539192912e-11,1.007703872780213,-0.002792079125435387,1.0043984813789577
0.0,mean,dispersed,gp,5000,1500,0,1,"[20260802, 0, 1]",0.3523556639490406,0.3657066187489092,0.3657066187487934,reg=3,0.36242539370674215,0.09521352791540096,0.3624253937235382,0.3528624701362688,0.6375746062932579,0.009562923570473336,0.0005068061872282037,0.6342933812510908,0.012844148612640383,nan,0.9722157168549578,0.01006972975770154,0.9844517597125884
0.0,mean,dispersed,mlp,5000,5000,0,1,"[20260802, 0, 1]",0.3648051034149242,0.3657066187489092,0.3657066187487934,weight_decay=0.01,0.36242539370674215,0.09521352791540096,0.3624253937235382,0.3654168218088938,0.6375746062932579,-0.0029914281021516387,0.0006117183939695625,0.6342933812510908,0.0002897969400154077,nan,1.0065660678018264,-0.002379709708182076,1.0037464244769219
0.0,mean,dispersed,ridge,20000,20000,1,1,"[20260802, 0, 1]",0.3654627019819291,0.3657066187489092,0.3657066187487934,cv-alpha,0.36242539370674215,0.09521352791540096,0.3624253937235382,0.3654627019819291,0.6375746062932579,-0.003037308275186945,0.0,0.6342933812510908,0.00024391676698010123,-1.6796064539192912e-11,1.0083805062446716,-0.003037308275186945,1.0047866505005676
0.0,mean,dispersed,gp,20000,1500,1,1,"[20260802, 0, 1]",0.3528624701362688,0.3657066187489092,0.3657066187487934,reg=3,0.36242539370674215,0.09521352791540096,0.3624253937235382,0.3528624701362688,0.6375746062932579,0.009562923570473336,0.0,0.6342933812510908,0.012844148612640383,nan,0.9736140906886585,0.009562923570473336,0.985222733763429
0.0,mean,dispersed,mlp,20000,20000,1,1,"[20260802, 0, 1]",0.3654168218088938,0.3657066187489092,0.3657066187487934,weight_decay=0.01,0.36242539370674215,0.09521352791540096,0.3624253937235382,0.3654168218088938,0.6375746062932579,-0.0029914281021516387,0.0,0.6342933812510908,0.0002897969400154077,nan,1.0082539141961233,-0.0029914281021516387,1.004714004727763
0.0,occupation,same_time,ridge,100,100,0,2,"[20260802, 0, 2]",0.07399561575603919,0.08333700471592542,0.08186379927357867,cv-alpha,0.0860502626123045,0.016804686944287432,0.08452056361587312,0.08176353099298239,0.9139497373876955,0.0042867316193221094,0.007767915236943201,0.9166629952840746,0.0015734737229430307,0.0015296989964313779,0.8599115622624306,0.01205464685626531,0.986982084468091
0.0,occupation,same_time,gp,100,100,0,2,"[20260802, 0, 2]",0.039223468402464046,0.08333700471592542,0.08186379927357867,reg=30,0.0860502626123045,0.016804686944287432,0.08452056361587312,0.07970763053488295,0.9139497373876955,0.006342632077421556,0.0404841621324189,0.9166629952840746,0.0036293741810424773,nan,0.4558204380988769,0.046826794209840455,0.9512615132969797
0.0,occupation,same_time,mlp,100,100,0,2,"[20260802, 0, 2]",0.07025689448466699,0.08333700471592542,0.08186379927357867,weight_decay=1,0.0860502626123045,0.016804686944287432,0.08452056361587312,0.08316761552654672,0.9139497373876955,0.002882647085757778,0.012910721041879736,0.9166629952840746,0.00016938918937869918,nan,0.8164634523104967,0.015793368127637514,0.98301319145692
0.0,occupation,same_time,ridge,250,250,0,2,"[20260802, 0, 2]",0.08001564474389444,0.08333700471592542,0.08186379927357867,cv-alpha,0.0860502626123045,0.016804686944287432,0.08452056361587312,0.08176353099298239,0.9139497373876955,0.0042867316193221094,0.0017478862490879488,0.9166629952840746,0.0015734737229430307,0.0015296989964313779,0.9298710116016874,0.006034617868410058,0.9934405212067653
0.0,occupation,same_time,gp,250,250,0,2,"[20260802, 0, 2]",0.054353833646641814,0.08333700471592542,0.08186379927357867,reg=0.1,0.0860502626123045,0.016804686944287432,0.08452056361587312,0.07970763053488295,0.9139497373876955,0.006342632077421556,0.02535379688824113,0.9166629952840746,0.0036293741810424773,nan,0.6316521530158543,0.03169642896566269,0.9664817242501053
0.0,occupation,same_time,mlp,250,250,0,2,"[20260802, 0, 2]",0.07023650844218632,0.08333700471592542,0.08186379927357867,weight_decay=0.01,0.0860502626123045,0.016804686944287432,0.08452056361587312,0.08316761552654672,0.9139497373876955,0.002882647085757778,0.012931107084360405,0.9166629952840746,0.00016938918937869918,nan,0.8162265437658648,0.015813754170118183,0.9829916378587609
0.0,occupation,same_time,ridge,500,500,0,2,"[20260802, 0, 2]",0.08142538827365797,0.08333700471592542,0.08186379927357867,cv-alpha,0.0860502626123045,0.016804686944287432,0.08452056361587312,0.08176353099298239,0.9139497373876955,0.0042867316193221094,0.0003381427193244191,0.9166629952840746,0.0015734737229430307,0.0015296989964313779,0.9462538033209301,0.0046248743386465285,0.994965162024286
0.0,occupation,same_time,gp,500,500,0,2,"[20260802, 0, 2]",-0.1422922424461981,0.08333700471592542,0.08186379927357867,reg=0.001,0.0860502626123045,0.016804686944287432,0.08452056361587312,0.07970763053488295,0.9139497373876955,0.006342632077421556,0.22199987298108104,0.9166629952840746,0.0036293741810424773,nan,-1.6535945170474289,0.2283425050585026,0.800101500672445
0.0,occupation,same_time,mlp,500,500,0,2,"[20260802, 0, 2]",0.08041491841812498,0.08333700471592542,0.08186379927357867,weight_decay=0.1,0.0860502626123045,0.016804686944287432,0.08452056361587312,0.08316761552654672,0.9139497373876955,0.002882647085757778,0.002752697108421742,0.9166629952840746,0.00016938918937869918,nan,0.9345110168975392,0.00563534419417952,0.9938718620962341
0.0,occupation,same_time,ridge,1000,1000,0,2,"[20260802, 0, 2]",0.08139278854038534,0.08333700471592542,0.08186379927357867,cv-alpha,0.0860502626123045,0.016804686944287432,0.08452056361587312,0.08176353099298239,0.9139497373876955,0.0042867316193221094,0.0003707424525970504,0.9166629952840746,0.0015734737229430307,0.0015296989964313779,0.9458749580706896,0.00465747407191916,0.994929852483393
0.0,occupation,same_time,gp,1000,1000,0,2,"[20260802, 0, 2]",0.05210142447769173,0.08333700471592542,0.08186379927357867,reg=0.01,0.0860502626123045,0.016804686944287432,0.08452056361587312,0.07970763053488295,0.9139497373876955,0.006342632077421556,0.027606206057191218,0.9166629952840746,0.0036293741810424773,nan,0.605476646973552,0.033948838134612774,0.9641851575566442
0.0,occupation,same_time,mlp,1000,1000,0,2,"[20260802, 0, 2]",0.08225393802327807,0.08333700471592542,0.08186379927357867,weight_decay=0.01,0.0860502626123045,0.016804686944287432,0.08452056361587312,0.08316761552654672,0.9139497373876955,0.002882647085757778,0.0009136775032686506,0.9166629952840746,0.00016938918937869918,nan,0.9558824752676166,0.0037963245890264286,0.9958634259014421
0.0,occupation,same_time,ridge,2500,2500,0,2,"[20260802, 0, 2]",0.08176173915796425,0.08333700471592542,0.08186379927357867,cv-alpha,0.0860502626123045,0.016804686944287432,0.08452056361587312,0.08176353099298239,0.9139497373876955,0.0042867316193221094,1.7918350181389542e-06,0.9166629952840746,0.0015734737229430307,0.0015296989964313779,0.9501625756371949,0.004288523454340248,0.9953296179899892
0.0,occupation,same_time,gp,2500,1500,0,2,"[20260802, 0, 2]",0.07744167931333157,0.08333700471592542,0.08186379927357867,reg=0.3,0.0860502626123045,0.016804686944287432,0.08452056361587312,0.07970763053488295,0.9139497373876955,0.006342632077421556,0.0022659512215513766,0.9166629952840746,0.0036293741810424773,nan,0.899958663255236,0.008608583298972933,0.9906687923072814
0.0,occupation,same_time,mlp,2500,2500,0,2,"[20260802, 0, 2]",0.08179349678348236,0.08333700471592542,0.08186379927357867,weight_decay=0.001,0.0860502626123045,0.016804686944287432,0.08452056361587312,0.08316761552654672,0.9139497373876955,0.002882647085757778,0.0013741187430643675,0.9166629952840746,0.00016938918937869918,nan,0.9505316346563542,0.0042567658288221455,0.9953640430405246
0.0,occupation,same_time,ridge,5000,5000,0,2,"[20260802, 0, 2]",0.08172384684164224,0.08333700471592542,0.08186379927357867,cv-alpha,0.0860502626123045,0.016804686944287432,0.08452056361587312,0.08176353099298239,0.9139497373876955,0.0042867316193221094,3.968415134014691e-05,0.9166629952840746,0.0015734737229430307,0.0015296989964313779,0.9497222246705426,0.004326415770662256,0.9952885460917374
0.0,occupation,same_time,gp,5000,1500,0,2,"[20260802, 0, 2]",0.07995908304288846,0.08333700471592542,0.08186379927357867,reg=30,0.0860502626123045,0.016804686944287432,0.08452056361587312,0.07970763053488295,0.9139497373876955,0.006342632077421556,-0.0002514525080055119,0.9166629952840746,0.0036293741810424773,nan,0.9292137015681222,0.006091179569416044,0.993379447090721
0.0,occupation,same_time,mlp,5000,5000,0,2,"[20260802, 0, 2]",0.08258832504656821,0.08333700471592542,0.08186379927357867,weight_decay=0.1,0.0860502626123045,0.016804686944287432,0.08452056361587312,0.08316761552654672,0.9139497373876955,0.002882647085757778,0.0005792904799785115,0.9166629952840746,0.00016938918937869918,nan,0.9597684253291139,0.0034619375657362894,0.9962264077728115
0.0,occupation,same_time,ridge,20000,20000,1,2,"[20260802, 0, 2]",0.08176353099298239,0.08333700471592542,0.08186379927357867,cv-alpha,0.0860502626123045,0.016804686944287432,0.08452056361587312,0.08176353099298239,0.9139497373876955,0.0042867316193221094,0.0,0.9166629952840746,0.0015734737229430307,0.0015296989964313779,0.9501833987580517,0.0042867316193221094,0.995331560263602
0.0,occupation,same_time,gp,20000,1500,1,2,"[20260802, 0, 2]",0.07970763053488295,0.08333700471592542,0.08186379927357867,reg=10,0.0860502626123045,0.016804686944287432,0.08452056361587312,0.07970763053488295,0.9139497373876955,0.006342632077421556,0.0,0.9166629952840746,0.0036293741810424773,nan,0.9262915430485321,0.006342632077421556,0.9931080249191808
0.0,occupation,same_time,mlp,20000,20000,1,2,"[20260802, 0, 2]",0.08316761552654672,0.08333700471592542,0.08186379927357867,weight_decay=0.001,0.0860502626123045,0.016804686944287432,0.08452056361587312,0.08316761552654672,0.9139497373876955,0.002882647085757778,0.0,0.9166629952840746,0.00016938918937869918,nan,0.966500426631521,0.002882647085757778,0.9968558624950695
0.0,occupation,dispersed,ridge,100,100,0,2,"[20260802, 0, 2]",0.2869478946358194,0.3245649936371877,0.32198957575845166,cv-alpha,0.3288284538097061,0.016804686944287432,0.3268187630006054,0.3216795997570455,0.6711715461902938,0.00714885405266058,0.03473170512122614,0.6754350063628123,0.0028853938801421952,0.0020096908091006838,0.872637058354679,0.04188055917388672,0.9412657800757815
0.0,occupation,dispersed,gp,100,100,0,2,"[20260802, 0, 2]",0.2510572329977553,0.3245649936371877,0.32198957575845166,reg=0.3,0.3288284538097061,0.016804686944287432,0.3268187630006054,0.3051842766066297,0.6711715461902938,0.023644177203076377,0.05412704360887444,0.6754350063628123,0.019380717030557992,nan,0.7634899902641721,0.07777122081195081,0.8961586595952561
0.0,occupation,dispersed,mlp,100,100,0,2,"[20260802, 0, 2]",0.12572507643294062,0.3245649936371877,0.32198957575845166,weight_decay=1,0.3288284538097061,0.016804686944287432,0.3268187630006054,0.3219898955851622,0.6711715461902938,0.006838558224543878,0.1962648191522216,0.6754350063628123,0.002575098052025493,nan,0.3823424493115734,0.20310337737676548,0.7676893481651061
0.0,occupation,dispersed,ridge,250,250,0,2,"[20260802, 0, 2]",0.3033985132859578,0.3245649936371877,0.32198957575845166,cv-alpha,0.3288284538097061,0.016804686944287432,0.3268187630006054,0.3216795997570455,0.6711715461902938,0.00714885405266058,0.018281086471087726,0.6754350063628123,0.0028853938801421952,0.0020096908091006838,0.9226650241816826,0.025429940523748307,0.9634942775621904
0.0,occupation,dispersed,gp,250,250,0,2,"[20260802, 0, 2]",0.2962664938165268,0.3245649936371877,0.32198957575845166,reg=3,0.3288284538097061,0.016804686944287432,0.3268187630006054,0.3051842766066297,0.6711715461902938,0.023644177203076377,0.008917782790102913,0.6754350063628123,0.019380717030557992,nan,0.9009758443470255,0.03256195999317929,0.9537297006507887
0.0,occupation,dispersed,mlp,250,250,0,2,"[20260802, 0, 2]",0.3039153130985951,0.3245649936371877,0.32198957575845166,weight_decay=0.1,0.3288284538097061,0.016804686944287432,0.3268187630006054,0.3219898955851622,0.6711715461902938,0.006838558224543878,0.018074582486567126,0.6754350063628123,0.002575098052025493,nan,0.9242366637604655,0.024913140711111004,0.9642096124510209
0.0,occupation,dispersed,ridge,500,500,0,2,"[20260802, 0, 2]",0.3069678858690925,0.3245649936371877,0.32198957575845166,cv-alpha,0.3288284538097061,0.016804686944287432,0.3268187630006054,0.3216795997570455,0.6711715461902938,0.00714885405266058,0.014711713887953004,0.6754350063628123,0.0028853938801421952,0.0020096908091006838,0.9335198408551824,0.021860567940613584,0.9684566306598537
0.0,occupation,dispersed,gp,500,500,0,2,"[20260802, 0, 2]",0.2997042886515071,0.3245649936371877,0.32198957575845166,reg=3,0.3288284538097061,0.016804686944287432,0.3268187630006054,0.3051842766066297,0.6711715461902938,0.023644177203076377,0.005479987955122612,0.6754350063628123,0.019380717030557992,nan,0.9114305200149947,0.02912416515819899,0.9584116185687938
0.0,occupation,dispersed,mlp,500,500,0,2,"[20260802, 0, 2]",0.3088686859168205,0.3245649936371877,0.32198957575845166,weight_decay=0.1,0.3288284538097061,0.016804686944287432,0.3268187630006054,0.3219898955851622,0.6711715461902938,0.006838558224543878,0.013121209668341738,0.6754350063628123,0.002575098052025493,nan,0.9393003626613274,0.019959767892885616,0.9711201511403613
0.0,occupation,dispersed,ridge,1000,1000,0,2,"[20260802, 0, 2]",0.31803943660634226,0.3245649936371877,0.32198957575845166,cv-alpha,0.3288284538097061,0.016804686944287432,0.3268187630006054,0.3216795997570455,0.6711715461902938,0.00714885405266058,0.0036401631507032572,0.6754350063628123,0.0028853938801421952,0.0020096908091006838,0.9671895267019457,0.010789017203363838,0.9841794118567879
0.0,occupation,dispersed,gp,1000,1000,0,2,"[20260802, 0, 2]",0.3137483315942512,0.3245649936371877,0.32198957575845166,reg=3,0.3288284538097061,0.016804686944287432,0.3268187630006054,0.3051842766066297,0.6711715461902938,0.023644177203076377,-0.008564054987621472,0.6754350063628123,0.019380717030557992,nan,0.9541398500016005,0.015080122215454905,0.9780253762435462
0.0,occupation,dispersed,mlp,1000,1000,0,2,"[20260802, 0, 2]",0.3185453830307564,0.3245649936371877,0.32198957575845166,weight_decay=0.1,0.3288284538097061,0.016804686944287432,0.3268187630006054,0.3219898955851622,0.6711715461902938,0.006838558224543878,0.0034445125544058097,0.6754350063628123,0.002575098052025493,nan,0.9687281600487635,0.010283070778949688,0.9849101165024261
0.0,occupation,dispersed,ridge,2500,2500,0,2,"[20260802, 0, 2]",0.3199012438505857,0.3245649936371877,0.32198957575845166,cv-alpha,0.3288284538097061,0.016804686944287432,0.3268187630006054,0.3216795997570455,0.6711715461902938,0.00714885405266058,0.0017783559064598053,0.6754350063628123,0.0028853938801421952,0.0020096908091006838,0.9728514675184204,0.008927209959120386,0.9868736563941617
0.0,occupation,dispersed,gp,2500,1500,0,2,"[20260802, 0, 2]",0.31175257816481383,0.3245649936371877,0.32198957575845166,reg=3,0.3288284538097061,0.016804686944287432,0.3268187630006054,0.3051842766066297,0.6711715461902938,0.023644177203076377,-0.006568301558184109,0.6754350063628123,0.019380717030557992,nan,0.9480705655272335,0.01707587564489227,0.975189335835999
0.0,occupation,dispersed,mlp,2500,2500,0,2,"[20260802, 0, 2]",0.3178574765819695,0.3245649936371877,0.32198957575845166,weight_decay=0.1,0.3288284538097061,0.016804686944287432,0.3268187630006054,0.3219898955851622,0.6711715461902938,0.006838558224543878,0.004132419003192722,0.6754350063628123,0.002575098052025493,nan,0.9666361681885184,0.0109709772277366,0.9839168841538216
0.0,occupation,dispersed,ridge,5000,5000,0,2,"[20260802, 0, 2]",0.32033534825242527,0.3245649936371877,0.32198957575845166,cv-alpha,0.3288284538097061,0.016804686944287432,0.3268187630006054,0.3216795997570455,0.6711715461902938,0.00714885405266058,0.001344251504620253,0.6754350063628123,0.0028853938801421952,0.0020096908091006838,0.9741716221364596,0.008493105557280833,0.9875039763573945
0.0,occupation,dispersed,gp,5000,1500,0,2,"[20260802, 0, 2]",0.31377499535716835,0.3245649936371877,0.32198957575845166,reg=3,0.3288284538097061,0.016804686944287432,0.3268187630006054,0.3051842766066297,0.6711715461902938,0.023644177203076377,-0.008590718750538628,0.6754350063628123,0.019380717030557992,nan,0.9542209371539081,0.015053458452537749,0.9780633781184164
0.0,occupation,dispersed,mlp,5000,5000,0,2,"[20260802, 0, 2]",0.32063862210249805,0.3245649936371877,0.32198957575845166,weight_decay=0.01,0.3288284538097061,0.016804686944287432,0.3268187630006054,0.3219898955851622,0.6711715461902938,0.006838558224543878,0.0013512734826641726,0.6754350063628123,0.002575098052025493,nan,0.9750939080474237,0.00818983170720805,0.9879448082071517
0.0,occupation,dispersed,ridge,20000,20000,1,2,"[20260802, 0, 2]",0.3216795997570455,0.3245649936371877,0.32198957575845166,cv-alpha,0.3288284538097061,0.016804686944287432,0.3268187630006054,0.3216795997570455,0.6711715461902938,0.00714885405266058,0.0,0.6754350063628123,0.0028853938801421952,0.0020096908091006838,0.9782596245250794,0.00714885405266058,0.98946094787935
0.0,occupation,dispersed,gp,20000,1500,1,2,"[20260802, 0, 2]",0.3051842766066297,0.3245649936371877,0.32198957575845166,reg=1,0.3288284538097061,0.016804686944287432,0.3268187630006054,0.3051842766066297,0.6711715461902938,0.023644177203076377,0.0,0.6754350063628123,0.019380717030557992,nan,0.9280957078709516,0.023644177203076377,0.9659705783749366
0.0,occupation,dispersed,mlp,20000,20000,1,2,"[20260802, 0, 2]",0.3219898955851622,0.3245649936371877,0.32198957575845166,weight_decay=0.01,0.3288284538097061,0.016804686944287432,0.3268187630006054,0.3219898955851622,0.6711715461902938,0.006838558224543878,0.0,0.6754350063628123,0.002575098052025493,nan,0.9792032649689696,0.006838558224543878,0.989913781254859
0.0,mean,same_time,ridge,100,100,0,2,"[20260802, 0, 2]",0.07347987910126608,0.09181572923757186,0.09181572923742443,cv-alpha,0.09372900828046571,0.09521352791540096,0.09372900828879718,0.09165552988121928,0.9062709917195343,0.002073478399246431,0.0181756507799532,0.9081842707624281,0.00016019935635258609,-8.331474399270178e-12,0.7839609150818274,0.020249129179199632,0.9781449655302059
0.0,mean,same_time,gp,100,100,0,2,"[20260802, 0, 2]",0.03723471786473043,0.09181572923757186,0.09181572923742443,reg=30,0.09372900828046571,0.09521352791540096,0.09372900828879718,0.07984073872728215,0.9062709917195343,0.013888269553183563,0.04260602086255172,0.9081842707624281,0.011974990510289718,nan,0.3972592748801185,0.05649429041573528,0.9413208063647254
0.0,mean,same_time,mlp,100,100,0,2,"[20260802, 0, 2]",0.07503534685295388,0.09181572923757186,0.09181572923742443,weight_decay=0.1,0.09372900828046571,0.09521352791540096,0.09372900828879718,0.09087627625186878,0.9062709917195343,0.002852732028596927,0.015840929398914905,0.9081842707624281,0.000939452985703082,nan,0.800556286997354,0.018693661427511832,0.9797898640084142
0.0,mean,same_time,ridge,250,250,0,2,"[20260802, 0, 2]",0.08654501446730833,0.09181572923757186,0.09181572923742443,cv-alpha,0.09372900828046571,0.09521352791540096,0.09372900828879718,0.09165552988121928,0.9062709917195343,0.002073478399246431,0.005110515413910943,0.9081842707624281,0.00016019935635258609,-8.331474399270178e-12,0.923353570629269,0.007183993813157374,0.9921353608804621
0.0,mean,same_time,gp,250,250,0,2,"[20260802, 0, 2]",0.05159695883449611,0.09181572923757186,0.09181572923742443,reg=0.1,0.09372900828046571,0.09521352791540096,0.09372900828879718,0.07984073872728215,0.9062709917195343,0.013888269553183563,0.028243779892786036,0.9081842707624281,0.011974990510289718,nan,0.5504908222233859,0.0421320494459696,0.955575796768647
0.0,mean,same_time,mlp,250,250,0,2,"[20260802, 0, 2]",0.06775028710853337,0.09181572923757186,0.09181572923742443,weight_decay=0.001,0.09372900828046571,0.09521352791540096,0.09372900828879718,0.09087627625186878,0.9062709917195343,0.002852732028596927,0.023125989143335413,0.9081842707624281,0.000939452985703082,nan,0.722831579587441,0.02597872117193234,0.972133302040548
0.0,mean,same_time,ridge,500,500,0,2,"[20260802, 0, 2]",0.0899537148331252,0.09181572923757186,0.09181572923742443,cv-alpha,0.09372900828046571,0.09521352791540096,0.09372900828879718,0.09165552988121928,0.9062709917195343,0.002073478399246431,0.0017018150480940797,0.9081842707624281,0.00016019935635258609,-8.331474399270178e-12,0.9597211843312832,0.003775293447340511,0.9958515368845792
0.0,mean,same_time,gp,500,500,0,2,"[20260802, 0, 2]",0.07610359759524965,0.09181572923757186,0.09181572923742443,reg=30,0.09372900828046571,0.09521352791540096,0.09372900828879718,0.07984073872728215,0.9062709917195343,0.013888269553183563,0.0037371411320324954,0.9081842707624281,0.011974990510289718,nan,0.8119535135539313,0.01762541068521606,0.9809227412950846
0.0,mean,same_time,mlp,500,500,0,2,"[20260802, 0, 2]",0.0832642414746706,0.09181572923757186,0.09181572923742443,weight_decay=0.001,0.09372900828046571,0.09521352791540096,0.09372900828879718,0.09087627625186878,0.9062709917195343,0.002852732028596927,0.0076120347771981844,0.9081842707624281,0.000939452985703082,nan,0.8883508211835407,0.010464766805795112,0.988584751158143
0.0,mean,same_time,ridge,1000,1000,0,2,"[20260802, 0, 2]",0.09121590245547728,0.09181572923757186,0.09181572923742443,cv-alpha,0.09372900828046571,0.09521352791540096,0.09372900828879718,0.09165552988121928,0.9062709917195343,0.002073478399246431,0.0004396274257419952,0.9081842707624281,0.00016019935635258609,-8.331474399270178e-12,0.9731875342426707,0.0025131058249884264,0.9972346503071756
0.0,mean,same_time,gp,1000,1000,0,2,"[20260802, 0, 2]",0.08920788109269007,0.09181572923757186,0.09181572923742443,reg=1,0.09372900828046571,0.09521352791540096,0.09372900828879718,0.07984073872728215,0.9062709917195343,0.013888269553183563,-0.009367142365407921,0.9081842707624281,0.011974990510289718,nan,0.9517638426916131,0.004521127187775642,0.9950360492872954
0.0,mean,same_time,mlp,1000,1000,0,2,"[20260802, 0, 2]",0.09072429153514461,0.09181572923757186,0.09181572923742443,weight_decay=0.1,0.09372900828046571,0.09521352791540096,0.09372900828879718,0.09087627625186878,0.9062709917195343,0.002852732028596927,0.0001519847167241739,0.9081842707624281,0.000939452985703082,nan,0.9679425100036259,0.003004716745321101,0.9966954833200218
0.0,mean,same_time,ridge,2500,2500,0,2,"[20260802, 0, 2]",0.09118539168636852,0.09181572923757186,0.09181572923742443,cv-alpha,0.09372900828046571,0.09521352791540096,0.09372900828879718,0.09165552988121928,0.9062709917195343,0.002073478399246431,0.0004701381948507555,0.9081842707624281,0.00016019935635258609,-8.331474399270178e-12,0.972862013150871,0.0025436165940971867,0.9972011710960313
0.0,mean,same_time,gp,2500,1500,0,2,"[20260802, 0, 2]",0.08642198820088132,0.09181572923757186,0.09181572923742443,reg=30,0.09372900828046571,0.09521352791540096,0.09372900828879718,0.07984073872728215,0.9062709917195343,0.013888269553183563,-0.006581249473599171,0.9081842707624281,0.011974990510289718,nan,0.9220409965533876,0.007307020079584392,0.9920017557502346
0.0,mean,same_time,mlp,2500,2500,0,2,"[20260802, 0, 2]",0.09065748441186716,0.09181572923757186,0.09181572923742443,weight_decay=0.01,0.09372900828046571,0.09521352791540096,0.09372900828879718,0.09087627625186878,0.9062709917195343,0.002852732028596927,0.00021879184000161978,0.9081842707624281,0.000939452985703082,nan,0.9672297410913854,0.003071523868598547,0.9966222585923941
0.0,mean,same_time,ridge,5000,5000,0,2,"[20260802, 0, 2]",0.09117306317348517,0.09181572923757186,0.09181572923742443,cv-alpha,0.09372900828046571,0.09521352791540096,0.09372900828879718,0.09165552988121928,0.9062709917195343,0.002073478399246431,0.00048246670773410827,0.9081842707624281,0.00016019935635258609,-8.331474399270178e-12,0.9727304795615422,0.0025559451069805394,0.9971876437598719
0.0,mean,same_time,gp,5000,1500,0,2,"[20260802, 0, 2]",0.0726694290470995,0.09181572923757186,0.09181572923742443,reg=0.001,0.09372900828046571,0.09521352791540096,0.09372900828879718,0.07984073872728215,0.9062709917195343,0.013888269553183563,0.007171309680182647,0.9081842707624281,0.011974990510289718,nan,0.7753141783987563,0.02105957923336621,0.9772901057152403
0.0,mean,same_time,mlp,5000,5000,0,2,"[20260802, 0, 2]",0.0907488861896486,0.09181572923757186,0.09181572923742443,weight_decay=0.1,0.09372900828046571,0.09521352791540096,0.09372900828879718,0.09087627625186878,0.9062709917195343,0.002852732028596927,0.00012739006222017846,0.9081842707624281,0.000939452985703082,nan,0.968204911739814,0.0029801220908171056,0.99672244328816
0.0,mean,same_time,ridge,20000,20000,1,2,"[20260802, 0, 2]",0.09165552988121928,0.09181572923757186,0.09181572923742443,cv-alpha,0.09372900828046571,0.09521352791540096,0.09372900828879718,0.09165552988121928,0.9062709917195343,0.002073478399246431,0.0,0.9081842707624281,0.00016019935635258609,-8.331474399270178e-12,0.9778779436880207,0.002073478399246431,0.9977172994745316
0.0,mean,same_time,gp,20000,1500,1,2,"[20260802, 0, 2]",0.07984073872728215,0.09181572923757186,0.09181572923742443,reg=0.1,0.09372900828046571,0.09521352791540096,0.09372900828879718,0.07984073872728215,0.9062709917195343,0.013888269553183563,0.0,0.9081842707624281,0.011974990510289718,nan,0.8518252800496338,0.013888269553183563,0.9849066676414537
0.0,mean,same_time,mlp,20000,20000,1,2,"[20260802, 0, 2]",0.09087627625186878,0.09181572923757186,0.09181572923742443,weight_decay=0.01,0.09372900828046571,0.09521352791540096,0.09372900828879718,0.09087627625186878,0.9062709917195343,0.002852732028596927,0.0,0.9081842707624281,0.000939452985703082,nan,0.9695640433956083,0.002852732028596927,0.9968621080342775
0.0,mean,dispersed,ridge,100,100,0,2,"[20260802, 0, 2]",0.31342823734610814,0.3584166650239595,0.35841666502401526,cv-alpha,0.36242539370674215,0.09521352791540096,0.3624253937235382,0.3578279292288219,0.6375746062932579,0.0045974644779202545,0.044399691882713754,0.6415833349760405,0.0005887357951376293,-1.6796064539192912e-11,0.8648076067200737,0.04899715636063401,0.9286350545917602
0.0,mean,dispersed,gp,100,100,0,2,"[20260802, 0, 2]",0.3003101632695583,0.3584166650239595,0.35841666502401526,reg=1,0.36242539370674215,0.09521352791540096,0.3624253937235382,0.34334036868732376,0.6375746062932579,0.01908502501941839,0.04303020541776548,0.6415833349760405,0.015076296336635764,nan,0.8286123668049468,0.062115230437183866,0.9112246210014424
0.0,mean,dispersed,mlp,100,100,0,2,"[20260802, 0, 2]",0.17682761013406523,0.3584166650239595,0.35841666502401526,weight_decay=1,0.36242539370674215,0.09521352791540096,0.3624253937235382,0.3576500458680376,0.6375746062932579,0.004775347838704536,0.1808224357339724,0.6415833349760405,0.0007666191559219104,nan,0.48790071889152986,0.18559778357267692,0.7745335170888031
0.0,mean,dispersed,ridge,250,250,0,2,"[20260802, 0, 2]",0.3367088358581305,0.3584166650239595,0.35841666502401526,cv-alpha,0.36242539370674215,0.09521352791540096,0.3624253937235382,0.3578279292288219,0.6375746062932579,0.0045974644779202545,0.0211190933706914,0.6415833349760405,0.0005887357951376293,-1.6796064539192912e-11,0.9290431677935341,0.025716557848611654,0.9612288550807362
0.0,mean,dispersed,gp,250,250,0,2,"[20260802, 0, 2]",0.3187351210834686,0.3584166650239595,0.35841666502401526,reg=1,0.36242539370674215,0.09521352791540096,0.3624253937235382,0.34334036868732376,0.6375746062932579,0.01908502501941839,0.024605247603855185,0.6415833349760405,0.015076296336635764,nan,0.879450299614972,0.043690272623273574,0.93586889038995
0.0,mean,dispersed,mlp,250,250,0,2,"[20260802, 0, 2]",0.3398083399584594,0.3584166650239595,0.35841666502401526,weight_decay=0.1,0.36242539370674215,0.09521352791540096,0.3624253937235382,0.3576500458680376,0.6375746062932579,0.004775347838704536,0.01784170590957823,0.6415833349760405,0.0007666191559219104,nan,0.9375952840473881,0.022617053748282767,0.9657416851541875
0.0,mean,dispersed,ridge,500,500,0,2,"[20260802, 0, 2]",0.34004646362694224,0.3584166650239595,0.35841666502401526,cv-alpha,0.36242539370674215,0.09521352791540096,0.3624253937235382,0.3578279292288219,0.6375746062932579,0.0045974644779202545,0.017781465601879654,0.6415833349760405,0.0005887357951376293,-1.6796064539192912e-11,0.9382523121492201,0.022378930079799908,0.9660901429473521
0.0,mean,dispersed,gp,500,500,0,2,"[20260802, 0, 2]",0.3291153368872579,0.3584166650239595,0.35841666502401526,reg=3,0.36242539370674215,0.09521352791540096,0.3624253937235382,0.34334036868732376,0.6375746062932579,0.01908502501941839,0.014225031800065846,0.6415833349760405,0.015076296336635764,nan,0.9080912723062745,0.033310056819484235,0.9503490560285972
0.0,mean,dispersed,mlp,500,500,0,2,"[20260802, 0, 2]",0.3408352275013863,0.3584166650239595,0.35841666502401526,weight_decay=0.1,0.36242539370674215,0.09521352791540096,0.3624253937235382,0.3576500458680376,0.6375746062932579,0.004775347838704536,0.01681481836665133,0.6415833349760405,0.0007666191559219104,nan,0.9404286604077593,0.021590166205355865,0.9672461771227296
0.0,mean,dispersed,ridge,1000,1000,0,2,"[20260802, 0, 2]",0.35132308650543365,0.3584166650239595,0.35841666502401526,cv-alpha,0.36242539370674215,0.09521352791540096,0.3624253937235382,0.3578279292288219,0.6375746062932579,0.0045974644779202545,0.006504842723388249,0.6415833349760405,0.0005887357951376293,-1.6796064539192912e-11,0.9693666409857252,0.011102307201308503,0.9828846888638323
0.0,mean,dispersed,gp,1000,1000,0,2,"[20260802, 0, 2]",0.33941434218641375,0.3584166650239595,0.35841666502401526,reg=3,0.36242539370674215,0.09521352791540096,0.3624253937235382,0.34334036868732376,0.6375746062932579,0.01908502501941839,0.003926026500910007,0.6415833349760405,0.015076296336635764,nan,0.9365081699022783,0.023011051520328396,0.9651656810163113
0.0,mean,dispersed,mlp,1000,1000,0,2,"[20260802, 0, 2]",0.35136379541667995,0.3584166650239595,0.35841666502401526,weight_decay=0.1,0.36242539370674215,0.09521352791540096,0.3624253937235382,0.3576500458680376,0.6375746062932579,0.004775347838704536,0.006286250451357667,0.6415833349760405,0.0007666191559219104,nan,0.969478964547907,0.011061598290062202,0.9829463754691768
0.0,mean,dispersed,ridge,2500,2500,0,2,"[20260802, 0, 2]",0.35509168100859034,0.3584166650239595,0.35841666502401526,cv-alpha,0.36242539370674215,0.09521352791540096,0.3624253937235382,0.3578279292288219,0.6375746062932579,0.0045974644779202545,0.002736248220231552,0.6415833349760405,0.0005887357951376293,-1.6796064539192912e-11,0.9797649038243553,0.007333712698151806,0.9886282864057
0.0,mean,dispersed,gp,2500,1500,0,2,"[20260802, 0, 2]",0.3375423225674321,0.3584166650239595,0.35841666502401526,reg=10,0.36242539370674215,0.09521352791540096,0.3624253937235382,0.34334036868732376,0.6375746062932579,0.01908502501941839,0.005798046119891653,0.6415833349760405,0.015076296336635764,nan,0.9313429147863621,0.024883071139310042,0.9624382477749412
0.0,mean,dispersed,mlp,2500,2500,0,2,"[20260802, 0, 2]",0.35272229893835905,0.3584166650239595,0.35841666502401526,weight_decay=0.01,0.36242539370674215,0.09521352791540096,0.3624253937235382,0.3576500458680376,0.6375746062932579,0.004775347838704536,0.004927746929678567,0.6415833349760405,0.0007666191559219104,nan,0.9732273319230098,0.009703094768383103,0.9850093788918289
0.0,mean,dispersed,ridge,5000,5000,0,2,"[20260802, 0, 2]",0.35751632071433004,0.3584166650239595,0.35841666502401526,cv-alpha,0.36242539370674215,0.09521352791540096,0.3624253937235382,0.3578279292288219,0.6375746062932579,0.0045974644779202545,0.0003116085144918568,0.6415833349760405,0.0005887357951376293,-1.6796064539192912e-11,0.9864549419614226,0.004909072992412111,0.9923592253769464
0.0,mean,dispersed,gp,5000,1500,0,2,"[20260802, 0, 2]",0.34342617132067477,0.3584166650239595,0.35841666502401526,reg=3,0.36242539370674215,0.09521352791540096,0.3624253937235382,0.34334036868732376,0.6375746062932579,0.01908502501941839,-8.580263335100646e-05,0.6415833349760405,0.015076296336635764,nan,0.9475775629523336,0.018999222386067383,0.9710630829981701
0.0,mean,dispersed,mlp,5000,5000,0,2,"[20260802, 0, 2]",0.3565115992093836,0.3584166650239595,0.35841666502401526,weight_decay=0.1,0.36242539370674215,0.09521352791540096,0.3624253937235382,0.3576500458680376,0.6375746062932579,0.004775347838704536,0.0011384466586540354,0.6415833349760405,0.0007666191559219104,nan,0.9836827258794572,0.005913794497358571,0.9908097885057562
0.0,mean,dispersed,ridge,20000,20000,1,2,"[20260802, 0, 2]",0.3578279292288219,0.3584166650239595,0.35841666502401526,cv-alpha,0.36242539370674215,0.09521352791540096,0.3624253937235382,0.3578279292288219,0.6375746062932579,0.0045974644779202545,0.0,0.6415833349760405,0.0005887357951376293,-1.6796064539192912e-11,0.9873147286096616,0.0045974644779202545,0.9928407592183212
0.0,mean,dispersed,gp,20000,1500,1,2,"[20260802, 0, 2]",0.34334036868732376,0.3584166650239595,0.35841666502401526,reg=3,0.36242539370674215,0.09521352791540096,0.3624253937235382,0.34334036868732376,0.6375746062932579,0.01908502501941839,0.0,0.6415833349760405,0.015076296336635764,nan,0.9473408173080137,0.01908502501941839,0.9709361987407891
0.0,mean,dispersed,mlp,20000,20000,1,2,"[20260802, 0, 2]",0.3576500458680376,0.3584166650239595,0.35841666502401526,weight_decay=0.01,0.36242539370674215,0.09521352791540096,0.3624253937235382,0.3576500458680376,0.6375746062932579,0.004775347838704536,0.0,0.6415833349760405,0.0007666191559219104,nan,0.9868239148756544,0.004775347838704536,0.9925658158640991
0.0,occupation,same_time,ridge,100,100,0,3,"[20260802, 0, 3]",0.07843664409153794,0.08032184018560118,0.0789603764934318,cv-alpha,0.0860502626123045,0.016804686944287432,0.08452056361587312,0.07900164724332759,0.9139497373876955,0.007048615368976913,0.0005650031517896448,0.9196781598143988,0.0013201929422735903,0.0015296989964313779,0.9115212633914975,0.007613618520766557,0.9917383666874848
0.0,occupation,same_time,gp,100,100,0,3,"[20260802, 0, 3]",0.04587677253213995,0.08032184018560118,0.0789603764934318,reg=0.1,0.0860502626123045,0.016804686944287432,0.08452056361587312,0.06077601138096922,0.9139497373876955,0.025274251231335282,0.014899238848829266,0.9196781598143988,0.01954582880463196,nan,0.5331392507055515,0.04017349008016455,0.9578948620852878
0.0,occupation,same_time,mlp,100,100,0,3,"[20260802, 0, 3]",0.07334732802329857,0.08032184018560118,0.0789603764934318,weight_decay=0.1,0.0860502626123045,0.016804686944287432,0.08452056361587312,0.08013624718542811,0.9139497373876955,0.00591401542687639,0.006788919162129536,0.9196781598143988,0.00018559300017306768,nan,0.8523777359490649,0.012702934589005926,0.9862915901791892
0.0,occupation,same_time,ridge,250,250,0,3,"[20260802, 0, 3]",0.07764946106521253,0.08032184018560118,0.0789603764934318,cv-alpha,0.0860502626123045,0.016804686944287432,0.08452056361587312,0.07900164724332759,0.9139497373876955,0.007048615368976913,0.0013521861781150557,0.9196781598143988,0.0013201929422735903,0.0015296989964313779,0.9023733188945466,0.008400801547091968,0.9908919643969699
0.0,occupation,same_time,gp,250,250,0,3,"[20260802, 0, 3]",0.061424270878788545,0.08032184018560118,0.0789603764934318,reg=30,0.0860502626123045,0.016804686944287432,0.08452056361587312,0.06077601138096922,0.9139497373876955,0.025274251231335282,-0.0006482594978193257,0.9196781598143988,0.01954582880463196,nan,0.7138185173882939,0.024625991733515956,0.9737623816923401
0.0,occupation,same_time,mlp,250,250,0,3,"[20260802, 0, 3]",0.07599691353540661,0.08032184018560118,0.0789603764934318,weight_decay=1,0.0860502626123045,0.016804686944287432,0.08452056361587312,0.08013624718542811,0.9139497373876955,0.00591401542687639,0.004139333650021504,0.9196781598143988,0.00018559300017306768,nan,0.883168873961573,0.010053349076897894,0.9891197884247726
0.0,occupation,same_time,ridge,500,500,0,3,"[20260802, 0, 3]",0.07853302422890651,0.08032184018560118,0.0789603764934318,cv-alpha,0.0860502626123045,0.016804686944287432,0.08452056361587312,0.07900164724332759,0.9139497373876955,0.007048615368976913,0.0004686230144210768,0.9196781598143988,0.0013201929422735903,0.0015296989964313779,0.912641308054264,0.0075172383833979894,0.9918420968075308
0.0,occupation,same_time,gp,500,500,0,3,"[20260802, 0, 3]",0.0789595206621676,0.08032184018560118,0.0789603764934318,reg=3,0.0860502626123045,0.016804686944287432,0.08452056361587312,0.06077601138096922,0.9139497373876955,0.025274251231335282,-0.018183509281198384,0.9196781598143988,0.01954582880463196,nan,0.9175976721641872,0.007090741950136897,0.992301378593876
0.0,occupation,same_time,mlp,500,500,0,3,"[20260802, 0, 3]",0.07789669876627314,0.08032184018560118,0.0789603764934318,weight_decay=0.001,0.0860502626123045,0.016804686944287432,0.08452056361587312,0.08013624718542811,0.9139497373876955,0.00591401542687639,0.0022395484191549686,0.9196781598143988,0.00018559300017306768,nan,0.9052464966578095,0.008153563846031359,0.9911576459653465
0.0,occupation,same_time,ridge,1000,1000,0,3,"[20260802, 0, 3]",0.07883841527110547,0.08032184018560118,0.0789603764934318,cv-alpha,0.0860502626123045,0.016804686944287432,0.08452056361587312,0.07900164724332759,0.9139497373876955,0.007048615368976913,0.00016323197222212205,0.9196781598143988,0.0013201929422735903,0.0015296989964313779,0.9161902924841534,0.007211847341199035,0.9921709204326822
0.0,occupation,same_time,gp,1000,1000,0,3,"[20260802, 0, 3]",0.0765711450722073,0.08032184018560118,0.0789603764934318,reg=30,0.0860502626123045,0.016804686944287432,0.08452056361587312,0.06077601138096922,0.9139497373876955,0.025274251231335282,-0.015795133691238084,0.9196781598143988,0.01954582880463196,nan,0.889842084703391,0.009479117540097198,0.989734869676735
0.0,occupation,same_time,mlp,1000,1000,0,3,"[20260802, 0, 3]",0.0783215895134256,0.08032184018560118,0.0789603764934318,weight_decay=1,0.0860502626123045,0.016804686944287432,0.08452056361587312,0.08013624718542811,0.9139497373876955,0.00591401542687639,0.0018146576720025065,0.9196781598143988,0.00018559300017306768,nan,0.9101842009047657,0.0077286730988788965,0.9916145664138983
0.0,occupation,same_time,ridge,2500,2500,0,3,"[20260802, 0, 3]",0.07902007411973289,0.08032184018560118,0.0789603764934318,cv-alpha,0.0860502626123045,0.016804686944287432,0.08452056361587312,0.07900164724332759,0.9139497373876955,0.007048615368976913,-1.84268764052975e-05,0.9196781598143988,0.0013201929422735903,0.0015296989964313779,0.9183013708598914,0.007030188492571615,0.9923666213616412
0.0,occupation,same_time,gp,2500,1500,0,3,"[20260802, 0, 3]",0.07695079025833496,0.08032184018560118,0.0789603764934318,reg=0.3,0.0860502626123045,0.016804686944287432,0.08452056361587312,0.06077601138096922,0.9139497373876955,0.025274251231335282,-0.016174778877365736,0.9196781598143988,0.01954582880463196,nan,0.8942539850811752,0.009099472353969545,0.9901419423169039
0.0,occupation,same_time,mlp,2500,2500,0,3,"[20260802, 0, 3]",0.08022156849043638,0.08032184018560118,0.0789603764934318,weight_decay=0.01,0.0860502626123045,0.016804686944287432,0.08452056361587312,0.08013624718542811,0.9139497373876955,0.00591401542687639,-8.532130500826796e-05,0.9196781598143988,0.00018559300017306768,nan,0.9322640751472306,0.005828694121868122,0.9936629367223778
0.0,occupation,same_time,ridge,5000,5000,0,3,"[20260802, 0, 3]",0.07846367488922246,0.08032184018560118,0.0789603764934318,cv-alpha,0.0860502626123045,0.016804686944287432,0.08452056361587312,0.07900164724332759,0.9139497373876955,0.007048615368976913,0.0005379723541051318,0.9196781598143988,0.0013201929422735903,0.0015296989964313779,0.9118353914006856,0.007586587723082044,0.9917674566738646
0.0,occupation,same_time,gp,5000,1500,0,3,"[20260802, 0, 3]",0.07464922649212424,0.08032184018560118,0.0789603764934318,reg=30,0.0860502626123045,0.016804686944287432,0.08452056361587312,0.06077601138096922,0.9139497373876955,0.025274251231335282,-0.013873215111155024,0.9196781598143988,0.01954582880463196,nan,0.8675072478099561,0.011401036120180258,0.987679227762505
0.0,occupation,same_time,mlp,5000,5000,0,3,"[20260802, 0, 3]",0.07970240245066995,0.08032184018560118,0.0789603764934318,weight_decay=0.001,0.0860502626123045,0.016804686944287432,0.08452056361587312,0.08013624718542811,0.9139497373876955,0.00591401542687639,0.00043384473475815977,0.9196781598143988,0.00018559300017306768,nan,0.9262307868805172,0.00634786016163455,0.9931023832089333
0.0,occupation,same_time,ridge,20000,20000,1,3,"[20260802, 0, 3]",0.07900164724332759,0.08032184018560118,0.0789603764934318,cv-alpha,0.0860502626123045,0.016804686944287432,0.08452056361587312,0.07900164724332759,0.9139497373876955,0.007048615368976913,0.0,0.9196781598143988,0.0013201929422735903,0.0015296989964313779,0.9180872300095803,0.007048615368976913,0.9923467665844575
0.0,occupation,same_time,gp,20000,1500,1,3,"[20260802, 0, 3]",0.06077601138096922,0.08032184018560118,0.0789603764934318,reg=0.1,0.0860502626123045,0.016804686944287432,0.08452056361587312,0.06077601138096922,0.9139497373876955,0.025274251231335282,0.0,0.9196781598143988,0.01954582880463196,nan,0.7062850191961964,0.025274251231335282,0.9730902835344988
0.0,occupation,same_time,mlp,20000,20000,1,3,"[20260802, 0, 3]",0.08013624718542811,0.08032184018560118,0.0789603764934318,weight_decay=0.1,0.0860502626123045,0.016804686944287432,0.08452056361587312,0.08013624718542811,0.9139497373876955,0.00591401542687639,0.0,0.9196781598143988,0.00018559300017306768,nan,0.9312725464473977,0.00591401542687639,0.9935707702268071
0.0,occupation,dispersed,ridge,100,100,0,3,"[20260802, 0, 3]",0.2785110507798565,0.33696132374613375,0.3346733116785787,cv-alpha,0.3288284538097061,0.016804686944287432,0.3268187630006054,0.33449541153275686,0.6711715461902938,-0.005666957723050758,0.055984360752900364,0.6630386762538663,0.0024659122133768863,0.0020096908091006838,0.8469797779149355,0.050317403029849606,0.9302589414789545
0.0,occupation,dispersed,gp,100,100,0,3,"[20260802, 0, 3]",0.140481442942906,0.33696132374613375,0.3346733116785787,reg=10,0.3288284538097061,0.016804686944287432,0.3268187630006054,0.3149308644970419,0.6711715461902938,0.013897589312664216,0.1744494215541359,0.6630386762538663,0.02203045924909186,nan,0.4272180260416362,0.1883470108668001,0.7808691745857337
0.0,occupation,dispersed,mlp,100,100,0,3,"[20260802, 0, 3]",0.1355052631494974,0.33696132374613375,0.3346733116785787,weight_decay=1,0.3288284538097061,0.016804686944287432,0.3268187630006054,0.33466577265144126,0.6711715461902938,-0.005837318841735162,0.19916050950194386,0.6630386762538663,0.002295551094692483,nan,0.412084968863171,0.1933231906602087,0.7763743578537943
0.0,occupation,dispersed,ridge,250,250,0,3,"[20260802, 0, 3]",0.3199230439936981,0.33696132374613375,0.3346733116785787,cv-alpha,0.3288284538097061,0.016804686944287432,0.3268187630006054,0.33449541153275686,0.6711715461902938,-0.005666957723050758,0.014572367539058773,0.6630386762538663,0.0024659122133768863,0.0020096908091006838,0.9729177639196589,0.008905409816008014,0.986905291030144
0.0,occupation,dispersed,gp,250,250,0,3,"[20260802, 0, 3]",0.21554816282926859,0.33696132374613375,0.3346733116785787,reg=0.1,0.3288284538097061,0.016804686944287432,0.3268187630006054,0.3149308644970419,0.6711715461902938,0.013897589312664216,0.0993827016677733,0.6630386762538663,0.02203045924909186,nan,0.655503379747079,0.11328029098043751,0.8555930579638852
0.0,occupation,dispersed,mlp,250,250,0,3,"[20260802, 0, 3]",0.3189864548172133,0.33696132374613375,0.3346733116785787,weight_decay=0.1,0.3288284538097061,0.016804686944287432,0.3268187630006054,0.33466577265144126,0.6711715461902938,-0.005837318841735162,0.015679317834227935,0.6630386762538663,0.002295551094692483,nan,0.9700695031756943,0.009841998992492773,0.9855480128668348
0.0,occupation,dispersed,ridge,500,500,0,3,"[20260802, 0, 3]",0.3224179463638899,0.33696132374613375,0.3346733116785787,cv-alpha,0.3288284538097061,0.016804686944287432,0.3268187630006054,0.33449541153275686,0.6711715461902938,-0.005666957723050758,0.012077465168866985,0.6630386762538663,0.0024659122133768863,0.0020096908091006838,0.9805050099176453,0.006410507445816227,0.9905391422169233
0.0,occupation,dispersed,gp,500,500,0,3,"[20260802, 0, 3]",0.30733197106239674,0.33696132374613375,0.3346733116785787,reg=3,0.3288284538097061,0.016804686944287432,0.3268187630006054,0.3149308644970419,0.6711715461902938,0.013897589312664216,0.007598893434645149,0.6630386762538663,0.02203045924909186,nan,0.9346270601030486,0.021496482747309364,0.968965677858295
0.0,occupation,dispersed,mlp,500,500,0,3,"[20260802, 0, 3]",0.3192388599638213,0.33696132374613375,0.3346733116785787,weight_decay=0.1,0.3288284538097061,0.016804686944287432,0.3268187630006054,0.33466577265144126,0.6711715461902938,-0.005837318841735162,0.015426912687619976,0.6630386762538663,0.002295551094692483,nan,0.970837092305174,0.009589593845884814,0.9859134235462159
0.0,occupation,dispersed,ridge,1000,1000,0,3,"[20260802, 0, 3]",0.33001317591604795,0.33696132374613375,0.3346733116785787,cv-alpha,0.3288284538097061,0.016804686944287432,0.3268187630006054,0.33449541153275686,0.6711715461902938,-0.005666957723050758,0.004482235616708907,0.6630386762538663,0.0024659122133768863,0.0020096908091006838,1.003602857637823,-0.0011847221063418512,1.0017682767238918
0.0,occupation,dispersed,gp,1000,1000,0,3,"[20260802, 0, 3]",0.3229761128453076,0.33696132374613375,0.3346733116785787,reg=3,0.3288284538097061,0.016804686944287432,0.3268187630006054,0.3149308644970419,0.6711715461902938,0.013897589312664216,-0.008045248348265699,0.6630386762538663,0.02203045924909186,nan,0.9822024496463275,0.005852340964398517,0.9913557836356498
0.0,occupation,dispersed,mlp,1000,1000,0,3,"[20260802, 0, 3]",0.32613667466047425,0.33696132374613375,0.3346733116785787,weight_decay=0.1,0.3288284538097061,0.016804686944287432,0.3268187630006054,0.33466577265144126,0.6711715461902938,-0.005837318841735162,0.008529097990967016,0.6630386762538663,0.002295551094692483,nan,0.9918140321555337,0.0026917791492318544,0.9960054523699213
0.0,occupation,dispersed,ridge,2500,2500,0,3,"[20260802, 0, 3]",0.33175888786851637,0.33696132374613375,0.3346733116785787,cv-alpha,0.3288284538097061,0.016804686944287432,0.3268187630006054,0.33449541153275686,0.6711715461902938,-0.005666957723050758,0.0027365236642404867,0.6630386762538663,0.0024659122133768863,0.0020096908091006838,1.0089117411369337,-0.0029304340588102717,1.0043852944777119
0.0,occupation,dispersed,gp,2500,1500,0,3,"[20260802, 0, 3]",0.31423560927279925,0.33696132374613375,0.3346733116785787,reg=10,0.3288284538097061,0.016804686944287432,0.3268187630006054,0.3149308644970419,0.6711715461902938,0.013897589312664216,0.0006952552242426302,0.6630386762538663,0.02203045924909186,nan,0.9556217098373374,0.014592844536906846,0.9787203232856225
0.0,occupation,dispersed,mlp,2500,2500,0,3,"[20260802, 0, 3]",0.33105141027882634,0.33696132374613375,0.3346733116785787,weight_decay=0.01,0.3288284538097061,0.016804686944287432,0.3268187630006054,0.33466577265144126,0.6711715461902938,-0.005837318841735162,0.003614362372614921,0.6630386762538663,0.002295551094692483,nan,1.0067602314926392,-0.002222956469120241,1.0033230602519796
0.0,occupation,dispersed,ridge,5000,5000,0,3,"[20260802, 0, 3]",0.3336790519283932,0.33696132374613375,0.3346733116785787,cv-alpha,0.3288284538097061,0.016804686944287432,0.3268187630006054,0.33449541153275686,0.6711715461902938,-0.005666957723050758,0.000816359604363659,0.6630386762538663,0.0024659122133768863,0.0020096908091006838,1.0147511508280063,-0.0048505981186870994,1.0072796722551274
0.0,occupation,dispersed,gp,5000,1500,0,3,"[20260802, 0, 3]",0.3210960462840038,0.33696132374613375,0.3346733116785787,reg=3,0.3288284538097061,0.016804686944287432,0.3268187630006054,0.3149308644970419,0.6711715461902938,0.013897589312664216,-0.006165181786961904,0.6630386762538663,0.02203045924909186,nan,0.9764849804324505,0.007732407525702312,0.9886104544193934
0.0,occupation,dispersed,mlp,5000,5000,0,3,"[20260802, 0, 3]",0.3336078480577154,0.33696132374613375,0.3346733116785787,weight_decay=0.01,0.3288284538097061,0.016804686944287432,0.3268187630006054,0.33466577265144126,0.6711715461902938,-0.005837318841735162,0.0010579245937258897,0.6630386762538663,0.002295551094692483,nan,1.0145346127825516,-0.004779394248009272,1.0071720446197918
0.0,occupation,dispersed,ridge,20000,20000,1,3,"[20260802, 0, 3]",0.33449541153275686,0.33696132374613375,0.3346733116785787,cv-alpha,0.3288284538097061,0.016804686944287432,0.3268187630006054,0.33449541153275686,0.6711715461902938,-0.005666957723050758,0.0,0.6630386762538663,0.0024659122133768863,0.0020096908091006838,1.0172337814972978,-0.005666957723050758,1.008515279715956
0.0,occupation,dispersed,gp,20000,1500,1,3,"[20260802, 0, 3]",0.3149308644970419,0.33696132374613375,0.3346733116785787,reg=1,0.3288284538097061,0.016804686944287432,0.3268187630006054,0.3149308644970419,0.6711715461902938,0.013897589312664216,0.0,0.6630386762538663,0.02203045924909186,nan,0.957736050053908,0.013897589312664216,0.9797135959096142
0.0,occupation,dispersed,mlp,20000,20000,1,3,"[20260802, 0, 3]",0.33466577265144126,0.33696132374613375,0.3346733116785787,weight_decay=0.01,0.3288284538097061,0.016804686944287432,0.3268187630006054,0.33466577265144126,0.6711715461902938,-0.005837318841735162,0.0,0.6630386762538663,0.002295551094692483,nan,1.0177518665860747,-0.005837318841735162,1.0087735135241689
0.0,mean,same_time,ridge,100,100,0,3,"[20260802, 0, 3]",0.08514984245499391,0.0856622767538312,0.08566227675329297,cv-alpha,0.09372900828046571,0.09521352791540096,0.09372900828879718,0.0857189472985237,0.9062709917195343,0.008010060981942013,0.0005691048435297885,0.9143377232461688,-5.667054469249422e-05,-8.331474399270178e-12,0.908468402868402,0.008579165825471802,0.9906223267769949
0.0,mean,same_time,gp,100,100,0,3,"[20260802, 0, 3]",0.07141840337121275,0.0856622767538312,0.08566227675329297,reg=10,0.09372900828046571,0.09521352791540096,0.09372900828879718,0.08065652131034606,0.9062709917195343,0.013072486970119646,0.009238117939133317,0.9143377232461688,0.005005755443485138,nan,0.7619669159147311,0.022310604909252962,0.9759734578089297
0.0,mean,same_time,mlp,100,100,0,3,"[20260802, 0, 3]",0.08273736254775754,0.0856622767538312,0.08566227675329297,weight_decay=1,0.09372900828046571,0.09521352791540096,0.09372900828879718,0.08567612208304454,0.9062709917195343,0.008052886197421172,0.0029387595352869944,0.9143377232461688,-1.3845329213335589e-05,nan,0.8827295206216434,0.010991645732708166,0.9880169045550158
0.0,mean,same_time,ridge,250,250,0,3,"[20260802, 0, 3]",0.08439122222092987,0.0856622767538312,0.08566227675329297,cv-alpha,0.09372900828046571,0.09521352791540096,0.09372900828879718,0.0857189472985237,0.9062709917195343,0.008010060981942013,0.001327725077593822,0.9143377232461688,-5.667054469249422e-05,-8.331474399270178e-12,0.9003746414173684,0.009337786059535835,0.9898015546747095
0.0,mean,same_time,gp,250,250,0,3,"[20260802, 0, 3]",0.08158243438973223,0.0856622767538312,0.08566227675329297,reg=1,0.09372900828046571,0.09521352791540096,0.09372900828879718,0.08065652131034606,0.9062709917195343,0.013072486970119646,-0.0009259130793861647,0.9143377232461688,0.005005755443485138,nan,0.8704075278980096,0.01214657389073348,0.9867744538589456
0.0,mean,same_time,mlp,250,250,0,3,"[20260802, 0, 3]",0.08021335887467473,0.0856622767538312,0.08566227675329297,weight_decay=1,0.09372900828046571,0.09521352791540096,0.09372900828879718,0.08567612208304454,0.9062709917195343,0.008052886197421172,0.005462763208369803,0.9143377232461688,-1.3845329213335589e-05,nan,0.8558007851171535,0.013515649405790975,0.9853056689437726
0.0,mean,same_time,ridge,500,500,0,3,"[20260802, 0, 3]",0.08327384227207313,0.0856622767538312,0.08566227675329297,cv-alpha,0.09372900828046571,0.09521352791540096,0.09372900828879718,0.0857189472985237,0.9062709917195343,0.008010060981942013,0.002445105026450567,0.9143377232461688,-5.667054469249422e-05,-8.331474399270178e-12,0.8884532526247633,0.01045516600839258,0.9885951045246649
0.0,mean,same_time,gp,500,500,0,3,"[20260802, 0, 3]",0.06702620181563235,0.0856622767538312,0.08566227675329297,reg=30,0.09372900828046571,0.09521352791540096,0.09372900828879718,0.08065652131034606,0.9062709917195343,0.013072486970119646,0.013630319494713716,0.9143377232461688,0.005005755443485138,nan,0.7151062733435689,0.026702806464833362,0.9713788248750406
0.0,mean,same_time,mlp,500,500,0,3,"[20260802, 0, 3]",0.07716433139831125,0.0856622767538312,0.08566227675329297,weight_decay=1,0.09372900828046571,0.09521352791540096,0.09372900828879718,0.08567612208304454,0.9062709917195343,0.008052886197421172,0.00851179068473329,0.9143377232461688,-1.3845329213335589e-05,nan,0.8232705414679315,0.01656467688215446,0.9820502420466107
0.0,mean,same_time,ridge,1000,1000,0,3,"[20260802, 0, 3]",0.0855928684341708,0.0856622767538312,0.08566227675329297,cv-alpha,0.09372900828046571,0.09521352791540096,0.09372900828879718,0.0857189472985237,0.9062709917195343,0.008010060981942013,0.0001260788643528965,0.9143377232461688,-5.667054469249422e-05,-8.331474399270178e-12,0.913195071669284,0.00813613984629491,0.9911022786618444
0.0,mean,same_time,gp,1000,1000,0,3,"[20260802, 0, 3]",0.08370065144735561,0.0856622767538312,0.08566227675329297,reg=3,0.09372900828046571,0.09521352791540096,0.09372900828879718,0.08065652131034606,0.9062709917195343,0.013072486970119646,-0.0030441301370095486,0.9143377232461688,0.005005755443485138,nan,0.8930069034433588,0.010028356833110097,0.9890555888215455
0.0,mean,same_time,mlp,1000,1000,0,3,"[20260802, 0, 3]",0.08402098384601409,0.0856622767538312,0.08566227675329297,weight_decay=0.01,0.09372900828046571,0.09521352791540096,0.09372900828879718,0.08567612208304454,0.9062709917195343,0.008052886197421172,0.0016551382370304513,0.9143377232461688,-1.3845329213335589e-05,nan,0.8964245476128131,0.009708024434451623,0.9894014772574008
0.0,mean,same_time,ridge,2500,2500,0,3,"[20260802, 0, 3]",0.08576456955818812,0.0856622767538312,0.08566227675329297,cv-alpha,0.09372900828046571,0.09521352791540096,0.09372900828879718,0.0857189472985237,0.9062709917195343,0.008010060981942013,-4.5622259664424014e-05,0.9143377232461688,-5.667054469249422e-05,-8.331474399270178e-12,0.9150269605067669,0.00796443872227759,0.991288416028212
0.0,mean,same_time,gp,2500,1500,0,3,"[20260802, 0, 3]",0.07912142203310568,0.0856622767538312,0.08566227675329297,reg=30,0.09372900828046571,0.09521352791540096,0.09372900828879718,0.08065652131034606,0.9062709917195343,0.013072486970119646,0.0015350992772403815,0.9143377232461688,0.005005755443485138,nan,0.8441508502506536,0.014607586247360027,0.9841373373245249
0.0,mean,same_time,mlp,2500,2500,0,3,"[20260802, 0, 3]",0.08214561518493868,0.0856622767538312,0.08566227675329297,weight_decay=1,0.09372900828046571,0.09521352791540096,0.09372900828879718,0.08567612208304454,0.9062709917195343,0.008052886197421172,0.0035305068981058563,0.9143377232461688,-1.3845329213335589e-05,nan,0.8764161351108507,0.011583393095527028,0.9873799229080755
0.0,mean,same_time,ridge,5000,5000,0,3,"[20260802, 0, 3]",0.08527075001516238,0.0856622767538312,0.08566227675329297,cv-alpha,0.09372900828046571,0.09521352791540096,0.09372900828879718,0.0857189472985237,0.9062709917195343,0.008010060981942013,0.0004481972833613179,0.9143377232461688,-5.667054469249422e-05,-8.331474399270178e-12,0.9097583723494262,0.008458258265303331,0.9907532657718734
0.0,mean,same_time,gp,5000,1500,0,3,"[20260802, 0, 3]",0.08257581316071083,0.0856622767538312,0.08566227675329297,reg=0.3,0.09372900828046571,0.09521352791540096,0.09372900828879718,0.08065652131034606,0.9062709917195343,0.013072486970119646,-0.0019192918503647682,0.9143377232461688,0.005005755443485138,nan,0.8810059412302633,0.011153195119754877,0.9878429244838423
0.0,mean,same_time,mlp,5000,5000,0,3,"[20260802, 0, 3]",0.08516096378733018,0.0856622767538312,0.08566227675329297,weight_decay=0.001,0.09372900828046571,0.09521352791540096,0.09372900828879718,0.08567612208304454,0.9062709917195343,0.008052886197421172,0.0005151582957143575,0.9143377232461688,-1.3845329213335589e-05,nan,0.9085870569813634,0.00856804449313553,0.9906343693764903
0.0,mean,same_time,ridge,20000,20000,1,3,"[20260802, 0, 3]",0.0857189472985237,0.0856622767538312,0.08566227675329297,cv-alpha,0.09372900828046571,0.09521352791540096,0.09372900828879718,0.0857189472985237,0.9062709917195343,0.008010060981942013,0.0,0.9143377232461688,-5.667054469249422e-05,-8.331474399270178e-12,0.914540214082139,0.008010060981942013,0.9912389511318491
0.0,mean,same_time,gp,20000,1500,1,3,"[20260802, 0, 3]",0.08065652131034606,0.0856622767538312,0.08566227675329297,reg=10,0.09372900828046571,0.09521352791540096,0.09372900828879718,0.08065652131034606,0.9062709917195343,0.013072486970119646,0.0,0.9143377232461688,0.005005755443485138,nan,0.8605289097799607,0.013072486970119646,0.9857806279446808
0.0,mean,same_time,mlp,20000,20000,1,3,"[20260802, 0, 3]",0.08567612208304454,0.0856622767538312,0.08566227675329297,weight_decay=0.001,0.09372900828046571,0.09521352791540096,0.09372900828879718,0.08567612208304454,0.9062709917195343,0.008052886197421172,0.0,0.9143377232461688,-1.3845329213335589e-05,nan,0.9140833094774193,0.008052886197421172,0.9911925233586073
0.0,mean,dispersed,ridge,100,100,0,3,"[20260802, 0, 3]",0.3463582107072196,0.3718992370384758,0.3718992370389471,cv-alpha,0.36242539370674215,0.09521352791540096,0.3624253937235382,0.37151951495538205,0.6375746062932579,-0.009094121248639897,0.02516130424816243,0.6281007629615242,0.00037972208309378086,-1.6796064539192912e-11,0.9556676124837893,0.016067182999522533,0.9754189783108778
0.0,mean,dispersed,gp,100,100,0,3,"[20260802, 0, 3]",0.28980844164080954,0.3718992370384758,0.3718992370389471,reg=0.3,0.36242539370674215,0.09521352791540096,0.3624253937235382,0.36031098755013247,0.6375746062932579,0.002114406156609683,0.07050254590932292,0.6281007629615242,0.01158824948834336,nan,0.7996361366314997,0.0726169520659326,0.8977501897745659
0.0,mean,dispersed,mlp,100,100,0,3,"[20260802, 0, 3]",0.3343483936394732,0.3718992370384758,0.3718992370389471,weight_decay=0.1,0.36242539370674215,0.09521352791540096,0.3624253937235382,0.37115612606008475,0.6375746062932579,-0.008730732353342596,0.03680773242061153,0.6281007629615242,0.0007431109783910816,nan,0.9225302626283755,0.02807700006726893,0.9578202774559791
0.0,mean,dispersed,ridge,250,250,0,3,"[20260802, 0, 3]",0.3567124445505454,0.3718992370384758,0.3718992370389471,cv-alpha,0.36242539370674215,0.09521352791540096,0.3624253937235382,0.37151951495538205,0.6375746062932579,-0.009094121248639897,0.014807070404836642,0.6281007629615242,0.00037972208309378086,-1.6796064539192912e-11,0.9842368960470265,0.005712949156196745,0.9911191362124125
0.0,mean,dispersed,gp,250,250,0,3,"[20260802, 0, 3]",0.3283322264702211,0.3718992370384758,0.3718992370389471,reg=3,0.36242539370674215,0.09521352791540096,0.3624253937235382,0.36031098755013247,0.6375746062932579,0.002114406156609683,0.03197876107991138,0.6281007629615242,0.01158824948834336,nan,0.9059305230027351,0.03409316723652106,0.9492410257271194
0.0,mean,dispersed,mlp,250,250,0,3,"[20260802, 0, 3]",0.3540127528414331,0.3718992370384758,0.3718992370389471,weight_decay=0.1,0.36242539370674215,0.09521352791540096,0.3624253937235382,0.37115612606008475,0.6375746062932579,-0.008730732353342596,0.01714337321865167,0.6281007629615242,0.0007431109783910816,nan,0.9767879375689767,0.008412640865309073,0.9869770790331964
0.0,mean,dispersed,ridge,500,500,0,3,"[20260802, 0, 3]",0.3627067638582997,0.3718992370384758,0.3718992370389471,cv-alpha,0.36242539370674215,0.09521352791540096,0.3624253937235382,0.37151951495538205,0.6375746062932579,-0.009094121248639897,0.00881275109708235,0.6281007629615242,0.00037972208309378086,-1.6796064539192912e-11,1.0007763533031717,-0.0002813701515575473,1.0004415081403673
0.0,mean,dispersed,gp,500,500,0,3,"[20260802, 0, 3]",0.34358854489167434,0.3718992370384758,0.3718992370389471,reg=1,0.36242539370674215,0.09521352791540096,0.3624253937235382,0.36031098755013247,0.6375746062932579,0.002114406156609683,0.016722442658458125,0.6281007629615242,0.01158824948834336,nan,0.9480255822518062,0.018836848815067808,0.9713032905375498
0.0,mean,dispersed,mlp,500,500,0,3,"[20260802, 0, 3]",0.3604338540948723,0.3718992370384758,0.3718992370389471,weight_decay=0.1,0.36242539370674215,0.09521352791540096,0.3624253937235382,0.37115612606008475,0.6375746062932579,-0.008730732353342596,0.010722271965212471,0.6281007629615242,0.0007431109783910816,nan,0.9945049666870712,0.0019915396118698747,0.9968861084586469
0.0,mean,dispersed,ridge,1000,1000,0,3,"[20260802, 0, 3]",0.3695160793382194,0.3718992370384758,0.3718992370389471,cv-alpha,0.36242539370674215,0.09521352791540096,0.3624253937235382,0.37151951495538205,0.6375746062932579,-0.009094121248639897,0.002003435617162652,0.6281007629615242,0.00037972208309378086,-1.6796064539192912e-11,1.0195645386736192,-0.007090685631477245,1.0112464178690468
0.0,mean,dispersed,gp,1000,1000,0,3,"[20260802, 0, 3]",0.3558130934882938,0.3718992370384758,0.3718992370389471,reg=1,0.36242539370674215,0.09521352791540096,0.3624253937235382,0.36031098755013247,0.6375746062932579,0.002114406156609683,0.004497894061838648,0.6281007629615242,0.01158824948834336,nan,0.9817554168850577,0.00661230021844833,0.9897354321368403
0.0,mean,dispersed,mlp,1000,1000,0,3,"[20260802, 0, 3]",0.36717924567204696,0.3718992370384758,0.3718992370389471,weight_decay=0.1,0.36242539370674215,0.09521352791540096,0.3624253937235382,0.37115612606008475,0.6375746062932579,-0.008730732353342596,0.0039768803880377845,0.6281007629615242,0.0007431109783910816,nan,1.013116773956384,-0.004753851965304812,1.00751216190808
0.0,mean,dispersed,ridge,2500,2500,0,3,"[20260802, 0, 3]",0.3696330927588757,0.3718992370384758,0.3718992370389471,cv-alpha,0.36242539370674215,0.09521352791540096,0.3624253937235382,0.37151951495538205,0.6375746062932579,-0.009094121248639897,0.0018864221965063654,0.6281007629615242,0.00037972208309378086,-1.6796064539192912e-11,1.019887400765206,-0.007207699052133532,1.0114341329935592
0.0,mean,dispersed,gp,2500,1500,0,3,"[20260802, 0, 3]",0.35070800059299456,0.3718992370384758,0.3718992370389471,reg=10,0.36242539370674215,0.09521352791540096,0.3624253937235382,0.36031098755013247,0.6375746062932579,0.002114406156609683,0.009602986957137905,0.6281007629615242,0.01158824948834336,nan,0.9676695029729933,0.011717393113747587,0.9819535846361129
0.0,mean,dispersed,mlp,2500,2500,0,3,"[20260802, 0, 3]",0.3663428181100934,0.3718992370384758,0.3718992370389471,weight_decay=0.01,0.36242539370674215,0.09521352791540096,0.3624253937235382,0.37115612606008475,0.6375746062932579,-0.008730732353342596,0.004813307949991352,0.6281007629615242,0.0007431109783910816,nan,1.0108089125965634,-0.003917424403351244,1.006182245724206
0.0,mean,dispersed,ridge,5000,5000,0,3,"[20260802, 0, 3]",0.37074249024146566,0.3718992370384758,0.3718992370389471,cv-alpha,0.36242539370674215,0.09521352791540096,0.3624253937235382,0.37151951495538205,0.6375746062932579,-0.009094121248639897,0.0007770247139163855,0.6281007629615242,0.00037972208309378086,-1.6796064539192912e-11,1.0229484376071434,-0.008317096534723512,1.0132173178797899
0.0,mean,dispersed,gp,5000,1500,0,3,"[20260802, 0, 3]",0.3533599389685391,0.3718992370384758,0.3718992370389471,reg=10,0.36242539370674215,0.09521352791540096,0.3624253937235382,0.36031098755013247,0.6375746062932579,0.002114406156609683,0.006951048581593344,0.6281007629615242,0.01158824948834336,nan,0.9749867009993831,0.009065454738203027,0.9859806787662636
0.0,mean,dispersed,mlp,5000,5000,0,3,"[20260802, 0, 3]",0.3669364356974979,0.3718992370384758,0.3718992370389471,weight_decay=0.1,0.36242539370674215,0.09521352791540096,0.3624253937235382,0.37115612606008475,0.6375746062932579,-0.008730732353342596,0.004219690362586848,0.6281007629615242,0.0007431109783910816,nan,1.0124468154524677,-0.004511041990755749,1.0071257330939998
0.0,mean,dispersed,ridge,20000,20000,1,3,"[20260802, 0, 3]",0.37151951495538205,0.3718992370384758,0.3718992370389471,cv-alpha,0.36242539370674215,0.09521352791540096,0.3624253937235382,0.37151951495538205,0.6375746062932579,-0.009094121248639897,0.0,0.6281007629615242,0.00037972208309378086,-1.6796064539192912e-11,1.025092395308256,-0.009094121248639897,1.0144700137316027
0.0,mean,dispersed,gp,20000,1500,1,3,"[20260802, 0, 3]",0.36031098755013247,0.3718992370384758,0.3718992370389471,reg=3,0.36242539370674215,0.09521352791540096,0.3624253937235382,0.36031098755013247,0.6375746062932579,0.002114406156609683,0.0,0.6281007629615242,0.01158824948834336,nan,0.9941659547224757,0.002114406156609683,0.9966946342434241
0.0,mean,dispersed,mlp,20000,20000,1,3,"[20260802, 0, 3]",0.37115612606008475,0.3718992370384758,0.3718992370389471,weight_decay=0.01,0.36242539370674215,0.09521352791540096,0.3624253937235382,0.37115612606008475,0.6375746062932579,-0.008730732353342596,0.0,0.6281007629615242,0.0007431109783910816,nan,1.0240897368256903,-0.008730732353342596,1.0138837837421262
0.0,occupation,same_time,ridge,100,100,0,4,"[20260802, 0, 4]",0.05598679264748796,0.0775499080607569,0.07543322918485351,cv-alpha,0.0860502626123045,0.016804686944287432,0.08452056361587312,0.0750529658701925,0.9139497373876955,0.010997296742112,0.01906617322270454,0.9224500919392431,0.0024969421905643996,0.0015296989964313779,0.6506289574005588,0.03006346996481654,0.9681535494094096
0.0,occupation,same_time,gp,100,100,0,4,"[20260802, 0, 4]",0.05448180438447514,0.0775499080607569,0.07543322918485351,reg=3,0.0860502626123045,0.016804686944287432,0.08452056361587312,0.07096368471747672,0.9139497373876955,0.015086577894827785,0.016481880333001575,0.9224500919392431,0.006586223343280184,nan,0.6331393156804228,0.03156845822782936,0.9666125322873574
0.0,occupation,same_time,mlp,100,100,0,4,"[20260802, 0, 4]",0.05771590845512031,0.0775499080607569,0.07543322918485351,weight_decay=1,0.0860502626123045,0.016804686944287432,0.08452056361587312,0.07741511790959033,0.9139497373876955,0.008635144702714176,0.019699209454470012,0.9224500919392431,0.000134790151166575,nan,0.6707232110976428,0.02833435415718419,0.9699301363448364
0.0,occupation,same_time,ridge,250,250,0,4,"[20260802, 0, 4]",0.04898867879159641,0.0775499080607569,0.07543322918485351,cv-alpha,0.0860502626123045,0.016804686944287432,0.08452056361587312,0.0750529658701925,0.9139497373876955,0.010997296742112,0.026064287078596093,0.9224500919392431,0.0024969421905643996,0.0015296989964313779,0.5693030713027878,0.037061583820708094,0.9610292927179712
0.0,occupation,same_time,gp,250,250,0,4,"[20260802, 0, 4]",-0.2301150842081905,0.0775499080607569,0.07543322918485351,reg=0.001,0.0860502626123045,0.016804686944287432,0.08452056361587312,0.07096368471747672,0.9139497373876955,0.015086577894827785,0.3010787689256672,0.9224500919392431,0.006586223343280184,nan,-2.674193863242038,0.316165346820495,0.7429790505950858
0.0,occupation,same_time,mlp,250,250,0,4,"[20260802, 0, 4]",0.04323472416301488,0.0775499080607569,0.07543322918485351,weight_decay=0.01,0.0860502626123045,0.016804686944287432,0.08452056361587312,0.07741511790959033,0.9139497373876955,0.008635144702714176,0.034180393746575444,0.9224500919392431,0.000134790151166575,nan,0.5024357026986302,0.04281553844928962,0.9552496944333245
0.0,occupation,same_time,ridge,500,500,0,4,"[20260802, 0, 4]",0.06706312045414908,0.0775499080607569,0.07543322918485351,cv-alpha,0.0860502626123045,0.016804686944287432,0.08452056361587312,0.0750529658701925,0.9139497373876955,0.010997296742112,0.007989845416043417,0.9224500919392431,0.0024969421905643996,0.0015296989964313779,0.779348236928676,0.018987142158155418,0.9796479884390482
0.0,occupation,same_time,gp,500,500,0,4,"[20260802, 0, 4]",0.05765664757627298,0.0775499080607569,0.07543322918485351,reg=30,0.0860502626123045,0.016804686944287432,0.08452056361587312,0.07096368471747672,0.9139497373876955,0.015086577894827785,0.013307037141203737,0.9224500919392431,0.006586223343280184,nan,0.6700345336079025,0.028393615036031522,0.9698691406237413
0.0,occupation,same_time,mlp,500,500,0,4,"[20260802, 0, 4]",0.05963871660764497,0.0775499080607569,0.07543322918485351,weight_decay=0.001,0.0860502626123045,0.016804686944287432,0.08452056361587312,0.07741511790959033,0.9139497373876955,0.008635144702714176,0.017776401301945355,0.9224500919392431,0.000134790151166575,nan,0.6930683858147472,0.02641154600465953,0.9719134055483656
0.0,occupation,same_time,ridge,1000,1000,0,4,"[20260802, 0, 4]",0.07432116106303266,0.0775499080607569,0.07543322918485351,cv-alpha,0.0860502626123045,0.016804686944287432,0.08452056361587312,0.0750529658701925,0.9139497373876955,0.010997296742112,0.0007318048071598415,0.9224500919392431,0.0024969421905643996,0.0015296989964313779,0.8636947617218,0.011729101549271842,0.9873291890708646
0.0,occupation,same_time,gp,1000,1000,0,4,"[20260802, 0, 4]",0.07385977442799474,0.0775499080607569,0.07543322918485351,reg=10,0.0860502626123045,0.016804686944287432,0.08452056361587312,0.07096368471747672,0.9139497373876955,0.015086577894827785,-0.002896089710518024,0.9224500919392431,0.006586223343280184,nan,0.8583329345636812,0.012190488184309761,0.9868373191794141
0.0,occupation,same_time,mlp,1000,1000,0,4,"[20260802, 0, 4]",0.07589143330651638,0.0775499080607569,0.07543322918485351,weight_decay=0.1,0.0860502626123045,0.016804686944287432,0.08452056361587312,0.07741511790959033,0.9139497373876955,0.008635144702714176,0.0015236846030739493,0.9224500919392431,0.000134790151166575,nan,0.8819430760884687,0.010158829305788125,0.9890068876407704
0.0,occupation,same_time,ridge,2500,2500,0,4,"[20260802, 0, 4]",0.07524919749389558,0.0775499080607569,0.07543322918485351,cv-alpha,0.0860502626123045,0.016804686944287432,0.08452056361587312,0.0750529658701925,0.9139497373876955,0.010997296742112,-0.00019623162370308034,0.9224500919392431,0.0024969421905643996,0.0015296989964313779,0.8744795798349551,0.01080106511840892,0.9883200262285389
0.0,occupation,same_time,gp,2500,1500,0,4,"[20260802, 0, 4]",0.07600379065902751,0.0775499080607569,0.07543322918485351,reg=10,0.0860502626123045,0.016804686944287432,0.08452056361587312,0.07096368471747672,0.9139497373876955,0.015086577894827785,-0.005040105941550799,0.9224500919392431,0.006586223343280184,nan,0.8832487938062327,0.010046471953276986,0.9891271502504945
0.0,occupation,same_time,mlp,2500,2500,0,4,"[20260802, 0, 4]",0.07695857298672326,0.0775499080607569,0.07543322918485351,weight_decay=0.01,0.0860502626123045,0.016804686944287432,0.08452056361587312,0.07741511790959033,0.9139497373876955,0.008635144702714176,0.0004565449228670637,0.9224500919392431,0.000134790151166575,nan,0.8943444290630067,0.00909168962558124,0.9901502908108907
0.0,occupation,same_time,ridge,5000,5000,0,4,"[20260802, 0, 4]",0.07548840774860954,0.0775499080607569,0.07543322918485351,cv-alpha,0.0860502626123045,0.016804686944287432,0.08452056361587312,0.0750529658701925,0.9139497373876955,0.010997296742112,-0.0004354418784170422,0.9224500919392431,0.0024969421905643996,0.0015296989964313779,0.8772594697208431,0.010561854863694958,0.9885757464241476
0.0,occupation,same_time,gp,5000,1500,0,4,"[20260802, 0, 4]",0.06499466631304474,0.0775499080607569,0.07543322918485351,reg=0.1,0.0860502626123045,0.016804686944287432,0.08452056361587312,0.07096368471747672,0.9139497373876955,0.015086577894827785,0.0059690184044319805,0.9224500919392431,0.006586223343280184,nan,0.7553104934249325,0.021055596299259766,0.97748077412967
0.0,occupation,same_time,mlp,5000,5000,0,4,"[20260802, 0, 4]",0.07575566140185075,0.0775499080607569,0.07543322918485351,weight_decay=1,0.0860502626123045,0.016804686944287432,0.08452056361587312,0.07741511790959033,0.9139497373876955,0.008635144702714176,0.0016594565077395762,0.9224500919392431,0.000134790151166575,nan,0.8803652551667901,0.010294601210453752,0.9888616020888285
0.0,occupation,same_time,ridge,20000,20000,1,4,"[20260802, 0, 4]",0.0750529658701925,0.0775499080607569,0.07543322918485351,cv-alpha,0.0860502626123045,0.016804686944287432,0.08452056361587312,0.0750529658701925,0.9139497373876955,0.010997296742112,0.0,0.9224500919392431,0.0024969421905643996,0.0015296989964313779,0.8721991495637867,0.010997296742112,0.988110349742936
0.0,occupation,same_time,gp,20000,1500,1,4,"[20260802, 0, 4]",0.07096368471747672,0.0775499080607569,0.07543322918485351,reg=1,0.0860502626123045,0.016804686944287432,0.08452056361587312,0.07096368471747672,0.9139497373876955,0.015086577894827785,0.0,0.9224500919392431,0.006586223343280184,nan,0.8246771429065862,0.015086577894827785,0.983761046100507
0.0,occupation,same_time,mlp,20000,20000,1,4,"[20260802, 0, 4]",0.07741511790959033,0.0775499080607569,0.07543322918485351,weight_decay=0.1,0.0860502626123045,0.016804686944287432,0.08452056361587312,0.07741511790959033,0.9139497373876955,0.008635144702714176,0.0,0.9224500919392431,0.000134790151166575,nan,0.899649990127056,0.008635144702714176,0.9906402707541136
0.0,occupation,dispersed,ridge,100,100,0,4,"[20260802, 0, 4]",0.28562073070787786,0.3308167704884868,0.32896420148594696,cv-alpha,0.3288284538097061,0.016804686944287432,0.3268187630006054,0.32873893979899627,0.6711715461902938,8.951401070983467e-05,0.04311820909111841,0.6691832295115132,0.002077830689490523,0.0020096908091006838,0.8686010209845384,0.043207723101828244,0.9395171095255287
0.0,occupation,dispersed,gp,100,100,0,4,"[20260802, 0, 4]",0.27339922880517753,0.3308167704884868,0.32896420148594696,reg=1,0.3288284538097061,0.016804686944287432,0.3268187630006054,0.3151540065265559,0.6711715461902938,0.013674447283150204,0.04175477772137837,0.6691832295115132,0.015662763961930892,nan,0.8314342193859975,0.05542922500452857,0.9237143322689009
0.0,occupation,dispersed,mlp,100,100,0,4,"[20260802, 0, 4]",0.07936475107089214,0.3308167704884868,0.32896420148594696,weight_decay=1,0.3288284538097061,0.016804686944287432,0.3268187630006054,0.3285456866086226,0.6711715461902938,0.0002827672010835003,0.24918093553773046,0.6691832295115132,0.0022710838798641886,nan,0.24135609358434879,0.24946370273881396,0.7290309022721075
0.0,occupation,dispersed,ridge,250,250,0,4,"[20260802, 0, 4]",0.28902153044610723,0.3308167704884868,0.32896420148594696,cv-alpha,0.3288284538097061,0.016804686944287432,0.3268187630006054,0.32873893979899627,0.6711715461902938,8.951401070983467e-05,0.03971740935288903,0.6691832295115132,0.002077830689490523,0.0020096908091006838,0.8789431908875038,0.03980692336359887,0.944011070562269
0.0,occupation,dispersed,gp,250,250,0,4,"[20260802, 0, 4]",0.2504015350893235,0.3308167704884868,0.32896420148594696,reg=3,0.3288284538097061,0.016804686944287432,0.3268187630006054,0.3151540065265559,0.6711715461902938,0.013674447283150204,0.0647524714372324,0.6691832295115132,0.015662763961930892,nan,0.7614959477753453,0.0784269187203826,0.8953747607664483
0.0,occupation,dispersed,mlp,250,250,0,4,"[20260802, 0, 4]",0.28202951593119396,0.3308167704884868,0.32896420148594696,weight_decay=0.1,0.3288284538097061,0.016804686944287432,0.3268187630006054,0.3285456866086226,0.6711715461902938,0.0002827672010835003,0.04651617067742864,0.6691832295115132,0.0022710838798641886,nan,0.8576797800302439,0.04679893787851214,0.9348177412345724
0.0,occupation,dispersed,ridge,500,500,0,4,"[20260802, 0, 4]",0.3089554180388435,0.3308167704884868,0.32896420148594696,cv-alpha,0.3288284538097061,0.016804686944287432,0.3268187630006054,0.32873893979899627,0.6711715461902938,8.951401070983467e-05,0.019783521760152745,0.6691832295115132,0.002077830689490523,0.0020096908091006838,0.9395641236619896,0.01987303577086258,0.9712420351890123
0.0,occupation,dispersed,gp,500,500,0,4,"[20260802, 0, 4]",0.2947886896656815,0.3308167704884868,0.32896420148594696,reg=1,0.3288284538097061,0.016804686944287432,0.3268187630006054,0.3151540065265559,0.6711715461902938,0.013674447283150204,0.020365316860874394,0.6691832295115132,0.015662763961930892,nan,0.8964816950916191,0.0340397641440246,0.9517311142841889
0.0,occupation,dispersed,mlp,500,500,0,4,"[20260802, 0, 4]",0.3020949896406464,0.3308167704884868,0.32896420148594696,weight_decay=0.1,0.3288284538097061,0.016804686944287432,0.3268187630006054,0.3285456866086226,0.6711715461902938,0.0002827672010835003,0.026450696967976195,0.6691832295115132,0.0022710838798641886,nan,0.9187008792598879,0.026733464169059695,0.9616946951630357
0.0,occupation,dispersed,ridge,1000,1000,0,4,"[20260802, 0, 4]",0.3178802074301179,0.3308167704884868,0.32896420148594696,cv-alpha,0.3288284538097061,0.016804686944287432,0.3268187630006054,0.32873893979899627,0.6711715461902938,8.951401070983467e-05,0.010858732368878354,0.6691832295115132,0.002077830689490523,0.0020096908091006838,0.966705294956245,0.010948246379588189,0.9839496720387767
0.0,occupation,dispersed,gp,1000,1000,0,4,"[20260802, 0, 4]",0.30642282093248174,0.3308167704884868,0.32896420148594696,reg=3,0.3288284538097061,0.016804686944287432,0.3268187630006054,0.3151540065265559,0.6711715461902938,0.013674447283150204,0.008731185594074153,0.6691832295115132,0.015662763961930892,nan,0.9318622442260105,0.022405632877224357,0.9676955448457117
0.0,occupation,dispersed,mlp,1000,1000,0,4,"[20260802, 0, 4]",0.30946311735099263,0.3308167704884868,0.32896420148594696,weight_decay=0.1,0.3288284538097061,0.016804686944287432,0.3268187630006054,0.3285456866086226,0.6711715461902938,0.0002827672010835003,0.019082569257629967,0.6691832295115132,0.0022710838798641886,nan,0.941108087714574,0.019365336458713467,0.9719561156756391
0.0,occupation,dispersed,ridge,2500,2500,0,4,"[20260802, 0, 4]",0.3257664075904263,0.3308167704884868,0.32896420148594696,cv-alpha,0.3288284538097061,0.016804686944287432,0.3268187630006054,0.32873893979899627,0.6711715461902938,8.951401070983467e-05,0.002972532208569967,0.6691832295115132,0.002077830689490523,0.0020096908091006838,0.9906880132062664,0.0030620462192798015,0.9954584787027049
0.0,occupation,dispersed,gp,2500,1500,0,4,"[20260802, 0, 4]",0.3193091332164958,0.3308167704884868,0.32896420148594696,reg=3,0.3288284538097061,0.016804686944287432,0.3268187630006054,0.3151540065265559,0.6711715461902938,0.013674447283150204,-0.004155126689939892,0.6691832295115132,0.015662763961930892,nan,0.9710508002488155,0.009519320593210312,0.9860152074050995
0.0,occupation,dispersed,mlp,2500,2500,0,4,"[20260802, 0, 4]",0.3211771068711555,0.3308167704884868,0.32896420148594696,weight_decay=0.01,0.3288284538097061,0.016804686944287432,0.3268187630006054,0.3285456866086226,0.6711715461902938,0.0002827672010835003,0.007368579737467074,0.6691832295115132,0.0022710838798641886,nan,0.9767314937320527,0.007651346938550574,0.9887285078096234
0.0,occupation,dispersed,ridge,5000,5000,0,4,"[20260802, 0, 4]",0.32777838766500955,0.3308167704884868,0.32896420148594696,cv-alpha,0.3288284538097061,0.016804686944287432,0.3268187630006054,0.32873893979899627,0.6711715461902938,8.951401070983467e-05,0.000960552133986714,0.6691832295115132,0.002077830689490523,0.0020096908091006838,0.9968066445207804,0.0010500661446965487,0.9984379167146246
0.0,occupation,dispersed,gp,5000,1500,0,4,"[20260802, 0, 4]",0.31934608598899483,0.3308167704884868,0.32896420148594696,reg=3,0.3288284538097061,0.016804686944287432,0.3268187630006054,0.3151540065265559,0.6711715461902938,0.013674447283150204,-0.004192079462438936,0.6691832295115132,0.015662763961930892,nan,0.9711631773015642,0.009482367820711268,0.9860687382742972
0.0,occupation,dispersed,mlp,5000,5000,0,4,"[20260802, 0, 4]",0.3266216632753889,0.3308167704884868,0.32896420148594696,weight_decay=0.01,0.3288284538097061,0.016804686944287432,0.3268187630006054,0.3285456866086226,0.6711715461902938,0.0002827672010835003,0.0019240233332337153,0.6691832295115132,0.0022710838798641886,nan,0.9932889307213228,0.0022067905343172156,0.9967228073521769
0.0,occupation,dispersed,ridge,20000,20000,1,4,"[20260802, 0, 4]",0.32873893979899627,0.3308167704884868,0.32896420148594696,cv-alpha,0.3288284538097061,0.016804686944287432,0.3268187630006054,0.32873893979899627,0.6711715461902938,8.951401070983467e-05,0.0,0.6691832295115132,0.002077830689490523,0.0020096908091006838,0.9997277789994364,8.951401070983467e-05,0.9998666479913447
0.0,occupation,dispersed,gp,20000,1500,1,4,"[20260802, 0, 4]",0.3151540065265559,0.3308167704884868,0.32896420148594696,reg=3,0.3288284538097061,0.016804686944287432,0.3268187630006054,0.3151540065265559,0.6711715461902938,0.013674447283150204,0.0,0.6691832295115132,0.015662763961930892,nan,0.9584146471367602,0.013674447283150204,0.9800328140728467
0.0,occupation,dispersed,mlp,20000,20000,1,4,"[20260802, 0, 4]",0.3285456866086226,0.3308167704884868,0.32896420148594696,weight_decay=0.001,0.3288284538097061,0.016804686944287432,0.3268187630006054,0.3285456866086226,0.6711715461902938,0.0002827672010835003,0.0,0.6691832295115132,0.0022710838798641886,nan,0.9991400768461262,0.0002827672010835003,0.9995788735056964
0.0,mean,same_time,ridge,100,100,0,4,"[20260802, 0, 4]",0.0823659460005578,0.08603865644514408,0.08603865644443265,cv-alpha,0.09372900828046571,0.09521352791540096,0.09372900828879718,0.08558234783257013,0.9062709917195343,0.008146660447895582,0.0032164018320123278,0.9139613435548559,0.0004563086125739524,-8.331474399270178e-12,0.8787668568314927,0.01136306227990791,0.9876170002296855
0.0,mean,same_time,gp,100,100,0,4,"[20260802, 0, 4]",-0.007387184548054426,0.08603865644514408,0.08603865644443265,reg=0.001,0.09372900828046571,0.09521352791540096,0.09372900828879718,0.08047823672495868,0.9062709917195343,0.013250771555507024,0.08786542127301311,0.9139613435548559,0.005560419720185394,nan,-0.07881428261728453,0.10111619282852014,0.899625293651235
0.0,mean,same_time,mlp,100,100,0,4,"[20260802, 0, 4]",0.07961192007364337,0.08603865644514408,0.08603865644443265,weight_decay=0.01,0.09372900828046571,0.09521352791540096,0.09372900828879718,0.08544518609911789,0.9062709917195343,0.008283822181347822,0.005833266025474515,0.9139613435548559,0.0005934703460261925,nan,0.8493840011132977,0.014117088206822337,0.9846618089535103
0.0,mean,same_time,ridge,250,250,0,4,"[20260802, 0, 4]",0.07329564215930218,0.08603865644514408,0.08603865644443265,cv-alpha,0.09372900828046571,0.09521352791540096,0.09372900828879718,0.08558234783257013,0.9062709917195343,0.008146660447895582,0.01228670567326795,0.9139613435548559,0.0004563086125739524,-8.331474399270178e-12,0.7819952809057716,0.020433366121163532,0.9779505017449416
0.0,mean,same_time,gp,250,250,0,4,"[20260802, 0, 4]",0.0638983138147532,0.08603865644514408,0.08603865644443265,reg=1,0.09372900828046571,0.09521352791540096,0.09372900828879718,0.08047823672495868,0.9062709917195343,0.013250771555507024,0.01657992291020549,0.9139613435548559,0.005560419720185394,nan,0.681734662374214,0.029830694465712515,0.9681330619248459
0.0,mean,same_time,mlp,250,250,0,4,"[20260802, 0, 4]",0.06389242184820099,0.08603865644514408,0.08603865644443265,weight_decay=0.01,0.09372900828046571,0.09521352791540096,0.09372900828879718,0.08544518609911789,0.9062709917195343,0.008283822181347822,0.0215527642509169,0.9139613435548559,0.0005934703460261925,nan,0.6816718006555177,0.029836586432264722,0.9681269683862912
0.0,mean,same_time,ridge,500,500,0,4,"[20260802, 0, 4]",0.07837019641860554,0.08603865644514408,0.08603865644443265,cv-alpha,0.09372900828046571,0.09521352791540096,0.09372900828879718,0.08558234783257013,0.9062709917195343,0.008146660447895582,0.007212151413964585,0.9139613435548559,0.0004563086125739524,-8.331474399270178e-12,0.8361359824068347,0.015358811861860167,0.9833351614691964
0.0,mean,same_time,gp,500,500,0,4,"[20260802, 0, 4]",0.07325975514340166,0.08603865644514408,0.08603865644443265,reg=1,0.09372900828046571,0.09521352791540096,0.09372900828879718,0.08047823672495868,0.9062709917195343,0.013250771555507024,0.007218481581557024,0.9139613435548559,0.005560419720185394,nan,0.7816124003380702,0.020469253137064047,0.9779126316671061
0.0,mean,same_time,mlp,500,500,0,4,"[20260802, 0, 4]",0.07697164654131705,0.08603865644514408,0.08603865644443265,weight_decay=0.001,0.09372900828046571,0.09521352791540096,0.09372900828879718,0.08544518609911789,0.9062709917195343,0.008283822181347822,0.008473539557800835,0.9139613435548559,0.0005934703460261925,nan,0.8212147760167745,0.016757361739148657,0.9818452361984796
0.0,mean,same_time,ridge,1000,1000,0,4,"[20260802, 0, 4]",0.08464902399745877,0.08603865644514408,0.08603865644443265,cv-alpha,0.09372900828046571,0.09521352791540096,0.09372900828879718,0.08558234783257013,0.9062709917195343,0.008146660447895582,0.0009333238351113549,0.9139613435548559,0.0004563086125739524,-8.331474399270178e-12,0.9031251429030716,0.009079984283006937,0.9900803249015362
0.0,mean,same_time,gp,1000,1000,0,4,"[20260802, 0, 4]",0.07468906212110449,0.08603865644514408,0.08603865644443265,reg=30,0.09372900828046571,0.09521352791540096,0.09372900828879718,0.08047823672495868,0.9062709917195343,0.013250771555507024,0.005789174603854197,0.9139613435548559,0.005560419720185394,nan,0.7968617559423236,0.01903994615936122,0.9794231912971798
0.0,mean,same_time,mlp,1000,1000,0,4,"[20260802, 0, 4]",0.08200176434418194,0.08603865644514408,0.08603865644443265,weight_decay=0.1,0.09372900828046571,0.09521352791540096,0.09372900828879718,0.08544518609911789,0.9062709917195343,0.008283822181347822,0.003443421754935949,0.9139613435548559,0.0005934703460261925,nan,0.8748813824937496,0.011727243936283771,0.9872251999178344
0.0,mean,same_time,ridge,2500,2500,0,4,"[20260802, 0, 4]",0.08580318939660092,0.08603865644514408,0.08603865644443265,cv-alpha,0.09372900828046571,0.09521352791540096,0.09372900828879718,0.08558234783257013,0.9062709917195343,0.008146660447895582,-0.0002208415640307937,0.9139613435548559,0.0004563086125739524,-8.331474399270178e-12,0.915438997709777,0.007925818883864788,0.9913302925672717
0.0,mean,same_time,gp,2500,1500,0,4,"[20260802, 0, 4]",0.08495596239500003,0.08603865644514408,0.08603865644443265,reg=3,0.09372900828046571,0.09521352791540096,0.09372900828879718,0.08047823672495868,0.9062709917195343,0.013250771555507024,-0.004477725670041344,0.9139613435548559,0.005560419720185394,nan,0.9063998857299966,0.00877304588546568,0.9904124331453731
0.0,mean,same_time,mlp,2500,2500,0,4,"[20260802, 0, 4]",0.08217377843620766,0.08603865644514408,0.08603865644443265,weight_decay=1,0.09372900828046571,0.09521352791540096,0.09372900828879718,0.08544518609911789,0.9062709917195343,0.008283822181347822,0.0032714076629102307,0.9139613435548559,0.0005934703460261925,nan,0.8767166104043127,0.011555229844258053,0.9874102203960023
0.0,mean,same_time,ridge,5000,5000,0,4,"[20260802, 0, 4]",0.08607651712175002,0.08603865644514408,0.08603865644443265,cv-alpha,0.09372900828046571,0.09521352791540096,0.09372900828879718,0.08558234783257013,0.9062709917195343,0.008146660447895582,-0.000494169289179891,0.9139613435548559,0.0004563086125739524,-8.331474399270178e-12,0.9183551464044396,0.007652491158715691,0.9916267704002797
0.0,mean,same_time,gp,5000,1500,0,4,"[20260802, 0, 4]",0.08258613314067487,0.08603865644514408,0.08603865644443265,reg=30,0.09372900828046571,0.09521352791540096,0.09372900828879718,0.08047823672495868,0.9062709917195343,0.013250771555507024,-0.0021078964157161817,0.9139613435548559,0.005560419720185394,nan,0.8811160456702158,0.011142875139790842,0.9878540367196134
0.0,mean,same_time,mlp,5000,5000,0,4,"[20260802, 0, 4]",0.08555663783676437,0.08603865644514408,0.08603865644443265,weight_decay=0.001,0.09372900828046571,0.09521352791540096,0.09372900828879718,0.08544518609911789,0.9062709917195343,0.008283822181347822,-0.00011145173764648408,0.9139613435548559,0.0005934703460261925,nan,0.9128085254113953,0.008172370443701338,0.9910630108087083
0.0,mean,same_time,ridge,20000,20000,1,4,"[20260802, 0, 4]",0.08558234783257013,0.08603865644514408,0.08603865644443265,cv-alpha,0.09372900828046571,0.09521352791540096,0.09372900828879718,0.08558234783257013,0.9062709917195343,0.008146660447895582,0.0,0.9139613435548559,0.0004563086125739524,-8.331474399270178e-12,0.913082826785937,0.008146660447895582,0.9910908757846202
0.0,mean,same_time,gp,20000,1500,1,4,"[20260802, 0, 4]",0.08047823672495868,0.08603865644514408,0.08603865644443265,reg=0.1,0.09372900828046571,0.09521352791540096,0.09372900828879718,0.08047823672495868,0.9062709917195343,0.013250771555507024,0.0,0.9139613435548559,0.005560419720185394,nan,0.8586267816271278,0.013250771555507024,0.9855894965353381
0.0,mean,same_time,mlp,20000,20000,1,4,"[20260802, 0, 4]",0.08544518609911789,0.08603865644514408,0.08603865644443265,weight_decay=0.001,0.09372900828046571,0.09521352791540096,0.09372900828879718,0.08544518609911789,0.9062709917195343,0.008283822181347822,0.0,0.9139613435548559,0.0005934703460261925,nan,0.9116194406265337,0.008283822181347822,0.9909422354401979
0.0,mean,dispersed,ridge,100,100,0,4,"[20260802, 0, 4]",0.35759728697247906,0.3717530127314712,0.3717530127319889,cv-alpha,0.36242539370674215,0.09521352791540096,0.3624253937235382,0.3708741625821902,0.6375746062932579,-0.008448768875448043,0.013276875609711136,0.6282469872685288,0.0008788501492810186,-1.6796064539192912e-11,0.9866783431346156,0.0048281067342630934,0.9924842989664394
0.0,mean,dispersed,gp,100,100,0,4,"[20260802, 0, 4]",0.341288965345942,0.3717530127314712,0.3717530127319889,reg=1,0.36242539370674215,0.09521352791540096,0.3624253937235382,0.35742469664091003,0.6375746062932579,0.005000697065832116,0.016135731294968036,0.6282469872685288,0.014328316090561177,nan,0.9416806086774847,0.021136428360800152,0.9679124422564129
0.0,mean,dispersed,mlp,100,100,0,4,"[20260802, 0, 4]",0.35736318449852844,0.3717530127314712,0.3717530127319889,weight_decay=0.1,0.36242539370674215,0.09521352791540096,0.3624253937235382,0.3706161397401272,0.6375746062932579,-0.008190746033385043,0.013252955241598752,0.6282469872685288,0.0011368729913440179,nan,0.9860324102667325,0.005062209208213708,0.9921227525624042
0.0,mean,dispersed,ridge,250,250,0,4,"[20260802, 0, 4]",0.36584884193583467,0.3717530127314712,0.3717530127319889,cv-alpha,0.36242539370674215,0.09521352791540096,0.3624253937235382,0.3708741625821902,0.6375746062932579,-0.008448768875448043,0.0050253206463555244,0.6282469872685288,0.0008788501492810186,-1.6796064539192912e-11,1.0094459391878667,-0.0034234482290925183,1.0053984735114938
0.0,mean,dispersed,gp,250,250,0,4,"[20260802, 0, 4]",0.3360009355425153,0.3717530127314712,0.3717530127319889,reg=3,0.36242539370674215,0.09521352791540096,0.3624253937235382,0.35742469664091003,0.6375746062932579,0.005000697065832116,0.021423761098394722,0.6282469872685288,0.014328316090561177,nan,0.9270899373413987,0.02642445816422684,0.9602040732002888
0.0,mean,dispersed,mlp,250,250,0,4,"[20260802, 0, 4]",0.36408101535169635,0.3717530127314712,0.3717530127319889,weight_decay=0.1,0.36242539370674215,0.09521352791540096,0.3624253937235382,0.3706161397401272,0.6375746062932579,-0.008190746033385043,0.006535124388430846,0.6282469872685288,0.0011368729913440179,nan,1.0045681723016733,-0.0016556216449541972,1.0026035103290238
0.0,mean,dispersed,ridge,500,500,0,4,"[20260802, 0, 4]",0.36867491011105946,0.3717530127314712,0.3717530127319889,cv-alpha,0.36242539370674215,0.09521352791540096,0.3624253937235382,0.3708741625821902,0.6375746062932579,-0.008448768875448043,0.0021992524711307304,0.6282469872685288,0.0008788501492810186,-1.6796064539192912e-11,1.017243594165408,-0.006249516404317312,1.0098990464728983
0.0,mean,dispersed,gp,500,500,0,4,"[20260802, 0, 4]",0.33503170264718685,0.3717530127314712,0.3717530127319889,reg=0.3,0.36242539370674215,0.09521352791540096,0.3624253937235382,0.35742469664091003,0.6375746062932579,0.005000697065832116,0.022392993993723187,0.6282469872685288,0.014328316090561177,nan,0.924415641025085,0.027393691059555303,0.9588045156910376
0.0,mean,dispersed,mlp,500,500,0,4,"[20260802, 0, 4]",0.3626643883698364,0.3717530127314712,0.3717530127319889,weight_decay=0.1,0.36242539370674215,0.09521352791540096,0.3624253937235382,0.3706161397401272,0.6375746062932579,-0.008190746033385043,0.007951751370290805,0.6282469872685288,0.0011368729913440179,nan,1.000659431340199,-0.00023899466309423856,1.0003749902857035
0.0,mean,dispersed,ridge,1000,1000,0,4,"[20260802, 0, 4]",0.36446535150505577,0.3717530127314712,0.3717530127319889,cv-alpha,0.36242539370674215,0.09521352791540096,0.3624253937235382,0.3708741625821902,0.6375746062932579,-0.008448768875448043,0.006408811077134424,0.6282469872685288,0.0008788501492810186,-1.6796064539192912e-11,1.0056286282190376,-0.0020399577983136186,1.0032098293982
0.0,mean,dispersed,gp,1000,1000,0,4,"[20260802, 0, 4]",0.33466688286325597,0.3717530127314712,0.3717530127319889,reg=10,0.36242539370674215,0.09521352791540096,0.3624253937235382,0.35742469664091003,0.6375746062932579,0.005000697065832116,0.022757813777654068,0.6282469872685288,0.014328316090561177,nan,0.9234090344509714,0.027758510843486184,0.9582787777603126
0.0,mean,dispersed,mlp,1000,1000,0,4,"[20260802, 0, 4]",0.358981907790901,0.3717530127314712,0.3717530127319889,weight_decay=0.1,0.36242539370674215,0.09521352791540096,0.3624253937235382,0.3706161397401272,0.6375746062932579,-0.008190746033385043,0.011634231949226193,0.6282469872685288,0.0011368729913440179,nan,0.990498773056097,0.003443485915841149,0.994628098710952
0.0,mean,dispersed,ridge,2500,2500,0,4,"[20260802, 0, 4]",0.3703895126141634,0.3717530127314712,0.3717530127319889,cv-alpha,0.36242539370674215,0.09521352791540096,0.3624253937235382,0.3708741625821902,0.6375746062932579,-0.008448768875448043,0.0004846499680267735,0.6282469872685288,0.0008788501492810186,-1.6796064539192912e-11,1.0219745057761198,-0.00796411890742127,1.0126492793036035
0.0,mean,dispersed,gp,2500,1500,0,4,"[20260802, 0, 4]",0.35956894054049493,0.3717530127314712,0.3717530127319889,reg=3,0.36242539370674215,0.09521352791540096,0.3624253937235382,0.35742469664091003,0.6375746062932579,0.005000697065832116,-0.0021442438995848967,0.6282469872685288,0.014328316090561177,nan,0.992118507102848,0.0028564531662472192,0.9955397960107402
0.0,mean,dispersed,mlp,2500,2500,0,4,"[20260802, 0, 4]",0.36825915552176025,0.3717530127314712,0.3717530127319889,weight_decay=0.01,0.36242539370674215,0.09521352791540096,0.3624253937235382,0.3706161397401272,0.6375746062932579,-0.008190746033385043,0.002356984218366942,0.6282469872685288,0.0011368729913440179,nan,1.0160964488590403,-0.005833761815018101,1.0092344224154706
0.0,mean,dispersed,ridge,5000,5000,0,4,"[20260802, 0, 4]",0.3715220710896704,0.3717530127314712,0.3717530127319889,cv-alpha,0.36242539370674215,0.09521352791540096,0.3624253937235382,0.3708741625821902,0.6375746062932579,-0.008448768875448043,-0.0006479085074801993,0.6282469872685288,0.0008788501492810186,-1.6796064539192912e-11,1.025099448164741,-0.009096677382928242,1.0144741397660542
0.0,mean,dispersed,gp,5000,1500,0,4,"[20260802, 0, 4]",0.3606765807569172,0.3717530127314712,0.3717530127319889,reg=3,0.36242539370674215,0.09521352791540096,0.3624253937235382,0.35742469664091003,0.6375746062932579,0.005000697065832116,-0.0032518841160071865,0.6282469872685288,0.014328316090561177,nan,0.9951746953160794,0.0017488129498249294,0.9972645880047765
0.0,mean,dispersed,mlp,5000,5000,0,4,"[20260802, 0, 4]",0.3673221313457835,0.3717530127314712,0.3717530127319889,weight_decay=0.1,0.36242539370674215,0.09521352791540096,0.3624253937235382,0.3706161397401272,0.6375746062932579,-0.008190746033385043,0.0032940083943436838,0.6282469872685288,0.0011368729913440179,nan,1.013511022472679,-0.00489673763904136,1.00773970116808
0.0,mean,dispersed,ridge,20000,20000,1,4,"[20260802, 0, 4]",0.3708741625821902,0.3717530127314712,0.3717530127319889,cv-alpha,0.36242539370674215,0.09521352791540096,0.3624253937235382,0.3708741625821902,0.6375746062932579,-0.008448768875448043,0.0,0.6282469872685288,0.0008788501492810186,-1.6796064539192912e-11,1.0233117464232775,-0.008448768875448043,1.0134293783102684
0.0,mean,dispersed,gp,20000,1500,1,4,"[20260802, 0, 4]",0.35742469664091003,0.3717530127314712,0.3717530127319889,reg=3,0.36242539370674215,0.09521352791540096,0.3624253937235382,0.35742469664091003,0.6375746062932579,0.005000697065832116,0.0,0.6282469872685288,0.014328316090561177,nan,0.9862021338662642,0.005000697065832116,0.9922177260164051
0.0,mean,dispersed,mlp,20000,20000,1,4,"[20260802, 0, 4]",0.3706161397401272,0.3717530127314712,0.3717530127319889,weight_decay=0.01,0.36242539370674215,0.09521352791540096,0.3624253937235382,0.3706161397401272,0.6375746062932579,-0.008190746033385043,0.0,0.6282469872685288,0.0011368729913440179,nan,1.022599812749359,-0.008190746033385043,1.0130139117803294
0.0,occupation,same_time,ridge,100,100,0,5,"[20260802, 0, 5]",0.07491837897816811,0.08437657387152009,0.08252564321942757,cv-alpha,0.0860502626123045,0.016804686944287432,0.08452056361587312,0.08248157560492919,0.9139497373876955,0.0035686870073753096,0.007563196626761082,0.9156234261284799,0.001894998266590897,0.0015296989964313779,0.8706350998103215,0.011131883634136391,0.9879665930214457
0.0,occupation,same_time,gp,100,100,0,5,"[20260802, 0, 5]",0.0697341910410888,0.08437657387152009,0.08252564321942757,reg=3,0.0860502626123045,0.016804686944287432,0.08452056361587312,0.08107087087228726,0.9139497373876955,0.004979391740017242,0.01133667983119846,0.9156234261284799,0.003305702999232829,nan,0.8103890554671865,0.0163160715712157,0.9824608499913852
0.0,occupation,same_time,mlp,100,100,0,5,"[20260802, 0, 5]",0.07188335841121685,0.08437657387152009,0.08252564321942757,weight_decay=0.1,0.0860502626123045,0.016804686944287432,0.08452056361587312,0.08366157564367194,0.9139497373876955,0.002388686968632564,0.01177821723245509,0.9156234261284799,0.0007149982278481515,nan,0.835364776689689,0.014166904201087654,0.9847358580093594
0.0,occupation,same_time,ridge,250,250,0,5,"[20260802, 0, 5]",0.07141659602997963,0.08437657387152009,0.08252564321942757,cv-alpha,0.0860502626123045,0.016804686944287432,0.08452056361587312,0.08248157560492919,0.9139497373876955,0.0035686870073753096,0.011064979574949563,0.9156234261284799,0.001894998266590897,0.0015296989964313779,0.8299404773666271,0.014633666582324872,0.9842408699964259
0.0,occupation,same_time,gp,250,250,0,5,"[20260802, 0, 5]",0.05127751923821866,0.08437657387152009,0.08252564321942757,reg=30,0.0860502626123045,0.016804686944287432,0.08452056361587312,0.08107087087228726,0.9139497373876955,0.004979391740017242,0.0297933516340686,0.9156234261284799,0.003305702999232829,nan,0.5959019494135325,0.03477274337408584,0.9633478239641112
0.0,occupation,same_time,mlp,250,250,0,5,"[20260802, 0, 5]",0.06981252993262843,0.08437657387152009,0.08252564321942757,weight_decay=1,0.0860502626123045,0.016804686944287432,0.08452056361587312,0.08366157564367194,0.9139497373876955,0.002388686968632564,0.013849045711043506,0.9156234261284799,0.0007149982278481515,nan,0.8112994407369281,0.01623773267967607,0.9825435912628451
0.0,occupation,same_time,ridge,500,500,0,5,"[20260802, 0, 5]",0.08040455532923307,0.08437657387152009,0.08252564321942757,cv-alpha,0.0860502626123045,0.016804686944287432,0.08452056361587312,0.08248157560492919,0.9139497373876955,0.0035686870073753096,0.0020770202756961176,0.9156234261284799,0.001894998266590897,0.0015296989964313779,0.9343905862494819,0.005645707283071427,0.9938606619728388
0.0,occupation,same_time,gp,500,500,0,5,"[20260802, 0, 5]",0.07271509491803285,0.08437657387152009,0.08252564321942757,reg=0.3,0.0860502626123045,0.016804686944287432,0.08452056361587312,0.08107087087228726,0.9139497373876955,0.004979391740017242,0.008355775954254407,0.9156234261284799,0.003305702999232829,nan,0.8450304823083151,0.013335167694271649,0.9856191256633333
0.0,occupation,same_time,mlp,500,500,0,5,"[20260802, 0, 5]",0.07726127307352793,0.08437657387152009,0.08252564321942757,weight_decay=0.001,0.0860502626123045,0.016804686944287432,0.08452056361587312,0.08366157564367194,0.9139497373876955,0.002388686968632564,0.006400302570144012,0.9156234261284799,0.0007149982278481515,nan,0.897862141590724,0.008788989538776576,0.9904751049432469
0.0,occupation,same_time,ridge,1000,1000,0,5,"[20260802, 0, 5]",0.08109067006975101,0.08437657387152009,0.08252564321942757,cv-alpha,0.0860502626123045,0.016804686944287432,0.08452056361587312,0.08248157560492919,0.9139497373876955,0.0035686870073753096,0.0013909055351781774,0.9156234261284799,0.001894998266590897,0.0015296989964313779,0.9423640045713898,0.004959592542553487,0.9946027400299331
0.0,occupation,same_time,gp,1000,1000,0,5,"[20260802, 0, 5]",0.07589437027901735,0.08437657387152009,0.08252564321942757,reg=30,0.0860502626123045,0.016804686944287432,0.08452056361587312,0.08107087087228726,0.9139497373876955,0.004979391740017242,0.005176500593269906,0.9156234261284799,0.003305702999232829,nan,0.8819772069837363,0.010155892333287148,0.9890100308810438
0.0,occupation,same_time,mlp,1000,1000,0,5,"[20260802, 0, 5]",0.08112384838070774,0.08437657387152009,0.08252564321942757,weight_decay=0.001,0.0860502626123045,0.016804686944287432,0.08452056361587312,0.08366157564367194,0.9139497373876955,0.002388686968632564,0.0025377272629641956,0.9156234261284799,0.0007149982278481515,nan,0.9427495735394499,0.00492641423159676,0.9946386526378825
0.0,occupation,same_time,ridge,2500,2500,0,5,"[20260802, 0, 5]",0.08229132065207956,0.08437657387152009,0.08252564321942757,cv-alpha,0.0860502626123045,0.016804686944287432,0.08452056361587312,0.08248157560492919,0.9139497373876955,0.0035686870073753096,0.00019025495284963334,0.9156234261284799,0.001894998266590897,0.0015296989964313779,0.9563169030969646,0.003758941960224943,0.9959039921438948
0.0,occupation,same_time,gp,2500,1500,0,5,"[20260802, 0, 5]",0.07907689915534688,0.08437657387152009,0.08252564321942757,reg=30,0.0860502626123045,0.016804686944287432,0.08452056361587312,0.08107087087228726,0.9139497373876955,0.004979391740017242,0.0019939717169403792,0.9156234261284799,0.003305702999232829,nan,0.9189617411352271,0.006973363456957621,0.9924278547790127
0.0,occupation,same_time,mlp,2500,2500,0,5,"[20260802, 0, 5]",0.08348196133055652,0.08437657387152009,0.08252564321942757,weight_decay=0.1,0.0860502626123045,0.016804686944287432,0.08452056361587312,0.08366157564367194,0.9139497373876955,0.002388686968632564,0.0001796143131154171,0.9156234261284799,0.0007149982278481515,nan,0.9701534753784617,0.002568301281747981,0.9971977624297754
0.0,occupation,same_time,ridge,5000,5000,0,5,"[20260802, 0, 5]",0.08209218718493339,0.08437657387152009,0.08252564321942757,cv-alpha,0.0860502626123045,0.016804686944287432,0.08452056361587312,0.08248157560492919,0.9139497373876955,0.0035686870073753096,0.0003893884199958064,0.9156234261284799,0.001894998266590897,0.0015296989964313779,0.9540027501693511,0.003958075427371116,0.9956879379692473
0.0,occupation,same_time,gp,5000,1500,0,5,"[20260802, 0, 5]",0.08071693065144869,0.08437657387152009,0.08252564321942757,reg=1,0.0860502626123045,0.016804686944287432,0.08452056361587312,0.08107087087228726,0.9139497373876955,0.004979391740017242,0.0003539402208385667,0.9156234261284799,0.003305702999232829,nan,0.938020735800832,0.005333331960855808,0.9941983789991528
0.0,occupation,same_time,mlp,5000,5000,0,5,"[20260802, 0, 5]",0.08239532411179473,0.08437657387152009,0.08252564321942757,weight_decay=1,0.0860502626123045,0.016804686944287432,0.08452056361587312,0.08366157564367194,0.9139497373876955,0.002388686968632564,0.001266251531877205,0.9156234261284799,0.0007149982278481515,nan,0.9575255392656159,0.003654938500509769,0.9960168702312115
0.0,occupation,same_time,ridge,20000,20000,1,5,"[20260802, 0, 5]",0.08248157560492919,0.08437657387152009,0.08252564321942757,cv-alpha,0.0860502626123045,0.016804686944287432,0.08452056361587312,0.08248157560492919,0.9139497373876955,0.0035686870073753096,0.0,0.9156234261284799,0.001894998266590897,0.0015296989964313779,0.958527877788661,0.0035686870073753096,0.9961105009856034
0.0,occupation,same_time,gp,20000,1500,1,5,"[20260802, 0, 5]",0.08107087087228726,0.08437657387152009,0.08252564321942757,reg=10,0.0860502626123045,0.016804686944287432,0.08452056361587312,0.08107087087228726,0.9139497373876955,0.004979391740017242,0.0,0.9156234261284799,0.003305702999232829,nan,0.9421339158202031,0.004979391740017242,0.9945813103729295
0.0,occupation,same_time,mlp,20000,20000,1,5,"[20260802, 0, 5]",0.08366157564367194,0.08437657387152009,0.08252564321942757,weight_decay=0.001,0.0860502626123045,0.016804686944287432,0.08452056361587312,0.08366157564367194,0.9139497373876955,0.002388686968632564,0.0,0.9156234261284799,0.0007149982278481515,nan,0.9722407939718362,0.002388686968632564,0.9973932262304612
0.0,occupation,dispersed,ridge,100,100,0,5,"[20260802, 0, 5]",0.2593875116860448,0.3301117769792734,0.3286952769634416,cv-alpha,0.3288284538097061,0.016804686944287432,0.3268187630006054,0.3282656508519741,0.6711715461902938,0.0005628029577319782,0.06887813916592933,0.6698882230207266,0.0018461261272992857,0.0020096908091006838,0.7888231954408453,0.06944094212366131,0.9062384941931678
0.0,occupation,dispersed,gp,100,100,0,5,"[20260802, 0, 5]",-0.3971855745762749,0.3301117769792734,0.3286952769634416,reg=0.01,0.3288284538097061,0.016804686944287432,0.3268187630006054,0.3170692797328972,0.6711715461902938,0.011759174076808876,0.7142548543091721,0.6698882230207266,0.013042497246376183,nan,-1.2078807961251652,0.7260140283859811,0.48037394488118756
0.0,occupation,dispersed,mlp,100,100,0,5,"[20260802, 0, 5]",0.2557774870270534,0.3301117769792734,0.3286952769634416,weight_decay=0.1,0.3288284538097061,0.016804686944287432,0.3268187630006054,0.3284696119701219,0.6711715461902938,0.0003588418395841786,0.07269212494306854,0.6698882230207266,0.0016421650091514861,nan,0.7778447517655285,0.07305096678265272,0.9018425732771292
0.0,occupation,dispersed,ridge,250,250,0,5,"[20260802, 0, 5]",0.3015944292082242,0.3301117769792734,0.3286952769634416,cv-alpha,0.3288284538097061,0.016804686944287432,0.3268187630006054,0.3282656508519741,0.6711715461902938,0.0005628029577319782,0.02667122164374991,0.6698882230207266,0.0018461261272992857,0.0020096908091006838,0.9171786252498627,0.027234024601481888,0.9610054304541028
0.0,occupation,dispersed,gp,250,250,0,5,"[20260802, 0, 5]",0.2793355934358842,0.3301117769792734,0.3286952769634416,reg=3,0.3288284538097061,0.016804686944287432,0.3268187630006054,0.3170692797328972,0.6711715461902938,0.011759174076808876,0.037733686297013014,0.6698882230207266,0.013042497246376183,nan,0.8494872940573946,0.04949286037382189,0.9313232901153157
0.0,occupation,dispersed,mlp,250,250,0,5,"[20260802, 0, 5]",0.29946355527307433,0.3301117769792734,0.3286952769634416,weight_decay=0.1,0.3288284538097061,0.016804686944287432,0.3268187630006054,0.3284696119701219,0.6711715461902938,0.0003588418395841786,0.02900605669704759,0.6698882230207266,0.0016421650091514861,nan,0.9106984258922274,0.029364898536631767,0.9580822685847865
0.0,occupation,dispersed,ridge,500,500,0,5,"[20260802, 0, 5]",0.3184933867911859,0.3301117769792734,0.3286952769634416,cv-alpha,0.3288284538097061,0.016804686944287432,0.3268187630006054,0.3282656508519741,0.6711715461902938,0.0005628029577319782,0.009772264060788238,0.6698882230207266,0.0018461261272992857,0.0020096908091006838,0.9685700343179513,0.010335067018520216,0.984834971784267
0.0,occupation,dispersed,gp,500,500,0,5,"[20260802, 0, 5]",0.3000798548033886,0.3301117769792734,0.3286952769634416,reg=1,0.3288284538097061,0.016804686944287432,0.3268187630006054,0.3170692797328972,0.6711715461902938,0.011759174076808876,0.016989424929508612,0.6698882230207266,0.013042497246376183,nan,0.9125726539986275,0.028748599006317488,0.9589258871835417
0.0,occupation,dispersed,mlp,500,500,0,5,"[20260802, 0, 5]",0.31515610035837527,0.3301117769792734,0.3286952769634416,weight_decay=0.1,0.3288284538097061,0.016804686944287432,0.3268187630006054,0.3284696119701219,0.6711715461902938,0.0003588418395841786,0.013313511611746653,0.6698882230207266,0.0016421650091514861,nan,0.9584210146873632,0.013672353451330832,0.9800358104109775
0.0,occupation,dispersed,ridge,1000,1000,0,5,"[20260802, 0, 5]",0.32471623167667785,0.3301117769792734,0.3286952769634416,cv-alpha,0.3288284538097061,0.016804686944287432,0.3268187630006054,0.3282656508519741,0.6711715461902938,0.0005628029577319782,0.0035494191752962756,0.6698882230207266,0.0018461261272992857,0.0020096908091006838,0.9874943239084535,0.004112222133028254,0.9939103791236703
0.0,occupation,dispersed,gp,1000,1000,0,5,"[20260802, 0, 5]",0.30978072635757736,0.3301117769792734,0.3286952769634416,reg=1,0.3288284538097061,0.016804686944287432,0.3268187630006054,0.3170692797328972,0.6711715461902938,0.011759174076808876,0.007288553375319862,0.6698882230207266,0.013042497246376183,nan,0.9420739682608132,0.019047727452128738,0.9724033677709256
0.0,occupation,dispersed,mlp,1000,1000,0,5,"[20260802, 0, 5]",0.32084840599581776,0.3301117769792734,0.3286952769634416,weight_decay=0.1,0.3288284538097061,0.016804686944287432,0.3268187630006054,0.3284696119701219,0.6711715461902938,0.0003588418395841786,0.007621205974304157,0.6698882230207266,0.0016421650091514861,nan,0.9757318817108619,0.007980047813888336,0.9882499755807991
0.0,occupation,dispersed,ridge,2500,2500,0,5,"[20260802, 0, 5]",0.32697646118018997,0.3301117769792734,0.3286952769634416,cv-alpha,0.3288284538097061,0.016804686944287432,0.3268187630006054,0.3282656508519741,0.6711715461902938,0.0005628029577319782,0.0012891896717841522,0.6698882230207266,0.0018461261272992857,0.0020096908091006838,0.9943679064020783,0.0018519926295161304,0.9972482498416567
0.0,occupation,dispersed,gp,2500,1500,0,5,"[20260802, 0, 5]",0.3143599083023254,0.3301117769792734,0.3286952769634416,reg=10,0.3288284538097061,0.016804686944287432,0.3268187630006054,0.3170692797328972,0.6711715461902938,0.011759174076808876,0.0027093714305718164,0.6698882230207266,0.013042497246376183,nan,0.9559997155363152,0.014468545507380692,0.9788977545470599
0.0,occupation,dispersed,mlp,2500,2500,0,5,"[20260802, 0, 5]",0.32327070010027814,0.3301117769792734,0.3286952769634416,weight_decay=0.1,0.3288284538097061,0.016804686944287432,0.3268187630006054,0.3284696119701219,0.6711715461902938,0.0003588418395841786,0.005198911869843781,0.6698882230207266,0.0016421650091514861,nan,0.983098318758497,0.005557753709427959,0.9917873310491336
0.0,occupation,dispersed,ridge,5000,5000,0,5,"[20260802, 0, 5]",0.3278380798315427,0.3301117769792734,0.3286952769634416,cv-alpha,0.3288284538097061,0.016804686944287432,0.3268187630006054,0.3282656508519741,0.6711715461902938,0.0005628029577319782,0.0004275710204314498,0.6698882230207266,0.0018461261272992857,0.0020096908091006838,0.9969881743301431,0.000990373978163428,0.9985265842225706
0.0,occupation,dispersed,gp,5000,1500,0,5,"[20260802, 0, 5]",0.31725385019824925,0.3301117769792734,0.3286952769634416,reg=10,0.3288284538097061,0.016804686944287432,0.3268187630006054,0.3170692797328972,0.6711715461902938,0.011759174076808876,-0.0001845704653520297,0.6698882230207266,0.013042497246376183,nan,0.9648004803800978,0.011574603611456846,0.9830469880865417
0.0,occupation,dispersed,mlp,5000,5000,0,5,"[20260802, 0, 5]",0.327376502792484,0.3301117769792734,0.3286952769634416,weight_decay=0.01,0.3288284538097061,0.016804686944287432,0.3268187630006054,0.3284696119701219,0.6711715461902938,0.0003588418395841786,0.001093109177637941,0.6698882230207266,0.0016421650091514861,nan,0.9955844726926752,0.0014519510172221195,0.9978413614403152
0.0,occupation,dispersed,ridge,20000,20000,1,5,"[20260802, 0, 5]",0.3282656508519741,0.3301117769792734,0.3286952769634416,cv-alpha,0.3288284538097061,0.016804686944287432,0.3268187630006054,0.3282656508519741,0.6711715461902938,0.0005628029577319782,0.0,0.6698882230207266,0.0018461261272992857,0.0020096908091006838,0.998288460286172,0.0005628029577319782,0.9991621643906615
0.0,occupation,dispersed,gp,20000,1500,1,5,"[20260802, 0, 5]",0.3170692797328972,0.3301117769792734,0.3286952769634416,reg=3,0.3288284538097061,0.016804686944287432,0.3268187630006054,0.3170692797328972,0.6711715461902938,0.011759174076808876,0.0,0.6698882230207266,0.013042497246376183,nan,0.9642391832562826,0.011759174076808876,0.9827813074916153
0.0,occupation,dispersed,mlp,20000,20000,1,5,"[20260802, 0, 5]",0.3284696119701219,0.3301117769792734,0.3286952769634416,weight_decay=0.01,0.3288284538097061,0.016804686944287432,0.3268187630006054,0.3284696119701219,0.6711715461902938,0.0003588418395841786,0.0,0.6698882230207266,0.0016421650091514861,nan,0.9989087263117691,0.0003588418395841786,0.9994656357389321
0.0,mean,same_time,ridge,100,100,0,5,"[20260802, 0, 5]",0.07613677301863697,0.09002741189416485,0.09002741189381513,cv-alpha,0.09372900828046571,0.09521352791540096,0.09372900828879718,0.08994485937257057,0.9062709917195343,0.003784148907895135,0.013808086353933602,0.9099725881058351,8.255252159428128e-05,-8.331474399270178e-12,0.8123074639903645,0.017592235261828737,0.9809579656944354
0.0,mean,same_time,gp,100,100,0,5,"[20260802, 0, 5]",0.020181883031412218,0.09002741189416485,0.09002741189381513,reg=0.1,0.09372900828046571,0.09521352791540096,0.09372900828879718,0.08515797670235181,0.9062709917195343,0.008571031578113897,0.0649760936709396,0.9099725881058351,0.004869435191813043,nan,0.21532163202902865,0.07354712524905349,0.9249379818811706
0.0,mean,same_time,mlp,100,100,0,5,"[20260802, 0, 5]",0.023999683456009224,0.09002741189416485,0.09002741189381513,weight_decay=0.001,0.09372900828046571,0.09521352791540096,0.09372900828879718,0.0898425340641279,0.9062709917195343,0.0038864742163378097,0.06584285060811867,0.9099725881058351,0.0001848778300369558,nan,0.2560539570011759,0.06972932482445648,0.9285560428183389
0.0,mean,same_time,ridge,250,250,0,5,"[20260802, 0, 5]",0.08112981271638464,0.09002741189416485,0.09002741189381513,cv-alpha,0.09372900828046571,0.09521352791540096,0.09372900828879718,0.08994485937257057,0.9062709917195343,0.003784148907895135,0.008815046656185932,0.9099725881058351,8.255252159428128e-05,-8.331474399270178e-12,0.8655784821025692,0.012599195564081067,0.9862883835622885
0.0,mean,same_time,gp,250,250,0,5,"[20260802, 0, 5]",0.06472208019799941,0.09002741189416485,0.09002741189381513,reg=10,0.09372900828046571,0.09521352791540096,0.09372900828879718,0.08515797670235181,0.9062709917195343,0.008571031578113897,0.020435896504352402,0.9099725881058351,0.004869435191813043,nan,0.6905234717125274,0.0290069280824663,0.9689857661895759
0.0,mean,same_time,mlp,250,250,0,5,"[20260802, 0, 5]",0.07603369981089847,0.09002741189416485,0.09002741189381513,weight_decay=1,0.09372900828046571,0.09521352791540096,0.09372900828879718,0.0898425340641279,0.9062709917195343,0.0038864742163378097,0.01380883425322943,0.9099725881058351,0.0001848778300369558,nan,0.8112077702068767,0.01769530846956724,0.9808485347723768
0.0,mean,same_time,ridge,500,500,0,5,"[20260802, 0, 5]",0.08886715626286124,0.09002741189416485,0.09002741189381513,cv-alpha,0.09372900828046571,0.09521352791540096,0.09372900828879718,0.08994485937257057,0.9062709917195343,0.003784148907895135,0.0010777031097093381,0.9099725881058351,8.255252159428128e-05,-8.331474399270178e-12,0.9481286305403304,0.004861852017604473,0.9946639482365021
0.0,mean,same_time,gp,500,500,0,5,"[20260802, 0, 5]",0.05051091539886576,0.09002741189416485,0.09002741189381513,reg=0.1,0.09372900828046571,0.09521352791540096,0.09372900828879718,0.08515797670235181,0.9062709917195343,0.008571031578113897,0.03464706130348605,0.9099725881058351,0.004869435191813043,nan,0.5389037644324768,0.043218092881599945,0.9544827912373999
0.0,mean,same_time,mlp,500,500,0,5,"[20260802, 0, 5]",0.07089895255508927,0.09002741189416485,0.09002741189381513,weight_decay=0.001,0.09372900828046571,0.09521352791540096,0.09372900828879718,0.0898425340641279,0.9062709917195343,0.0038864742163378097,0.01894358150903863,0.9099725881058351,0.0001848778300369558,nan,0.7564248662797971,0.02283005572537644,0.97542780111145
0.0,mean,same_time,ridge,1000,1000,0,5,"[20260802, 0, 5]",0.08976058142626897,0.09002741189416485,0.09002741189381513,cv-alpha,0.09372900828046571,0.09521352791540096,0.09372900828879718,0.08994485937257057,0.9062709917195343,0.003784148907895135,0.0001842779463016031,0.9099725881058351,8.255252159428128e-05,-8.331474399270178e-12,0.9576606332767119,0.003968426854196738,0.9956402384106646
0.0,mean,same_time,gp,1000,1000,0,5,"[20260802, 0, 5]",0.07538285764694963,0.09002741189416485,0.09002741189381513,reg=0.01,0.09372900828046571,0.09521352791540096,0.09372900828879718,0.08515797670235181,0.9062709917195343,0.008571031578113897,0.009775119055402182,0.9099725881058351,0.004869435191813043,nan,0.8042638989775842,0.01834615063351608,0.9801581110784653
0.0,mean,same_time,mlp,1000,1000,0,5,"[20260802, 0, 5]",0.08446596161315145,0.09002741189416485,0.09002741189381513,weight_decay=0.001,0.09372900828046571,0.09521352791540096,0.09372900828879718,0.0898425340641279,0.9062709917195343,0.0038864742163378097,0.005376572450976447,0.9099725881058351,0.0001848778300369558,nan,0.9011720401479507,0.009263046667314256,0.9898823568770468
0.0,mean,same_time,ridge,2500,2500,0,5,"[20260802, 0, 5]",0.08999410267912,0.09002741189416485,0.09002741189381513,cv-alpha,0.09372900828046571,0.09521352791540096,0.09372900828879718,0.08994485937257057,0.9062709917195343,0.003784148907895135,-4.92433065494291e-05,0.9099725881058351,8.255252159428128e-05,-8.331474399270178e-12,0.9601520845054742,0.003734905601345706,0.9958957347283776
0.0,mean,same_time,gp,2500,1500,0,5,"[20260802, 0, 5]",0.08626755255435081,0.09002741189416485,0.09002741189381513,reg=10,0.09372900828046571,0.09521352791540096,0.09372900828879718,0.08515797670235181,0.9062709917195343,0.008571031578113897,-0.0011095758519990007,0.9099725881058351,0.004869435191813043,nan,0.9203933140550474,0.007461455726114896,0.99183409131746
0.0,mean,same_time,mlp,2500,2500,0,5,"[20260802, 0, 5]",0.08896380045427132,0.09002741189416485,0.09002741189381513,weight_decay=0.1,0.09372900828046571,0.09521352791540096,0.09372900828879718,0.0898425340641279,0.9062709917195343,0.0038864742163378097,0.0008787336098565746,0.9099725881058351,0.0001848778300369558,nan,0.9491597327912035,0.004765207826194384,0.9947694637945557
0.0,mean,same_time,ridge,5000,5000,0,5,"[20260802, 0, 5]",0.08972691245486408,0.09002741189416485,0.09002741189381513,cv-alpha,0.09372900828046571,0.09521352791540096,0.09372900828879718,0.08994485937257057,0.9062709917195343,0.003784148907895135,0.00021794691770649077,0.9099725881058351,8.255252159428128e-05,-8.331474399270178e-12,0.9573014171490416,0.004002095825601626,0.9956034118987361
0.0,mean,same_time,gp,5000,1500,0,5,"[20260802, 0, 5]",0.08814778158487269,0.09002741189416485,0.09002741189381513,reg=3,0.09372900828046571,0.09521352791540096,0.09372900828879718,0.08515797670235181,0.9062709917195343,0.008571031578113897,-0.0029898048825208745,0.9099725881058351,0.004869435191813043,nan,0.9404535821088356,0.005581226695593022,0.9938792420713812
0.0,mean,same_time,mlp,5000,5000,0,5,"[20260802, 0, 5]",0.08931921770535933,0.09002741189416485,0.09002741189381513,weight_decay=0.1,0.09372900828046571,0.09521352791540096,0.09372900828879718,0.0898425340641279,0.9062709917195343,0.0038864742163378097,0.0005233163587685663,0.9099725881058351,0.0001848778300369558,nan,0.9529516992016928,0.004409790575106376,0.9951576988766634
0.0,mean,same_time,ridge,20000,20000,1,5,"[20260802, 0, 5]",0.08994485937257057,0.09002741189416485,0.09002741189381513,cv-alpha,0.09372900828046571,0.09521352791540096,0.09372900828879718,0.08994485937257057,0.9062709917195343,0.003784148907895135,0.0,0.9099725881058351,8.255252159428128e-05,-8.331474399270178e-12,0.9596267049303263,0.003784148907895135,0.9958418465662573
0.0,mean,same_time,gp,20000,1500,1,5,"[20260802, 0, 5]",0.08515797670235181,0.09002741189416485,0.09002741189381513,reg=1,0.09372900828046571,0.09521352791540096,0.09372900828879718,0.08515797670235181,0.9062709917195343,0.008571031578113897,0.0,0.9099725881058351,0.004869435191813043,nan,0.9085551876056689,0.008571031578113897,0.990631134819082
0.0,mean,same_time,mlp,20000,20000,1,5,"[20260802, 0, 5]",0.0898425340641279,0.09002741189416485,0.09002741189381513,weight_decay=0.001,0.09372900828046571,0.09521352791540096,0.09372900828879718,0.0898425340641279,0.9062709917195343,0.0038864742163378097,0.0,0.9099725881058351,0.0001848778300369558,nan,0.9585349905260034,0.0038864742163378097,0.995729888110799
0.0,mean,dispersed,ridge,100,100,0,5,"[20260802, 0, 5]",0.3314916068272684,0.36232935585233017,0.3623293558523376,cv-alpha,0.36242539370674215,0.09521352791540096,0.3624253937235382,0.36193434551382386,0.6375746062932579,0.0004910481929182864,0.03044273868655545,0.6376706441476698,0.0003950103385063075,-1.6796064539192912e-11,0.9146478491391143,0.030933786879473735,0.9537271525752095
0.0,mean,dispersed,gp,100,100,0,5,"[20260802, 0, 5]",0.2998968807677286,0.36232935585233017,0.3623293558523376,reg=1,0.36242539370674215,0.09521352791540096,0.3624253937235382,0.34905996094761604,0.6375746062932579,0.013365432759126106,0.049163080179887464,0.6376706441476698,0.013269394904714127,nan,0.8274720424540429,0.06252851293901357,0.9106867099698371
0.0,mean,dispersed,mlp,100,100,0,5,"[20260802, 0, 5]",0.3102960136177597,0.36232935585233017,0.3623293558523376,weight_decay=0.1,0.36242539370674215,0.09521352791540096,0.3624253937235382,0.3616108932278115,0.6375746062932579,0.0008145004789306687,0.05131487961005177,0.6376706441476698,0.0007184626245186898,nan,0.856165210842916,0.052129380088982435,0.9244177486019461
0.0,mean,dispersed,ridge,250,250,0,5,"[20260802, 0, 5]",0.33411753129307376,0.36232935585233017,0.3623293558523376,cv-alpha,0.36242539370674215,0.09521352791540096,0.3624253937235382,0.36193434551382386,0.6375746062932579,0.0004910481929182864,0.027816814220750108,0.6376706441476698,0.0003950103385063075,-1.6796064539192912e-11,0.9218932698833631,0.028307862413668394,0.9574881998791179
0.0,mean,dispersed,gp,250,250,0,5,"[20260802, 0, 5]",0.3205495768455955,0.36232935585233017,0.3623293558523376,reg=1,0.36242539370674215,0.09521352791540096,0.3624253937235382,0.34905996094761604,0.6375746062932579,0.013365432759126106,0.02851038410202056,0.6376706441476698,0.013269394904714127,nan,0.8844567251956119,0.041875816861146664,0.9383681054068159
0.0,mean,dispersed,mlp,250,250,0,5,"[20260802, 0, 5]",0.3341817081620163,0.36232935585233017,0.3623293558523376,weight_decay=0.1,0.36242539370674215,0.09521352791540096,0.3624253937235382,0.3616108932278115,0.6375746062932579,0.0008145004789306687,0.02742918506579517,0.6376706441476698,0.0007184626245186898,nan,0.9220703459659361,0.02824368554472584,0.9575804902163931
0.0,mean,dispersed,ridge,500,500,0,5,"[20260802, 0, 5]",0.3475198831106089,0.36232935585233017,0.3623293558523376,cv-alpha,0.36242539370674215,0.09521352791540096,0.3624253937235382,0.36193434551382386,0.6375746062932579,0.0004910481929182864,0.014414462403214978,0.6376706441476698,0.0003950103385063075,-1.6796064539192912e-11,0.9588728856891465,0.014905510596133265,0.9771556094809553
0.0,mean,dispersed,gp,500,500,0,5,"[20260802, 0, 5]",0.33790679693836323,0.36232935585233017,0.3623293558523376,reg=3,0.36242539370674215,0.09521352791540096,0.3624253937235382,0.34905996094761604,0.6375746062932579,0.013365432759126106,0.011153164009252814,0.6376706441476698,0.013269394904714127,nan,0.9323485683008784,0.02451859676837892,0.9629680584923686
0.0,mean,dispersed,mlp,500,500,0,5,"[20260802, 0, 5]",0.3473452943947116,0.36232935585233017,0.3623293558523376,weight_decay=0.1,0.36242539370674215,0.09521352791540096,0.3624253937235382,0.3616108932278115,0.6375746062932579,0.0008145004789306687,0.014265598833099857,0.6376706441476698,0.0007184626245186898,nan,0.9583911625016192,0.015080099312030526,0.976894214992222
0.0,mean,dispersed,ridge,1000,1000,0,5,"[20260802, 0, 5]",0.3545377322091069,0.36232935585233017,0.3623293558523376,cv-alpha,0.36242539370674215,0.09521352791540096,0.3624253937235382,0.36193434551382386,0.6375746062932579,0.0004910481929182864,0.00739661330471697,0.6376706441476698,0.0003950103385063075,-1.6796064539192912e-11,0.9782364546342533,0.007887661497635257,0.987779825574265
0.0,mean,dispersed,gp,1000,1000,0,5,"[20260802, 0, 5]",0.34212878568611793,0.36232935585233017,0.3623293558523376,reg=3,0.36242539370674215,0.09521352791540096,0.3624253937235382,0.34905996094761604,0.6375746062932579,0.013365432759126106,0.006931175261498113,0.6376706441476698,0.013269394904714127,nan,0.9439978313521615,0.02029660802062422,0.9691480527206343
0.0,mean,dispersed,mlp,1000,1000,0,5,"[20260802, 0, 5]",0.35115926140148856,0.36232935585233017,0.3623293558523376,weight_decay=0.1,0.36242539370674215,0.09521352791540096,0.3624253937235382,0.3616108932278115,0.6375746062932579,0.0008145004789306687,0.010451631826322916,0.6376706441476698,0.0007184626245186898,nan,0.9689146166331556,0.011266132305253584,0.982636521360252
0.0,mean,dispersed,ridge,2500,2500,0,5,"[20260802, 0, 5]",0.36024340203558747,0.36232935585233017,0.3623293558523376,cv-alpha,0.36242539370674215,0.09521352791540096,0.3624253937235382,0.36193434551382386,0.6375746062932579,0.0004910481929182864,0.0016909434782363952,0.6376706441476698,0.0003950103385063075,-1.6796064539192912e-11,0.993979473543953,0.0021819916711546816,0.9965893408866789
0.0,mean,dispersed,gp,2500,1500,0,5,"[20260802, 0, 5]",0.34240212998920705,0.36232935585233017,0.3623293558523376,reg=10,0.36242539370674215,0.09521352791540096,0.3624253937235382,0.34905996094761604,0.6375746062932579,0.013365432759126106,0.0066578309584089945,0.6376706441476698,0.013269394904714127,nan,0.9447520398260587,0.0200232637175351,0.9695508993707561
0.0,mean,dispersed,mlp,2500,2500,0,5,"[20260802, 0, 5]",0.35655193716969436,0.36232935585233017,0.3623293558523376,weight_decay=0.1,0.36242539370674215,0.09521352791540096,0.3624253937235382,0.3616108932278115,0.6375746062932579,0.0008145004789306687,0.0050589560581171256,0.6376706441476698,0.0007184626245186898,nan,0.9837940259180615,0.005873456537047794,0.9908719026812942
0.0,mean,dispersed,ridge,5000,5000,0,5,"[20260802, 0, 5]",0.36145791711340347,0.36232935585233017,0.3623293558523376,cv-alpha,0.36242539370674215,0.09521352791540096,0.3624253937235382,0.36193434551382386,0.6375746062932579,0.0004910481929182864,0.00047642840042039225,0.6376706441476698,0.0003950103385063075,-1.6796064539192912e-11,0.9973305496520437,0.0009674765933386786,0.9984848663552995
0.0,mean,dispersed,gp,5000,1500,0,5,"[20260802, 0, 5]",0.3497640104535311,0.36232935585233017,0.3623293558523376,reg=3,0.36242539370674215,0.09521352791540096,0.3624253937235382,0.34905996094761604,0.6375746062932579,0.013365432759126106,-0.000704049505915072,0.6376706441476698,0.013269394904714127,nan,0.9650648561798735,0.012661383253211034,0.9805280183552403
0.0,mean,dispersed,mlp,5000,5000,0,5,"[20260802, 0, 5]",0.3610141992220445,0.36232935585233017,0.3623293558523376,weight_decay=0.01,0.36242539370674215,0.09521352791540096,0.3624253937235382,0.3616108932278115,0.6375746062932579,0.0008145004789306687,0.0005966940057670067,0.6376706441476698,0.0007184626245186898,nan,0.9961062483225457,0.0014111944846976754,0.9977915088520285
0.0,mean,dispersed,ridge,20000,20000,1,5,"[20260802, 0, 5]",0.36193434551382386,0.36232935585233017,0.3623293558523376,cv-alpha,0.36242539370674215,0.09521352791540096,0.3624253937235382,0.36193434551382386,0.6375746062932579,0.0004910481929182864,0.0,0.6376706441476698,0.0003950103385063075,-1.6796064539192912e-11,0.9986451054439204,0.0004910481929182864,0.9992304111818812
0.0,mean,dispersed,gp,20000,1500,1,5,"[20260802, 0, 5]",0.34905996094761604,0.36232935585233017,0.3623293558523376,reg=3,0.36242539370674215,0.09521352791540096,0.3624253937235382,0.34905996094761604,0.6375746062932579,0.013365432759126106,0.0,0.6376706441476698,0.013269394904714127,nan,0.9631222508378074,0.013365432759126106,0.9794674901568768
0.0,mean,dispersed,mlp,20000,20000,1,5,"[20260802, 0, 5]",0.3616108932278115,0.36232935585233017,0.3623293558523376,weight_decay=0.01,0.36242539370674215,0.09521352791540096,0.3624253937235382,0.3616108932278115,0.6375746062932579,0.0008145004789306687,0.0,0.6376706441476698,0.0007184626245186898,nan,0.9977526395968,0.0008145004789306687,0.9987241316145745
0.0,occupation,same_time,ridge,100,100,0,6,"[20260802, 0, 6]",0.08244731066814981,0.08795239683007994,0.08606149912021177,cv-alpha,0.0860502626123045,0.016804686944287432,0.08452056361587312,0.08601899544847347,0.9139497373876955,3.126716383103356e-05,0.0035716847803236584,0.9120476031699201,0.00193340138160647,0.0015296989964313779,0.9581296810169235,0.003602951944154692,0.996073302398821
0.0,occupation,same_time,gp,100,100,0,6,"[20260802, 0, 6]",0.03756270222163882,0.08795239683007994,0.08606149912021177,reg=0.01,0.0860502626123045,0.016804686944287432,0.08452056361587312,0.08292064370746166,0.9139497373876955,0.0031296189048428402,0.04535794148582284,0.9120476031699201,0.0050317531226182766,nan,0.43652048327703363,0.04848756039066568,0.9496200318684741
0.0,occupation,same_time,mlp,100,100,0,6,"[20260802, 0, 6]",0.0776539402466111,0.08795239683007994,0.08606149912021177,weight_decay=1,0.0860502626123045,0.016804686944287432,0.08452056361587312,0.08745016143122297,0.9139497373876955,-0.0013998988189184713,0.009796221184611875,0.9120476031699201,0.000502235398856965,nan,0.9024253719768103,0.008396322365693404,0.9908967764572677
0.0,occupation,same_time,ridge,250,250,0,6,"[20260802, 0, 6]",0.08330752207435066,0.08795239683007994,0.08606149912021177,cv-alpha,0.0860502626123045,0.016804686944287432,0.08452056361587312,0.08601899544847347,0.9139497373876955,3.126716383103356e-05,0.002711473374122808,0.9120476031699201,0.00193340138160647,0.0015296989964313779,0.9681262967167092,0.0027427405379538417,0.9970080036609875
0.0,occupation,same_time,gp,250,250,0,6,"[20260802, 0, 6]",0.07338871460943586,0.08795239683007994,0.08606149912021177,reg=30,0.0860502626123045,0.016804686944287432,0.08452056361587312,0.08292064370746166,0.9139497373876955,0.0031296189048428402,0.009531929098025804,0.9120476031699201,0.0050317531226182766,nan,0.852858694227179,0.012661548002868644,0.9863356423534904
0.0,occupation,same_time,mlp,250,250,0,6,"[20260802, 0, 6]",0.08160269054164093,0.08795239683007994,0.08606149912021177,weight_decay=1,0.0860502626123045,0.016804686944287432,0.08452056361587312,0.08745016143122297,0.9139497373876955,-0.0013998988189184713,0.00584747088958204,0.9120476031699201,0.000502235398856965,nan,0.9483142533718706,0.004447572070663569,0.9951572461887038
0.0,occupation,same_time,ridge,500,500,0,6,"[20260802, 0, 6]",0.0799539240134084,0.08795239683007994,0.08606149912021177,cv-alpha,0.0860502626123045,0.016804686944287432,0.08452056361587312,0.08601899544847347,0.9139497373876955,3.126716383103356e-05,0.0060650714350650725,0.9120476031699201,0.00193340138160647,0.0015296989964313779,0.929153747893102,0.006096338598896106,0.993373876854636
0.0,occupation,same_time,gp,500,500,0,6,"[20260802, 0, 6]",0.03039097110989364,0.08795239683007994,0.08606149912021177,reg=0.001,0.0860502626123045,0.016804686944287432,0.08452056361587312,0.08292064370746166,0.9139497373876955,0.0031296189048428402,0.05252967259756802,0.9120476031699201,0.0050317531226182766,nan,0.3531769710781565,0.05565929150241086,0.9425961497428267
0.0,occupation,same_time,mlp,500,500,0,6,"[20260802, 0, 6]",0.08109350648915936,0.08795239683007994,0.08606149912021177,weight_decay=0.1,0.0860502626123045,0.016804686944287432,0.08452056361587312,0.08745016143122297,0.9139497373876955,-0.0013998988189184713,0.006356654942063611,0.9120476031699201,0.000502235398856965,nan,0.9423969669276017,0.00495675612314514,0.9946058101034774
0.0,occupation,same_time,ridge,1000,1000,0,6,"[20260802, 0, 6]",0.08522170545862262,0.08795239683007994,0.08606149912021177,cv-alpha,0.0860502626123045,0.016804686944287432,0.08452056361587312,0.08601899544847347,0.9139497373876955,3.126716383103356e-05,0.0007972899898508468,0.9120476031699201,0.00193340138160647,0.0015296989964313779,0.9903712420098599,0.0008285571536818803,0.9990942535927819
0.0,occupation,same_time,gp,1000,1000,0,6,"[20260802, 0, 6]",0.08498280711824191,0.08795239683007994,0.08606149912021177,reg=10,0.0860502626123045,0.016804686944287432,0.08452056361587312,0.08292064370746166,0.9139497373876955,0.0031296189048428402,-0.002062163410780249,0.9120476031699201,0.0050317531226182766,nan,0.9875949769163174,0.0010674554940625913,0.9988334038940834
0.0,occupation,same_time,mlp,1000,1000,0,6,"[20260802, 0, 6]",0.08577429527917946,0.08795239683007994,0.08606149912021177,weight_decay=0.01,0.0860502626123045,0.016804686944287432,0.08452056361587312,0.08745016143122297,0.9139497373876955,-0.0013998988189184713,0.0016758661520435147,0.9120476031699201,0.000502235398856965,nan,0.9967929518778066,0.0002759673331250434,0.9996981409167341
0.0,occupation,same_time,ridge,2500,2500,0,6,"[20260802, 0, 6]",0.08434120341236617,0.08795239683007994,0.08606149912021177,cv-alpha,0.0860502626123045,0.016804686944287432,0.08452056361587312,0.08601899544847347,0.9139497373876955,3.126716383103356e-05,0.001677792036107295,0.9120476031699201,0.00193340138160647,0.0015296989964313779,0.980138826447998,0.0017090591999383287,0.9981335195967019
0.0,occupation,same_time,gp,2500,1500,0,6,"[20260802, 0, 6]",0.0832560643672614,0.08795239683007994,0.08606149912021177,reg=30,0.0860502626123045,0.016804686944287432,0.08452056361587312,0.08292064370746166,0.9139497373876955,0.0031296189048428402,-0.00033542065979974556,0.9120476031699201,0.0050317531226182766,nan,0.9675283007835522,0.0027941982450430947,0.9969520406555898
0.0,occupation,same_time,mlp,2500,2500,0,6,"[20260802, 0, 6]",0.08440250788507975,0.08795239683007994,0.08606149912021177,weight_decay=0.01,0.0860502626123045,0.016804686944287432,0.08452056361587312,0.08745016143122297,0.9139497373876955,-0.0013998988189184713,0.0030476535461432253,0.9120476031699201,0.000502235398856965,nan,0.9808512527771283,0.001647754727224754,0.9982003503270649
0.0,occupation,same_time,ridge,5000,5000,0,6,"[20260802, 0, 6]",0.08585722825748077,0.08795239683007994,0.08606149912021177,cv-alpha,0.0860502626123045,0.016804686944287432,0.08452056361587312,0.08601899544847347,0.9139497373876955,3.126716383103356e-05,0.00016176719099270098,0.9120476031699201,0.00193340138160647,0.0015296989964313779,0.9977567255582538,0.00019303435482373454,0.9997888356602592
0.0,occupation,same_time,gp,5000,1500,0,6,"[20260802, 0, 6]",0.08505684502213617,0.08795239683007994,0.08606149912021177,reg=10,0.0860502626123045,0.016804686944287432,0.08452056361587312,0.08292064370746166,0.9139497373876955,0.0031296189048428402,-0.002136201314674513,0.9120476031699201,0.0050317531226182766,nan,0.9884553799138984,0.0009934175901683273,0.9989142302614501
0.0,occupation,same_time,mlp,5000,5000,0,6,"[20260802, 0, 6]",0.08740915650786973,0.08795239683007994,0.08606149912021177,weight_decay=0.1,0.0860502626123045,0.016804686944287432,0.08452056361587312,0.08745016143122297,0.9139497373876955,-0.0013998988189184713,4.1004923353238354e-05,0.9120476031699201,0.000502235398856965,nan,1.0157918622710969,-0.001358893895565233,1.00148905054796
0.0,occupation,same_time,ridge,20000,20000,1,6,"[20260802, 0, 6]",0.08601899544847347,0.08795239683007994,0.08606149912021177,cv-alpha,0.0860502626123045,0.016804686944287432,0.08452056361587312,0.08601899544847347,0.9139497373876955,3.126716383103356e-05,0.0,0.9120476031699201,0.00193340138160647,0.0015296989964313779,0.9996366406925229,3.126716383103356e-05,0.9999657901382246
0.0,occupation,same_time,gp,20000,1500,1,6,"[20260802, 0, 6]",0.08292064370746166,0.08795239683007994,0.08606149912021177,reg=30,0.0860502626123045,0.016804686944287432,0.08452056361587312,0.08292064370746166,0.9139497373876955,0.0031296189048428402,0.0,0.9120476031699201,0.0050317531226182766,nan,0.9636303387132797,0.0031296189048428402,0.9965874066585744
0.0,occupation,same_time,mlp,20000,20000,1,6,"[20260802, 0, 6]",0.08745016143122297,0.08795239683007994,0.08606149912021177,weight_decay=0.01,0.0860502626123045,0.016804686944287432,0.08452056361587312,0.08745016143122297,0.9139497373876955,-0.0013998988189184713,0.0,0.9120476031699201,0.000502235398856965,nan,1.0162683852020957,-0.0013998988189184713,1.0015340519057172
0.0,occupation,dispersed,ridge,100,100,0,6,"[20260802, 0, 6]",0.23304577391589465,0.33083594319489007,0.32889050296630773,cv-alpha,0.3288284538097061,0.016804686944287432,0.3268187630006054,0.32799094080945346,0.6711715461902938,0.0008375130002526432,0.09494516689355881,0.6691640568051099,0.0028450023854366124,0.0020096908091006838,0.7087153536012393,0.09578267989381145,0.875112912040584
0.0,occupation,dispersed,gp,100,100,0,6,"[20260802, 0, 6]",0.2249933659382749,0.33083594319489007,0.32889050296630773,reg=1,0.3288284538097061,0.016804686944287432,0.3268187630006054,0.3034316224431264,0.6711715461902938,0.02539683136657972,0.07843825650485148,0.6691640568051099,0.02740432075176369,nan,0.6842271808645829,0.1038350878714312,0.8660203883323645
0.0,occupation,dispersed,mlp,100,100,0,6,"[20260802, 0, 6]",0.11455903414633628,0.33083594319489007,0.32889050296630773,weight_decay=1,0.3288284538097061,0.016804686944287432,0.3268187630006054,0.3283967849100191,0.6711715461902938,0.00043166889968698774,0.21383775076368283,0.6691640568051099,0.002439158284870957,nan,0.3483854052746661,0.21426941966336982,0.7580082377860275
0.0,occupation,dispersed,ridge,250,250,0,6,"[20260802, 0, 6]",0.2903326331771544,0.33083594319489007,0.32889050296630773,cv-alpha,0.3288284538097061,0.016804686944287432,0.3268187630006054,0.32799094080945346,0.6711715461902938,0.0008375130002526432,0.03765830763229905,0.6691640568051099,0.0028450023854366124,0.0020096908091006838,0.8829303845620692,0.03849582063255169,0.9457551207336811
0.0,occupation,dispersed,gp,250,250,0,6,"[20260802, 0, 6]",0.28556587167332426,0.33083594319489007,0.32889050296630773,reg=1,0.3288284538097061,0.016804686944287432,0.3268187630006054,0.3034316224431264,0.6711715461902938,0.02539683136657972,0.017865750769802125,0.6691640568051099,0.02740432075176369,nan,0.8684341892097391,0.043262582136381844,0.9394449671130491
0.0,occupation,dispersed,mlp,250,250,0,6,"[20260802, 0, 6]",0.2909556351162699,0.33083594319489007,0.32889050296630773,weight_decay=0.1,0.3288284538097061,0.016804686944287432,0.3268187630006054,0.3283967849100191,0.6711715461902938,0.00043166889968698774,0.03744114979374924,0.6691640568051099,0.002439158284870957,nan,0.8848249953595764,0.03787281869343623,0.9465861086144494
0.0,occupation,dispersed,ridge,500,500,0,6,"[20260802, 0, 6]",0.31535938490163773,0.33083594319489007,0.32889050296630773,cv-alpha,0.3288284538097061,0.016804686944287432,0.3268187630006054,0.32799094080945346,0.6711715461902938,0.0008375130002526432,0.012631555907815728,0.6691640568051099,0.0028450023854366124,0.0020096908091006838,0.9590392231815105,0.013469068908068371,0.980326804149454
0.0,occupation,dispersed,gp,500,500,0,6,"[20260802, 0, 6]",0.3040163372568533,0.33083594319489007,0.32889050296630773,reg=3,0.3288284538097061,0.016804686944287432,0.3268187630006054,0.3034316224431264,0.6711715461902938,0.02539683136657972,-0.0005847148137269054,0.6691640568051099,0.02740432075176369,nan,0.9245438882633568,0.024812116552852814,0.9643495704266124
0.0,occupation,dispersed,mlp,500,500,0,6,"[20260802, 0, 6]",0.3118090056898838,0.33083594319489007,0.32889050296630773,weight_decay=0.1,0.3288284538097061,0.016804686944287432,0.3268187630006054,0.3283967849100191,0.6711715461902938,0.00043166889968698774,0.016587779220135324,0.6691640568051099,0.002439158284870957,nan,0.9482421672375362,0.01701944811982231,0.9752692955000324
0.0,occupation,dispersed,ridge,1000,1000,0,6,"[20260802, 0, 6]",0.32279832320586865,0.33083594319489007,0.32889050296630773,cv-alpha,0.3288284538097061,0.016804686944287432,0.3268187630006054,0.32799094080945346,0.6711715461902938,0.0008375130002526432,0.005192617603584804,0.6691640568051099,0.0028450023854366124,0.0020096908091006838,0.9816617736878479,0.006030130603837447,0.9910955173171099
0.0,occupation,dispersed,gp,1000,1000,0,6,"[20260802, 0, 6]",0.3158183472873741,0.33083594319489007,0.32889050296630773,reg=3,0.3288284538097061,0.016804686944287432,0.3268187630006054,0.3034316224431264,0.6711715461902938,0.02539683136657972,-0.012386724844247743,0.6691640568051099,0.02740432075176369,nan,0.9604349733984366,0.013010106522331977,0.980984426473949
0.0,occupation,dispersed,mlp,1000,1000,0,6,"[20260802, 0, 6]",0.3201635882614332,0.33083594319489007,0.32889050296630773,weight_decay=0.1,0.3288284538097061,0.016804686944287432,0.3268187630006054,0.3283967849100191,0.6711715461902938,0.00043166889968698774,0.008233196648585905,0.6691640568051099,0.002439158284870957,nan,0.9736492829380049,0.008664865548272893,0.9872544844632343
0.0,occupation,dispersed,ridge,2500,2500,0,6,"[20260802, 0, 6]",0.3246249024154567,0.33083594319489007,0.32889050296630773,cv-alpha,0.3288284538097061,0.016804686944287432,0.3268187630006054,0.32799094080945346,0.6711715461902938,0.0008375130002526432,0.0033660383939967398,0.6691640568051099,0.0028450023854366124,0.0020096908091006838,0.9872165825507242,0.004203551394249383,0.9937759751443557
0.0,occupation,dispersed,gp,2500,1500,0,6,"[20260802, 0, 6]",0.31449065304125656,0.33083594319489007,0.32889050296630773,reg=1,0.3288284538097061,0.016804686944287432,0.3268187630006054,0.3034316224431264,0.6711715461902938,0.02539683136657972,-0.011059030598130182,0.6691640568051099,0.02740432075176369,nan,0.956397323278031,0.014337800768449538,0.9790844562046321
0.0,occupation,dispersed,mlp,2500,2500,0,6,"[20260802, 0, 6]",0.3199678960452421,0.33083594319489007,0.32889050296630773,weight_decay=0.1,0.3288284538097061,0.016804686944287432,0.3268187630006054,0.3283967849100191,0.6711715461902938,0.00043166889968698774,0.008428888864776996,0.6691640568051099,0.002439158284870957,nan,0.9730541634648454,0.008860557764463983,0.9869703831437736
0.0,occupation,dispersed,ridge,5000,5000,0,6,"[20260802, 0, 6]",0.3260781685081635,0.33083594319489007,0.32889050296630773,cv-alpha,0.3288284538097061,0.016804686944287432,0.3268187630006054,0.32799094080945346,0.6711715461902938,0.0008375130002526432,0.0019127723012899445,0.6691640568051099,0.0028450023854366124,0.0020096908091006838,0.991636109133262,0.0027502853015425877,0.9959189847056084
0.0,occupation,dispersed,gp,5000,1500,0,6,"[20260802, 0, 6]",0.3065026943856751,0.33083594319489007,0.32889050296630773,reg=10,0.3288284538097061,0.016804686944287432,0.3268187630006054,0.3034316224431264,0.6711715461902938,0.02539683136657972,-0.003071071942548742,0.6691640568051099,0.02740432075176369,nan,0.9321051473332933,0.022325759424030978,0.9678069990419731
0.0,occupation,dispersed,mlp,5000,5000,0,6,"[20260802, 0, 6]",0.3253592741198812,0.33083594319489007,0.32889050296630773,weight_decay=0.01,0.3288284538097061,0.016804686944287432,0.3268187630006054,0.3283967849100191,0.6711715461902938,0.00043166889968698774,0.0030375107901379206,0.6691640568051099,0.002439158284870957,nan,0.9894498798700901,0.0034691796898249083,0.9948577375234808
0.0,occupation,dispersed,ridge,20000,20000,1,6,"[20260802, 0, 6]",0.32799094080945346,0.33083594319489007,0.32889050296630773,cv-alpha,0.3288284538097061,0.016804686944287432,0.3268187630006054,0.32799094080945346,0.6711715461902938,0.0008375130002526432,0.0,0.6691640568051099,0.0028450023854366124,0.0020096908091006838,0.9974530397520365,0.0008375130002526432,0.998753717693536
0.0,occupation,dispersed,gp,20000,1500,1,6,"[20260802, 0, 6]",0.3034316224431264,0.33083594319489007,0.32889050296630773,reg=1,0.3288284538097061,0.016804686944287432,0.3268187630006054,0.3034316224431264,0.6711715461902938,0.02539683136657972,0.0,0.6691640568051099,0.02740432075176369,nan,0.9227657124183148,0.02539683136657972,0.9635400741910565
0.0,occupation,dispersed,mlp,20000,20000,1,6,"[20260802, 0, 6]",0.3283967849100191,0.33083594319489007,0.32889050296630773,weight_decay=0.01,0.3288284538097061,0.016804686944287432,0.3268187630006054,0.3283967849100191,0.6711715461902938,0.00043166889968698774,0.0,0.6691640568051099,0.002439158284870957,nan,0.9986872519859952,0.00043166889968698774,0.9993572560553791
0.0,mean,same_time,ridge,100,100,0,6,"[20260802, 0, 6]",0.08651497238804384,0.09386151882724625,0.09386151882727789,cv-alpha,0.09372900828046571,0.09521352791540096,0.09372900828879718,0.09382246633801417,0.9062709917195343,-9.345805754845671e-05,0.007307493949970323,0.9061384811727538,3.9052489232083154e-05,-8.331474399270178e-12,0.9230330500154735,0.007214035892421866,0.992102732202102
0.0,mean,same_time,gp,100,100,0,6,"[20260802, 0, 6]",0.03949180039970557,0.09386151882724625,0.09386151882727789,reg=30,0.09372900828046571,0.09521352791540096,0.09372900828879718,0.08877890696204838,0.9062709917195343,0.004950101318417333,0.04928710656234281,0.9061384811727538,0.0050826118651978724,nan,0.42134021392325083,0.05423720788076014,0.9435328007576298
0.0,mean,same_time,mlp,100,100,0,6,"[20260802, 0, 6]",0.08007066967273435,0.09386151882724625,0.09386151882727789,weight_decay=1,0.09372900828046571,0.09521352791540096,0.09372900828879718,0.0936851032463768,0.9062709917195343,4.390503408890911e-05,0.013614433573642448,0.9061384811727538,0.00017641558086944897,nan,0.8542784260891628,0.013658338607731357,0.985152839291609
0.0,mean,same_time,ridge,250,250,0,6,"[20260802, 0, 6]",0.08984798960065121,0.09386151882724625,0.09386151882727789,cv-alpha,0.09372900828046571,0.09521352791540096,0.09372900828879718,0.09382246633801417,0.9062709917195343,-9.345805754845671e-05,0.003974476737362953,0.9061384811727538,3.9052489232083154e-05,-8.331474399270178e-12,0.9585931959484592,0.0038810186798144963,0.9957358566091487
0.0,mean,same_time,gp,250,250,0,6,"[20260802, 0, 6]",0.07849375007984194,0.09386151882724625,0.09386151882727789,reg=3,0.09372900828046571,0.09521352791540096,0.09372900828879718,0.08877890696204838,0.9062709917195343,0.004950101318417333,0.010285156882206437,0.9061384811727538,0.0050826118651978724,nan,0.8374541832872568,0.015235258200623769,0.9834670050236297
0.0,mean,same_time,mlp,250,250,0,6,"[20260802, 0, 6]",0.0769363767795106,0.09386151882724625,0.09386151882727789,weight_decay=0.001,0.09372900828046571,0.09521352791540096,0.09372900828879718,0.0936851032463768,0.9062709917195343,4.390503408890911e-05,0.016748726466866204,0.9061384811727538,0.00017641558086944897,nan,0.8208384809673175,0.016792631500955113,0.9818077204230332
0.0,mean,same_time,ridge,500,500,0,6,"[20260802, 0, 6]",0.08794555371925727,0.09386151882724625,0.09386151882727789,cv-alpha,0.09372900828046571,0.09521352791540096,0.09372900828879718,0.09382246633801417,0.9062709917195343,-9.345805754845671e-05,0.005876912618756891,0.9061384811727538,3.9052489232083154e-05,-8.331474399270178e-12,0.9382960017681764,0.005783454561208434,0.9936588713702426
0.0,mean,same_time,gp,500,500,0,6,"[20260802, 0, 6]",0.08010751814564998,0.09386151882724625,0.09386151882727789,reg=3,0.09372900828046571,0.09521352791540096,0.09372900828879718,0.08877890696204838,0.9062709917195343,0.004950101318417333,0.008671388816398395,0.9061384811727538,0.0050826118651978724,nan,0.8546715644952085,0.013621490134815728,0.9851923019227671
0.0,mean,same_time,mlp,500,500,0,6,"[20260802, 0, 6]",0.08240738578929041,0.09386151882724625,0.09386151882727789,weight_decay=0.01,0.09372900828046571,0.09521352791540096,0.09372900828879718,0.0936851032463768,0.9062709917195343,4.390503408890911e-05,0.01127771745708639,0.9061384811727538,0.00017641558086944897,nan,0.8792089802412337,0.011321622491175298,0.9876616024193766
0.0,mean,same_time,ridge,1000,1000,0,6,"[20260802, 0, 6]",0.09316464267416213,0.09386151882724625,0.09386151882727789,cv-alpha,0.09372900828046571,0.09521352791540096,0.09372900828879718,0.09382246633801417,0.9062709917195343,-9.345805754845671e-05,0.0006578236638520307,0.9061384811727538,3.9052489232083154e-05,-8.331474399270178e-12,0.9939787519716967,0.000564365606303574,0.9993776537254041
0.0,mean,same_time,gp,1000,1000,0,6,"[20260802, 0, 6]",0.08814689737635262,0.09386151882724625,0.09386151882727789,reg=3,0.09372900828046571,0.09521352791540096,0.09372900828879718,0.08877890696204838,0.9062709917195343,0.004950101318417333,0.0006320095856957586,0.9061384811727538,0.0050826118651978724,nan,0.9404441484389794,0.005582110904113091,0.9938782783235021
0.0,mean,same_time,mlp,1000,1000,0,6,"[20260802, 0, 6]",0.09041572007411292,0.09386151882724625,0.09386151882727789,weight_decay=0.01,0.09372900828046571,0.09521352791540096,0.09372900828879718,0.0936851032463768,0.9062709917195343,4.390503408890911e-05,0.0032693831722638844,0.9061384811727538,0.00017641558086944897,nan,0.9646503439315347,0.0033132882063527935,0.9963573598626586
0.0,mean,same_time,ridge,2500,2500,0,6,"[20260802, 0, 6]",0.09123268720028266,0.09386151882724625,0.09386151882727789,cv-alpha,0.09372900828046571,0.09521352791540096,0.09372900828879718,0.09382246633801417,0.9062709917195343,-9.345805754845671e-05,0.002589779137731507,0.9061384811727538,3.9052489232083154e-05,-8.331474399270178e-12,0.9733666116181098,0.0024963210801830504,0.9972530690254555
0.0,mean,same_time,gp,2500,1500,0,6,"[20260802, 0, 6]",0.08016482454667762,0.09386151882724625,0.09386151882727789,reg=30,0.09372900828046571,0.09521352791540096,0.09372900828879718,0.08877890696204838,0.9062709917195343,0.004950101318417333,0.00861408241537076,0.9061384811727538,0.0050826118651978724,nan,0.8552829696735942,0.013564183733788093,0.9852536801203506
0.0,mean,same_time,mlp,2500,2500,0,6,"[20260802, 0, 6]",0.09018687202501152,0.09386151882724625,0.09386151882727789,weight_decay=0.001,0.09372900828046571,0.09521352791540096,0.09372900828879718,0.0936851032463768,0.9062709917195343,4.390503408890911e-05,0.0034982312213652778,0.9061384811727538,0.00017641558086944897,nan,0.9622087513733738,0.003542136255454187,0.9961067430810346
0.0,mean,same_time,ridge,5000,5000,0,6,"[20260802, 0, 6]",0.09298502169470002,0.09386151882724625,0.09386151882727789,cv-alpha,0.09372900828046571,0.09521352791540096,0.09372900828879718,0.09382246633801417,0.9062709917195343,-9.345805754845671e-05,0.0008374446433141447,0.9061384811727538,3.9052489232083154e-05,-8.331474399270178e-12,0.9920623657561867,0.000743986585765688,0.9991797416762006
0.0,mean,same_time,gp,5000,1500,0,6,"[20260802, 0, 6]",0.08620715866888151,0.09386151882724625,0.09386151882727789,reg=30,0.09372900828046571,0.09521352791540096,0.09372900828879718,0.08877890696204838,0.9062709917195343,0.004950101318417333,0.0025717482931668645,0.9061384811727538,0.0050826118651978724,nan,0.9197489683335117,0.007521849611584197,0.9917685395733379
0.0,mean,same_time,mlp,5000,5000,0,6,"[20260802, 0, 6]",0.09265758876856978,0.09386151882724625,0.09386151882727789,weight_decay=0.001,0.09372900828046571,0.09521352791540096,0.09372900828879718,0.0936851032463768,0.9062709917195343,4.390503408890911e-05,0.0010275144778070233,0.9061384811727538,0.00017641558086944897,nan,0.988568965664398,0.0010714195118959324,0.9988191673852853
0.0,mean,same_time,ridge,20000,20000,1,6,"[20260802, 0, 6]",0.09382246633801417,0.09386151882724625,0.09386151882727789,cv-alpha,0.09372900828046571,0.09521352791540096,0.09372900828879718,0.09382246633801417,0.9062709917195343,-9.345805754845671e-05,0.0,0.9061384811727538,3.9052489232083154e-05,-8.331474399270178e-12,1.0009971092115773,-9.345805754845671e-05,1.0001031343793867
0.0,mean,same_time,gp,20000,1500,1,6,"[20260802, 0, 6]",0.08877890696204838,0.09386151882724625,0.09386151882727789,reg=10,0.09372900828046571,0.09521352791540096,0.09372900828879718,0.08877890696204838,0.9062709917195343,0.004950101318417333,0.0,0.9061384811727538,0.0050826118651978724,nan,0.9471870938439344,0.004950101318417333,0.9945676177206192
0.0,mean,same_time,mlp,20000,20000,1,6,"[20260802, 0, 6]",0.0936851032463768,0.09386151882724625,0.09386151882727789,weight_decay=0.01,0.09372900828046571,0.09521352791540096,0.09372900828879718,0.0936851032463768,0.9062709917195343,4.390503408890911e-05,0.0,0.9061384811727538,0.00017641558086944897,nan,0.9995315747505027,4.390503408890911e-05,0.9999515565348797
0.0,mean,dispersed,ridge,100,100,0,6,"[20260802, 0, 6]",0.25314208855770204,0.3645385285113135,0.36453852851143853,cv-alpha,0.36242539370674215,0.09521352791540096,0.3624253937235382,0.3643959359002378,0.6375746062932579,-0.001970542193495628,0.11125384734253574,0.6354614714886865,0.0001425926110757425,-1.6796064539192912e-11,0.6984667546847805,0.10928330514904011,0.8536759087977027
0.0,mean,dispersed,gp,100,100,0,6,"[20260802, 0, 6]",0.05309760590203738,0.3645385285113135,0.36453852851143853,reg=30,0.36242539370674215,0.09521352791540096,0.3624253937235382,0.35017109349061293,0.6375746062932579,0.012254300216129221,0.29707348758857555,0.6354614714886865,0.014367435020700592,nan,0.1465063067435101,0.30932778780470477,0.6733266388038058
0.0,mean,dispersed,mlp,100,100,0,6,"[20260802, 0, 6]",0.06404176647175075,0.3645385285113135,0.36453852851143853,weight_decay=1,0.36242539370674215,0.09521352791540096,0.3624253937235382,0.36399690973125653,0.6375746062932579,-0.0015715160245143855,0.2999551432595058,0.6354614714886865,0.0005416187800569849,nan,0.17670330938115883,0.2983836272349914,0.6811998478712187
0.0,mean,dispersed,ridge,250,250,0,6,"[20260802, 0, 6]",0.3487218355106211,0.3645385285113135,0.36453852851143853,cv-alpha,0.36242539370674215,0.09521352791540096,0.3624253937235382,0.3643959359002378,0.6375746062932579,-0.001970542193495628,0.015674100389616696,0.6354614714886865,0.0001425926110757425,-1.6796064539192912e-11,0.9621892990003638,0.013703558196121068,0.9789589779862111
0.0,mean,dispersed,gp,250,250,0,6,"[20260802, 0, 6]",0.31057323629786815,0.3645385285113135,0.36453852851143853,reg=3,0.36242539370674215,0.09521352791540096,0.3624253937235382,0.35017109349061293,0.6375746062932579,0.012254300216129221,0.03959785719274478,0.6354614714886865,0.014367435020700592,nan,0.8569301204903143,0.051852157408874,0.9247894625812978
0.0,mean,dispersed,mlp,250,250,0,6,"[20260802, 0, 6]",0.3444266075042166,0.3645385285113135,0.36453852851143853,weight_decay=0.1,0.36242539370674215,0.09521352791540096,0.3624253937235382,0.36399690973125653,0.6375746062932579,-0.0015715160245143855,0.019570302227039926,0.6354614714886865,0.0005416187800569849,nan,0.9503379550245055,0.01799878620252554,0.9725449714577286
0.0,mean,dispersed,ridge,500,500,0,6,"[20260802, 0, 6]",0.3554590529448193,0.3645385285113135,0.36453852851143853,cv-alpha,0.36242539370674215,0.09521352791540096,0.3624253937235382,0.3643959359002378,0.6375746062932579,-0.001970542193495628,0.008936882955418501,0.6354614714886865,0.0001425926110757425,-1.6796064539192912e-11,0.9807785522678918,0.0069663407619228734,0.9891917793683224
0.0,mean,dispersed,gp,500,500,0,6,"[20260802, 0, 6]",0.3340851410213982,0.3645385285113135,0.36453852851143853,reg=3,0.36242539370674215,0.09521352791540096,0.3624253937235382,0.35017109349061293,0.6375746062932579,0.012254300216129221,0.016085952469214737,0.6354614714886865,0.014367435020700592,nan,0.9218038990163157,0.02834025268534396,0.9574416274044208
0.0,mean,dispersed,mlp,500,500,0,6,"[20260802, 0, 6]",0.3493234450305778,0.3645385285113135,0.36453852851143853,weight_decay=0.1,0.36242539370674215,0.09521352791540096,0.3624253937235382,0.36399690973125653,0.6375746062932579,-0.0015715160245143855,0.014673464700678762,0.6354614714886865,0.0005416187800569849,nan,0.9638492531051346,0.013101948676164377,0.9798641143958536
0.0,mean,dispersed,ridge,1000,1000,0,6,"[20260802, 0, 6]",0.3608213023439223,0.3645385285113135,0.36453852851143853,cv-alpha,0.36242539370674215,0.09521352791540096,0.3624253937235382,0.3643959359002378,0.6375746062932579,-0.001970542193495628,0.0035746335563154874,0.6354614714886865,0.0001425926110757425,-1.6796064539192912e-11,0.9955740094632612,0.0016040913628198594,0.9974903866967061
0.0,mean,dispersed,gp,1000,1000,0,6,"[20260802, 0, 6]",0.33561915183832114,0.3645385285113135,0.36453852851143853,reg=10,0.36242539370674215,0.09521352791540096,0.3624253937235382,0.35017109349061293,0.6375746062932579,0.012254300216129221,0.014551941652291789,0.6354614714886865,0.014367435020700592,nan,0.9260365241125699,0.02680624186842101,0.9596522959043853
0.0,mean,dispersed,mlp,1000,1000,0,6,"[20260802, 0, 6]",0.3571118580443391,0.3645385285113135,0.36453852851143853,weight_decay=0.1,0.36242539370674215,0.09521352791540096,0.3624253937235382,0.36399690973125653,0.6375746062932579,-0.0015715160245143855,0.006885051686917443,0.6354614714886865,0.0005416187800569849,nan,0.9853389531896252,0.005313535662403057,0.9917348986306712
0.0,mean,dispersed,ridge,2500,2500,0,6,"[20260802, 0, 6]",0.36311272090925995,0.3645385285113135,0.36453852851143853,cv-alpha,0.36242539370674215,0.09521352791540096,0.3624253937235382,0.3643959359002378,0.6375746062932579,-0.001970542193495628,0.0012832149909778323,0.6354614714886865,0.0001425926110757425,-1.6796064539192912e-11,1.0018964653538431,-0.0006873272025177957,1.0010791975677378
0.0,mean,dispersed,gp,2500,1500,0,6,"[20260802, 0, 6]",0.3523303994560144,0.3645385285113135,0.36453852851143853,reg=3,0.36242539370674215,0.09521352791540096,0.3624253937235382,0.35017109349061293,0.6375746062932579,0.012254300216129221,-0.0021593059654014812,0.6354614714886865,0.014367435020700592,nan,0.9721460073548375,0.01009499425072774,0.9844133579185301
0.0,mean,dispersed,mlp,2500,2500,0,6,"[20260802, 0, 6]",0.3592180959128757,0.3645385285113135,0.36453852851143853,weight_decay=0.1,0.36242539370674215,0.09521352791540096,0.3624253937235382,0.36399690973125653,0.6375746062932579,-0.0015715160245143855,0.004778813818380856,0.6354614714886865,0.0005416187800569849,nan,0.9911504606201472,0.0032072977938664704,0.9949947122829013
0.0,mean,dispersed,ridge,5000,5000,0,6,"[20260802, 0, 6]",0.3630708436493829,0.3645385285113135,0.36453852851143853,cv-alpha,0.36242539370674215,0.09521352791540096,0.3624253937235382,0.3643959359002378,0.6375746062932579,-0.001970542193495628,0.0013250922508548646,0.6354614714886865,0.0001425926110757425,-1.6796064539192912e-11,1.001780918097486,-0.0006454499426407634,1.0010133779184156
0.0,mean,dispersed,gp,5000,1500,0,6,"[20260802, 0, 6]",0.34838981213161013,0.3645385285113135,0.36453852851143853,reg=3,0.36242539370674215,0.09521352791540096,0.3624253937235382,0.35017109349061293,0.6375746062932579,0.012254300216129221,0.0017812813590027954,0.6354614714886865,0.014367435020700592,nan,0.9612731838914992,0.014035581575132017,0.9784601563381835
0.0,mean,dispersed,mlp,5000,5000,0,6,"[20260802, 0, 6]",0.3622919544094718,0.3645385285113135,0.36453852851143853,weight_decay=0.01,0.36242539370674215,0.09521352791540096,0.3624253937235382,0.36399690973125653,0.6375746062932579,-0.0015715160245143855,0.001704955321784718,0.6354614714886865,0.0005416187800569849,nan,0.9996318158175795,0.00013343929727033244,0.9997907517425992
0.0,mean,dispersed,ridge,20000,20000,1,6,"[20260802, 0, 6]",0.3643959359002378,0.3645385285113135,0.36453852851143853,cv-alpha,0.36242539370674215,0.09521352791540096,0.3624253937235382,0.3643959359002378,0.6375746062932579,-0.001970542193495628,0.0,0.6354614714886865,0.0001425926110757425,-1.6796064539192912e-11,1.005437097476371,-0.001970542193495628,1.0031002668245783
0.0,mean,dispersed,gp,20000,1500,1,6,"[20260802, 0, 6]",0.35017109349061293,0.3645385285113135,0.36453852851143853,reg=3,0.36242539370674215,0.09521352791540096,0.3624253937235382,0.35017109349061293,0.6375746062932579,0.012254300216129221,0.0,0.6354614714886865,0.014367435020700592,nan,0.9661880750385696,0.012254300216129221,0.9811422666899289
0.0,mean,dispersed,mlp,20000,20000,1,6,"[20260802, 0, 6]",0.36399690973125653,0.3645385285113135,0.36453852851143853,weight_decay=0.01,0.36242539370674215,0.09521352791540096,0.3624253937235382,0.36399690973125653,0.6375746062932579,-0.0015715160245143855,0.0,0.6354614714886865,0.0005416187800569849,nan,1.0043361090359633,-0.0015715160245143855,1.0024709251394524
0.0,occupation,same_time,ridge,100,100,0,7,"[20260802, 0, 7]",0.07356382935527883,0.08635204627449622,0.08498832774929022,cv-alpha,0.0860502626123045,0.016804686944287432,0.08452056361587312,0.08433120563934404,0.9139497373876955,0.0017190569729604588,0.010767376284065211,0.9136479537255038,0.002020840635152177,0.0015296989964313779,0.8548937228317045,0.01248643325702567,0.9865220792833076
0.0,occupation,same_time,gp,100,100,0,7,"[20260802, 0, 7]",0.0425390829863902,0.08635204627449622,0.08498832774929022,reg=3,0.0860502626123045,0.016804686944287432,0.08452056361587312,0.0851650899386811,0.9139497373876955,0.0008851726736233967,0.04262600695229091,0.9136479537255038,0.0011869563358151147,nan,0.4943515765669197,0.043511179625914304,0.9545556598157251
0.0,occupation,same_time,mlp,100,100,0,7,"[20260802, 0, 7]",0.03259849499706291,0.08635204627449622,0.08498832774929022,weight_decay=0.01,0.0860502626123045,0.016804686944287432,0.08452056361587312,0.08513452807993949,0.9139497373876955,0.0009157345323650146,0.052536033082876576,0.9136479537255038,0.0012175181945567326,nan,0.37883086009782363,0.05345176761524159,0.9447470700233412
0.0,occupation,same_time,ridge,250,250,0,7,"[20260802, 0, 7]",0.076781232687814,0.08635204627449622,0.08498832774929022,cv-alpha,0.0860502626123045,0.016804686944287432,0.08452056361587312,0.08433120563934404,0.9139497373876955,0.0017190569729604588,0.007549972951530037,0.9136479537255038,0.002020840635152177,0.0015296989964313779,0.8922835370502972,0.009269029924490496,0.9899600936932035
0.0,occupation,same_time,gp,250,250,0,7,"[20260802, 0, 7]",0.06262629375762019,0.08635204627449622,0.08498832774929022,reg=10,0.0860502626123045,0.016804686944287432,0.08452056361587312,0.0851650899386811,0.9139497373876955,0.0008851726736233967,0.022538796181060916,0.9136479537255038,0.0011869563358151147,nan,0.7277873635293837,0.023423968854684313,0.9750110668789898
0.0,occupation,same_time,mlp,250,250,0,7,"[20260802, 0, 7]",0.07254009302878106,0.08635204627449622,0.08498832774929022,weight_decay=1,0.0860502626123045,0.016804686944287432,0.08452056361587312,0.08513452807993949,0.9139497373876955,0.0009157345323650146,0.012594435051158426,0.9136479537255038,0.0012175181945567326,nan,0.8429967652232174,0.01351016958352344,0.985433149743752
0.0,occupation,same_time,ridge,500,500,0,7,"[20260802, 0, 7]",0.07624752777500765,0.08635204627449622,0.08498832774929022,cv-alpha,0.0860502626123045,0.016804686944287432,0.08452056361587312,0.08433120563934404,0.9139497373876955,0.0017190569729604588,0.008083677864336392,0.9136479537255038,0.002020840635152177,0.0015296989964313779,0.8860812908676104,0.00980273483729685,0.9893881368309786
0.0,occupation,same_time,gp,500,500,0,7,"[20260802, 0, 7]",0.06682173883678133,0.08635204627449622,0.08498832774929022,reg=30,0.0860502626123045,0.016804686944287432,0.08452056361587312,0.0851650899386811,0.9139497373876955,0.0008851726736233967,0.018343351101899774,0.9136479537255038,0.0011869563358151147,nan,0.7765431133876209,0.01922852377552317,0.9793945866767678
0.0,occupation,same_time,mlp,500,500,0,7,"[20260802, 0, 7]",0.07703507842933432,0.08635204627449622,0.08498832774929022,weight_decay=0.1,0.0860502626123045,0.016804686944287432,0.08452056361587312,0.08513452807993949,0.9139497373876955,0.0009157345323650146,0.008099449650605162,0.9136479537255038,0.0012175181945567326,nan,0.8952335076118515,0.009015184182970176,0.990232365312835
0.0,occupation,same_time,ridge,1000,1000,0,7,"[20260802, 0, 7]",0.08226142862588381,0.08635204627449622,0.08498832774929022,cv-alpha,0.0860502626123045,0.016804686944287432,0.08452056361587312,0.08433120563934404,0.9139497373876955,0.0017190569729604588,0.002069777013460228,0.9136479537255038,0.002020840635152177,0.0015296989964313779,0.9559695244221263,0.0037888339864206866,0.9958715541608458
0.0,occupation,same_time,gp,1000,1000,0,7,"[20260802, 0, 7]",0.08089304499968952,0.08635204627449622,0.08498832774929022,reg=10,0.0860502626123045,0.016804686944287432,0.08452056361587312,0.0851650899386811,0.9139497373876955,0.0008851726736233967,0.0042720449389915816,0.9136479537255038,0.0011869563358151147,nan,0.9400673808998052,0.005157217612614978,0.9943888819635651
0.0,occupation,same_time,mlp,1000,1000,0,7,"[20260802, 0, 7]",0.08255451558716254,0.08635204627449622,0.08498832774929022,weight_decay=0.001,0.0860502626123045,0.016804686944287432,0.08452056361587312,0.08513452807993949,0.9139497373876955,0.0009157345323650146,0.0025800124927769508,0.9136479537255038,0.0012175181945567326,nan,0.9593755217123289,0.0034957470251419653,0.996189695099563
0.0,occupation,same_time,ridge,2500,2500,0,7,"[20260802, 0, 7]",0.08448036046101015,0.08635204627449622,0.08498832774929022,cv-alpha,0.0860502626123045,0.016804686944287432,0.08452056361587312,0.08433120563934404,0.9139497373876955,0.0017190569729604588,-0.00014915482166610872,0.9136479537255038,0.002020840635152177,0.0015296989964313779,0.9817559865172351,0.00156990215129435,0.9982852337803645
0.0,occupation,same_time,gp,2500,1500,0,7,"[20260802, 0, 7]",0.08158328003837068,0.08635204627449622,0.08498832774929022,reg=30,0.0860502626123045,0.016804686944287432,0.08452056361587312,0.0851650899386811,0.9139497373876955,0.0008851726736233967,0.0035818099003104287,0.9136479537255038,0.0011869563358151147,nan,0.9480886816806172,0.004466982573933825,0.9951362137939731
0.0,occupation,same_time,mlp,2500,2500,0,7,"[20260802, 0, 7]",0.08522291889455591,0.08635204627449622,0.08498832774929022,weight_decay=0.001,0.0860502626123045,0.016804686944287432,0.08452056361587312,0.08513452807993949,0.9139497373876955,0.0009157345323650146,-8.839081461642362e-05,0.9136479537255038,0.0012175181945567326,nan,0.9903853434884197,0.0008273437177485909,0.9990955788739823
0.0,occupation,same_time,ridge,5000,5000,0,7,"[20260802, 0, 7]",0.08482733570226608,0.08635204627449622,0.08498832774929022,cv-alpha,0.0860502626123045,0.016804686944287432,0.08452056361587312,0.08433120563934404,0.9139497373876955,0.0017190569729604588,-0.00049613006292204,0.9136479537255038,0.002020840635152177,0.0015296989964313779,0.9857882257077092,0.0012229269100384188,0.99866372001946
0.0,occupation,same_time,gp,5000,1500,0,7,"[20260802, 0, 7]",0.08339496003185631,0.08635204627449622,0.08498832774929022,reg=10,0.0860502626123045,0.016804686944287432,0.08452056361587312,0.0851650899386811,0.9139497373876955,0.0008851726736233967,0.001770129906824791,0.9136479537255038,0.0011869563358151147,nan,0.9691424232786885,0.002655302580448188,0.997103111520595
0.0,occupation,same_time,mlp,5000,5000,0,7,"[20260802, 0, 7]",0.08312653732685182,0.08635204627449622,0.08498832774929022,weight_decay=1,0.0860502626123045,0.016804686944287432,0.08452056361587312,0.08513452807993949,0.9139497373876955,0.0009157345323650146,0.002007990753087663,0.9136479537255038,0.0012175181945567326,nan,0.9660230521477269,0.0029237252854526774,0.9968112008859668
0.0,occupation,same_time,ridge,20000,20000,1,7,"[20260802, 0, 7]",0.08433120563934404,0.08635204627449622,0.08498832774929022,cv-alpha,0.0860502626123045,0.016804686944287432,0.08452056361587312,0.08433120563934404,0.9139497373876955,0.0017190569729604588,0.0,0.9136479537255038,0.002020840635152177,0.0015296989964313779,0.9800226411776848,0.0017190569729604588,0.9981226214286785
0.0,occupation,same_time,gp,20000,1500,1,7,"[20260802, 0, 7]",0.0851650899386811,0.08635204627449622,0.08498832774929022,reg=1,0.0860502626123045,0.016804686944287432,0.08452056361587312,0.0851650899386811,0.9139497373876955,0.0008851726736233967,0.0,0.9136479537255038,0.0011869563358151147,nan,0.9897133065402542,0.0008851726736233967,0.9990324235948057
0.0,occupation,same_time,mlp,20000,20000,1,7,"[20260802, 0, 7]",0.08513452807993949,0.08635204627449622,0.08498832774929022,weight_decay=0.1,0.0860502626123045,0.016804686944287432,0.08452056361587312,0.08513452807993949,0.9139497373876955,0.0009157345323650146,0.0,0.9136479537255038,0.0012175181945567326,nan,0.9893581436643509,0.0009157345323650146,0.9989990500674999
0.0,occupation,dispersed,ridge,100,100,0,7,"[20260802, 0, 7]",0.2949170038645146,0.3284297058060919,0.3271957646996102,cv-alpha,0.3288284538097061,0.016804686944287432,0.3268187630006054,0.32680860940162837,0.6711715461902938,0.002019844408077731,0.03189160553711379,0.6715702941939081,0.0016210964044635068,0.0020096908091006838,0.8968719113194014,0.03391144994519152,0.951904314625288
0.0,occupation,dispersed,gp,100,100,0,7,"[20260802, 0, 7]",0.2525837563447445,0.3284297058060919,0.3271957646996102,reg=0.3,0.3288284538097061,0.016804686944287432,0.3268187630006054,0.32069766172859726,0.6711715461902938,0.00813079208110884,0.06811390538385276,0.6715702941939081,0.007732044077494615,nan,0.7681322994357277,0.0762446974649616,0.8979889745343435
0.0,occupation,dispersed,mlp,100,100,0,7,"[20260802, 0, 7]",0.07909950889905581,0.3284297058060919,0.3271957646996102,weight_decay=1,0.3288284538097061,0.016804686944287432,0.3268187630006054,0.3250536967244566,0.6711715461902938,0.0037747570852494916,0.2459541878254008,0.6715702941939081,0.0033760090816352673,nan,0.24054946578567957,0.24972894491065029,0.728820923298567
0.0,occupation,dispersed,ridge,250,250,0,7,"[20260802, 0, 7]",0.3052149834742923,0.3284297058060919,0.3271957646996102,cv-alpha,0.3288284538097061,0.016804686944287432,0.3268187630006054,0.32680860940162837,0.6711715461902938,0.002019844408077731,0.021593625927336046,0.6715702941939081,0.0016210964044635068,0.0020096908091006838,0.9281890905065078,0.023613470335413778,0.9660132706178759
0.0,occupation,dispersed,gp,250,250,0,7,"[20260802, 0, 7]",0.2913983931633961,0.3284297058060919,0.3271957646996102,reg=1,0.3288284538097061,0.016804686944287432,0.3268187630006054,0.32069766172859726,0.6711715461902938,0.00813079208110884,0.029299268565201153,0.6715702941939081,0.007732044077494615,nan,0.8861714665727471,0.03743006064630999,0.9471775673591705
0.0,occupation,dispersed,mlp,250,250,0,7,"[20260802, 0, 7]",0.3035460823704932,0.3284297058060919,0.3271957646996102,weight_decay=0.1,0.3288284538097061,0.016804686944287432,0.3268187630006054,0.3250536967244566,0.6711715461902938,0.0037747570852494916,0.021507614353963422,0.6715702941939081,0.0033760090816352673,nan,0.9231137964300258,0.025282371439212914,0.9636984288561896
0.0,occupation,dispersed,ridge,500,500,0,7,"[20260802, 0, 7]",0.31964128538543835,0.3284297058060919,0.3271957646996102,cv-alpha,0.3288284538097061,0.016804686944287432,0.3268187630006054,0.32680860940162837,0.6711715461902938,0.002019844408077731,0.007167324016190024,0.6715702941939081,0.0016210964044635068,0.0020096908091006838,0.9720609079967746,0.009187168424267755,0.9864965815430577
0.0,occupation,dispersed,gp,500,500,0,7,"[20260802, 0, 7]",0.2809152819182291,0.3284297058060919,0.3271957646996102,reg=0.3,0.3288284538097061,0.016804686944287432,0.3268187630006054,0.32069766172859726,0.6711715461902938,0.00813079208110884,0.03978237981036814,0.6715702941939081,0.007732044077494615,nan,0.854291283687985,0.04791317189147698,0.9333692252294137
0.0,occupation,dispersed,mlp,500,500,0,7,"[20260802, 0, 7]",0.31924918147918735,0.3284297058060919,0.3271957646996102,weight_decay=0.1,0.3288284538097061,0.016804686944287432,0.3268187630006054,0.3250536967244566,0.6711715461902938,0.0037747570852494916,0.0058045152452692594,0.6715702941939081,0.0033760090816352673,nan,0.9708684810589344,0.009579272330518751,0.9859283719242037
0.0,occupation,dispersed,ridge,1000,1000,0,7,"[20260802, 0, 7]",0.3220730335127464,0.3284297058060919,0.3271957646996102,cv-alpha,0.3288284538097061,0.016804686944287432,0.3268187630006054,0.32680860940162837,0.6711715461902938,0.002019844408077731,0.00473557588888196,0.6715702941939081,0.0016210964044635068,0.0020096908091006838,0.9794560956672288,0.006755420296959691,0.990035179848408
0.0,occupation,dispersed,gp,1000,1000,0,7,"[20260802, 0, 7]",0.3058091213188182,0.3284297058060919,0.3271957646996102,reg=1,0.3288284538097061,0.016804686944287432,0.3268187630006054,0.32069766172859726,0.6711715461902938,0.00813079208110884,0.01488854040977905,0.6715702941939081,0.007732044077494615,nan,0.9299959227244695,0.02301933249088789,0.966840053365985
0.0,occupation,dispersed,mlp,1000,1000,0,7,"[20260802, 0, 7]",0.32166470562090166,0.3284297058060919,0.3271957646996102,weight_decay=0.1,0.3288284538097061,0.016804686944287432,0.3268187630006054,0.3250536967244566,0.6711715461902938,0.0037747570852494916,0.0033889911035549503,0.6715702941939081,0.0033760090816352673,nan,0.9782143299772041,0.007163748188804442,0.9894392223902168
0.0,occupation,dispersed,ridge,2500,2500,0,7,"[20260802, 0, 7]",0.3247950386613898,0.3284297058060919,0.3271957646996102,cv-alpha,0.3288284538097061,0.016804686944287432,0.3268187630006054,0.32680860940162837,0.6711715461902938,0.002019844408077731,0.002013570740238557,0.6715702941939081,0.0016210964044635068,0.0020096908091006838,0.9877339837791214,0.004033415148316288,0.9940263840177951
0.0,occupation,dispersed,gp,2500,1500,0,7,"[20260802, 0, 7]",0.3175500266909618,0.3284297058060919,0.3271957646996102,reg=3,0.3288284538097061,0.016804686944287432,0.3268187630006054,0.32069766172859726,0.6711715461902938,0.00813079208110884,0.003147635037635488,0.6715702941939081,0.007732044077494615,nan,0.9657011825221452,0.011278427118744327,0.9834736206903812
0.0,occupation,dispersed,mlp,2500,2500,0,7,"[20260802, 0, 7]",0.32395451190461166,0.3284297058060919,0.3271957646996102,weight_decay=0.1,0.3288284538097061,0.016804686944287432,0.3268187630006054,0.3250536967244566,0.6711715461902938,0.0037747570852494916,0.001099184819844945,0.6715702941939081,0.0033760090816352673,nan,0.9851778583981209,0.004873941905094437,0.9927905118946571
0.0,occupation,dispersed,ridge,5000,5000,0,7,"[20260802, 0, 7]",0.32566407751961923,0.3284297058060919,0.3271957646996102,cv-alpha,0.3288284538097061,0.016804686944287432,0.3268187630006054,0.32680860940162837,0.6711715461902938,0.002019844408077731,0.0011445318820091366,0.6715702941939081,0.0016210964044635068,0.0020096908091006838,0.9903768172935603,0.0031643762900868677,0.9953074184770588
0.0,occupation,dispersed,gp,5000,1500,0,7,"[20260802, 0, 7]",0.31794765398405056,0.3284297058060919,0.3271957646996102,reg=10,0.3288284538097061,0.016804686944287432,0.3268187630006054,0.32069766172859726,0.6711715461902938,0.00813079208110884,0.002750007744546701,0.6715702941939081,0.007732044077494615,nan,0.9669104066281554,0.01088079982565554,0.9840469725099352
0.0,occupation,dispersed,mlp,5000,5000,0,7,"[20260802, 0, 7]",0.3252374549592013,0.3284297058060919,0.3271957646996102,weight_decay=0.01,0.3288284538097061,0.016804686944287432,0.3268187630006054,0.3250536967244566,0.6711715461902938,0.0037747570852494916,-0.000183758234744702,0.6715702941939081,0.0033760090816352673,nan,0.9890794156986703,0.0035909988505047896,0.994678129548095
0.0,occupation,dispersed,ridge,20000,20000,1,7,"[20260802, 0, 7]",0.32680860940162837,0.3284297058060919,0.3271957646996102,cv-alpha,0.3288284538097061,0.016804686944287432,0.3268187630006054,0.32680860940162837,0.6711715461902938,0.002019844408077731,0.0,0.6715702941939081,0.0016210964044635068,0.0020096908091006838,0.9938574524659395,0.002019844408077731,0.9969995985743632
0.0,occupation,dispersed,gp,20000,1500,1,7,"[20260802, 0, 7]",0.32069766172859726,0.3284297058060919,0.3271957646996102,reg=3,0.3288284538097061,0.016804686944287432,0.3268187630006054,0.32069766172859726,0.6711715461902938,0.00813079208110884,0.0,0.6715702941939081,0.007732044077494615,nan,0.9752734534164913,0.00813079208110884,0.9880306726136127
0.0,occupation,dispersed,mlp,20000,20000,1,7,"[20260802, 0, 7]",0.3250536967244566,0.3284297058060919,0.3271957646996102,weight_decay=0.001,0.3288284538097061,0.016804686944287432,0.3268187630006054,0.3250536967244566,0.6711715461902938,0.0037747570852494916,0.0,0.6715702941939081,0.0033760090816352673,nan,0.9885205886488341,0.0037747570852494916,0.994407322379676
0.0,mean,same_time,ridge,100,100,0,7,"[20260802, 0, 7]",0.05732555357687441,0.09435340326758723,0.09435340326776487,cv-alpha,0.09372900828046571,0.09521352791540096,0.09372900828879718,0.09358632853966486,0.9062709917195343,0.000142679740800844,0.036260774962790454,0.9056465967324128,0.0007670747279223677,-8.331474399270178e-12,0.6116095179983012,0.0364034547035913,0.96138279249881
0.0,mean,same_time,gp,100,100,0,7,"[20260802, 0, 7]",0.028203273432671927,0.09435340326758723,0.09435340326776487,reg=10,0.09372900828046571,0.09521352791540096,0.09372900828879718,0.08228605015799184,0.9062709917195343,0.011442958122473867,0.054082776725319914,0.9056465967324128,0.012067353109595391,nan,0.30090229215142394,0.06552573484779378,0.9325725915138139
0.0,mean,same_time,mlp,100,100,0,7,"[20260802, 0, 7]",0.051663463014183564,0.09435340326758723,0.09435340326776487,weight_decay=0.1,0.09372900828046571,0.09521352791540096,0.09372900828879718,0.09330436225573036,0.9062709917195343,0.0004246460247353534,0.04164089924154679,0.9056465967324128,0.0010490410118568771,nan,0.5512003590136232,0.042065545266282145,0.9556428086173049
0.0,mean,same_time,ridge,250,250,0,7,"[20260802, 0, 7]",0.07595605535044492,0.09435340326758723,0.09435340326776487,cv-alpha,0.09372900828046571,0.09521352791540096,0.09372900828879718,0.09358632853966486,0.9062709917195343,0.000142679740800844,0.017630273189219947,0.9056465967324128,0.0007670747279223677,-8.331474399270178e-12,0.8103793771418267,0.01777295293002079,0.9807661172036994
0.0,mean,same_time,gp,250,250,0,7,"[20260802, 0, 7]",0.04269555157584837,0.09435340326758723,0.09435340326776487,reg=30,0.09372900828046571,0.09521352791540096,0.09372900828879718,0.08228605015799184,0.9062709917195343,0.011442958122473867,0.039590498582143474,0.9056465967324128,0.012067353109595391,nan,0.45552121332693807,0.05103345670461734,0.9466904632182321
0.0,mean,same_time,mlp,250,250,0,7,"[20260802, 0, 7]",0.0668567489183689,0.09435340326758723,0.09435340326776487,weight_decay=1,0.09372900828046571,0.09521352791540096,0.09372900828879718,0.09330436225573036,0.9062709917195343,0.0004246460247353534,0.026447613337361453,0.9056465967324128,0.0010490410118568771,nan,0.7132983709623084,0.026872259362096806,0.9712024286400309
0.0,mean,same_time,ridge,500,500,0,7,"[20260802, 0, 7]",0.08263125944652827,0.09435340326758723,0.09435340326776487,cv-alpha,0.09372900828046571,0.09521352791540096,0.09372900828879718,0.09358632853966486,0.9062709917195343,0.000142679740800844,0.010955069093136593,0.9056465967324128,0.0007670747279223677,-8.331474399270178e-12,0.8815975007360625,0.011097748833937437,0.9879026302692178
0.0,mean,same_time,gp,500,500,0,7,"[20260802, 0, 7]",0.02829570520278979,0.09435340326758723,0.09435340326776487,reg=0.001,0.09372900828046571,0.09521352791540096,0.09372900828879718,0.08228605015799184,0.9062709917195343,0.011442958122473867,0.05399034495520205,0.9056465967324128,0.012067353109595391,nan,0.30188845184535007,0.06543330307767592,0.932661300945128
0.0,mean,same_time,mlp,500,500,0,7,"[20260802, 0, 7]",0.08047415087282639,0.09435340326758723,0.09435340326776487,weight_decay=0.1,0.09372900828046571,0.09521352791540096,0.09372900828879718,0.09330436225573036,0.9062709917195343,0.0004246460247353534,0.012830211382903967,0.9056465967324128,0.0010490410118568771,nan,0.8585831894435845,0.01325485740763932,0.9855851171337695
0.0,mean,same_time,ridge,1000,1000,0,7,"[20260802, 0, 7]",0.08874281080244895,0.09435340326758723,0.09435340326776487,cv-alpha,0.09372900828046571,0.09521352791540096,0.09372900828879718,0.09358632853966486,0.9062709917195343,0.000142679740800844,0.004843517737215919,0.9056465967324128,0.0007670747279223677,-8.331474399270178e-12,0.9468019819104824,0.004986197478016763,0.9945282215195388
0.0,mean,same_time,gp,1000,1000,0,7,"[20260802, 0, 7]",0.08099662365285987,0.09435340326758723,0.09435340326776487,reg=10,0.09372900828046571,0.09521352791540096,0.09372900828879718,0.08228605015799184,0.9062709917195343,0.011442958122473867,0.0012894265051319742,0.9056465967324128,0.012067353109595391,nan,0.8641574805794736,0.012732384627605842,0.9861454430361131
0.0,mean,same_time,mlp,1000,1000,0,7,"[20260802, 0, 7]",0.07958922039521732,0.09435340326758723,0.09435340326776487,weight_decay=1,0.09372900828046571,0.09521352791540096,0.09372900828879718,0.09330436225573036,0.9062709917195343,0.0004246460247353534,0.013715141860513036,0.9056465967324128,0.0010490410118568771,nan,0.849141816982232,0.01413978788524839,0.9846375246807519
0.0,mean,same_time,ridge,2500,2500,0,7,"[20260802, 0, 7]",0.0936616981263435,0.09435340326758723,0.09435340326776487,cv-alpha,0.09372900828046571,0.09521352791540096,0.09372900828879718,0.09358632853966486,0.9062709917195343,0.000142679740800844,-7.536958667864191e-05,0.9056465967324128,0.0007670747279223677,-8.331474399270178e-12,0.9992818642237119,6.731015412220209e-05,0.9999257339627123
0.0,mean,same_time,gp,2500,1500,0,7,"[20260802, 0, 7]",0.09031893498129462,0.09435340326758723,0.09435340326776487,reg=0.3,0.09372900828046571,0.09521352791540096,0.09372900828879718,0.08228605015799184,0.9062709917195343,0.011442958122473867,-0.008032884823302777,0.9056465967324128,0.012067353109595391,nan,0.9636177383957044,0.0034100732991710903,0.996251352885859
0.0,mean,same_time,mlp,2500,2500,0,7,"[20260802, 0, 7]",0.09093968297702437,0.09435340326758723,0.09435340326776487,weight_decay=0.1,0.09372900828046571,0.09521352791540096,0.09372900828879718,0.09330436225573036,0.9062709917195343,0.0004246460247353534,0.0023646792787059834,0.9056465967324128,0.0010490410118568771,nan,0.9702405332712492,0.0027893253034413368,0.9969316389119526
0.0,mean,same_time,ridge,5000,5000,0,7,"[20260802, 0, 7]",0.0942933284718791,0.09435340326758723,0.09435340326776487,cv-alpha,0.09372900828046571,0.09521352791540096,0.09372900828879718,0.09358632853966486,0.9062709917195343,0.000142679740800844,-0.0007069999322142362,0.9056465967324128,0.0007670747279223677,-8.331474399270178e-12,1.0060207634943152,-0.0005643201914133922,1.0006230716954545
0.0,mean,same_time,gp,5000,1500,0,7,"[20260802, 0, 7]",0.08906945272857425,0.09435340326758723,0.09435340326776487,reg=10,0.09372900828046571,0.09521352791540096,0.09372900828879718,0.08228605015799184,0.9062709917195343,0.011442958122473867,-0.006783402570582409,0.9056465967324128,0.012067353109595391,nan,0.9502869427792445,0.004659555551891459,0.9948848399410377
0.0,mean,same_time,mlp,5000,5000,0,7,"[20260802, 0, 7]",0.09127752587507809,0.09435340326758723,0.09435340326776487,weight_decay=0.1,0.09372900828046571,0.09521352791540096,0.09372900828879718,0.09330436225573036,0.9062709917195343,0.0004246460247353534,0.002026836380652264,0.9056465967324128,0.0010490410118568771,nan,0.9738449979322086,0.002451482405387617,0.9973022760246484
0.0,mean,same_time,ridge,20000,20000,1,7,"[20260802, 0, 7]",0.09358632853966486,0.09435340326758723,0.09435340326776487,cv-alpha,0.09372900828046571,0.09521352791540096,0.09372900828879718,0.09358632853966486,0.9062709917195343,0.000142679740800844,0.0,0.9056465967324128,0.0007670747279223677,-8.331474399270178e-12,0.998477741913433,0.000142679740800844,0.9998425887149617
0.0,mean,same_time,gp,20000,1500,1,7,"[20260802, 0, 7]",0.08228605015799184,0.09435340326758723,0.09435340326776487,reg=30,0.09372900828046571,0.09521352791540096,0.09372900828879718,0.08228605015799184,0.9062709917195343,0.011442958122473867,0.0,0.9056465967324128,0.012067353109595391,nan,0.8779144436455248,0.011442958122473867,0.9875310186529868
0.0,mean,same_time,mlp,20000,20000,1,7,"[20260802, 0, 7]",0.09330436225573036,0.09435340326758723,0.09435340326776487,weight_decay=0.001,0.09372900828046571,0.09521352791540096,0.09372900828879718,0.09330436225573036,0.9062709917195343,0.0004246460247353534,0.0,0.9056465967324128,0.0010490410118568771,nan,0.9954694279548474,0.0004246460247353534,0.9995316553790953
0.0,mean,dispersed,ridge,100,100,0,7,"[20260802, 0, 7]",0.28256762655706247,0.3620252795475365,0.36202527954745467,cv-alpha,0.36242539370674215,0.09521352791540096,0.3624253937235382,0.361531626259457,0.6375746062932579,0.0008937674472851431,0.07896399970239454,0.6379747204524635,0.0004936532880794875,-1.6796064539192912e-11,0.7796573624907286,0.07985776714967968,0.8886894847434268
0.0,mean,dispersed,gp,100,100,0,7,"[20260802, 0, 7]",0.24467315312849003,0.3620252795475365,0.36202527954745467,reg=1,0.36242539370674215,0.09521352791540096,0.3624253937235382,0.3401253755074314,0.6375746062932579,0.022300018199310767,0.09545222237894135,0.6379747204524635,0.02189990404010511,nan,0.6750993649370723,0.11775224057825212,0.8441042562356014
0.0,mean,dispersed,mlp,100,100,0,7,"[20260802, 0, 7]",0.12167713180322282,0.3620252795475365,0.36202527954745467,weight_decay=1,0.36242539370674215,0.09521352791540096,0.3624253937235382,0.36143175836885866,0.6375746062932579,0.0009936353378834917,0.23975462656563584,0.6379747204524635,0.000593521178677836,nan,0.33573015002827955,0.24074826190351933,0.7259000412937185
0.0,mean,dispersed,ridge,250,250,0,7,"[20260802, 0, 7]",0.3456004065940972,0.3620252795475365,0.36202527954745467,cv-alpha,0.36242539370674215,0.09521352791540096,0.3624253937235382,0.361531626259457,0.6375746062932579,0.0008937674472851431,0.01593121966535982,0.6379747204524635,0.0004936532880794875,-1.6796064539192912e-11,0.9535766880444946,0.016824987112644962,0.974289429146682
0.0,mean,dispersed,gp,250,250,0,7,"[20260802, 0, 7]",0.3195892892437091,0.3620252795475365,0.36202527954745467,reg=1,0.36242539370674215,0.09521352791540096,0.3624253937235382,0.3401253755074314,0.6375746062932579,0.022300018199310767,0.020536086263722275,0.6379747204524635,0.02189990404010511,nan,0.8818071106306253,0.04283610446303304,0.9370437534479436
0.0,mean,dispersed,mlp,250,250,0,7,"[20260802, 0, 7]",0.3433569432339316,0.3620252795475365,0.36202527954745467,weight_decay=0.1,0.36242539370674215,0.09521352791540096,0.3624253937235382,0.36143175836885866,0.6375746062932579,0.0009936353378834917,0.018074815134927036,0.6379747204524635,0.000593521178677836,nan,0.9473865496073935,0.019068450472810528,0.9709607064655164
0.0,mean,dispersed,ridge,500,500,0,7,"[20260802, 0, 7]",0.35424913352180387,0.3620252795475365,0.36202527954745467,cv-alpha,0.36242539370674215,0.09521352791540096,0.3624253937235382,0.361531626259457,0.6375746062932579,0.0008937674472851431,0.0072824927376531345,0.6379747204524635,0.0004936532880794875,-1.6796064539192912e-11,0.9774401564379506,0.008176260184938278,0.9873383674581344
0.0,mean,dispersed,gp,500,500,0,7,"[20260802, 0, 7]",0.3334749590092485,0.3620252795475365,0.36202527954745467,reg=3,0.36242539370674215,0.09521352791540096,0.3624253937235382,0.3401253755074314,0.6375746062932579,0.022300018199310767,0.006650416498182876,0.6379747204524635,0.02189990404010511,nan,0.9201202917891592,0.028950434697493643,0.9565651207125535
0.0,mean,dispersed,mlp,500,500,0,7,"[20260802, 0, 7]",0.35002103017870534,0.3620252795475365,0.36202527954745467,weight_decay=0.1,0.36242539370674215,0.09521352791540096,0.3624253937235382,0.36143175836885866,0.6375746062932579,0.0009936353378834917,0.011410728190153319,0.6379747204524635,0.000593521178677836,nan,0.9657740220651485,0.01240436352803681,0.9809157463487669
0.0,mean,dispersed,ridge,1000,1000,0,7,"[20260802, 0, 7]",0.35534084257637877,0.3620252795475365,0.36202527954745467,cv-alpha,0.36242539370674215,0.09521352791540096,0.3624253937235382,0.361531626259457,0.6375746062932579,0.0008937674472851431,0.006190783683078238,0.6379747204524635,0.0004936532880794875,-1.6796064539192912e-11,0.9804523875716725,0.007084551130363381,0.9890103924705317
0.0,mean,dispersed,gp,1000,1000,0,7,"[20260802, 0, 7]",0.3413278467118237,0.3620252795475365,0.36202527954745467,reg=3,0.36242539370674215,0.09521352791540096,0.3624253937235382,0.3401253755074314,0.6375746062932579,0.022300018199310767,-0.0012024712043923191,0.6379747204524635,0.02189990404010511,nan,0.9417878896974046,0.021097546994918448,0.9679695780524549
0.0,mean,dispersed,mlp,1000,1000,0,7,"[20260802, 0, 7]",0.35174573723922264,0.3620252795475365,0.36202527954745467,weight_decay=0.1,0.36242539370674215,0.09521352791540096,0.3624253937235382,0.36143175836885866,0.6375746062932579,0.0009936353378834917,0.009686021129636013,0.6379747204524635,0.000593521178677836,nan,0.9705328140550742,0.010679656467519505,0.9835255129337105
0.0,mean,dispersed,ridge,2500,2500,0,7,"[20260802, 0, 7]",0.3596694361977052,0.3620252795475365,0.36202527954745467,cv-alpha,0.36242539370674215,0.09521352791540096,0.3624253937235382,0.361531626259457,0.6375746062932579,0.0008937674472851431,0.0018621900617518117,0.6379747204524635,0.0004936532880794875,-1.6796064539192912e-11,0.9923957935705053,0.002755957509036955,0.9956960394133431
0.0,mean,dispersed,gp,2500,1500,0,7,"[20260802, 0, 7]",0.3398142743898276,0.3620252795475365,0.36202527954745467,reg=10,0.36242539370674215,0.09521352791540096,0.3624253937235382,0.3401253755074314,0.6375746062932579,0.022300018199310767,0.0003111011176037959,0.6379747204524635,0.02189990404010511,nan,0.9376116582625266,0.022611119316914563,0.9657503662382032
0.0,mean,dispersed,mlp,2500,2500,0,7,"[20260802, 0, 7]",0.35657159643079595,0.3620252795475365,0.36202527954745467,weight_decay=0.01,0.36242539370674215,0.09521352791540096,0.3624253937235382,0.36143175836885866,0.6375746062932579,0.0009936353378834917,0.004860161938062713,0.6379747204524635,0.000593521178677836,nan,0.9838482695263819,0.005853797275946204,0.9909021777038841
0.0,mean,dispersed,ridge,5000,5000,0,7,"[20260802, 0, 7]",0.36175859727587345,0.3620252795475365,0.36202527954745467,cv-alpha,0.36242539370674215,0.09521352791540096,0.3624253937235382,0.361531626259457,0.6375746062932579,0.0008937674472851431,-0.00022697101641644402,0.6379747204524635,0.0004936532880794875,-1.6796064539192912e-11,0.9981601829164094,0.0006667964308686991,0.9989552598311193
0.0,mean,dispersed,gp,5000,1500,0,7,"[20260802, 0, 7]",0.35004742248215237,0.3620252795475365,0.36202527954745467,reg=3,0.36242539370674215,0.09521352791540096,0.3624253937235382,0.3401253755074314,0.6375746062932579,0.022300018199310767,-0.009922046974720988,0.6379747204524635,0.02189990404010511,nan,0.9658468434068793,0.012377971224589779,0.9809555779102209
0.0,mean,dispersed,mlp,5000,5000,0,7,"[20260802, 0, 7]",0.3597773839570334,0.3620252795475365,0.36202527954745467,weight_decay=0.01,0.36242539370674215,0.09521352791540096,0.3624253937235382,0.36143175836885866,0.6375746062932579,0.0009936353378834917,0.0016543744118252546,0.6379747204524635,0.000593521178677836,nan,0.992693641793071,0.0026480097497087463,0.9958639234488852
0.0,mean,dispersed,ridge,20000,20000,1,7,"[20260802, 0, 7]",0.361531626259457,0.3620252795475365,0.36202527954745467,cv-alpha,0.36242539370674215,0.09521352791540096,0.3624253937235382,0.361531626259457,0.6375746062932579,0.0008937674472851431,0.0,0.6379747204524635,0.0004936532880794875,-1.6796064539192912e-11,0.9975339270845676,0.0008937674472851431,0.9986001382620585
0.0,mean,dispersed,gp,20000,1500,1,7,"[20260802, 0, 7]",0.3401253755074314,0.3620252795475365,0.36202527954745467,reg=10,0.36242539370674215,0.09521352791540096,0.3624253937235382,0.3401253755074314,0.6375746062932579,0.022300018199310767,0.0,0.6379747204524635,0.02189990404010511,nan,0.9384700449070771,0.022300018199310767,0.966205673969568
0.0,mean,dispersed,mlp,20000,20000,1,7,"[20260802, 0, 7]",0.36143175836885866,0.3620252795475365,0.36202527954745467,weight_decay=0.01,0.36242539370674215,0.09521352791540096,0.3624253937235382,0.36143175836885866,0.6375746062932579,0.0009936353378834917,0.0,0.6379747204524635,0.000593521178677836,nan,0.9972583727433638,0.0009936353378834917,0.9984439637409068
0.0,occupation,same_time,ridge,100,100,0,8,"[20260802, 0, 8]",0.012175878238449012,0.08536605433870792,0.08385853602902837,cv-alpha,0.0860502626123045,0.016804686944287432,0.08452056361587312,0.08366733041398688,0.9139497373876955,0.0023829321983176166,0.07149145217553787,0.9146339456612921,0.001698723924721035,0.0015296989964313779,0.14149728157491942,0.07387438437385549,0.9252150430968238
0.0,occupation,same_time,gp,100,100,0,8,"[20260802, 0, 8]",0.003347771651784459,0.08536605433870792,0.08385853602902837,reg=0.1,0.0860502626123045,0.016804686944287432,0.08452056361587312,0.0699441798465037,0.9139497373876955,0.016106082765800805,0.06659640819471924,0.9146339456612921,0.015421874492204224,nan,0.03890483945258471,0.08270249096052004,0.9170197099768836
0.0,occupation,same_time,mlp,100,100,0,8,"[20260802, 0, 8]",0.051315761862717024,0.08536605433870792,0.08385853602902837,weight_decay=1,0.0860502626123045,0.016804686944287432,0.08452056361587312,0.0850783155744802,0.9139497373876955,0.0009719470378243,0.03376255371176318,0.9146339456612921,0.0002877387642277185,nan,0.5963463713517974,0.03473450074958748,0.9633866576957284
0.0,occupation,same_time,ridge,250,250,0,8,"[20260802, 0, 8]",0.07485932741301082,0.08536605433870792,0.08385853602902837,cv-alpha,0.0860502626123045,0.016804686944287432,0.08452056361587312,0.08366733041398688,0.9139497373876955,0.0023829321983176166,0.008808003000976061,0.9146339456612921,0.001698723924721035,0.0015296989964313779,0.8699488547790503,0.011190935199293678,0.9879035312889225
0.0,occupation,same_time,gp,250,250,0,8,"[20260802, 0, 8]",0.07904171017560302,0.08536605433870792,0.08385853602902837,reg=30,0.0860502626123045,0.016804686944287432,0.08452056361587312,0.0699441798465037,0.9139497373876955,0.016106082765800805,-0.009097530329099324,0.9146339456612921,0.015421874492204224,nan,0.9185528059539086,0.007008552436701482,0.992389935012108
0.0,occupation,same_time,mlp,250,250,0,8,"[20260802, 0, 8]",0.07642405671495134,0.08536605433870792,0.08385853602902837,weight_decay=0.1,0.0860502626123045,0.016804686944287432,0.08452056361587312,0.0850783155744802,0.9139497373876955,0.0009719470378243,0.008654258859528863,0.9146339456612921,0.0002877387642277185,nan,0.8881327539844522,0.009626205897353163,0.9895772448737524
0.0,occupation,same_time,ridge,500,500,0,8,"[20260802, 0, 8]",0.08147083990832904,0.08536605433870792,0.08385853602902837,cv-alpha,0.0860502626123045,0.016804686944287432,0.08452056361587312,0.08366733041398688,0.9139497373876955,0.0023829321983176166,0.0021964905056578443,0.9146339456612921,0.001698723924721035,0.0015296989964313779,0.9467820019956494,0.004579422703975461,0.9950143959463209
0.0,occupation,same_time,gp,500,500,0,8,"[20260802, 0, 8]",0.0745285224536405,0.08536605433870792,0.08385853602902837,reg=0.001,0.0860502626123045,0.016804686944287432,0.08452056361587312,0.0699441798465037,0.9139497373876955,0.016106082765800805,-0.004584342607136804,0.9146339456612921,0.015421874492204224,nan,0.8661045322944025,0.011521740158664001,0.9875504103171165
0.0,occupation,same_time,mlp,500,500,0,8,"[20260802, 0, 8]",0.08262890280261803,0.08536605433870792,0.08385853602902837,weight_decay=0.1,0.0860502626123045,0.016804686944287432,0.08452056361587312,0.0850783155744802,0.9139497373876955,0.0009719470378243,0.0024494127718621694,0.9146339456612921,0.0002877387642277185,nan,0.9602399840997435,0.0034213598096864695,0.9962704735083339
0.0,occupation,same_time,ridge,1000,1000,0,8,"[20260802, 0, 8]",0.0840458692325482,0.08536605433870792,0.08385853602902837,cv-alpha,0.0860502626123045,0.016804686944287432,0.08452056361587312,0.08366733041398688,0.9139497373876955,0.0023829321983176166,-0.00037853881856131366,0.9146339456612921,0.001698723924721035,0.0015296989964313779,0.976706713972658,0.002004393379756303,0.9978116880393597
0.0,occupation,same_time,gp,1000,1000,0,8,"[20260802, 0, 8]",0.08293136937208012,0.08536605433870792,0.08385853602902837,reg=10,0.0860502626123045,0.016804686944287432,0.08452056361587312,0.0699441798465037,0.9139497373876955,0.016106082765800805,-0.012987189525576426,0.9146339456612921,0.015421874492204224,nan,0.9637549828955617,0.0031188932402243796,0.9965990623427072
0.0,occupation,same_time,mlp,1000,1000,0,8,"[20260802, 0, 8]",0.08390309356824066,0.08536605433870792,0.08385853602902837,weight_decay=1,0.0860502626123045,0.016804686944287432,0.08452056361587312,0.0850783155744802,0.9139497373876955,0.0009719470378243,0.0011752220062395402,0.9146339456612921,0.0002877387642277185,nan,0.9750475015545529,0.0021471690440638402,0.9976561769513804
0.0,occupation,same_time,ridge,2500,2500,0,8,"[20260802, 0, 8]",0.08401174840425973,0.08536605433870792,0.08385853602902837,cv-alpha,0.0860502626123045,0.016804686944287432,0.08452056361587312,0.08366733041398688,0.9139497373876955,0.0023829321983176166,-0.00034441799027284947,0.9146339456612921,0.001698723924721035,0.0015296989964313779,0.97631019190227,0.002038514208044767,0.9977745192643099
0.0,occupation,same_time,gp,2500,1500,0,8,"[20260802, 0, 8]",0.08051058484559603,0.08536605433870792,0.08385853602902837,reg=30,0.0860502626123045,0.016804686944287432,0.08452056361587312,0.0699441798465037,0.9139497373876955,0.016106082765800805,-0.010566404999092338,0.9146339456612921,0.015421874492204224,nan,0.9356227674554901,0.005539677766708467,0.9939752674958436
0.0,occupation,same_time,mlp,2500,2500,0,8,"[20260802, 0, 8]",0.08384195103010972,0.08536605433870792,0.08385853602902837,weight_decay=1,0.0860502626123045,0.016804686944287432,0.08452056361587312,0.0850783155744802,0.9139497373876955,0.0009719470378243,0.001236364544370483,0.9146339456612921,0.0002877387642277185,nan,0.9743369570858345,0.002208311582194783,0.9975895953927624
0.0,occupation,same_time,ridge,5000,5000,0,8,"[20260802, 0, 8]",0.08363691076364455,0.08536605433870792,0.08385853602902837,cv-alpha,0.0860502626123045,0.016804686944287432,0.08452056361587312,0.08366733041398688,0.9139497373876955,0.0023829321983176166,3.041965034233929e-05,0.9146339456612921,0.001698723924721035,0.0015296989964313779,0.9719541605638881,0.002413351848659956,0.9973663803387464
0.0,occupation,same_time,gp,5000,1500,0,8,"[20260802, 0, 8]",0.08343350447870845,0.08536605433870792,0.08385853602902837,reg=10,0.0860502626123045,0.016804686944287432,0.08452056361587312,0.0699441798465037,0.9139497373876955,0.016106082765800805,-0.013489324632204758,0.9146339456612921,0.015421874492204224,nan,0.9695903527292447,0.0026167581335960477,0.9971450427804391
0.0,occupation,same_time,mlp,5000,5000,0,8,"[20260802, 0, 8]",0.08294867850755872,0.08536605433870792,0.08385853602902837,weight_decay=1,0.0860502626123045,0.016804686944287432,0.08452056361587312,0.0850783155744802,0.9139497373876955,0.0009719470378243,0.002129637066921486,0.9146339456612921,0.0002877387642277185,nan,0.9639561343499923,0.003101584104745786,0.9966178729237333
0.0,occupation,same_time,ridge,20000,20000,1,8,"[20260802, 0, 8]",0.08366733041398688,0.08536605433870792,0.08385853602902837,cv-alpha,0.0860502626123045,0.016804686944287432,0.08452056361587312,0.08366733041398688,0.9139497373876955,0.0023829321983176166,0.0,0.9146339456612921,0.001698723924721035,0.0015296989964313779,0.9723076708196254,0.0023829321983176166,0.997399490078866
0.0,occupation,same_time,gp,20000,1500,1,8,"[20260802, 0, 8]",0.0699441798465037,0.08536605433870792,0.08385853602902837,reg=0.001,0.0860502626123045,0.016804686944287432,0.08452056361587312,0.0699441798465037,0.9139497373876955,0.016106082765800805,0.0,0.9146339456612921,0.015421874492204224,nan,0.8128293595294878,0.016106082765800805,0.9826826708496457
0.0,occupation,same_time,mlp,20000,20000,1,8,"[20260802, 0, 8]",0.0850783155744802,0.08536605433870792,0.08385853602902837,weight_decay=0.1,0.0860502626123045,0.016804686944287432,0.08452056361587312,0.0850783155744802,0.9139497373876955,0.0009719470378243,0.0,0.9146339456612921,0.0002877387642277185,nan,0.9887048916724013,0.0009719470378243,0.9989376718746866
0.0,occupation,dispersed,ridge,100,100,0,8,"[20260802, 0, 8]",0.275308108817089,0.3308411397170108,0.32921979311296834,cv-alpha,0.3288284538097061,0.016804686944287432,0.3268187630006054,0.32887711826881005,0.6711715461902938,-4.866445910395312e-05,0.05356900945172105,0.6691588602829892,0.0019640214482007368,0.0020096908091006838,0.8372393131660393,0.0535203449926171,0.9261474488071666
0.0,occupation,dispersed,gp,100,100,0,8,"[20260802, 0, 8]",0.25025602946166225,0.3308411397170108,0.32921979311296834,reg=0.3,0.3288284538097061,0.016804686944287432,0.3268187630006054,0.3168665985933684,0.6711715461902938,0.011961855216337691,0.06661056913170615,0.6691588602829892,0.013974541123642381,nan,0.7610534507043788,0.07857242434804385,0.8952009920244819
0.0,occupation,dispersed,mlp,100,100,0,8,"[20260802, 0, 8]",0.28117178807867627,0.3308411397170108,0.32921979311296834,weight_decay=0.1,0.3288284538097061,0.016804686944287432,0.3268187630006054,0.32914740979805457,0.6711715461902938,-0.0003189559883484683,0.0479756217193783,0.6691588602829892,0.0016937299189562216,nan,0.8550713444080211,0.047656665731029835,0.9337022880562096
0.0,occupation,dispersed,ridge,250,250,0,8,"[20260802, 0, 8]",0.30332703977663045,0.3308411397170108,0.32921979311296834,cv-alpha,0.3288284538097061,0.016804686944287432,0.3268187630006054,0.32887711826881005,0.6711715461902938,-4.866445910395312e-05,0.025550078492179606,0.6691588602829892,0.0019640214482007368,0.0020096908091006838,0.9224476661383039,0.025501414033075653,0.9633954301529094
0.0,occupation,dispersed,gp,250,250,0,8,"[20260802, 0, 8]",0.2928833757481889,0.3308411397170108,0.32921979311296834,reg=1,0.3288284538097061,0.016804686944287432,0.3268187630006054,0.3168665985933684,0.6711715461902938,0.011961855216337691,0.023983222845179508,0.6691588602829892,0.013974541123642381,nan,0.8906874461590276,0.0359450780615172,0.9491666907144911
0.0,occupation,dispersed,mlp,250,250,0,8,"[20260802, 0, 8]",0.304273142358528,0.3308411397170108,0.32921979311296834,weight_decay=0.1,0.3288284538097061,0.016804686944287432,0.3268187630006054,0.32914740979805457,0.6711715461902938,-0.0003189559883484683,0.024874267439526587,0.6691588602829892,0.0016937299189562216,nan,0.9253248580933682,0.02455531145117812,0.9647055289278019
0.0,occupation,dispersed,ridge,500,500,0,8,"[20260802, 0, 8]",0.3137275083320188,0.3308411397170108,0.32921979311296834,cv-alpha,0.3288284538097061,0.016804686944287432,0.3268187630006054,0.32887711826881005,0.6711715461902938,-4.866445910395312e-05,0.015149609936791264,0.6691588602829892,0.0019640214482007368,0.0020096908091006838,0.9540765243921797,0.015100945477687311,0.9779957004527683
0.0,occupation,dispersed,gp,500,500,0,8,"[20260802, 0, 8]",0.3026628565558743,0.3308411397170108,0.32921979311296834,reg=3,0.3288284538097061,0.016804686944287432,0.3268187630006054,0.3168665985933684,0.6711715461902938,0.011961855216337691,0.014203742037494083,0.6691588602829892,0.013974541123642381,nan,0.9204278189716092,0.026165597253831774,0.9624778380159118
0.0,occupation,dispersed,mlp,500,500,0,8,"[20260802, 0, 8]",0.3120289342331456,0.3308411397170108,0.32921979311296834,weight_decay=0.1,0.3288284538097061,0.016804686944287432,0.3268187630006054,0.32914740979805457,0.6711715461902938,-0.0003189559883484683,0.017118475564908975,0.6691588602829892,0.0016937299189562216,nan,0.9489109917894075,0.016799519576560507,0.9755810666865259
0.0,occupation,dispersed,ridge,1000,1000,0,8,"[20260802, 0, 8]",0.32510019010643554,0.3308411397170108,0.32921979311296834,cv-alpha,0.3288284538097061,0.016804686944287432,0.3268187630006054,0.32887711826881005,0.6711715461902938,-4.866445910395312e-05,0.0037769281623745155,0.6691588602829892,0.0019640214482007368,0.0020096908091006838,0.9886619796429535,0.0037282637032705623,0.9944758264136145
0.0,occupation,dispersed,gp,1000,1000,0,8,"[20260802, 0, 8]",0.31638687511384944,0.3308411397170108,0.32921979311296834,reg=3,0.3288284538097061,0.016804686944287432,0.3268187630006054,0.3168665985933684,0.6711715461902938,0.011961855216337691,0.00047972347951896754,0.6691588602829892,0.013974541123642381,nan,0.9621639230069287,0.012441578695856659,0.9818002635658455
0.0,occupation,dispersed,mlp,1000,1000,0,8,"[20260802, 0, 8]",0.3221429059318742,0.3308411397170108,0.32921979311296834,weight_decay=0.1,0.3288284538097061,0.016804686944287432,0.3268187630006054,0.32914740979805457,0.6711715461902938,-0.0003189559883484683,0.007004503866180345,0.6691588602829892,0.0016937299189562216,nan,0.9796685846362285,0.006685547877831877,0.9901372310825738
0.0,occupation,dispersed,ridge,2500,2500,0,8,"[20260802, 0, 8]",0.32670868330184466,0.3308411397170108,0.32921979311296834,cv-alpha,0.3288284538097061,0.016804686944287432,0.3268187630006054,0.32887711826881005,0.6711715461902938,-4.866445910395312e-05,0.0021684349669653935,0.6691588602829892,0.0019640214482007368,0.0020096908091006838,0.9935535672679708,0.0021197705078614404,0.9968516295171355
0.0,occupation,dispersed,gp,2500,1500,0,8,"[20260802, 0, 8]",0.31925658156113346,0.3308411397170108,0.32921979311296834,reg=3,0.3288284538097061,0.016804686944287432,0.3268187630006054,0.3168665985933684,0.6711715461902938,0.011961855216337691,-0.0023899829677650475,0.6691588602829892,0.013974541123642381,nan,0.970890985443395,0.009571872248572644,0.9859390895463614
0.0,occupation,dispersed,mlp,2500,2500,0,8,"[20260802, 0, 8]",0.32556705797989205,0.3308411397170108,0.32921979311296834,weight_decay=0.1,0.3288284538097061,0.016804686944287432,0.3268187630006054,0.32914740979805457,0.6711715461902938,-0.0003189559883484683,0.0035803518181625194,0.6691588602829892,0.0016937299189562216,nan,0.9900817712335155,0.003261395829814051,0.9951642400205937
0.0,occupation,dispersed,ridge,5000,5000,0,8,"[20260802, 0, 8]",0.32701127586607825,0.3308411397170108,0.32921979311296834,cv-alpha,0.3288284538097061,0.016804686944287432,0.3268187630006054,0.32887711826881005,0.6711715461902938,-4.866445910395312e-05,0.0018658424027317988,0.6691588602829892,0.0019640214482007368,0.0020096908091006838,0.9944737813210062,0.0018171779436278457,0.9972998389446027
0.0,occupation,dispersed,gp,5000,1500,0,8,"[20260802, 0, 8]",0.30980191513415656,0.3308411397170108,0.32921979311296834,reg=1,0.3288284538097061,0.016804686944287432,0.3268187630006054,0.3168665985933684,0.6711715461902938,0.011961855216337691,0.007064683459211851,0.6691588602829892,0.013974541123642381,nan,0.9421384054356797,0.019026538675549542,0.9724332201251358
0.0,occupation,dispersed,mlp,5000,5000,0,8,"[20260802, 0, 8]",0.3255326897701717,0.3308411397170108,0.32921979311296834,weight_decay=0.1,0.3288284538097061,0.016804686944287432,0.3268187630006054,0.32914740979805457,0.6711715461902938,-0.0003189559883484683,0.0036147200278828784,0.6691588602829892,0.0016937299189562216,nan,0.9899772540929755,0.00329576403953441,0.9951135303526994
0.0,occupation,dispersed,ridge,20000,20000,1,8,"[20260802, 0, 8]",0.32887711826881005,0.3308411397170108,0.32921979311296834,cv-alpha,0.3288284538097061,0.016804686944287432,0.3268187630006054,0.32887711826881005,0.6711715461902938,-4.866445910395312e-05,0.0,0.6691588602829892,0.0019640214482007368,0.0020096908091006838,1.000147993455372,-4.866445910395312e-05,1.0000725119950886
0.0,occupation,dispersed,gp,20000,1500,1,8,"[20260802, 0, 8]",0.3168665985933684,0.3308411397170108,0.32921979311296834,reg=3,0.3288284538097061,0.016804686944287432,0.3268187630006054,0.3168665985933684,0.6711715461902938,0.011961855216337691,0.0,0.6691588602829892,0.013974541123642381,nan,0.9636228097728426,0.011961855216337691,0.9824897228100584
0.0,occupation,dispersed,mlp,20000,20000,1,8,"[20260802, 0, 8]",0.32914740979805457,0.3308411397170108,0.32921979311296834,weight_decay=0.01,0.3288284538097061,0.016804686944287432,0.3268187630006054,0.32914740979805457,0.6711715461902938,-0.0003189559883484683,0.0,0.6691588602829892,0.0016937299189562216,nan,1.0009699768516171,-0.0003189559883484683,1.0004754486947012
0.0,mean,same_time,ridge,100,100,0,8,"[20260802, 0, 8]",0.07914445984151941,0.09377880511781977,0.09377880511795778,cv-alpha,0.09372900828046571,0.09521352791540096,0.09372900828879718,0.09352156671409484,0.9062709917195343,0.00020744156637086952,0.01437710687257543,0.9062211948821802,0.00025723840372493534,-8.331474399270178e-12,0.8443966419093554,0.014584548438946299,0.9841619583062547
0.0,mean,same_time,gp,100,100,0,8,"[20260802, 0, 8]",-0.13829731729262407,0.09377880511781977,0.09377880511795778,reg=0.001,0.09372900828046571,0.09521352791540096,0.09372900828879718,0.08848103729528334,0.9062709917195343,0.005247970985182371,0.2267783545879074,0.9062211948821802,0.005297767822536437,nan,-1.475501766526713,0.23202632557308978,0.7961636893558255
0.0,mean,same_time,mlp,100,100,0,8,"[20260802, 0, 8]",0.07983881983482433,0.09377880511781977,0.09377880511795778,weight_decay=1,0.09372900828046571,0.09521352791540096,0.09372900828879718,0.09244514463919362,0.9062709917195343,0.0012838636412720872,0.012606324804369295,0.9062211948821802,0.001333660478626153,nan,0.8518048072793247,0.013890188445641383,0.9849046137295773
0.0,mean,same_time,ridge,250,250,0,8,"[20260802, 0, 8]",0.09118493786841331,0.09377880511781977,0.09377880511795778,cv-alpha,0.09372900828046571,0.09521352791540096,0.09372900828879718,0.09352156671409484,0.9062709917195343,0.00020744156637086952,0.002336628845681532,0.9062211948821802,0.00025723840372493534,-8.331474399270178e-12,0.9728571713418778,0.0025440704120524016,0.9972006731423604
0.0,mean,same_time,gp,250,250,0,8,"[20260802, 0, 8]",0.08868303701990832,0.09377880511781977,0.09377880511795778,reg=3,0.09372900828046571,0.09521352791540096,0.09372900828879718,0.08848103729528334,0.9062709917195343,0.005247970985182371,-0.0002019997246249794,0.9062211948821802,0.005297767822536437,nan,0.946164252101566,0.005045971260557391,0.9944629898646278
0.0,mean,same_time,mlp,250,250,0,8,"[20260802, 0, 8]",0.09041147627559087,0.09377880511781977,0.09377880511795778,weight_decay=0.01,0.09372900828046571,0.09521352791540096,0.09372900828879718,0.09244514463919362,0.9062709917195343,0.0012838636412720872,0.0020336683636027475,0.9062211948821802,0.001333660478626153,nan,0.9646050666091786,0.0033175320048748347,0.9963527112333269
0.0,mean,same_time,ridge,500,500,0,8,"[20260802, 0, 8]",0.08842589609620666,0.09377880511781977,0.09377880511795778,cv-alpha,0.09372900828046571,0.09521352791540096,0.09372900828879718,0.09352156671409484,0.9062709917195343,0.00020744156637086952,0.005095670617888182,0.9062211948821802,0.00025723840372493534,-8.331474399270178e-12,0.9434208012914153,0.005303112184259051,0.9941824672711208
0.0,mean,same_time,gp,500,500,0,8,"[20260802, 0, 8]",0.08331051375196474,0.09377880511781977,0.09377880511795778,reg=1,0.09372900828046571,0.09521352791540096,0.09372900828879718,0.08848103729528334,0.9062709917195343,0.005247970985182371,0.005170523543318595,0.9062211948821802,0.005297767822536437,nan,0.8888445026823962,0.010418494528500966,0.9886346525352403
0.0,mean,same_time,mlp,500,500,0,8,"[20260802, 0, 8]",0.08235271508443609,0.09377880511781977,0.09377880511795778,weight_decay=1,0.09372900828046571,0.09521352791540096,0.09372900828879718,0.09244514463919362,0.9062709917195343,0.0012838636412720872,0.010092429554757532,0.9062211948821802,0.001333660478626153,nan,0.8786256954518468,0.011376293196029619,0.987602760469044
0.0,mean,same_time,ridge,1000,1000,0,8,"[20260802, 0, 8]",0.0932690018620087,0.09377880511781977,0.09377880511795778,cv-alpha,0.09372900828046571,0.09521352791540096,0.09372900828879718,0.09352156671409484,0.9062709917195343,0.00020744156637086952,0.00025256485208613455,0.9062211948821802,0.00025723840372493534,-8.331474399270178e-12,0.9950921659484487,0.0004600064184570041,0.9994926759762248
0.0,mean,same_time,gp,1000,1000,0,8,"[20260802, 0, 8]",0.08238061454672951,0.09377880511781977,0.09377880511795778,reg=30,0.09372900828046571,0.09521352791540096,0.09372900828879718,0.08848103729528334,0.9062709917195343,0.005247970985182371,0.006100422748553824,0.9062211948821802,0.005297767822536437,nan,0.8789233563660639,0.011348393733736195,0.9876327877182646
0.0,mean,same_time,mlp,1000,1000,0,8,"[20260802, 0, 8]",0.08971349768051284,0.09377880511781977,0.09377880511795778,weight_decay=0.01,0.09372900828046571,0.09521352791540096,0.09372900828879718,0.09244514463919362,0.9062709917195343,0.0012838636412720872,0.002731646958680778,0.9062211948821802,0.001333660478626153,nan,0.9571582941757237,0.004015510599952865,0.9955887398201324
0.0,mean,same_time,ridge,2500,2500,0,8,"[20260802, 0, 8]",0.09373740424608423,0.09377880511781977,0.09377880511795778,cv-alpha,0.09372900828046571,0.09521352791540096,0.09372900828879718,0.09352156671409484,0.9062709917195343,0.00020744156637086952,-0.00021583753198939348,0.9062211948821802,0.00025723840372493534,-8.331474399270178e-12,1.000089577023939,-8.39596561852396e-06,1.0000092643850225
0.0,mean,same_time,gp,2500,1500,0,8,"[20260802, 0, 8]",0.08575612969651714,0.09377880511781977,0.09377880511795778,reg=10,0.09372900828046571,0.09521352791540096,0.09372900828879718,0.08848103729528334,0.9062709917195343,0.005247970985182371,0.002724907598766202,0.9062211948821802,0.005297767822536437,nan,0.9149369151534038,0.007972878583948573,0.9912792649281837
0.0,mean,same_time,mlp,2500,2500,0,8,"[20260802, 0, 8]",0.09275647607362847,0.09377880511781977,0.09377880511795778,weight_decay=0.001,0.09372900828046571,0.09521352791540096,0.09372900828879718,0.09244514463919362,0.9062709917195343,0.0012838636412720872,-0.00031133143443484723,0.9062211948821802,0.001333660478626153,nan,0.9896239998194889,0.00097253220683724,0.9989280362094751
0.0,mean,same_time,ridge,5000,5000,0,8,"[20260802, 0, 8]",0.09394811387871715,0.09377880511781977,0.09377880511795778,cv-alpha,0.09372900828046571,0.09521352791540096,0.09372900828879718,0.09352156671409484,0.9062709917195343,0.00020744156637086952,-0.0004265471646223151,0.9062211948821802,0.00025723840372493534,-8.331474399270178e-12,1.002337649808433,-0.0002191055982514456,1.0002418245595066
0.0,mean,same_time,gp,5000,1500,0,8,"[20260802, 0, 8]",0.08841984704019434,0.09377880511781977,0.09377880511795778,reg=0.1,0.09372900828046571,0.09521352791540096,0.09372900828879718,0.08848103729528334,0.9062709917195343,0.005247970985182371,6.119025508899423e-05,0.9062211948821802,0.005297767822536437,nan,0.9433562635765361,0.005309161240271365,0.9941758700833568
0.0,mean,same_time,mlp,5000,5000,0,8,"[20260802, 0, 8]",0.09295271850148457,0.09377880511781977,0.09377880511795778,weight_decay=0.001,0.09372900828046571,0.09521352791540096,0.09372900828879718,0.09244514463919362,0.9062709917195343,0.0012838636412720872,-0.0005075738622909443,0.9062211948821802,0.001333660478626153,nan,0.9917177211919468,0.0007762897789811429,0.9991441573170269
0.0,mean,same_time,ridge,20000,20000,1,8,"[20260802, 0, 8]",0.09352156671409484,0.09377880511781977,0.09377880511795778,cv-alpha,0.09372900828046571,0.09521352791540096,0.09372900828879718,0.09352156671409484,0.9062709917195343,0.00020744156637086952,0.0,0.9062211948821802,0.00025723840372493534,-8.331474399270178e-12,0.9977867943961368,0.00020744156637086952,0.9997711566444897
0.0,mean,same_time,gp,20000,1500,1,8,"[20260802, 0, 8]",0.08848103729528334,0.09377880511781977,0.09377880511795778,reg=3,0.09372900828046571,0.09521352791540096,0.09372900828879718,0.08848103729528334,0.9062709917195343,0.005247970985182371,0.0,0.9062211948821802,0.005297767822536437,nan,0.9440091058098167,0.005247970985182371,0.9942426090954705
0.0,mean,same_time,mlp,20000,20000,1,8,"[20260802, 0, 8]",0.09244514463919362,0.09377880511781977,0.09377880511795778,weight_decay=0.1,0.09372900828046571,0.09521352791540096,0.09372900828879718,0.09244514463919362,0.9062709917195343,0.0012838636412720872,0.0,0.9062211948821802,0.001333660478626153,nan,0.986302387437725,0.0012838636412720872,0.998585359734799
0.0,mean,dispersed,ridge,100,100,0,8,"[20260802, 0, 8]",0.30609943257042793,0.3684286445777566,0.3684286445783571,cv-alpha,0.36242539370674215,0.09521352791540096,0.3624253937235382,0.367851460460661,0.6375746062932579,-0.005426066753918823,0.06175202789023304,0.6315713554222434,0.0005771841170956193,-1.6796064539192912e-11,0.8445860524279638,0.05632596113631422,0.9188270426914862
0.0,mean,dispersed,gp,100,100,0,8,"[20260802, 0, 8]",0.30976545958987534,0.3684286445777566,0.3684286445783571,reg=1,0.36242539370674215,0.09521352791540096,0.3624253937235382,0.3510485573683254,0.6375746062932579,0.01137683633841674,0.04128309777845007,0.6315713554222434,0.017380087209431183,nan,0.8547013122389631,0.05265993411686681,0.9237071878704053
0.0,mean,dispersed,mlp,100,100,0,8,"[20260802, 0, 8]",0.3032062939825657,0.3684286445777566,0.3684286445783571,weight_decay=0.1,0.36242539370674215,0.09521352791540096,0.3624253937235382,0.3668409857170578,0.6375746062932579,-0.004415592010315661,0.0636346917344921,0.6315713554222434,0.0015876588606987818,nan,0.83660333753519,0.05921909972417644,0.9150120054002114
0.0,mean,dispersed,ridge,250,250,0,8,"[20260802, 0, 8]",0.34032246643924424,0.3684286445777566,0.3684286445783571,cv-alpha,0.36242539370674215,0.09521352791540096,0.3624253937235382,0.367851460460661,0.6375746062932579,-0.005426066753918823,0.02752899402141673,0.6315713554222434,0.0005771841170956193,-1.6796064539192912e-11,0.9390138559513228,0.022102927267497907,0.9664943458841285
0.0,mean,dispersed,gp,250,250,0,8,"[20260802, 0, 8]",0.2513320705830666,0.3684286445777566,0.3684286445783571,reg=0.1,0.36242539370674215,0.09521352791540096,0.3624253937235382,0.3510485573683254,0.6375746062932579,0.01137683633841674,0.0997164867852588,0.6315713554222434,0.017380087209431183,nan,0.6934725737966168,0.11109332312367554,0.851612018147758
0.0,mean,dispersed,mlp,250,250,0,8,"[20260802, 0, 8]",0.34344545094824375,0.3684286445777566,0.3684286445783571,weight_decay=0.1,0.36242539370674215,0.09521352791540096,0.3624253937235382,0.3668409857170578,0.6375746062932579,-0.004415592010315661,0.023395534768814064,0.6315713554222434,0.0015876588606987818,nan,0.947630759080154,0.018979942758498403,0.9710915981224857
0.0,mean,dispersed,ridge,500,500,0,8,"[20260802, 0, 8]",0.34985109991927366,0.3684286445777566,0.3684286445783571,cv-alpha,0.36242539370674215,0.09521352791540096,0.3624253937235382,0.367851460460661,0.6375746062932579,-0.005426066753918823,0.018000360541387317,0.6315713554222434,0.0005771841170956193,-1.6796064539192912e-11,0.9653051524374061,0.012574293787468493,0.9806593631306503
0.0,mean,dispersed,gp,500,500,0,8,"[20260802, 0, 8]",0.33393962742126015,0.3684286445777566,0.3684286445783571,reg=1,0.36242539370674215,0.09521352791540096,0.3624253937235382,0.3510485573683254,0.6375746062932579,0.01137683633841674,0.017108929947065254,0.6315713554222434,0.017380087209431183,nan,0.9214023995555582,0.028485766285481995,0.957232456008161
0.0,mean,dispersed,mlp,500,500,0,8,"[20260802, 0, 8]",0.35200172940696806,0.3684286445777566,0.3684286445783571,weight_decay=0.1,0.36242539370674215,0.09521352791540096,0.3624253937235382,0.3668409857170578,0.6375746062932579,-0.004415592010315661,0.014839256310089755,0.6315713554222434,0.0015876588606987818,nan,0.9712391447156475,0.010423664299774094,0.9839140553720389
0.0,mean,dispersed,ridge,1000,1000,0,8,"[20260802, 0, 8]",0.3662173903056172,0.3684286445777566,0.3684286445783571,cv-alpha,0.36242539370674215,0.09521352791540096,0.3624253937235382,0.367851460460661,0.6375746062932579,-0.005426066753918823,0.0016340701550437986,0.6315713554222434,0.0005771841170956193,-1.6796064539192912e-11,1.0104628336334052,-0.003791996598875025,1.0059831187237902
0.0,mean,dispersed,gp,1000,1000,0,8,"[20260802, 0, 8]",0.3547300474931798,0.3684286445777566,0.3684286445783571,reg=3,0.36242539370674215,0.09521352791540096,0.3624253937235382,0.3510485573683254,0.6375746062932579,0.01137683633841674,-0.003681490124854414,0.6315713554222434,0.017380087209431183,nan,0.9787670887658908,0.007695346213562326,0.9880742219846648
0.0,mean,dispersed,mlp,1000,1000,0,8,"[20260802, 0, 8]",0.36604900604167245,0.3684286445777566,0.3684286445783571,weight_decay=0.1,0.36242539370674215,0.09521352791540096,0.3624253937235382,0.3668409857170578,0.6375746062932579,-0.004415592010315661,0.000791979675385357,0.6315713554222434,0.0015876588606987818,nan,1.0099982296987235,-0.003623612334930304,1.0057159186900313
0.0,mean,dispersed,ridge,2500,2500,0,8,"[20260802, 0, 8]",0.3676637725206634,0.3684286445777566,0.3684286445783571,cv-alpha,0.36242539370674215,0.09521352791540096,0.3624253937235382,0.367851460460661,0.6375746062932579,-0.005426066753918823,0.00018768793999757172,0.6315713554222434,0.0005771841170956193,-1.6796064539192912e-11,1.0144536748938733,-0.005238378813921252,1.0082841668502893
0.0,mean,dispersed,gp,2500,1500,0,8,"[20260802, 0, 8]",0.34832108532356465,0.3684286445777566,0.3684286445783571,reg=10,0.36242539370674215,0.09521352791540096,0.3624253937235382,0.3510485573683254,0.6375746062932579,0.01137683633841674,0.0027274720447607592,0.6315713554222434,0.017380087209431183,nan,0.9610835536690069,0.0141043083831775,0.9783569668044572
0.0,mean,dispersed,mlp,2500,2500,0,8,"[20260802, 0, 8]",0.36615150582120237,0.3684286445777566,0.3684286445783571,weight_decay=0.1,0.36242539370674215,0.09521352791540096,0.3624253937235382,0.3668409857170578,0.6375746062932579,-0.004415592010315661,0.0006894798958554382,0.6315713554222434,0.0015876588606987818,nan,1.0102810459177571,-0.0037261121144602227,1.0058785532326424
0.0,mean,dispersed,ridge,5000,5000,0,8,"[20260802, 0, 8]",0.3681955847267181,0.3684286445777566,0.3684286445783571,cv-alpha,0.36242539370674215,0.09521352791540096,0.3624253937235382,0.367851460460661,0.6375746062932579,-0.005426066753918823,-0.000344124266057122,0.6315713554222434,0.0005771841170956193,-1.6796064539192912e-11,1.0159210450486396,-0.005770191019975945,1.0091328754286724
0.0,mean,dispersed,gp,5000,1500,0,8,"[20260802, 0, 8]",0.3552499452821617,0.3684286445777566,0.3684286445783571,reg=3,0.36242539370674215,0.09521352791540096,0.3624253937235382,0.3510485573683254,0.6375746062932579,0.01137683633841674,-0.004201387913836285,0.6315713554222434,0.017380087209431183,nan,0.9802015847973763,0.007175448424580455,0.9888709611234999
0.0,mean,dispersed,mlp,5000,5000,0,8,"[20260802, 0, 8]",0.3649267355328465,0.3684286445777566,0.3684286445783571,weight_decay=0.1,0.36242539370674215,0.09521352791540096,0.3624253937235382,0.3668409857170578,0.6375746062932579,-0.004415592010315661,0.001914250184211319,0.6315713554222434,0.0015876588606987818,nan,1.0069016737500693,-0.002501341826104342,1.0039386665540126
0.0,mean,dispersed,ridge,20000,20000,1,8,"[20260802, 0, 8]",0.367851460460661,0.3684286445777566,0.3684286445783571,cv-alpha,0.36242539370674215,0.09521352791540096,0.3624253937235382,0.367851460460661,0.6375746062932579,-0.005426066753918823,0.0,0.6315713554222434,0.0005771841170956193,-1.6796064539192912e-11,1.0149715413106768,-0.005426066753918823,1.0085835312660423
0.0,mean,dispersed,gp,20000,1500,1,8,"[20260802, 0, 8]",0.3510485573683254,0.3684286445777566,0.3684286445783571,reg=3,0.36242539370674215,0.09521352791540096,0.3624253937235382,0.3510485573683254,0.6375746062932579,0.01137683633841674,0.0,0.6315713554222434,0.017380087209431183,nan,0.9686091633313576,0.01137683633841674,0.9824688942946478
0.0,mean,dispersed,mlp,20000,20000,1,8,"[20260802, 0, 8]",0.3668409857170578,0.3684286445777566,0.3684286445783571,weight_decay=0.01,0.36242539370674215,0.09521352791540096,0.3624253937235382,0.3668409857170578,0.6375746062932579,-0.004415592010315661,0.0,0.6315713554222434,0.0015876588606987818,nan,1.0121834509584298,-0.004415592010315661,1.006973906887066
0.0,occupation,same_time,ridge,100,100,0,9,"[20260802, 0, 9]",0.07665362323161029,0.08033191385477989,0.07848577756734576,cv-alpha,0.0860502626123045,0.016804686944287432,0.08452056361587312,0.07830930538268732,0.9139497373876955,0.007740957229617179,0.0016556821510770314,0.9196680861452201,0.0020226084720925686,0.0015296989964313779,0.8908005728811039,0.00939663938069421,0.9898232780058319
0.0,occupation,same_time,gp,100,100,0,9,"[20260802, 0, 9]",0.050701991758915654,0.08033191385477989,0.07848577756734576,reg=30,0.0860502626123045,0.016804686944287432,0.08452056361587312,0.07605844771321035,0.9139497373876955,0.009991814899094148,0.0253564559542947,0.9196680861452201,0.004273466141569537,nan,0.5892136783748255,0.03534827085338885,0.9627637785537081
0.0,occupation,same_time,mlp,100,100,0,9,"[20260802, 0, 9]",0.0779096549311652,0.08033191385477989,0.07848577756734576,weight_decay=1,0.0860502626123045,0.016804686944287432,0.08452056361587312,0.0799629700047938,0.9139497373876955,0.0060872926075107026,0.002053315073628603,0.9196680861452201,0.000368943849986092,nan,0.9053970617403407,0.008140607681139306,0.9911715725854047
0.0,occupation,same_time,ridge,250,250,0,9,"[20260802, 0, 9]",0.0734929627276173,0.08033191385477989,0.07848577756734576,cv-alpha,0.0860502626123045,0.016804686944287432,0.08452056361587312,0.07830930538268732,0.9139497373876955,0.007740957229617179,0.004816342655070027,0.9196680861452201,0.0020226084720925686,0.0015296989964313779,0.8540701736000093,0.012557299884687206,0.9864466222278725
0.0,occupation,same_time,gp,250,250,0,9,"[20260802, 0, 9]",0.07084570960676617,0.08033191385477989,0.07848577756734576,reg=3,0.0860502626123045,0.016804686944287432,0.08452056361587312,0.07605844771321035,0.9139497373876955,0.009991814899094148,0.005212738106444181,0.9196680861452201,0.004273466141569537,nan,0.8233061405745878,0.01520455300553833,0.9836361375470768
0.0,occupation,same_time,mlp,250,250,0,9,"[20260802, 0, 9]",0.07206439395930109,0.08033191385477989,0.07848577756734576,weight_decay=0.01,0.0860502626123045,0.016804686944287432,0.08452056361587312,0.0799629700047938,0.9139497373876955,0.0060872926075107026,0.007898576045492711,0.9196680861452201,0.000368943849986092,nan,0.8374686116181179,0.013985868653003414,0.9849279749996036
0.0,occupation,same_time,ridge,500,500,0,9,"[20260802, 0, 9]",0.07483245567493446,0.08033191385477989,0.07848577756734576,cv-alpha,0.0860502626123045,0.016804686944287432,0.08452056361587312,0.07830930538268732,0.9139497373876955,0.007740957229617179,0.0034768497077528604,0.9196680861452201,0.0020226084720925686,0.0015296989964313779,0.8696365752198648,0.01121780693737004,0.9878748373673725
0.0,occupation,same_time,gp,500,500,0,9,"[20260802, 0, 9]",0.07632272987423128,0.08033191385477989,0.07848577756734576,reg=3,0.0860502626123045,0.016804686944287432,0.08452056361587312,0.07605844771321035,0.9139497373876955,0.009991814899094148,-0.0002642821610209234,0.9196680861452201,0.004273466141569537,nan,0.886955223113029,0.009727532738073225,0.9894686888454571
0.0,occupation,same_time,mlp,500,500,0,9,"[20260802, 0, 9]",0.07624890587312283,0.08033191385477989,0.07848577756734576,weight_decay=1,0.0860502626123045,0.016804686944287432,0.08452056361587312,0.0799629700047938,0.9139497373876955,0.0060872926075107026,0.003714064131670969,0.9196680861452201,0.000368943849986092,nan,0.8860973059043267,0.009801356739181671,0.9893896128497192
0.0,occupation,same_time,ridge,1000,1000,0,9,"[20260802, 0, 9]",0.07280498752479592,0.08033191385477989,0.07848577756734576,cv-alpha,0.0860502626123045,0.016804686944287432,0.08452056361587312,0.07830930538268732,0.9139497373876955,0.007740957229617179,0.005504317857891405,0.9196680861452201,0.0020226084720925686,0.0015296989964313779,0.846075134631668,0.013245275087508585,0.9857146825540514
0.0,occupation,same_time,gp,1000,1000,0,9,"[20260802, 0, 9]",0.07440304098873918,0.08033191385477989,0.07848577756734576,reg=10,0.0860502626123045,0.016804686944287432,0.08452056361587312,0.07605844771321035,0.9139497373876955,0.009991814899094148,0.0016554067244711757,0.9196680861452201,0.004273466141569537,nan,0.8646462977569128,0.011647221623565324,0.9874165299376014
0.0,occupation,same_time,mlp,1000,1000,0,9,"[20260802, 0, 9]",0.07453951631971745,0.08033191385477989,0.07848577756734576,weight_decay=0.1,0.0860502626123045,0.016804686944287432,0.08452056361587312,0.0799629700047938,0.9139497373876955,0.0060872926075107026,0.0054234536850763515,0.9196680861452201,0.000368943849986092,nan,0.8662322932766842,0.011510746292587054,0.9875621417709677
0.0,occupation,same_time,ridge,2500,2500,0,9,"[20260802, 0, 9]",0.07567273067196567,0.08033191385477989,0.07848577756734576,cv-alpha,0.0860502626123045,0.016804686944287432,0.08452056361587312,0.07830930538268732,0.9139497373876955,0.007740957229617179,0.002636574710721651,0.9196680861452201,0.0020226084720925686,0.0015296989964313779,0.8794015076154466,0.01037753194033883,0.9887728813325143
0.0,occupation,same_time,gp,2500,1500,0,9,"[20260802, 0, 9]",0.07491776124425975,0.08033191385477989,0.07848577756734576,reg=0.1,0.0860502626123045,0.016804686944287432,0.08452056361587312,0.07605844771321035,0.9139497373876955,0.009991814899094148,0.0011406864689506024,0.9196680861452201,0.004273466141569537,nan,0.8706279210535158,0.01113250136804475,0.9879659332958135
0.0,occupation,same_time,mlp,2500,2500,0,9,"[20260802, 0, 9]",0.07613551288808762,0.08033191385477989,0.07848577756734576,weight_decay=0.001,0.0860502626123045,0.016804686944287432,0.08452056361587312,0.0799629700047938,0.9139497373876955,0.0060872926075107026,0.003827457116706179,0.9196680861452201,0.000368943849986092,nan,0.8847795529818737,0.009914749724216881,0.9892681774626804
0.0,occupation,same_time,ridge,5000,5000,0,9,"[20260802, 0, 9]",0.07641765166413605,0.08033191385477989,0.07848577756734576,cv-alpha,0.0860502626123045,0.016804686944287432,0.08452056361587312,0.07830930538268732,0.9139497373876955,0.007740957229617179,0.0018916537185512672,0.9196680861452201,0.0020226084720925686,0.0015296989964313779,0.8880583201521681,0.009632610948168446,0.989570382147813
0.0,occupation,same_time,gp,5000,1500,0,9,"[20260802, 0, 9]",0.08027511418758637,0.08033191385477989,0.07848577756734576,reg=10,0.0860502626123045,0.016804686944287432,0.08452056361587312,0.07605844771321035,0.9139497373876955,0.009991814899094148,-0.0042166664743760185,0.9196680861452201,0.004273466141569537,nan,0.9328863358530607,0.0057751484247181295,0.9937207870377273
0.0,occupation,same_time,mlp,5000,5000,0,9,"[20260802, 0, 9]",0.07942454670618126,0.08033191385477989,0.07848577756734576,weight_decay=1,0.0860502626123045,0.016804686944287432,0.08452056361587312,0.0799629700047938,0.9139497373876955,0.0060872926075107026,0.0005384232986125337,0.9196680861452201,0.000368943849986092,nan,0.9230017933126469,0.006625715906123236,0.992802636782877
0.0,occupation,same_time,ridge,20000,20000,1,9,"[20260802, 0, 9]",0.07830930538268732,0.08033191385477989,0.07848577756734576,cv-alpha,0.0860502626123045,0.016804686944287432,0.08452056361587312,0.07830930538268732,0.9139497373876955,0.007740957229617179,0.0,0.9196680861452201,0.0020226084720925686,0.0015296989964313779,0.9100414456084381,0.007740957229617179,0.9916013503501505
0.0,occupation,same_time,gp,20000,1500,1,9,"[20260802, 0, 9]",0.07605844771321035,0.08033191385477989,0.07848577756734576,reg=0.01,0.0860502626123045,0.016804686944287432,0.08452056361587312,0.07605844771321035,0.9139497373876955,0.009991814899094148,0.0,0.9196680861452201,0.004273466141569537,nan,0.8838839697199785,0.009991814899094148,0.9891856634498535
0.0,occupation,same_time,mlp,20000,20000,1,9,"[20260802, 0, 9]",0.0799629700047938,0.08033191385477989,0.07848577756734576,weight_decay=0.001,0.0860502626123045,0.016804686944287432,0.08452056361587312,0.0799629700047938,0.9139497373876955,0.0060872926075107026,0.0,0.9196680861452201,0.000368943849986092,nan,0.9292588723995333,0.0060872926075107026,0.99338364390883
0.0,occupation,dispersed,ridge,100,100,0,9,"[20260802, 0, 9]",0.30789539036449476,0.3345227388553309,0.3319167195385896,cv-alpha,0.3288284538097061,0.016804686944287432,0.3268187630006054,0.3317935706337991,0.6711715461902938,-0.002965116824093006,0.023898180269304348,0.6654772611446691,0.002729168221531797,0.0020096908091006838,0.9363404741813329,0.020933063445211342,0.9697544805311501
0.0,occupation,dispersed,gp,100,100,0,9,"[20260802, 0, 9]",0.28342799485732995,0.3345227388553309,0.3319167195385896,reg=1,0.3288284538097061,0.016804686944287432,0.3268187630006054,0.3284481159949262,0.6711715461902938,0.00038033781477991857,0.045020121137596236,0.6654772611446691,0.0060746228604047214,nan,0.8619326933956588,0.045400458952376155,0.9366421537172152
0.0,occupation,dispersed,mlp,100,100,0,9,"[20260802, 0, 9]",0.3066067723148067,0.3345227388553309,0.3319167195385896,weight_decay=0.1,0.3288284538097061,0.016804686944287432,0.3268187630006054,0.3321624275504723,0.6711715461902938,-0.0033339737407662162,0.02555565523566561,0.6654772611446691,0.0023603113048585866,nan,0.9324216586568292,0.022221681494899392,0.9679522663221218
0.0,occupation,dispersed,ridge,250,250,0,9,"[20260802, 0, 9]",0.30417790820618773,0.3345227388553309,0.3319167195385896,cv-alpha,0.3288284538097061,0.016804686944287432,0.3268187630006054,0.3317935706337991,0.6711715461902938,-0.002965116824093006,0.027615662427611376,0.6654772611446691,0.002729168221531797,0.0020096908091006838,0.9250352415737608,0.02465054560351837,0.9645734938654076
0.0,occupation,dispersed,gp,250,250,0,9,"[20260802, 0, 9]",0.2920414147811041,0.3345227388553309,0.3319167195385896,reg=3,0.3288284538097061,0.016804686944287432,0.3268187630006054,0.3284481159949262,0.6711715461902938,0.00038033781477991857,0.03640670121382206,0.6654772611446691,0.0060746228604047214,nan,0.8881269592019834,0.036787039028601975,0.9480378657782252
0.0,occupation,dispersed,mlp,250,250,0,9,"[20260802, 0, 9]",0.30555635388876334,0.3345227388553309,0.3319167195385896,weight_decay=0.1,0.3288284538097061,0.016804686944287432,0.3268187630006054,0.3321624275504723,0.6711715461902938,-0.0033339737407662162,0.026606073661708973,0.6654772611446691,0.0023603113048585866,nan,0.9292272318550316,0.023272099920942757,0.9664881375886114
0.0,occupation,dispersed,ridge,500,500,0,9,"[20260802, 0, 9]",0.32435707058743357,0.3345227388553309,0.3319167195385896,cv-alpha,0.3288284538097061,0.016804686944287432,0.3268187630006054,0.3317935706337991,0.6711715461902938,-0.002965116824093006,0.007436500046365535,0.6654772611446691,0.002729168221531797,0.0020096908091006838,0.986402079350286,0.004471383222272529,0.9933820320947335
0.0,occupation,dispersed,gp,500,500,0,9,"[20260802, 0, 9]",0.31040405295391504,0.3345227388553309,0.3319167195385896,reg=3,0.3288284538097061,0.016804686944287432,0.3268187630006054,0.3284481159949262,0.6711715461902938,0.00038033781477991857,0.018044063041011138,0.6654772611446691,0.0060746228604047214,nan,0.9439695663731907,0.018424400855791057,0.9732823243310624
0.0,occupation,dispersed,mlp,500,500,0,9,"[20260802, 0, 9]",0.3203773684093808,0.3345227388553309,0.3319167195385896,weight_decay=0.1,0.3288284538097061,0.016804686944287432,0.3268187630006054,0.3321624275504723,0.6711715461902938,-0.0033339737407662162,0.011785059141091514,0.6654772611446691,0.0023603113048585866,nan,0.9742994096088291,0.008451085400325298,0.9875650324054894
0.0,occupation,dispersed,ridge,1000,1000,0,9,"[20260802, 0, 9]",0.33061558121839696,0.3345227388553309,0.3319167195385896,cv-alpha,0.3288284538097061,0.016804686944287432,0.3268187630006054,0.3317935706337991,0.6711715461902938,-0.002965116824093006,0.0011779894154021475,0.6654772611446691,0.002729168221531797,0.0020096908091006838,1.0054348320164685,-0.0017871274086908584,1.0026698073013764
0.0,occupation,dispersed,gp,1000,1000,0,9,"[20260802, 0, 9]",0.31264205624536445,0.3345227388553309,0.3319167195385896,reg=10,0.3288284538097061,0.016804686944287432,0.3268187630006054,0.3284481159949262,0.6711715461902938,0.00038033781477991857,0.01580605974956173,0.6654772611446691,0.0060746228604047214,nan,0.9507755567475655,0.016186397564341648,0.9764512831903494
0.0,occupation,dispersed,mlp,1000,1000,0,9,"[20260802, 0, 9]",0.302939173924508,0.3345227388553309,0.3319167195385896,weight_decay=0.01,0.3288284538097061,0.016804686944287432,0.3268187630006054,0.3321624275504723,0.6711715461902938,-0.0033339737407662162,0.02922325362596434,0.6654772611446691,0.0023603113048585866,nan,0.9212681275441561,0.025889279885198124,0.9628593676236881
0.0,occupation,dispersed,ridge,2500,2500,0,9,"[20260802, 0, 9]",0.3301356415808545,0.3345227388553309,0.3319167195385896,cv-alpha,0.3288284538097061,0.016804686944287432,0.3268187630006054,0.3317935706337991,0.6711715461902938,-0.002965116824093006,0.0016579290529445956,0.6654772611446691,0.002729168221531797,0.0020096908091006838,1.0039752878925279,-0.0013071877711484103,1.0019514215896383
0.0,occupation,dispersed,gp,2500,1500,0,9,"[20260802, 0, 9]",0.32326811665439403,0.3345227388553309,0.3319167195385896,reg=3,0.3288284538097061,0.016804686944287432,0.3268187630006054,0.3284481159949262,0.6711715461902938,0.00038033781477991857,0.005179999340532149,0.6654772611446691,0.0060746228604047214,nan,0.9830904622428756,0.005560337155312067,0.9917835448688732
0.0,occupation,dispersed,mlp,2500,2500,0,9,"[20260802, 0, 9]",0.32934874038754824,0.3345227388553309,0.3319167195385896,weight_decay=0.01,0.3288284538097061,0.016804686944287432,0.3268187630006054,0.3321624275504723,0.6711715461902938,-0.0033339737407662162,0.0028136871629240723,0.6654772611446691,0.0023603113048585866,nan,1.001582243178211,-0.0005202865778421439,1.0007757930375658
0.0,occupation,dispersed,ridge,5000,5000,0,9,"[20260802, 0, 9]",0.3309470980235303,0.3345227388553309,0.3319167195385896,cv-alpha,0.3288284538097061,0.016804686944287432,0.3268187630006054,0.3317935706337991,0.6711715461902938,-0.002965116824093006,0.0008464726102688225,0.6654772611446691,0.002729168221531797,0.0020096908091006838,1.0064430075599549,-0.0021186442138241834,1.0031666318277155
0.0,occupation,dispersed,gp,5000,1500,0,9,"[20260802, 0, 9]",0.32793271984807837,0.3345227388553309,0.3319167195385896,reg=3,0.3288284538097061,0.016804686944287432,0.3268187630006054,0.3284481159949262,0.6711715461902938,0.00038033781477991857,0.000515396146847813,0.6654772611446691,0.0060746228604047214,nan,0.9972759840237363,0.0008957339616277316,0.9986671959964704
0.0,occupation,dispersed,mlp,5000,5000,0,9,"[20260802, 0, 9]",0.3318880843069859,0.3345227388553309,0.3319167195385896,weight_decay=0.01,0.3288284538097061,0.016804686944287432,0.3268187630006054,0.3321624275504723,0.6711715461902938,-0.0033339737407662162,0.00027434324348640793,0.6654772611446691,0.0023603113048585866,nan,1.0093046403431085,-0.0030596304972798083,1.004579517930175
0.0,occupation,dispersed,ridge,20000,20000,1,9,"[20260802, 0, 9]",0.3317935706337991,0.3345227388553309,0.3319167195385896,cv-alpha,0.3288284538097061,0.016804686944287432,0.3268187630006054,0.3317935706337991,0.6711715461902938,-0.002965116824093006,0.0,0.6654772611446691,0.002729168221531797,0.0020096908091006838,1.0090172148721928,-0.002965116824093006,1.0044374263607512
0.0,occupation,dispersed,gp,20000,1500,1,9,"[20260802, 0, 9]",0.3284481159949262,0.3345227388553309,0.3319167195385896,reg=3,0.3288284538097061,0.016804686944287432,0.3268187630006054,0.3284481159949262,0.6711715461902938,0.00038033781477991857,0.0,0.6654772611446691,0.0060746228604047214,nan,0.9988433549153869,0.00038033781477991857,0.9994336434401588
0.0,occupation,dispersed,mlp,20000,20000,1,9,"[20260802, 0, 9]",0.3321624275504723,0.3345227388553309,0.3319167195385896,weight_decay=0.01,0.3288284538097061,0.016804686944287432,0.3268187630006054,0.3321624275504723,0.6711715461902938,-0.0033339737407662162,0.0,0.6654772611446691,0.0023603113048585866,nan,1.0101389454049363,-0.0033339737407662162,1.0049921925304945
0.0,mean,same_time,ridge,100,100,0,9,"[20260802, 0, 9]",0.08356698378190741,0.08798608748056336,0.08798608748015768,cv-alpha,0.09372900828046571,0.09521352791540096,0.09372900828879718,0.08794375796629827,0.9062709917195343,0.005785250314167434,0.004376774184390864,0.9120139125194366,4.232951426508258e-05,-8.331474399270178e-12,0.8915807956897354,0.010162024498558297,0.9889113286855437
0.0,mean,same_time,gp,100,100,0,9,"[20260802, 0, 9]",0.05792044225790305,0.08798608748056336,0.08798608748015768,reg=10,0.09372900828046571,0.09521352791540096,0.09372900828879718,0.08422132917911263,0.9062709917195343,0.009507679101353084,0.026300886921209576,0.9120139125194366,0.0037647583014507324,nan,0.6179564184077085,0.03580856602256266,0.9619898704644586
0.0,mean,same_time,mlp,100,100,0,9,"[20260802, 0, 9]",0.07629420482218618,0.08798608748056336,0.08798608748015768,weight_decay=1,0.09372900828046571,0.09521352791540096,0.09372900828879718,0.08673223946810427,0.9062709917195343,0.0069967688123614424,0.010438034645918082,0.9120139125194366,0.0012538480124590912,nan,0.813987112654502,0.017434803458279524,0.98112515527206
0.0,mean,same_time,ridge,250,250,0,9,"[20260802, 0, 9]",0.08290642529108494,0.08798608748056336,0.08798608748015768,cv-alpha,0.09372900828046571,0.09521352791540096,0.09372900828879718,0.08794375796629827,0.9062709917195343,0.005785250314167434,0.005037332675213335,0.9120139125194366,4.232951426508258e-05,-8.331474399270178e-12,0.8845332604288706,0.010822582989380769,0.9881990417468405
0.0,mean,same_time,gp,250,250,0,9,"[20260802, 0, 9]",0.044185655621072906,0.08798608748056336,0.08798608748015768,reg=0.001,0.09372900828046571,0.09521352791540096,0.09372900828879718,0.08422132917911263,0.9062709917195343,0.009507679101353084,0.04003567355803972,0.9120139125194366,0.0037647583014507324,nan,0.4714192162244583,0.0495433526593928,0.9481663432331252
0.0,mean,same_time,mlp,250,250,0,9,"[20260802, 0, 9]",0.06584978057122892,0.08798608748056336,0.08798608748015768,weight_decay=0.001,0.09372900828046571,0.09521352791540096,0.09372900828879718,0.08673223946810427,0.9062709917195343,0.0069967688123614424,0.020882458896875344,0.9120139125194366,0.0012538480124590912,nan,0.7025549696865067,0.027879227709236787,0.970155519819623
0.0,mean,same_time,ridge,500,500,0,9,"[20260802, 0, 9]",0.08657255156583255,0.08798608748056336,0.08798608748015768,cv-alpha,0.09372900828046571,0.09521352791540096,0.09372900828879718,0.08794375796629827,0.9062709917195343,0.005785250314167434,0.0013712064004657298,0.9120139125194366,4.232951426508258e-05,-8.331474399270178e-12,0.9236473654642876,0.007156456714633164,0.9921652707865293
0.0,mean,same_time,gp,500,500,0,9,"[20260802, 0, 9]",0.07987323724619622,0.08798608748056336,0.08798608748015768,reg=10,0.09372900828046571,0.09521352791540096,0.09372900828879718,0.08422132917911263,0.9062709917195343,0.009507679101353084,0.004348091932916409,0.9120139125194366,0.0037647583014507324,nan,0.8521720085546108,0.013855771034269493,0.9849414541613797
0.0,mean,same_time,mlp,500,500,0,9,"[20260802, 0, 9]",0.08155320618070494,0.08798608748056336,0.08798608748015768,weight_decay=1,0.09372900828046571,0.09521352791540096,0.09372900828879718,0.08673223946810427,0.9062709917195343,0.0069967688123614424,0.005179033287399326,0.9120139125194366,0.0012538480124590912,nan,0.8700956905110202,0.012175802099760769,0.9867430512233283
0.0,mean,same_time,ridge,1000,1000,0,9,"[20260802, 0, 9]",0.08545661319933484,0.08798608748056336,0.08798608748015768,cv-alpha,0.09372900828046571,0.09521352791540096,0.09372900828879718,0.08794375796629827,0.9062709917195343,0.005785250314167434,0.002487144766963434,0.9120139125194366,4.232951426508258e-05,-8.331474399270178e-12,0.9117413569940125,0.008272395081130868,0.9909546171340541
0.0,mean,same_time,gp,1000,1000,0,9,"[20260802, 0, 9]",0.08087360461458759,0.08798608748056336,0.08798608748015768,reg=1,0.09372900828046571,0.09521352791540096,0.09372900828879718,0.08422132917911263,0.9062709917195343,0.009507679101353084,0.003347724564525034,0.9120139125194366,0.0037647583014507324,nan,0.8628449836211769,0.012855403665878118,0.9860134539379782
0.0,mean,same_time,mlp,1000,1000,0,9,"[20260802, 0, 9]",0.08205043382277366,0.08798608748056336,0.08798608748015768,weight_decay=0.01,0.09372900828046571,0.09521352791540096,0.09372900828879718,0.08673223946810427,0.9062709917195343,0.0069967688123614424,0.004681805645330606,0.9120139125194366,0.0012538480124590912,nan,0.8754006398665161,0.011678574457692048,0.9872775423748745
0.0,mean,same_time,ridge,2500,2500,0,9,"[20260802, 0, 9]",0.08624870873212176,0.08798608748056336,0.08798608748015768,cv-alpha,0.09372900828046571,0.09521352791540096,0.09372900828879718,0.08794375796629827,0.9062709917195343,0.005785250314167434,0.0016950492341765155,0.9120139125194366,4.232951426508258e-05,-8.331474399270178e-12,0.9201922682681053,0.007480299548343949,0.9918136372338641
0.0,mean,same_time,gp,2500,1500,0,9,"[20260802, 0, 9]",0.08186175822581299,0.08798608748056336,0.08798608748015768,reg=30,0.09372900828046571,0.09521352791540096,0.09372900828879718,0.08422132917911263,0.9062709917195343,0.009507679101353084,0.002359570953299639,0.9120139125194366,0.0037647583014507324,nan,0.8733876494335425,0.011867250054652723,0.9870746587880701
0.0,mean,same_time,mlp,2500,2500,0,9,"[20260802, 0, 9]",0.08609805004130999,0.08798608748056336,0.08798608748015768,weight_decay=0.01,0.09372900828046571,0.09521352791540096,0.09372900828879718,0.08673223946810427,0.9062709917195343,0.0069967688123614424,0.0006341894267942738,0.9120139125194366,0.0012538480124590912,nan,0.9185848823202998,0.007630958239155716,0.9916501346347925
0.0,mean,same_time,ridge,5000,5000,0,9,"[20260802, 0, 9]",0.0870921313402756,0.08798608748056336,0.08798608748015768,cv-alpha,0.09372900828046571,0.09521352791540096,0.09372900828879718,0.08794375796629827,0.9062709917195343,0.005785250314167434,0.0008516266260226724,0.9120139125194366,4.232951426508258e-05,-8.331474399270178e-12,0.9291907909627023,0.006636876940190106,0.9927299597604149
0.0,mean,same_time,gp,5000,1500,0,9,"[20260802, 0, 9]",0.07322780187928912,0.08798608748056336,0.08798608748015768,reg=0.001,0.09372900828046571,0.09521352791540096,0.09372900828879718,0.08422132917911263,0.9062709917195343,0.009507679101353084,0.010993527299823502,0.9120139125194366,0.0037647583014507324,nan,0.7812714891868829,0.020501206401176586,0.9778789151824488
0.0,mean,same_time,mlp,5000,5000,0,9,"[20260802, 0, 9]",0.08662083507287088,0.08798608748056336,0.08798608748015768,weight_decay=0.01,0.09372900828046571,0.09521352791540096,0.09372900828879718,0.08673223946810427,0.9062709917195343,0.0069967688123614424,0.00011140439523338319,0.9120139125194366,0.0012538480124590912,nan,0.9241625048850938,0.007108173207594826,0.9922177191241691
0.0,mean,same_time,ridge,20000,20000,1,9,"[20260802, 0, 9]",0.08794375796629827,0.08798608748056336,0.08798608748015768,cv-alpha,0.09372900828046571,0.09521352791540096,0.09372900828879718,0.08794375796629827,0.9062709917195343,0.005785250314167434,0.0,0.9120139125194366,4.232951426508258e-05,-8.331474399270178e-12,0.938276842780026,0.005785250314167434,0.9936569149493814
0.0,mean,same_time,gp,20000,1500,1,9,"[20260802, 0, 9]",0.08422132917911263,0.08798608748056336,0.08798608748015768,reg=30,0.09372900828046571,0.09521352791540096,0.09372900828879718,0.08422132917911263,0.9062709917195343,0.009507679101353084,0.0,0.9120139125194366,0.0037647583014507324,nan,0.8985620431093946,0.009507679101353084,0.9896179290866967
0.0,mean,same_time,mlp,20000,20000,1,9,"[20260802, 0, 9]",0.08673223946810427,0.08798608748056336,0.08798608748015768,weight_decay=0.1,0.09372900828046571,0.09521352791540096,0.09372900828879718,0.08673223946810427,0.9062709917195343,0.0069967688123614424,0.0,0.9120139125194366,0.0012538480124590912,nan,0.9253510845711183,0.0069967688123614424,0.9923387541806069
0.0,mean,dispersed,ridge,100,100,0,9,"[20260802, 0, 9]",0.3480961380578045,0.37377696282482054,0.3737769628251667,cv-alpha,0.36242539370674215,0.09521352791540096,0.3624253937235382,0.37340441901373933,0.6375746062932579,-0.010979025306997181,0.025308280955934848,0.6262230371751795,0.00037254381108120516,-1.6796064539192912e-11,0.960462881746823,0.014329255648937667,0.9780193729697398
0.0,mean,dispersed,gp,100,100,0,9,"[20260802, 0, 9]",0.3237338261831173,0.37377696282482054,0.3737769628251667,reg=1,0.36242539370674215,0.09521352791540096,0.3624253937235382,0.3609168708952448,0.6375746062932579,0.001508522811497326,0.03718304471212752,0.6262230371751795,0.012860091929575712,nan,0.8932426695384036,0.03869156752362485,0.942786481090356
0.0,mean,dispersed,mlp,100,100,0,9,"[20260802, 0, 9]",0.1597109007935842,0.37377696282482054,0.3737769628251667,weight_decay=1,0.36242539370674215,0.09521352791540096,0.3624253937235382,0.3730410406717656,0.6375746062932579,-0.010615646965023429,0.2133301398781814,0.6262230371751795,0.0007359221530549576,nan,0.44067249030241756,0.20271449291315796,0.7587562505516195
0.0,mean,dispersed,ridge,250,250,0,9,"[20260802, 0, 9]",0.3595198985660849,0.37377696282482054,0.3737769628251667,cv-alpha,0.36242539370674215,0.09521352791540096,0.3624253937235382,0.37340441901373933,0.6375746062932579,-0.010979025306997181,0.013884520447654425,0.6262230371751795,0.00037254381108120516,-1.6796064539192912e-11,0.9919831910481189,0.002905495140657244,0.9954635668865398
0.0,mean,dispersed,gp,250,250,0,9,"[20260802, 0, 9]",0.33570475991222204,0.37377696282482054,0.3737769628251667,reg=3,0.36242539370674215,0.09521352791540096,0.3624253937235382,0.3609168708952448,0.6375746062932579,0.001508522811497326,0.025212110983022784,0.6262230371751795,0.012860091929575712,nan,0.9262727329306809,0.02672063379452011,0.9597759667960449
0.0,mean,dispersed,mlp,250,250,0,9,"[20260802, 0, 9]",0.35984551824795274,0.37377696282482054,0.3737769628251667,weight_decay=0.1,0.36242539370674215,0.09521352791540096,0.3624253937235382,0.3730410406717656,0.6375746062932579,-0.010615646965023429,0.013195522423812833,0.6262230371751795,0.0007359221530549576,nan,0.9928816371490875,0.0025798754587894046,0.9959699173678697
0.0,mean,dispersed,ridge,500,500,0,9,"[20260802, 0, 9]",0.35754791620167115,0.37377696282482054,0.3737769628251667,cv-alpha,0.36242539370674215,0.09521352791540096,0.3624253937235382,0.37340441901373933,0.6375746062932579,-0.010979025306997181,0.015856502812068185,0.6262230371751795,0.00037254381108120516,-1.6796064539192912e-11,0.9865421198686269,0.004877477505071004,0.9924080291307732
0.0,mean,dispersed,gp,500,500,0,9,"[20260802, 0, 9]",0.3395141599056337,0.37377696282482054,0.3737769628251667,reg=1,0.36242539370674215,0.09521352791540096,0.3624253937235382,0.3609168708952448,0.6375746062932579,0.001508522811497326,0.021402710989611107,0.6262230371751795,0.012860091929575712,nan,0.9367835858111887,0.022911233801108433,0.9653115443052723
0.0,mean,dispersed,mlp,500,500,0,9,"[20260802, 0, 9]",0.35771224956380987,0.37377696282482054,0.3737769628251667,weight_decay=0.1,0.36242539370674215,0.09521352791540096,0.3624253937235382,0.3730410406717656,0.6375746062932579,-0.010615646965023429,0.015328791107955708,0.6262230371751795,0.0007359221530549576,nan,0.9869955466013898,0.00471314414293228,0.9926619429691265
0.0,mean,dispersed,ridge,1000,1000,0,9,"[20260802, 0, 9]",0.37052557353234294,0.37377696282482054,0.3737769628251667,cv-alpha,0.36242539370674215,0.09521352791540096,0.3624253937235382,0.37340441901373933,0.6375746062932579,-0.010979025306997181,0.002878845481396386,0.6262230371751795,0.00037254381108120516,-1.6796064539192912e-11,1.0223499235049602,-0.008100179825600795,1.012868163478945
0.0,mean,dispersed,gp,1000,1000,0,9,"[20260802, 0, 9]",0.36088383187343076,0.37377696282482054,0.3737769628251667,reg=3,0.36242539370674215,0.09521352791540096,0.3624253937235382,0.3609168708952448,0.6375746062932579,0.001508522811497326,3.303902181406304e-05,0.6262230371751795,0.012860091929575712,nan,0.995746540225714,0.001541561833311389,0.9975879786646141
0.0,mean,dispersed,mlp,1000,1000,0,9,"[20260802, 0, 9]",0.3696649561553357,0.37377696282482054,0.3737769628251667,weight_decay=0.1,0.36242539370674215,0.09521352791540096,0.3624253937235382,0.3730410406717656,0.6375746062932579,-0.010615646965023429,0.0033760845164299003,0.6262230371751795,0.0007359221530549576,nan,1.0199753178841862,-0.007239562448593528,1.011485260924788
0.0,mean,dispersed,ridge,2500,2500,0,9,"[20260802, 0, 9]",0.3713330891663298,0.37377696282482054,0.3737769628251667,cv-alpha,0.36242539370674215,0.09521352791540096,0.3624253937235382,0.37340441901373933,0.6375746062932579,-0.010979025306997181,0.002071329847409542,0.6262230371751795,0.00037254381108120516,-1.6796064539192912e-11,1.0245780114039011,-0.008907695459587639,1.0141691813360676
0.0,mean,dispersed,gp,2500,1500,0,9,"[20260802, 0, 9]",0.3583825022393382,0.37377696282482054,0.3737769628251667,reg=3,0.36242539370674215,0.09521352791540096,0.3624253937235382,0.3609168708952448,0.6375746062932579,0.001508522811497326,0.002534368655906616,0.6262230371751795,0.012860091929575712,nan,0.9888449001157041,0.004042891467403942,0.9936989070879236
0.0,mean,dispersed,mlp,2500,2500,0,9,"[20260802, 0, 9]",0.3692284213510193,0.37377696282482054,0.3737769628251667,weight_decay=0.1,0.36242539370674215,0.09521352791540096,0.3624253937235382,0.3730410406717656,0.6375746062932579,-0.010615646965023429,0.00381261932074628,0.6262230371751795,0.0007359221530549576,nan,1.0187708360462784,-0.006803027644277149,1.0107852475833619
0.0,mean,dispersed,ridge,5000,5000,0,9,"[20260802, 0, 9]",0.3724542623711967,0.37377696282482054,0.3737769628251667,cv-alpha,0.36242539370674215,0.09521352791540096,0.3624253937235382,0.37340441901373933,0.6375746062932579,-0.010979025306997181,0.00095015664254261,0.6262230371751795,0.00037254381108120516,-1.6796064539192912e-11,1.0276715396840252,-0.010028868664454571,1.015981095979313
0.0,mean,dispersed,gp,5000,1500,0,9,"[20260802, 0, 9]",0.350671347396063,0.37377696282482054,0.3737769628251667,reg=10,0.36242539370674215,0.09521352791540096,0.3624253937235382,0.3609168708952448,0.6375746062932579,0.001508522811497326,0.010245523499181841,0.6262230371751795,0.012860091929575712,nan,0.9675683698913493,0.011754046310679167,0.9818981554817533
0.0,mean,dispersed,mlp,5000,5000,0,9,"[20260802, 0, 9]",0.37194698757253664,0.37377696282482054,0.3737769628251667,weight_decay=0.01,0.36242539370674215,0.09521352791540096,0.3624253937235382,0.3730410406717656,0.6375746062932579,-0.010615646965023429,0.0010940530992289421,0.6262230371751795,0.0007359221530549576,nan,1.0262718728630227,-0.009521593865794487,1.0151604939032026
0.0,mean,dispersed,ridge,20000,20000,1,9,"[20260802, 0, 9]",0.37340441901373933,0.37377696282482054,0.3737769628251667,cv-alpha,0.36242539370674215,0.09521352791540096,0.3624253937235382,0.37340441901373933,0.6375746062932579,-0.010979025306997181,0.0,0.6262230371751795,0.00037254381108120516,-1.6796064539192912e-11,1.0302932010218933,-0.010979025306997181,1.0175217088025361
0.0,mean,dispersed,gp,20000,1500,1,9,"[20260802, 0, 9]",0.3609168708952448,0.37377696282482054,0.3737769628251667,reg=3,0.36242539370674215,0.09521352791540096,0.3624253937235382,0.3609168708952448,0.6375746062932579,0.001508522811497326,0.0,0.6262230371751795,0.012860091929575712,nan,0.9958377011167215,0.001508522811497326,0.9976395515030878
0.0,mean,dispersed,mlp,20000,20000,1,9,"[20260802, 0, 9]",0.3730410406717656,0.37377696282482054,0.3737769628251667,weight_decay=0.01,0.36242539370674215,0.09521352791540096,0.3624253937235382,0.3730410406717656,0.6375746062932579,-0.010615646965023429,0.0,0.6262230371751795,0.0007359221530549576,nan,1.0292905716579372,-0.010615646965023429,1.01693196469574
0.35,occupation,same_time,ridge,100,100,0,0,"[20260802, 350, 0]",0.33872107367485293,0.35002560212678924,0.3465691611613515,cv-alpha,0.35476938326909135,0.06927111337998818,0.3519508945037059,0.3465665110151238,0.6452306167309086,0.008202872253967541,0.007845437340270878,0.6499743978732108,0.0034590911116654244,0.0028184887653854296,0.9547641077525965,0.01604830959423842,0.9757314062865696
0.35,occupation,same_time,gp,100,100,0,0,"[20260802, 350, 0]",0.30857245658648214,0.35002560212678924,0.3465691611613515,reg=0.1,0.35476938326909135,0.06927111337998818,0.3519508945037059,0.3485976192967907,0.6452306167309086,0.006171763972300681,0.04002516271030854,0.6499743978732108,0.0014279828299985642,nan,0.8697832201389007,0.04619692668260922,0.9331861637236217
0.35,occupation,same_time,mlp,100,100,0,0,"[20260802, 350, 0]",0.33708619558945396,0.35002560212678924,0.3465691611613515,weight_decay=1,0.35476938326909135,0.06927111337998818,0.3519508945037059,0.3499090080758238,0.6452306167309086,0.004860375193267541,0.01282281248636985,0.6499743978732108,0.00011659405096542397,nan,0.9501558237165445,0.01768318767963739,0.9733250574026573
0.35,occupation,same_time,ridge,250,250,0,0,"[20260802, 350, 0]",0.34445657678217745,0.35002560212678924,0.3465691611613515,cv-alpha,0.35476938326909135,0.06927111337998818,0.3519508945037059,0.3465665110151238,0.6452306167309086,0.008202872253967541,0.0021099342329463644,0.6499743978732108,0.0034590911116654244,0.0028184887653854296,0.9709309569166185,0.010312806486913906,0.9842683091284905
0.35,occupation,same_time,gp,250,250,0,0,"[20260802, 350, 0]",0.312540440322723,0.35002560212678924,0.3465691611613515,reg=10,0.35476938326909135,0.06927111337998818,0.3519508945037059,0.3485976192967907,0.6452306167309086,0.006171763972300681,0.03605717897406768,0.6499743978732108,0.0014279828299985642,nan,0.8809679049605647,0.042228942946368364,0.9385724696792457
0.35,occupation,same_time,mlp,250,250,0,0,"[20260802, 350, 0]",0.3450245596955004,0.35002560212678924,0.3465691611613515,weight_decay=0.1,0.35476938326909135,0.06927111337998818,0.3519508945037059,0.3499090080758238,0.6452306167309086,0.004860375193267541,0.004884448380323425,0.6499743978732108,0.00011659405096542397,nan,0.972531948828855,0.009744823573590966,0.9851218488909133
0.35,occupation,same_time,ridge,500,500,0,0,"[20260802, 350, 0]",0.3439010951886191,0.35002560212678924,0.3465691611613515,cv-alpha,0.35476938326909135,0.06927111337998818,0.3519508945037059,0.3465665110151238,0.6452306167309086,0.008202872253967541,0.0026654158265047023,0.6499743978732108,0.0034590911116654244,0.0028184887653854296,0.9693652028810257,0.010868288080472244,0.983434985181698
0.35,occupation,same_time,gp,500,500,0,0,"[20260802, 350, 0]",0.341802955812212,0.35002560212678924,0.3465691611613515,reg=1,0.35476938326909135,0.06927111337998818,0.3519508945037059,0.3485976192967907,0.6452306167309086,0.006171763972300681,0.006794663484578689,0.6499743978732108,0.0014279828299985642,nan,0.9634511091757758,0.01296642745687937,0.9803000825187845
0.35,occupation,same_time,mlp,500,500,0,0,"[20260802, 350, 0]",0.33678705605413184,0.35002560212678924,0.3465691611613515,weight_decay=1,0.35476938326909135,0.06927111337998818,0.3519508945037059,0.3499090080758238,0.6452306167309086,0.004860375193267541,0.013121952021691974,0.6499743978732108,0.00011659405096542397,nan,0.9493126293783926,0.017982327214959515,0.972886043043775
0.35,occupation,same_time,ridge,1000,1000,0,0,"[20260802, 350, 0]",0.3451045385397391,0.35002560212678924,0.3465691611613515,cv-alpha,0.35476938326909135,0.06927111337998818,0.3519508945037059,0.3465665110151238,0.6452306167309086,0.008202872253967541,0.0014619724753847096,0.6499743978732108,0.0034590911116654244,0.0028184887653854296,0.9727573877985365,0.009664844729352251,0.9852421564996008
0.35,occupation,same_time,gp,1000,1000,0,0,"[20260802, 350, 0]",0.34402395344777414,0.35002560212678924,0.3465691611613515,reg=1,0.35476938326909135,0.06927111337998818,0.3519508945037059,0.3485976192967907,0.6452306167309086,0.006171763972300681,0.004573665849016528,0.6499743978732108,0.0014279828299985642,nan,0.9697115074522459,0.01074542982131721,0.9836191734777594
0.35,occupation,same_time,mlp,1000,1000,0,0,"[20260802, 350, 0]",0.3472603375409692,0.35002560212678924,0.3465691611613515,weight_decay=0.1,0.35476938326909135,0.06927111337998818,0.3519508945037059,0.3499090080758238,0.6452306167309086,0.004860375193267541,0.0026486705348546247,0.6499743978732108,0.00011659405096542397,nan,0.9788340085637363,0.007509045728122166,0.9884961093066817
0.35,occupation,same_time,ridge,2500,2500,0,0,"[20260802, 350, 0]",0.3460128685547236,0.35002560212678924,0.3465691611613515,cv-alpha,0.35476938326909135,0.06927111337998818,0.3519508945037059,0.3465665110151238,0.6452306167309086,0.008202872253967541,0.0005536424604002388,0.6499743978732108,0.0034590911116654244,0.0028184887653854296,0.9753177271565004,0.00875651471436778,0.9866105703104335
0.35,occupation,same_time,gp,2500,1500,0,0,"[20260802, 350, 0]",0.3457256928611403,0.35002560212678924,0.3465691611613515,reg=0.3,0.35476938326909135,0.06927111337998818,0.3519508945037059,0.3485976192967907,0.6452306167309086,0.006171763972300681,0.0028719264356503738,0.6499743978732108,0.0014279828299985642,nan,0.9745082556881989,0.009043690407951055,0.9861775247640411
0.35,occupation,same_time,mlp,2500,2500,0,0,"[20260802, 350, 0]",0.34842616525363457,0.35002560212678924,0.3465691611613515,weight_decay=0.1,0.35476938326909135,0.06927111337998818,0.3519508945037059,0.3499090080758238,0.6452306167309086,0.004860375193267541,0.0014828428221892453,0.6499743978732108,0.00011659405096542397,nan,0.9821201650576328,0.006343218015456786,0.9902647748003479
0.35,occupation,same_time,ridge,5000,5000,0,0,"[20260802, 350, 0]",0.34632805756881135,0.35002560212678924,0.3465691611613515,cv-alpha,0.35476938326909135,0.06927111337998818,0.3519508945037059,0.3465665110151238,0.6452306167309086,0.008202872253967541,0.0002384534463124588,0.6499743978732108,0.0034590911116654244,0.0028184887653854296,0.9762061606824812,0.00844132570028,0.9870862964243434
0.35,occupation,same_time,gp,5000,1500,0,0,"[20260802, 350, 0]",0.34820224849575965,0.35002560212678924,0.3465691611613515,reg=1,0.35476938326909135,0.06927111337998818,0.3519508945037059,0.3485976192967907,0.6452306167309086,0.006171763972300681,0.0003953708010310253,0.6499743978732108,0.0014279828299985642,nan,0.9814890036089993,0.0065671347733317065,0.98992458203764
0.35,occupation,same_time,mlp,5000,5000,0,0,"[20260802, 350, 0]",0.34868858440830974,0.35002560212678924,0.3465691611613515,weight_decay=0.1,0.35476938326909135,0.06927111337998818,0.3519508945037059,0.3499090080758238,0.6452306167309086,0.004860375193267541,0.00122042366751407,0.6499743978732108,0.00011659405096542397,nan,0.9828598544644723,0.006080798860781611,0.9906637612742325
0.35,occupation,same_time,ridge,20000,20000,1,0,"[20260802, 350, 0]",0.3465665110151238,0.35002560212678924,0.3465691611613515,cv-alpha,0.35476938326909135,0.06927111337998818,0.3519508945037059,0.3465665110151238,0.6452306167309086,0.008202872253967541,0.0,0.6499743978732108,0.0034590911116654244,0.0028184887653854296,0.9768782971676401,0.008202872253967541,0.9874465077284134
0.35,occupation,same_time,gp,20000,1500,1,0,"[20260802, 350, 0]",0.3485976192967907,0.35002560212678924,0.3465691611613515,reg=0.3,0.35476938326909135,0.06927111337998818,0.3519508945037059,0.3485976192967907,0.6452306167309086,0.006171763972300681,0.0,0.6499743978732108,0.0014279828299985642,nan,0.9826034481458638,0.006171763972300681,0.9905254199936481
0.35,occupation,same_time,mlp,20000,20000,1,0,"[20260802, 350, 0]",0.3499090080758238,0.35002560212678924,0.3465691611613515,weight_decay=0.01,0.35476938326909135,0.06927111337998818,0.3519508945037059,0.3499090080758238,0.6452306167309086,0.004860375193267541,0.0,0.6499743978732108,0.00011659405096542397,nan,0.9862999023521121,0.004860375193267541,0.9925235463132914
0.35,occupation,dispersed,ridge,100,100,0,0,"[20260802, 350, 0]",0.6600657508470078,0.7019195580357211,0.6908826058450357,cv-alpha,0.6989454202527748,0.06927111337998818,0.6876497860293475,0.6907715299197149,0.30105457974722516,0.00817389033305993,0.030705779072707107,0.29808044196427885,0.011148028116006237,0.011295634223427387,0.9443738119183811,0.03887966940576704,0.8856259129445098
0.35,occupation,dispersed,gp,100,100,0,0,"[20260802, 350, 0]",0.635337442239448,0.7019195580357211,0.6908826058450357,reg=1,0.6989454202527748,0.06927111337998818,0.6876497860293475,0.6953731650948534,0.30105457974722516,0.003572255157921478,0.06003572285540537,0.29808044196427885,0.0065463929408677846,nan,0.9089943561110638,0.06360797801332685,0.8255703069600754
0.35,occupation,dispersed,mlp,100,100,0,0,"[20260802, 350, 0]",0.5553715362222991,0.7019195580357211,0.6908826058450357,weight_decay=0.01,0.6989454202527748,0.06927111337998818,0.6876497860293475,0.7007013874496383,0.30105457974722516,-0.0017559671968634394,0.1453298512273392,0.29808044196427885,0.0012181705860828673,nan,0.7945849849355161,0.14357388403047577,0.6770924586999499
0.35,occupation,dispersed,ridge,250,250,0,0,"[20260802, 350, 0]",0.6741853356295375,0.7019195580357211,0.6908826058450357,cv-alpha,0.6989454202527748,0.06927111337998818,0.6876497860293475,0.6907715299197149,0.30105457974722516,0.00817389033305993,0.01658619429017738,0.29808044196427885,0.011148028116006237,0.011295634223427387,0.9645750813929322,0.02476008462323731,0.9240056162877793
0.35,occupation,dispersed,gp,250,250,0,0,"[20260802, 350, 0]",0.6622341608673501,0.7019195580357211,0.6908826058450357,reg=0.3,0.6989454202527748,0.06927111337998818,0.6876497860293475,0.6953731650948534,0.30105457974722516,0.003572255157921478,0.033139004227503266,0.29808044196427885,0.0065463929408677846,nan,0.9474762144200787,0.036711259385424744,0.8913115089444933
0.35,occupation,dispersed,mlp,250,250,0,0,"[20260802, 350, 0]",0.67862136615017,0.7019195580357211,0.6908826058450357,weight_decay=0.1,0.6989454202527748,0.06927111337998818,0.6876497860293475,0.7007013874496383,0.30105457974722516,-0.0017559671968634394,0.02208002129946829,0.29808044196427885,0.0012181705860828673,nan,0.9709218294967086,0.02032405410260485,0.9367597843729037
0.35,occupation,dispersed,ridge,500,500,0,0,"[20260802, 350, 0]",0.683984923534554,0.7019195580357211,0.6908826058450357,cv-alpha,0.6989454202527748,0.06927111337998818,0.6876497860293475,0.6907715299197149,0.30105457974722516,0.00817389033305993,0.0067866063851609315,0.29808044196427885,0.011148028116006237,0.011295634223427387,0.9785956152158342,0.014960496718220861,0.9526589146139783
0.35,occupation,dispersed,gp,500,500,0,0,"[20260802, 350, 0]",0.6826627571103814,0.7019195580357211,0.6908826058450357,reg=1,0.6989454202527748,0.06927111337998818,0.6876497860293475,0.6953731650948534,0.30105457974722516,0.003572255157921478,0.012710407984471983,0.29808044196427885,0.0065463929408677846,nan,0.9767039561737098,0.01628266314239346,0.9486897188803737
0.35,occupation,dispersed,mlp,500,500,0,0,"[20260802, 350, 0]",0.6900436146253426,0.7019195580357211,0.6908826058450357,weight_decay=0.1,0.6989454202527748,0.06927111337998818,0.6876497860293475,0.7007013874496383,0.30105457974722516,-0.0017559671968634394,0.010657772824295697,0.29808044196427885,0.0012181705860828673,nan,0.9872639474135007,0.008901805627432258,0.971280457356372
0.35,occupation,dispersed,ridge,1000,1000,0,0,"[20260802, 350, 0]",0.6890523533452899,0.7019195580357211,0.6908826058450357,cv-alpha,0.6989454202527748,0.06927111337998818,0.6876497860293475,0.6907715299197149,0.30105457974722516,0.00817389033305993,0.0017191765744249965,0.29808044196427885,0.011148028116006237,0.011295634223427387,0.9858457232556055,0.009893066907484926,0.9681841396327703
0.35,occupation,dispersed,gp,1000,1000,0,0,"[20260802, 350, 0]",0.6927692335135966,0.7019195580357211,0.6908826058450357,reg=3,0.6989454202527748,0.06927111337998818,0.6876497860293475,0.6953731650948534,0.30105457974722516,0.003572255157921478,0.002603931581256713,0.29808044196427885,0.0065463929408677846,nan,0.9911635636199683,0.006176186739178191,0.9798972387765353
0.35,occupation,dispersed,mlp,1000,1000,0,0,"[20260802, 350, 0]",0.6940197845314023,0.7019195580357211,0.6908826058450357,weight_decay=0.1,0.6989454202527748,0.06927111337998818,0.6876497860293475,0.7007013874496383,0.30105457974722516,-0.0017559671968634394,0.0066816029182359404,0.29808044196427885,0.0012181705860828673,nan,0.9929527605752233,0.004925635721372501,0.9839021104229596
0.35,occupation,dispersed,ridge,2500,2500,0,0,"[20260802, 350, 0]",0.6903599421899955,0.7019195580357211,0.6908826058450357,cv-alpha,0.6989454202527748,0.06927111337998818,0.6876497860293475,0.6907715299197149,0.30105457974722516,0.00817389033305993,0.00041158772971938706,0.29808044196427885,0.011148028116006237,0.011295634223427387,0.9877165257629497,0.008585478062779317,0.9722727152181085
0.35,occupation,dispersed,gp,2500,1500,0,0,"[20260802, 350, 0]",0.6952872088265415,0.7019195580357211,0.6908826058450357,reg=3,0.6989454202527748,0.06927111337998818,0.6876497860293475,0.6953731650948534,0.30105457974722516,0.003572255157921478,8.595626831187086e-05,0.29808044196427885,0.0065463929408677846,nan,0.9947660985819031,0.0036582114262333487,0.9879945590332934
0.35,occupation,dispersed,mlp,2500,2500,0,0,"[20260802, 350, 0]",0.6999355290072276,0.7019195580357211,0.6908826058450357,weight_decay=0.01,0.6989454202527748,0.06927111337998818,0.6876497860293475,0.7007013874496383,0.30105457974722516,-0.0017559671968634394,0.0007658584424107273,0.29808044196427885,0.0012181705860828673,nan,1.00141657520854,-0.000990108754452712,1.0032996534084055
0.35,occupation,dispersed,ridge,5000,5000,0,0,"[20260802, 350, 0]",0.6904001789376111,0.7019195580357211,0.6908826058450357,cv-alpha,0.6989454202527748,0.06927111337998818,0.6876497860293475,0.6907715299197149,0.30105457974722516,0.00817389033305993,0.0003713509821038352,0.29808044196427885,0.011148028116006237,0.011295634223427387,0.9877740935593035,0.008545241315163765,0.9723990754069533
0.35,occupation,dispersed,gp,5000,1500,0,0,"[20260802, 350, 0]",0.6923166484724601,0.7019195580357211,0.6908826058450357,reg=3,0.6989454202527748,0.06927111337998818,0.6876497860293475,0.6953731650948534,0.30105457974722516,0.003572255157921478,0.003056516622393257,0.29808044196427885,0.0065463929408677846,nan,0.9905160380363929,0.006628771780314735,0.9784558646172917
0.35,occupation,dispersed,mlp,5000,5000,0,0,"[20260802, 350, 0]",0.699495251071028,0.7019195580357211,0.6908826058450357,weight_decay=0.01,0.6989454202527748,0.06927111337998818,0.6876497860293475,0.7007013874496383,0.30105457974722516,-0.0017559671968634394,0.001206136378610334,0.29808044196427885,0.0012181705860828673,nan,1.0007866577308058,-0.0005498308182531053,1.001829690945693
0.35,occupation,dispersed,ridge,20000,20000,1,0,"[20260802, 350, 0]",0.6907715299197149,0.7019195580357211,0.6908826058450357,cv-alpha,0.6989454202527748,0.06927111337998818,0.6876497860293475,0.6907715299197149,0.30105457974722516,0.00817389033305993,0.0,0.29808044196427885,0.011148028116006237,0.011295634223427387,0.9883053953910967,0.00817389033305993,0.9735668247786572
0.35,occupation,dispersed,gp,20000,1500,1,0,"[20260802, 350, 0]",0.6953731650948534,0.7019195580357211,0.6908826058450357,reg=3,0.6989454202527748,0.06927111337998818,0.6876497860293475,0.6953731650948534,0.30105457974722516,0.003572255157921478,0.0,0.29808044196427885,0.0065463929408677846,nan,0.9948890785254311,0.003572255157921478,0.9882733405314282
0.35,occupation,dispersed,mlp,20000,20000,1,0,"[20260802, 350, 0]",0.7007013874496383,0.7019195580357211,0.6908826058450357,weight_decay=0.01,0.6989454202527748,0.06927111337998818,0.6876497860293475,0.7007013874496383,0.30105457974722516,-0.0017559671968634394,0.0,0.29808044196427885,0.0012181705860828673,nan,1.0025123094679245,-0.0017559671968634394,1.005866940651347
0.35,mean,same_time,ridge,100,100,0,0,"[20260802, 350, 0]",0.34927281947560296,0.36627653619495604,0.36627653619458866,cv-alpha,0.37190681274750936,0.4118887931450079,0.37190681278056786,0.3662834257209989,0.6280931872524906,0.00562338702651044,0.017010606245395965,0.633723463805044,-6.889526042885841e-06,-3.305850038159974e-11,0.9391406866018537,0.022633993271906405,0.9652173845671138
0.35,mean,same_time,gp,100,100,0,0,"[20260802, 350, 0]",0.2953887667052938,0.36627653619495604,0.36627653619458866,reg=3,0.37190681274750936,0.4118887931450079,0.37190681278056786,0.3611632861469992,0.6280931872524906,0.010743526600510145,0.06577451944170543,0.633723463805044,0.005113250047956819,nan,0.7942547879751687,0.07651804604221557,0.8914038800028447
0.35,mean,same_time,mlp,100,100,0,0,"[20260802, 350, 0]",0.333152019917469,0.36627653619495604,0.36627653619458866,weight_decay=0.001,0.37190681274750936,0.4118887931450079,0.37190681278056786,0.3660337965383098,0.6280931872524906,0.005873016209199555,0.0328817766208408,0.633723463805044,0.0002427396566462292,nan,0.8957943455143123,0.03875479283004035,0.941883616674907
0.35,mean,same_time,ridge,250,250,0,0,"[20260802, 350, 0]",0.3636638608436764,0.36627653619495604,0.36627653619458866,cv-alpha,0.37190681274750936,0.4118887931450079,0.37190681278056786,0.3662834257209989,0.6280931872524906,0.00562338702651044,0.002619564877322511,0.633723463805044,-6.889526042885841e-06,-3.305850038159974e-11,0.9778359749773415,0.008242951903832951,0.987046230134341
0.35,mean,same_time,gp,250,250,0,0,"[20260802, 350, 0]",0.31133829956453973,0.36627653619495604,0.36627653619458866,reg=10,0.37190681274750936,0.4118887931450079,0.37190681278056786,0.3611632861469992,0.6280931872524906,0.010743526600510145,0.049824986582459485,0.633723463805044,0.005113250047956819,nan,0.8371406193516274,0.06056851318296963,0.9120489593879397
0.35,mean,same_time,mlp,250,250,0,0,"[20260802, 350, 0]",0.3438938674948322,0.36627653619495604,0.36627653619458866,weight_decay=0.001,0.37190681274750936,0.4118887931450079,0.37190681278056786,0.3660337965383098,0.6280931872524906,0.005873016209199555,0.022139929043477613,0.633723463805044,0.0002427396566462292,nan,0.9246775151933143,0.02801294525267717,0.9573042471867819
0.35,mean,same_time,ridge,500,500,0,0,"[20260802, 350, 0]",0.362344504654293,0.36627653619495604,0.36627653619458866,cv-alpha,0.37190681274750936,0.4118887931450079,0.37190681278056786,0.3662834257209989,0.6280931872524906,0.00562338702651044,0.003938921066705903,0.633723463805044,-6.889526042885841e-06,-3.305850038159974e-11,0.9742884298822774,0.009562308093216343,0.9850039587786629
0.35,mean,same_time,gp,500,500,0,0,"[20260802, 350, 0]",0.3080182838714266,0.36627653619495604,0.36627653619458866,reg=0.001,0.37190681274750936,0.4118887931450079,0.37190681278056786,0.3611632861469992,0.6280931872524906,0.010743526600510145,0.05314500227557262,0.633723463805044,0.005113250047956819,nan,0.8282136097370789,0.06388852887608276,0.9076730968651605
0.35,mean,same_time,mlp,500,500,0,0,"[20260802, 350, 0]",0.3624988943644014,0.36627653619495604,0.36627653619458866,weight_decay=0.01,0.37190681274750936,0.4118887931450079,0.37190681278056786,0.3660337965383098,0.6280931872524906,0.005873016209199555,0.003534902173908394,0.633723463805044,0.0002427396566462292,nan,0.9747035599762055,0.00940791838310795,0.9852425065620426
0.35,mean,same_time,ridge,1000,1000,0,0,"[20260802, 350, 0]",0.36479938907116927,0.36627653619495604,0.36627653619458866,cv-alpha,0.37190681274750936,0.4118887931450079,0.37190681278056786,0.3662834257209989,0.6280931872524906,0.00562338702651044,0.0014840366498296564,0.633723463805044,-6.889526042885841e-06,-3.305850038159974e-11,0.9808892350644692,0.007107423676340097,0.9888107417498432
0.35,mean,same_time,gp,1000,1000,0,0,"[20260802, 350, 0]",0.3504840747199668,0.36627653619495604,0.36627653619458866,reg=3,0.37190681274750936,0.4118887931450079,0.37190681278056786,0.3611632861469992,0.6280931872524906,0.010743526600510145,0.010679211427032431,0.633723463805044,0.005113250047956819,nan,0.9423975649456934,0.021422738027542576,0.9670173783370957
0.35,mean,same_time,mlp,1000,1000,0,0,"[20260802, 350, 0]",0.36357326609733165,0.36627653619495604,0.36627653619458866,weight_decay=0.01,0.37190681274750936,0.4118887931450079,0.37190681278056786,0.3660337965383098,0.6280931872524906,0.005873016209199555,0.002460530440978159,0.633723463805044,0.0002427396566462292,nan,0.9775923796915347,0.008333546650177714,0.9869057250328328
0.35,mean,same_time,ridge,2500,2500,0,0,"[20260802, 350, 0]",0.3656466735852504,0.36627653619495604,0.36627653619458866,cv-alpha,0.37190681274750936,0.4118887931450079,0.37190681278056786,0.3662834257209989,0.6280931872524906,0.00562338702651044,0.0006367521357485417,0.633723463805044,-6.889526042885841e-06,-3.305850038159974e-11,0.9831674523087883,0.006260139162258982,0.9901314631742532
0.35,mean,same_time,gp,2500,1500,0,0,"[20260802, 350, 0]",0.3637515204622781,0.36627653619495604,0.36627653619458866,reg=0.1,0.37190681274750936,0.4118887931450079,0.37190681278056786,0.3611632861469992,0.6280931872524906,0.010743526600510145,-0.002588234315278881,0.633723463805044,0.005113250047956819,nan,0.9780716781578079,0.008155292285231264,0.98718222118007
0.35,mean,same_time,mlp,2500,2500,0,0,"[20260802, 350, 0]",0.3656047503593115,0.36627653619495604,0.36627653619458866,weight_decay=0.01,0.37190681274750936,0.4118887931450079,0.37190681278056786,0.3660337965383098,0.6280931872524906,0.005873016209199555,0.00042904617899830466,0.633723463805044,0.0002427396566462292,nan,0.983054727226854,0.00630206238819786,0.9900660315603447
0.35,mean,same_time,ridge,5000,5000,0,0,"[20260802, 350, 0]",0.3663123771519219,0.36627653619495604,0.36627653619458866,cv-alpha,0.37190681274750936,0.4118887931450079,0.37190681278056786,0.3662834257209989,0.6280931872524906,0.00562338702651044,-2.895143092296326e-05,0.633723463805044,-6.889526042885841e-06,-3.305850038159974e-11,0.9849574264201888,0.005594435595587477,0.9911716192744249
0.35,mean,same_time,gp,5000,1500,0,0,"[20260802, 350, 0]",0.35979699464289694,0.36627653619495604,0.36627653619458866,reg=3,0.37190681274750936,0.4118887931450079,0.37190681278056786,0.3611632861469992,0.6280931872524906,0.010743526600510145,0.0013662915041022794,0.633723463805044,0.005113250047956819,nan,0.9674385687770827,0.012109818104612424,0.9810844091588454
0.35,mean,same_time,mlp,5000,5000,0,0,"[20260802, 350, 0]",0.36557128642393166,0.36627653619495604,0.36627653619458866,weight_decay=0.001,0.37190681274750936,0.4118887931450079,0.37190681278056786,0.3660337965383098,0.6280931872524906,0.005873016209199555,0.00046251011437814515,0.633723463805044,0.0002427396566462292,nan,0.9829647478711853,0.0063355263235777,0.9900138089780546
0.35,mean,same_time,ridge,20000,20000,1,0,"[20260802, 350, 0]",0.3662834257209989,0.36627653619495604,0.36627653619458866,cv-alpha,0.37190681274750936,0.4118887931450079,0.37190681278056786,0.3662834257209989,0.6280931872524906,0.00562338702651044,0.0,0.633723463805044,-6.889526042885841e-06,-3.305850038159974e-11,0.9848795804923095,0.00562338702651044,0.9911263374594418
0.35,mean,same_time,gp,20000,1500,1,0,"[20260802, 350, 0]",0.3611632861469992,0.36627653619495604,0.36627653619458866,reg=10,0.37190681274750936,0.4118887931450079,0.37190681278056786,0.3611632861469992,0.6280931872524906,0.010743526600510145,0.0,0.633723463805044,0.005113250047956819,nan,0.9711123156869836,0.010743526600510145,0.9831826719292431
0.35,mean,same_time,mlp,20000,20000,1,0,"[20260802, 350, 0]",0.3660337965383098,0.36627653619495604,0.36627653619458866,weight_decay=0.001,0.37190681274750936,0.4118887931450079,0.37190681278056786,0.3660337965383098,0.6280931872524906,0.005873016209199555,0.0,0.633723463805044,0.0002427396566462292,nan,0.9842083661608351,0.005873016209199555,0.9907360736627115
0.35,mean,dispersed,ridge,100,100,0,0,"[20260802, 350, 0]",0.7040071980376117,0.7256328016301903,0.7256328016301303,cv-alpha,0.726640120027032,0.4118887931450079,0.7266401200429997,0.7255976948789153,0.27335987997296796,0.001042425148116699,0.021590496841303652,0.2743671983698097,3.510675127493812e-05,-1.596767162936885e-11,0.9688526392011243,0.02263292198942035,0.923535566272668
0.35,mean,dispersed,gp,100,100,0,0,"[20260802, 350, 0]",0.6215140209559176,0.7256328016301903,0.7256328016301303,reg=1,0.726640120027032,0.4118887931450079,0.7266401200429997,0.7154370309817705,0.27335987997296796,0.011203089045261572,0.0939230100258529,0.2743671983698097,0.01019577064841981,nan,0.8553257710746778,0.10512609907111448,0.7222457240381145
0.35,mean,dispersed,mlp,100,100,0,0,"[20260802, 350, 0]",0.6982511153936666,0.7256328016301903,0.7256328016301303,weight_decay=0.1,0.726640120027032,0.4118887931450079,0.7266401200429997,0.7238504842422242,0.27335987997296796,0.0027896357848078424,0.025599368848557624,0.2743671983698097,0.0017823173879660814,nan,0.9609311351645304,0.028389004633365467,0.9059184438398099
0.35,mean,dispersed,ridge,250,250,0,0,"[20260802, 350, 0]",0.7184814727314913,0.7256328016301903,0.7256328016301303,cv-alpha,0.726640120027032,0.4118887931450079,0.7266401200429997,0.7255976948789153,0.27335987997296796,0.001042425148116699,0.007116222147424023,0.2743671983698097,3.510675127493812e-05,-1.596767162936885e-11,0.9887720935430359,0.008158647295540722,0.9710191461474963
0.35,mean,dispersed,gp,250,250,0,0,"[20260802, 350, 0]",0.6742787345828407,0.7256328016301903,0.7256328016301303,reg=1,0.726640120027032,0.4118887931450079,0.7266401200429997,0.7154370309817705,0.27335987997296796,0.011203089045261572,0.04115829639892976,0.2743671983698097,0.01019577064841981,nan,0.9279404150678559,0.05236138544419133,0.8392448052873343
0.35,mean,dispersed,mlp,250,250,0,0,"[20260802, 350, 0]",0.715280847332463,0.7256328016301903,0.7256328016301303,weight_decay=0.1,0.726640120027032,0.4118887931450079,0.7266401200429997,0.7238504842422242,0.27335987997296796,0.0027896357848078424,0.008569636909761202,0.2743671983698097,0.0017823173879660814,nan,0.9843674022648977,0.011359272694569045,0.9601035877349876
0.35,mean,dispersed,ridge,500,500,0,0,"[20260802, 350, 0]",0.724178660413673,0.7256328016301903,0.7256328016301303,cv-alpha,0.726640120027032,0.4118887931450079,0.7266401200429997,0.7255976948789153,0.27335987997296796,0.001042425148116699,0.0014190344652423859,0.2743671983698097,3.510675127493812e-05,-1.596767162936885e-11,0.9966125465061474,0.002461459613359085,0.9910758913104738
0.35,mean,dispersed,gp,500,500,0,0,"[20260802, 350, 0]",0.6924961748028162,0.7256328016301903,0.7256328016301303,reg=0.1,0.726640120027032,0.4118887931450079,0.7266401200429997,0.7154370309817705,0.27335987997296796,0.011203089045261572,0.02294085617895425,0.2743671983698097,0.01019577064841981,nan,0.9530112028180531,0.03414394522421582,0.8889641610073586
0.35,mean,dispersed,mlp,500,500,0,0,"[20260802, 350, 0]",0.7226093011317897,0.7256328016301903,0.7256328016301303,weight_decay=0.1,0.726640120027032,0.4118887931450079,0.7266401200429997,0.7238504842422242,0.27335987997296796,0.0027896357848078424,0.0012411831104345294,0.2743671983698097,0.0017823173879660814,nan,0.9944527988695526,0.004030818895242372,0.9854688029855052
0.35,mean,dispersed,ridge,1000,1000,0,0,"[20260802, 350, 0]",0.7222022503855968,0.7256328016301903,0.7256328016301303,cv-alpha,0.726640120027032,0.4118887931450079,0.7266401200429997,0.7255976948789153,0.27335987997296796,0.001042425148116699,0.0033954444933185224,0.2743671983698097,3.510675127493812e-05,-1.596767162936885e-11,0.9938926168276119,0.0044378696414352214,0.9840248178842514
0.35,mean,dispersed,gp,1000,1000,0,0,"[20260802, 350, 0]",0.6945283396801655,0.7256328016301903,0.7256328016301303,reg=0.1,0.726640120027032,0.4118887931450079,0.7266401200429997,0.7154370309817705,0.27335987997296796,0.011203089045261572,0.020908691301604998,0.2743671983698097,0.01019577064841981,nan,0.95580786215648,0.03211178034686657,0.8948780377425358
0.35,mean,dispersed,mlp,1000,1000,0,0,"[20260802, 350, 0]",0.7186277057844942,0.7256328016301903,0.7256328016301303,weight_decay=0.1,0.726640120027032,0.4118887931450079,0.7266401200429997,0.7238504842422242,0.27335987997296796,0.0027896357848078424,0.005222778457730004,0.2743671983698097,0.0017823173879660814,nan,0.9889733390412853,0.008012414242537846,0.9715237981590289
0.35,mean,dispersed,ridge,2500,2500,0,0,"[20260802, 350, 0]",0.724648636935585,0.7256328016301903,0.7256328016301303,cv-alpha,0.726640120027032,0.4118887931450079,0.7266401200429997,0.7255976948789153,0.27335987997296796,0.001042425148116699,0.0009490579433303337,0.2743671983698097,3.510675127493812e-05,-1.596767162936885e-11,0.9972593268159031,0.0019914830914470327,0.9927674841726455
0.35,mean,dispersed,gp,2500,1500,0,0,"[20260802, 350, 0]",0.7069761928013767,0.7256328016301903,0.7256328016301303,reg=3,0.726640120027032,0.4118887931450079,0.7266401200429997,0.7154370309817705,0.27335987997296796,0.011203089045261572,0.008460838180393782,0.2743671983698097,0.01019577064841981,nan,0.9729385610790059,0.019663927225655353,0.9328930730453368
0.35,mean,dispersed,mlp,2500,2500,0,0,"[20260802, 350, 0]",0.7233543546220005,0.7256328016301903,0.7256328016301303,weight_decay=0.1,0.726640120027032,0.4118887931450079,0.7266401200429997,0.7238504842422242,0.27335987997296796,0.0027896357848078424,0.0004961296202237175,0.2743671983698097,0.0017823173879660814,nan,0.9954781392955439,0.00328576540503156,0.9881228370663778
0.35,mean,dispersed,ridge,5000,5000,0,0,"[20260802, 350, 0]",0.725319574493607,0.7256328016301903,0.7256328016301303,cv-alpha,0.726640120027032,0.4118887931450079,0.7266401200429997,0.7255976948789153,0.27335987997296796,0.001042425148116699,0.0002781203853083891,0.2743671983698097,3.510675127493812e-05,-1.596767162936885e-11,0.9981826691135964,0.0013205455334250882,0.9951924294168739
0.35,mean,dispersed,gp,5000,1500,0,0,"[20260802, 350, 0]",0.7117524255192884,0.7256328016301903,0.7256328016301303,reg=0.3,0.726640120027032,0.4118887931450079,0.7266401200429997,0.7154370309817705,0.27335987997296796,0.011203089045261572,0.00368460546248206,0.2743671983698097,0.01019577064841981,nan,0.9795115985239161,0.014887694507743632,0.9483510154957441
0.35,mean,dispersed,mlp,5000,5000,0,0,"[20260802, 350, 0]",0.7248336609063761,0.7256328016301903,0.7256328016301303,weight_decay=0.01,0.726640120027032,0.4118887931450079,0.7266401200429997,0.7238504842422242,0.27335987997296796,0.0027896357848078424,-0.0009831766641519302,0.2743671983698097,0.0017823173879660814,nan,0.9975139562613351,0.0018064591206559122,0.9934350286935304
0.35,mean,dispersed,ridge,20000,20000,1,0,"[20260802, 350, 0]",0.7255976948789153,0.7256328016301903,0.7256328016301303,cv-alpha,0.726640120027032,0.4118887931450079,0.7266401200429997,0.7255976948789153,0.27335987997296796,0.001042425148116699,0.0,0.2743671983698097,3.510675127493812e-05,-1.596767162936885e-11,0.9985654175713861,0.001042425148116699,0.9962011064460384
0.35,mean,dispersed,gp,20000,1500,1,0,"[20260802, 350, 0]",0.7154370309817705,0.7256328016301903,0.7256328016301303,reg=0.3,0.726640120027032,0.4118887931450079,0.7266401200429997,0.7154370309817705,0.27335987997296796,0.011203089045261572,0.0,0.2743671983698097,0.01019577064841981,nan,0.9845823417445698,0.011203089045261572,0.9606305448529957
0.35,mean,dispersed,mlp,20000,20000,1,0,"[20260802, 350, 0]",0.7238504842422242,0.7256328016301903,0.7256328016301303,weight_decay=0.1,0.726640120027032,0.4118887931450079,0.7266401200429997,0.7238504842422242,0.27335987997296796,0.0027896357848078424,0.0,0.2743671983698097,0.0017823173879660814,nan,0.996160911422419,0.0027896357848078424,0.9898980964092844
0.35,occupation,same_time,ridge,100,100,0,1,"[20260802, 350, 1]",0.3478615047954208,0.3525272428501842,0.35032832442613826,cv-alpha,0.35476938326909135,0.06927111337998818,0.3519508945037059,0.35038694249219215,0.6452306167309086,0.004382440776899199,0.002525437696771382,0.6474727571498158,0.0021403003579920643,0.0028184887653854296,0.9805285382576799,0.006907878473670581,0.9894073444146193
0.35,occupation,same_time,gp,100,100,0,1,"[20260802, 350, 1]",0.3297702315250457,0.3525272428501842,0.35032832442613826,reg=3,0.35476938326909135,0.06927111337998818,0.3519508945037059,0.3478066045201481,0.6452306167309086,0.0069627787489432436,0.018036372995102412,0.6474727571498158,0.004720638330036109,nan,0.9295340778460471,0.024999151744045656,0.9627006245918786
0.35,occupation,same_time,mlp,100,100,0,1,"[20260802, 350, 1]",0.3400155615867356,0.3525272428501842,0.35032832442613826,weight_decay=0.01,0.35476938326909135,0.06927111337998818,0.3519508945037059,0.3523807518239229,0.6452306167309086,0.002388631445168432,0.012365190237187296,0.6474727571498158,0.00014649102626129729,nan,0.958412922934883,0.014753821682355728,0.9776451976385582
0.35,occupation,same_time,ridge,250,250,0,1,"[20260802, 350, 1]",0.34890988907397136,0.3525272428501842,0.35032832442613826,cv-alpha,0.35476938326909135,0.06927111337998818,0.3519508945037059,0.35038694249219215,0.6452306167309086,0.004382440776899199,0.0014770534182207973,0.6474727571498158,0.0021403003579920643,0.0028184887653854296,0.9834836531238221,0.005859494195119996,0.991000486573531
0.35,occupation,same_time,gp,250,250,0,1,"[20260802, 350, 1]",0.3364872478310217,0.3525272428501842,0.35032832442613826,reg=0.1,0.35476938326909135,0.06927111337998818,0.3519508945037059,0.3478066045201481,0.6452306167309086,0.0069627787489432436,0.011319356689126425,0.6474727571498158,0.004720638330036109,nan,0.9484675501882226,0.01828213543806967,0.972446444505691
0.35,occupation,same_time,mlp,250,250,0,1,"[20260802, 350, 1]",0.349475387132798,0.3525272428501842,0.35032832442613826,weight_decay=0.01,0.35476938326909135,0.06927111337998818,0.3519508945037059,0.3523807518239229,0.6452306167309086,0.002388631445168432,0.002905364691124901,0.6474727571498158,0.00014649102626129729,nan,0.9850776408958666,0.005293996136293333,0.9918619587459421
0.35,occupation,same_time,ridge,500,500,0,1,"[20260802, 350, 1]",0.3486849472968323,0.3525272428501842,0.35032832442613826,cv-alpha,0.35476938326909135,0.06927111337998818,0.3519508945037059,0.35038694249219215,0.6452306167309086,0.004382440776899199,0.0017019951953598511,0.6474727571498158,0.0021403003579920643,0.0028184887653854296,0.9828496024200487,0.00608443597225905,0.9906582291519186
0.35,occupation,same_time,gp,500,500,0,1,"[20260802, 350, 1]",0.3462422579819652,0.3525272428501842,0.35032832442613826,reg=3,0.35476938326909135,0.06927111337998818,0.3519508945037059,0.3478066045201481,0.6452306167309086,0.0069627787489432436,0.001564346538182937,0.6474727571498158,0.004720638330036109,nan,0.9759643145962841,0.00852712528712618,0.9869567505834739
0.35,occupation,same_time,mlp,500,500,0,1,"[20260802, 350, 1]",0.34511676771024236,0.3525272428501842,0.35032832442613826,weight_decay=0.001,0.35476938326909135,0.06927111337998818,0.3519508945037059,0.3523807518239229,0.6452306167309086,0.002388631445168432,0.007263984113680566,0.6474727571498158,0.00014649102626129729,nan,0.9727918585592051,0.009652615558848998,0.9852605547326365
0.35,occupation,same_time,ridge,1000,1000,0,1,"[20260802, 350, 1]",0.3502501375130036,0.3525272428501842,0.35032832442613826,cv-alpha,0.35476938326909135,0.06927111337998818,0.3519508945037059,0.35038694249219215,0.6452306167309086,0.004382440776899199,0.00013680497918855394,0.6474727571498158,0.0021403003579920643,0.0028184887653854296,0.9872614549924115,0.004519245756087753,0.9930446376105571
0.35,occupation,same_time,gp,1000,1000,0,1,"[20260802, 350, 1]",0.34393867945626266,0.3525272428501842,0.35032832442613826,reg=1,0.35476938326909135,0.06927111337998818,0.3519508945037059,0.3478066045201481,0.6452306167309086,0.0069627787489432436,0.0038679250638854468,0.6474727571498158,0.004720638330036109,nan,0.9694711428787144,0.01083070381282869,0.983491323945371
0.35,occupation,same_time,mlp,1000,1000,0,1,"[20260802, 350, 1]",0.3445680401098624,0.3525272428501842,0.35032832442613826,weight_decay=0.001,0.35476938326909135,0.06927111337998818,0.3519508945037059,0.3523807518239229,0.6452306167309086,0.002388631445168432,0.007812711714060505,0.6474727571498158,0.00014649102626129729,nan,0.9712451422238676,0.010201343159228937,0.9844356946509919
0.35,occupation,same_time,ridge,2500,2500,0,1,"[20260802, 350, 1]",0.3503904452578167,0.3525272428501842,0.35032832442613826,cv-alpha,0.35476938326909135,0.06927111337998818,0.3519508945037059,0.35038694249219215,0.6452306167309086,0.004382440776899199,-3.5027656245523175e-06,0.6474727571498158,0.0021403003579920643,0.0028184887653854296,0.9876569449964253,0.004378938011274647,0.993259123146653
0.35,occupation,same_time,gp,2500,1500,0,1,"[20260802, 350, 1]",0.3483349578426258,0.3525272428501842,0.35032832442613826,reg=0.3,0.35476938326909135,0.06927111337998818,0.3519508945037059,0.3478066045201481,0.6452306167309086,0.0069627787489432436,-0.0005283533224776926,0.6474727571498158,0.004720638330036109,nan,0.9818630757615714,0.006434425426465551,0.9901261767776218
0.35,occupation,same_time,mlp,2500,2500,0,1,"[20260802, 350, 1]",0.3501007795744657,0.3525272428501842,0.35032832442613826,weight_decay=0.001,0.35476938326909135,0.06927111337998818,0.3519508945037059,0.3523807518239229,0.6452306167309086,0.002388631445168432,0.002279972249457196,0.6474727571498158,0.00014649102626129729,nan,0.9868404549129751,0.004668603694625628,0.9928164189955964
0.35,occupation,same_time,ridge,5000,5000,0,1,"[20260802, 350, 1]",0.3503582854616336,0.3525272428501842,0.35032832442613826,cv-alpha,0.35476938326909135,0.06927111337998818,0.3519508945037059,0.35038694249219215,0.6452306167309086,0.004382440776899199,2.8657030558543184e-05,0.6474727571498158,0.0021403003579920643,0.0028184887653854296,0.9875662951328809,0.004411097807457742,0.9932099529498467
0.35,occupation,same_time,gp,5000,1500,0,1,"[20260802, 350, 1]",0.34283149696077764,0.3525272428501842,0.35032832442613826,reg=0.001,0.35476938326909135,0.06927111337998818,0.3519508945037059,0.3478066045201481,0.6452306167309086,0.0069627787489432436,0.004975107559370473,0.6474727571498158,0.004720638330036109,nan,0.9663502915660034,0.011937886308313717,0.9818343602088287
0.35,occupation,same_time,mlp,5000,5000,0,1,"[20260802, 350, 1]",0.35177071613040145,0.3525272428501842,0.35032832442613826,weight_decay=0.001,0.35476938326909135,0.06927111337998818,0.3519508945037059,0.3523807518239229,0.6452306167309086,0.002388631445168432,0.0006100356935214712,0.6474727571498158,0.00014649102626129729,nan,0.9915475594002557,0.0029986671386899033,0.9953740640645091
0.35,occupation,same_time,ridge,20000,20000,1,1,"[20260802, 350, 1]",0.35038694249219215,0.3525272428501842,0.35032832442613826,cv-alpha,0.35476938326909135,0.06927111337998818,0.3519508945037059,0.35038694249219215,0.6452306167309086,0.004382440776899199,0.0,0.6474727571498158,0.0021403003579920643,0.0028184887653854296,0.987647071637027,0.004382440776899199,0.9932537674139247
0.35,occupation,same_time,gp,20000,1500,1,1,"[20260802, 350, 1]",0.3478066045201481,0.3525272428501842,0.35032832442613826,reg=3,0.35476938326909135,0.06927111337998818,0.3519508945037059,0.3478066045201481,0.6452306167309086,0.0069627787489432436,0.0,0.6474727571498158,0.004720638330036109,nan,0.9803737890660593,0.0069627787489432436,0.9893240581747683
0.35,occupation,same_time,mlp,20000,20000,1,1,"[20260802, 350, 1]",0.3523807518239229,0.3525272428501842,0.35032832442613826,weight_decay=0.01,0.35476938326909135,0.06927111337998818,0.3519508945037059,0.3523807518239229,0.6452306167309086,0.002388631445168432,0.0,0.6474727571498158,0.00014649102626129729,nan,0.9932670868518644,0.002388631445168432,0.9963116731754104
0.35,occupation,dispersed,ridge,100,100,0,1,"[20260802, 350, 1]",0.6655974599208094,0.6940071804429843,0.6831080378192916,cv-alpha,0.6989454202527748,0.06927111337998818,0.6876497860293475,0.6828955047626664,0.30105457974722516,0.01604991549010848,0.01729804484185693,0.30599281955701574,0.0111116756803179,0.011295634223427387,0.9522881767793756,0.03334796033196541,0.9002759957383452
0.35,occupation,dispersed,gp,100,100,0,1,"[20260802, 350, 1]",0.6716836959697232,0.6940071804429843,0.6831080378192916,reg=1,0.6989454202527748,0.06927111337998818,0.6876497860293475,0.6840901025937141,0.30105457974722516,0.014855317659060785,0.01240640662399084,0.30599281955701574,0.009917077849270206,nan,0.9609959182890241,0.027261724283051625,0.9169650609841855
0.35,occupation,dispersed,mlp,100,100,0,1,"[20260802, 350, 1]",0.6725624677728534,0.6940071804429843,0.6831080378192916,weight_decay=0.1,0.6989454202527748,0.06927111337998818,0.6876497860293475,0.6920750991397238,0.30105457974722516,0.006870321113051081,0.019512631366870314,0.30599281955701574,0.0019320813032605022,nan,0.962253200728635,0.026382952479921395,0.9194259976842872
0.35,occupation,dispersed,ridge,250,250,0,1,"[20260802, 350, 1]",0.6623489592645109,0.6940071804429843,0.6831080378192916,cv-alpha,0.6989454202527748,0.06927111337998818,0.6876497860293475,0.6828955047626664,0.30105457974722516,0.01604991549010848,0.02054654549815549,0.30599281955701574,0.0111116756803179,0.011295634223427387,0.9476404595726104,0.03659646098826397,0.8916145470526385
0.35,occupation,dispersed,gp,250,250,0,1,"[20260802, 350, 1]",0.662523267899288,0.6940071804429843,0.6831080378192916,reg=1,0.6989454202527748,0.06927111337998818,0.6876497860293475,0.6840901025937141,0.30105457974722516,0.014855317659060785,0.021566834694426107,0.30599281955701574,0.009917077849270206,nan,0.9478898476217001,0.03642215235348689,0.8920750709929905
0.35,occupation,dispersed,mlp,250,250,0,1,"[20260802, 350, 1]",0.6655310893328246,0.6940071804429843,0.6831080378192916,weight_decay=0.1,0.6989454202527748,0.06927111337998818,0.6876497860293475,0.6920750991397238,0.30105457974722516,0.006870321113051081,0.026544009806899194,0.30599281955701574,0.0019320813032605022,nan,0.952193218595143,0.033414330919950275,0.9000973487990328
0.35,occupation,dispersed,ridge,500,500,0,1,"[20260802, 350, 1]",0.6753853302753103,0.6940071804429843,0.6831080378192916,cv-alpha,0.6989454202527748,0.06927111337998818,0.6876497860293475,0.6828955047626664,0.30105457974722516,0.01604991549010848,0.007510174487356025,0.30599281955701574,0.0111116756803179,0.011295634223427387,0.9662919459877941,0.023560089977464505,0.9274213639283581
0.35,occupation,dispersed,gp,500,500,0,1,"[20260802, 350, 1]",0.6728899573091843,0.6940071804429843,0.6831080378192916,reg=0.3,0.6989454202527748,0.06927111337998818,0.6876497860293475,0.6840901025937141,0.30105457974722516,0.014855317659060785,0.011200145284529728,0.30599281955701574,0.009917077849270206,nan,0.9627217488109908,0.026055462943590513,0.920346490345397
0.35,occupation,dispersed,mlp,500,500,0,1,"[20260802, 350, 1]",0.6775854244753673,0.6940071804429843,0.6831080378192916,weight_decay=0.1,0.6989454202527748,0.06927111337998818,0.6876497860293475,0.6920750991397238,0.30105457974722516,0.006870321113051081,0.014489674664356467,0.30599281955701574,0.0019320813032605022,nan,0.9694396798970617,0.021359995777407548,0.9337499064902678
0.35,occupation,dispersed,ridge,1000,1000,0,1,"[20260802, 350, 1]",0.6795556701620646,0.6940071804429843,0.6831080378192916,cv-alpha,0.6989454202527748,0.06927111337998818,0.6876497860293475,0.6828955047626664,0.30105457974722516,0.01604991549010848,0.003339834600601721,0.30599281955701574,0.0111116756803179,0.011295634223427387,0.972258563360072,0.0193897500907102,0.9394910495045534
0.35,occupation,dispersed,gp,1000,1000,0,1,"[20260802, 350, 1]",0.6857489087612267,0.6940071804429843,0.6831080378192916,reg=3,0.6989454202527748,0.06927111337998818,0.6876497860293475,0.6840901025937141,0.30105457974722516,0.014855317659060785,-0.001658806167512683,0.30599281955701574,0.009917077849270206,nan,0.9811193962945267,0.013196511491548102,0.9580064736146893
0.35,occupation,dispersed,mlp,1000,1000,0,1,"[20260802, 350, 1]",0.6886427024480621,0.6940071804429843,0.6831080378192916,weight_decay=0.01,0.6989454202527748,0.06927111337998818,0.6876497860293475,0.6920750991397238,0.30105457974722516,0.006870321113051081,0.003432396691661621,0.30599281955701574,0.0019320813032605022,nan,0.985259624705765,0.010302717804712702,0.9669103056658112
0.35,occupation,dispersed,ridge,2500,2500,0,1,"[20260802, 350, 1]",0.6810957257589015,0.6940071804429843,0.6831080378192916,cv-alpha,0.6989454202527748,0.06927111337998818,0.6876497860293475,0.6828955047626664,0.30105457974722516,0.01604991549010848,0.0017997790037648231,0.30599281955701574,0.0111116756803179,0.011295634223427387,0.9744619622982608,0.017849694493873303,0.9440280487417407
0.35,occupation,dispersed,gp,2500,1500,0,1,"[20260802, 350, 1]",0.6854994862869893,0.6940071804429843,0.6831080378192916,reg=1,0.6989454202527748,0.06927111337998818,0.6876497860293475,0.6840901025937141,0.30105457974722516,0.014855317659060785,-0.0014093836932752568,0.30599281955701574,0.009917077849270206,nan,0.980762540856305,0.013445933965785528,0.9572467026936075
0.35,occupation,dispersed,mlp,2500,2500,0,1,"[20260802, 350, 1]",0.6881361879769994,0.6940071804429843,0.6831080378192916,weight_decay=0.01,0.6989454202527748,0.06927111337998818,0.6876497860293475,0.6920750991397238,0.30105457974722516,0.006870321113051081,0.003938911162724379,0.30599281955701574,0.0019320813032605022,nan,0.9845349408372026,0.01080923227577546,0.965339895624125
0.35,occupation,dispersed,ridge,5000,5000,0,1,"[20260802, 350, 1]",0.6821337937526433,0.6940071804429843,0.6831080378192916,cv-alpha,0.6989454202527748,0.06927111337998818,0.6876497860293475,0.6828955047626664,0.30105457974722516,0.01604991549010848,0.0007617110100230917,0.30599281955701574,0.0111116756803179,0.011295634223427387,0.975947154079568,0.01681162650013157,0.947110997741455
0.35,occupation,dispersed,gp,5000,1500,0,1,"[20260802, 350, 1]",0.6824068998105263,0.6940071804429843,0.6831080378192916,reg=10,0.6989454202527748,0.06927111337998818,0.6876497860293475,0.6840901025937141,0.30105457974722516,0.014855317659060785,0.0016832027831877872,0.30599281955701574,0.009917077849270206,nan,0.9763378942575124,0.016538520442248572,0.9479254416031652
0.35,occupation,dispersed,mlp,5000,5000,0,1,"[20260802, 350, 1]",0.6908544626396385,0.6940071804429843,0.6831080378192916,weight_decay=0.01,0.6989454202527748,0.06927111337998818,0.6876497860293475,0.6920750991397238,0.30105457974722516,0.006870321113051081,0.0012206365000853037,0.30599281955701574,0.0019320813032605022,nan,0.9884240494626744,0.008090957613136385,0.973827998028951
0.35,occupation,dispersed,ridge,20000,20000,1,1,"[20260802, 350, 1]",0.6828955047626664,0.6940071804429843,0.6831080378192916,cv-alpha,0.6989454202527748,0.06927111337998818,0.6876497860293475,0.6828955047626664,0.30105457974722516,0.01604991549010848,0.0,0.30599281955701574,0.0111116756803179,0.011295634223427387,0.9770369544959547,0.01604991549010848,0.949386036050684
0.35,occupation,dispersed,gp,20000,1500,1,1,"[20260802, 350, 1]",0.6840901025937141,0.6940071804429843,0.6831080378192916,reg=1,0.6989454202527748,0.06927111337998818,0.6876497860293475,0.6840901025937141,0.30105457974722516,0.014855317659060785,0.0,0.30599281955701574,0.009917077849270206,nan,0.9787460977229262,0.014855317659060785,0.9529760929270423
0.35,occupation,dispersed,mlp,20000,20000,1,1,"[20260802, 350, 1]",0.6920750991397238,0.6940071804429843,0.6831080378192916,weight_decay=0.01,0.6989454202527748,0.06927111337998818,0.6876497860293475,0.6920750991397238,0.30105457974722516,0.006870321113051081,0.0,0.30599281955701574,0.0019320813032605022,nan,0.9901704469133421,0.006870321113051081,0.977688322399855
0.35,mean,same_time,ridge,100,100,0,1,"[20260802, 350, 1]",0.3613843405377031,0.36825075015981423,0.368250750158975,cv-alpha,0.37190681274750936,0.4118887931450079,0.37190681278056786,0.36833116970124435,0.6280931872524906,0.003575643046265009,0.006946829163541279,0.6317492498401858,-8.04195414301212e-05,-3.305850038159974e-11,0.9717066968145321,0.010522472209806288,0.9835229968856918
0.35,mean,same_time,gp,100,100,0,1,"[20260802, 350, 1]",0.34234680539799656,0.36825075015981423,0.368250750158975,reg=0.3,0.37190681274750936,0.4118887931450079,0.37190681278056786,0.3630440040563977,0.6280931872524906,0.008862808691111668,0.02069719865840114,0.6317492498401858,0.005206746103416537,nan,0.9205177040691068,0.029560007349512807,0.9550522865362163
0.35,mean,same_time,mlp,100,100,0,1,"[20260802, 350, 1]",0.35552798080117975,0.36825075015981423,0.368250750158975,weight_decay=0.01,0.37190681274750936,0.4118887931450079,0.37190681278056786,0.36803082337629034,0.6280931872524906,0.003875989371219024,0.012502842575110584,0.6317492498401858,0.00021992678352389383,nan,0.9559598496587657,0.01637883194632961,0.9745856585570758
0.35,mean,same_time,ridge,250,250,0,1,"[20260802, 350, 1]",0.3655432319655487,0.36825075015981423,0.368250750158975,cv-alpha,0.37190681274750936,0.4118887931450079,0.37190681278056786,0.36833116970124435,0.6280931872524906,0.003575643046265009,0.0027879377356956336,0.6317492498401858,-8.04195414301212e-05,-3.305850038159974e-11,0.9828893137639806,0.006363580781960643,0.9899700324709672
0.35,mean,same_time,gp,250,250,0,1,"[20260802, 350, 1]",0.3291792435289167,0.36825075015981423,0.368250750158975,reg=10,0.37190681274750936,0.4118887931450079,0.37190681278056786,0.3630440040563977,0.6280931872524906,0.008862808691111668,0.033864760527481,0.6317492498401858,0.005206746103416537,nan,0.8851121631708296,0.042727569218592665,0.9363055349638179
0.35,mean,same_time,mlp,250,250,0,1,"[20260802, 350, 1]",0.3606283265996332,0.36825075015981423,0.368250750158975,weight_decay=0.01,0.37190681274750936,0.4118887931450079,0.37190681278056786,0.36803082337629034,0.6280931872524906,0.003875989371219024,0.007402496776657164,0.6317492498401858,0.00021992678352389383,nan,0.9696738920576503,0.011278486147876188,0.9823600471883688
0.35,mean,same_time,ridge,500,500,0,1,"[20260802, 350, 1]",0.3666137481812204,0.36825075015981423,0.368250750158975,cv-alpha,0.37190681274750936,0.4118887931450079,0.37190681278056786,0.36833116970124435,0.6280931872524906,0.003575643046265009,0.001717421520023965,0.6317492498401858,-8.04195414301212e-05,-3.305850038159974e-11,0.9857677665886629,0.005293064566288974,0.9916432278864755
0.35,mean,same_time,gp,500,500,0,1,"[20260802, 350, 1]",0.3619924702466495,0.36825075015981423,0.368250750158975,reg=0.1,0.37190681274750936,0.4118887931450079,0.37190681278056786,0.3630440040563977,0.6280931872524906,0.008862808691111668,0.0010515338097482063,0.6317492498401858,0.005206746103416537,nan,0.9733418637114594,0.009914342500859874,0.9844604616113345
0.35,mean,same_time,mlp,500,500,0,1,"[20260802, 350, 1]",0.3640500932029759,0.36825075015981423,0.368250750158975,weight_decay=0.01,0.37190681274750936,0.4118887931450079,0.37190681278056786,0.36803082337629034,0.6280931872524906,0.003875989371219024,0.003980730173314462,0.6317492498401858,0.00021992678352389383,nan,0.9788744941602684,0.007856719544533486,0.987645694321894
0.35,mean,same_time,ridge,1000,1000,0,1,"[20260802, 350, 1]",0.3665077526084112,0.36825075015981423,0.368250750158975,cv-alpha,0.37190681274750936,0.4118887931450079,0.37190681278056786,0.36833116970124435,0.6280931872524906,0.003575643046265009,0.0018234170928331794,0.6317492498401858,-8.04195414301212e-05,-3.305850038159974e-11,0.9854827608582593,0.0053990601390981885,0.9914773066894995
0.35,mean,same_time,gp,1000,1000,0,1,"[20260802, 350, 1]",0.363897910023387,0.36825075015981423,0.368250750158975,reg=0.1,0.37190681274750936,0.4118887931450079,0.37190681278056786,0.3630440040563977,0.6280931872524906,0.008862808691111668,-0.0008539059669893101,0.6317492498401858,0.005206746103416537,nan,0.9784652970862363,0.008008902724122358,0.9874094066812187
0.35,mean,same_time,mlp,1000,1000,0,1,"[20260802, 350, 1]",0.36431826957480984,0.36825075015981423,0.368250750158975,weight_decay=0.1,0.37190681274750936,0.4118887931450079,0.37190681278056786,0.36803082337629034,0.6280931872524906,0.003875989371219024,0.0037125538014805004,0.6317492498401858,0.00021992678352389383,nan,0.9795955790198136,0.0075885431726995245,0.9880623544621555
0.35,mean,same_time,ridge,2500,2500,0,1,"[20260802, 350, 1]",0.3677859544118631,0.36825075015981423,0.368250750158975,cv-alpha,0.37190681274750936,0.4118887931450079,0.37190681278056786,0.36833116970124435,0.6280931872524906,0.003575643046265009,0.000545215289381229,0.6317492498401858,-8.04195414301212e-05,-3.305850038159974e-11,0.9889196481634663,0.004120858335646238,0.9934818620933791
0.35,mean,same_time,gp,2500,1500,0,1,"[20260802, 350, 1]",0.3673258900212002,0.36825075015981423,0.368250750158975,reg=1,0.37190681274750936,0.4118887931450079,0.37190681278056786,0.3630440040563977,0.6280931872524906,0.008862808691111668,-0.004281885964802501,0.6317492498401858,0.005206746103416537,nan,0.9876826060472864,0.004580922726309167,0.9927594275566884
0.35,mean,same_time,mlp,2500,2500,0,1,"[20260802, 350, 1]",0.366453195041047,0.36825075015981423,0.368250750158975,weight_decay=0.1,0.37190681274750936,0.4118887931450079,0.37190681278056786,0.36803082337629034,0.6280931872524906,0.003875989371219024,0.0015776283352433307,0.6317492498401858,0.00021992678352389383,nan,0.985336063982875,0.005453617706462355,0.991391926115363
0.35,mean,same_time,ridge,5000,5000,0,1,"[20260802, 350, 1]",0.3681279819837182,0.36825075015981423,0.368250750158975,cv-alpha,0.37190681274750936,0.4118887931450079,0.37190681278056786,0.36833116970124435,0.6280931872524906,0.003575643046265009,0.00020318771752614317,0.6317492498401858,-8.04195414301212e-05,-3.305850038159974e-11,0.9898393074978257,0.0037788307637911522,0.9940196263546303
0.35,mean,same_time,gp,5000,1500,0,1,"[20260802, 350, 1]",0.3663751656896759,0.36825075015981423,0.368250750158975,reg=0.1,0.37190681274750936,0.4118887931450079,0.37190681278056786,0.3630440040563977,0.6280931872524906,0.008862808691111668,-0.003331161633278179,0.6317492498401858,0.005206746103416537,nan,0.9851262551041543,0.005531647057833489,0.9912698386201126
0.35,mean,same_time,mlp,5000,5000,0,1,"[20260802, 350, 1]",0.3652939253649292,0.36825075015981423,0.368250750158975,weight_decay=0.1,0.37190681274750936,0.4118887931450079,0.37190681278056786,0.36803082337629034,0.6280931872524906,0.003875989371219024,0.002736898011361122,0.6317492498401858,0.00021992678352389383,nan,0.9822189668058873,0.006612887382580146,0.9895811815155822
0.35,mean,same_time,ridge,20000,20000,1,1,"[20260802, 350, 1]",0.36833116970124435,0.36825075015981423,0.368250750158975,cv-alpha,0.37190681274750936,0.4118887931450079,0.37190681278056786,0.36833116970124435,0.6280931872524906,0.003575643046265009,0.0,0.6317492498401858,-8.04195414301212e-05,-3.305850038159974e-11,0.9903856478996728,0.003575643046265009,0.9943393707671568
0.35,mean,same_time,gp,20000,1500,1,1,"[20260802, 350, 1]",0.3630440040563977,0.36825075015981423,0.368250750158975,reg=0.3,0.37190681274750936,0.4118887931450079,0.37190681278056786,0.3630440040563977,0.6280931872524906,0.008862808691111668,0.0,0.6317492498401858,0.005206746103416537,nan,0.9761692757773472,0.008862808691111668,0.9860856813538869
0.35,mean,same_time,mlp,20000,20000,1,1,"[20260802, 350, 1]",0.36803082337629034,0.36825075015981423,0.368250750158975,weight_decay=0.001,0.37190681274750936,0.4118887931450079,0.37190681278056786,0.36803082337629034,0.6280931872524906,0.003875989371219024,0.0,0.6317492498401858,0.00021992678352389383,nan,0.9895780630029747,0.003875989371219024,0.9938668063022844
0.35,mean,dispersed,ridge,100,100,0,1,"[20260802, 350, 1]",0.70707183604274,0.7252757739968805,0.7252757739969506,cv-alpha,0.726640120027032,0.4118887931450079,0.7266401200429997,0.7251239853623552,0.27335987997296796,0.001516134664676816,0.018052149319615185,0.2747242260031195,0.0001517886345252517,-1.596767162936885e-11,0.9730701850269924,0.019568283984292,0.9331976696267856
0.35,mean,dispersed,gp,100,100,0,1,"[20260802, 350, 1]",0.6708333034322717,0.7252757739968805,0.7252757739969506,reg=0.3,0.726640120027032,0.4118887931450079,0.7266401200429997,0.7111711181573989,0.27335987997296796,0.015469001869633181,0.04033781472512721,0.2747242260031195,0.014104655839481617,nan,0.9231988228331182,0.05580681659476039,0.8304603194166766
0.35,mean,dispersed,mlp,100,100,0,1,"[20260802, 350, 1]",0.7065732394579645,0.7252757739968805,0.7252757739969506,weight_decay=0.1,0.726640120027032,0.4118887931450079,0.7266401200429997,0.7246519064789241,0.27335987997296796,0.0019882135481079644,0.018078667020959616,0.2747242260031195,0.0006238675179564002,nan,0.9723840178707431,0.02006688056906758,0.9316119615947815
0.35,mean,dispersed,ridge,250,250,0,1,"[20260802, 350, 1]",0.72237209888246,0.7252757739968805,0.7252757739969506,cv-alpha,0.726640120027032,0.4118887931450079,0.7266401200429997,0.7251239853623552,0.27335987997296796,0.001516134664676816,0.002751886479895216,0.2747242260031195,0.0001517886345252517,-1.596767162936885e-11,0.9941263618303745,0.004268021144572032,0.9846268291933488
0.35,mean,dispersed,gp,250,250,0,1,"[20260802, 350, 1]",0.6843429642296024,0.7252757739968805,0.7252757739969506,reg=3,0.726640120027032,0.4118887931450079,0.7266401200429997,0.7111711181573989,0.27335987997296796,0.015469001869633181,0.026828153927796472,0.2747242260031195,0.014104655839481617,nan,0.9417907783623947,0.04229715579742965,0.8660028099985209
0.35,mean,dispersed,mlp,250,250,0,1,"[20260802, 350, 1]",0.7207834838776989,0.7252757739968805,0.7252757739969506,weight_decay=0.1,0.726640120027032,0.4118887931450079,0.7266401200429997,0.7246519064789241,0.27335987997296796,0.0019882135481079644,0.0038684226012252187,0.2747242260031195,0.0006238675179564002,nan,0.9919401145244838,0.005856636149333183,0.9790247502881675
0.35,mean,dispersed,ridge,500,500,0,1,"[20260802, 350, 1]",0.7232339448006424,0.7252757739968805,0.7252757739969506,cv-alpha,0.726640120027032,0.4118887931450079,0.7266401200429997,0.7251239853623552,0.27335987997296796,0.001516134664676816,0.0018900405617128246,0.2747242260031195,0.0001517886345252517,-1.596767162936885e-11,0.9953124316528753,0.0034061752263896405,0.9876929444113508
0.35,mean,dispersed,gp,500,500,0,1,"[20260802, 350, 1]",0.7077504170688633,0.7252757739968805,0.7252757739969506,reg=0.3,0.726640120027032,0.4118887931450079,0.7266401200429997,0.7111711181573989,0.27335987997296796,0.015469001869633181,0.0034207010885355382,0.2747242260031195,0.014104655839481617,nan,0.974004046243048,0.01888970295816872,0.9353644827523339
0.35,mean,dispersed,mlp,500,500,0,1,"[20260802, 350, 1]",0.7222894691026609,0.7252757739968805,0.7252757739969506,weight_decay=0.1,0.726640120027032,0.4118887931450079,0.7266401200429997,0.7246519064789241,0.27335987997296796,0.0019882135481079644,0.0023624373762631823,0.2747242260031195,0.0006238675179564002,nan,0.9940126469699894,0.004350650924371147,0.9843338640766941
0.35,mean,dispersed,ridge,1000,1000,0,1,"[20260802, 350, 1]",0.7220615959489962,0.7252757739968805,0.7252757739969506,cv-alpha,0.726640120027032,0.4118887931450079,0.7266401200429997,0.7251239853623552,0.27335987997296796,0.001516134664676816,0.0030623894133590124,0.2747242260031195,0.0001517886345252517,-1.596767162936885e-11,0.9936990486048781,0.004578524078035828,0.9835268389999259
0.35,mean,dispersed,gp,1000,1000,0,1,"[20260802, 350, 1]",0.6993554941194592,0.7252757739968805,0.7252757739969506,reg=0.1,0.726640120027032,0.4118887931450079,0.7266401200429997,0.7111711181573989,0.27335987997296796,0.015469001869633181,0.011815624037939676,0.2747242260031195,0.014104655839481617,nan,0.9624509779248662,0.027284625907572857,0.9092462181284157
0.35,mean,dispersed,mlp,1000,1000,0,1,"[20260802, 350, 1]",0.7184417890991748,0.7252757739968805,0.7252757739969506,weight_decay=0.01,0.726640120027032,0.4118887931450079,0.7266401200429997,0.7246519064789241,0.27335987997296796,0.0019882135481079644,0.0062101173797493026,0.2747242260031195,0.0006238675179564002,nan,0.9887174810447402,0.008198330927857267,0.9708822878877256
0.35,mean,dispersed,ridge,2500,2500,0,1,"[20260802, 350, 1]",0.7234292392245927,0.7252757739968805,0.7252757739969506,cv-alpha,0.726640120027032,0.4118887931450079,0.7266401200429997,0.7251239853623552,0.27335987997296796,0.001516134664676816,0.0016947461377625483,0.2747242260031195,0.0001517886345252517,-1.596767162936885e-11,0.9955811952657941,0.0032108808024393642,0.988390382289736
0.35,mean,dispersed,gp,2500,1500,0,1,"[20260802, 350, 1]",0.7120129650139002,0.7252757739968805,0.7252757739969506,reg=0.3,0.726640120027032,0.4118887931450079,0.7266401200429997,0.7111711181573989,0.27335987997296796,0.015469001869633181,-0.0008418468565013493,0.2747242260031195,0.014104655839481617,nan,0.9798701522115408,0.014627155013131832,0.9492089808354122
0.35,mean,dispersed,mlp,2500,2500,0,1,"[20260802, 350, 1]",0.7208046973728728,0.7252757739968805,0.7252757739969506,weight_decay=0.01,0.726640120027032,0.4118887931450079,0.7266401200429997,0.7246519064789241,0.27335987997296796,0.0019882135481079644,0.003847209106051297,0.2747242260031195,0.0006238675179564002,nan,0.9919693084742662,0.005835422654159261,0.9790991374165323
0.35,mean,dispersed,ridge,5000,5000,0,1,"[20260802, 350, 1]",0.7248470370499462,0.7252757739968805,0.7252757739969506,cv-alpha,0.726640120027032,0.4118887931450079,0.7266401200429997,0.7251239853623552,0.27335987997296796,0.001516134664676816,0.00027694831240898665,0.2747242260031195,0.0001517886345252517,-1.596767162936885e-11,0.9975323644708483,0.0017930829770858026,0.9934833230292661
0.35,mean,dispersed,gp,5000,1500,0,1,"[20260802, 350, 1]",0.7132420875162242,0.7252757739968805,0.7252757739969506,reg=0.3,0.726640120027032,0.4118887931450079,0.7266401200429997,0.7111711181573989,0.27335987997296796,0.015469001869633181,-0.0020709693588253364,0.2747242260031195,0.014104655839481617,nan,0.9815616669909316,0.013398032510807845,0.9532775490142199
0.35,mean,dispersed,mlp,5000,5000,0,1,"[20260802, 350, 1]",0.7233953653056975,0.7252757739968805,0.7252757739969506,weight_decay=0.1,0.726640120027032,0.4118887931450079,0.7266401200429997,0.7246519064789241,0.27335987997296796,0.0019882135481079644,0.0012565411732265996,0.2747242260031195,0.0006238675179564002,nan,0.9955345780780535,0.003244754721334564,0.9882693407327734
0.35,mean,dispersed,ridge,20000,20000,1,1,"[20260802, 350, 1]",0.7251239853623552,0.7252757739968805,0.7252757739969506,cv-alpha,0.726640120027032,0.4118887931450079,0.7266401200429997,0.7251239853623552,0.27335987997296796,0.001516134664676816,0.0,0.2747242260031195,0.0001517886345252517,-1.596767162936885e-11,0.9979134999253545,0.001516134664676816,0.9944842962501641
0.35,mean,dispersed,gp,20000,1500,1,1,"[20260802, 350, 1]",0.7111711181573989,0.7252757739968805,0.7252757739969506,reg=1,0.726640120027032,0.4118887931450079,0.7266401200429997,0.7111711181573989,0.27335987997296796,0.015469001869633181,0.0,0.2747242260031195,0.014104655839481617,nan,0.9787116050390148,0.015469001869633181,0.9464423302443032
0.35,mean,dispersed,mlp,20000,20000,1,1,"[20260802, 350, 1]",0.7246519064789241,0.7252757739968805,0.7252757739969506,weight_decay=0.01,0.726640120027032,0.4118887931450079,0.7266401200429997,0.7246519064789241,0.27335987997296796,0.0019882135481079644,0.0,0.2747242260031195,0.0006238675179564002,nan,0.997263826351848,0.0019882135481079644,0.9927792725103587
0.35,occupation,same_time,ridge,100,100,0,2,"[20260802, 350, 2]",0.3531169787813645,0.36073007286102454,0.3581496767910164,cv-alpha,0.35476938326909135,0.06927111337998818,0.3519508945037059,0.35817010452699505,0.6452306167309086,-0.003400721257903694,0.005053125745630549,0.6392699271389755,0.0025599683340294943,0.0028184887653854296,0.9953423137236352,0.0016524044877268551,0.9974455899544032
0.35,occupation,same_time,gp,100,100,0,2,"[20260802, 350, 2]",0.3365448262701112,0.36073007286102454,0.3581496767910164,reg=0.3,0.35476938326909135,0.06927111337998818,0.3519508945037059,0.3584880375600661,0.6452306167309086,-0.003718654290974732,0.02194321128995491,0.6392699271389755,0.002242035300958456,nan,0.9486298484073049,0.01822455699898018,0.9725308389766211
0.35,occupation,same_time,mlp,100,100,0,2,"[20260802, 350, 2]",0.3546891461949031,0.36073007286102454,0.3581496767910164,weight_decay=1,0.35476938326909135,0.06927111337998818,0.3519508945037059,0.360678197774718,0.6452306167309086,-0.005908814505626636,0.005989051579814886,0.6392699271389755,5.187508630655202e-05,nan,0.9997738331491605,8.023707418824966e-05,0.9998756613596144
0.35,occupation,same_time,ridge,250,250,0,2,"[20260802, 350, 2]",0.3564171783269936,0.36073007286102454,0.3581496767910164,cv-alpha,0.35476938326909135,0.06927111337998818,0.3519508945037059,0.35817010452699505,0.6452306167309086,-0.003400721257903694,0.0017529262000014478,0.6392699271389755,0.0025599683340294943,0.0028184887653854296,1.00464469352659,-0.001647795057902246,1.0025603465512314
0.35,occupation,same_time,gp,250,250,0,2,"[20260802, 350, 2]",0.346061872128684,0.36073007286102454,0.3581496767910164,reg=0.01,0.35476938326909135,0.06927111337998818,0.3519508945037059,0.3584880375600661,0.6452306167309086,-0.003718654290974732,0.012426165431382086,0.6392699271389755,0.002242035300958456,nan,0.9754558551243337,0.008707511140407354,0.986684503060325
0.35,occupation,same_time,mlp,250,250,0,2,"[20260802, 350, 2]",0.3604136417457474,0.36073007286102454,0.3581496767910164,weight_decay=0.1,0.35476938326909135,0.06927111337998818,0.3519508945037059,0.360678197774718,0.6452306167309086,-0.005908814505626636,0.00026455602897057506,0.6392699271389755,5.187508630655202e-05,nan,1.0159096549556952,-0.005644258476656061,1.0088248575095662
0.35,occupation,same_time,ridge,500,500,0,2,"[20260802, 350, 2]",0.357172954656943,0.36073007286102454,0.3581496767910164,cv-alpha,0.35476938326909135,0.06927111337998818,0.3519508945037059,0.35817010452699505,0.6452306167309086,-0.003400721257903694,0.000997149870052061,0.6392699271389755,0.0025599683340294943,0.0028184887653854296,1.0067750248505196,-0.002403571387851633,1.0037390638823682
0.35,occupation,same_time,gp,500,500,0,2,"[20260802, 350, 2]",0.3547793766550863,0.36073007286102454,0.3581496767910164,reg=3,0.35476938326909135,0.06927111337998818,0.3519508945037059,0.3584880375600661,0.6452306167309086,-0.003718654290974732,0.003708660904979788,0.6392699271389755,0.002242035300958456,nan,1.000028168682153,-9.993385994944148e-06,1.00001548832389
0.35,occupation,same_time,mlp,500,500,0,2,"[20260802, 350, 2]",0.3579766431953779,0.36073007286102454,0.3581496767910164,weight_decay=0.001,0.35476938326909135,0.06927111337998818,0.3519508945037059,0.360678197774718,0.6452306167309086,-0.005908814505626636,0.002701554579340071,0.6392699271389755,5.187508630655202e-05,nan,1.0090404078749204,-0.0032072599262865653,1.0049955502277195
0.35,occupation,same_time,ridge,1000,1000,0,2,"[20260802, 350, 2]",0.3573299334951199,0.36073007286102454,0.3581496767910164,cv-alpha,0.35476938326909135,0.06927111337998818,0.3519508945037059,0.35817010452699505,0.6452306167309086,-0.003400721257903694,0.0008401710318751698,0.6392699271389755,0.0025599683340294943,0.0028184887653854296,1.0072175062076492,-0.002560550226028524,1.003984237573027
0.35,occupation,same_time,gp,1000,1000,0,2,"[20260802, 350, 2]",0.351884577279723,0.36073007286102454,0.3581496767910164,reg=10,0.35476938326909135,0.06927111337998818,0.3519508945037059,0.3584880375600661,0.6452306167309086,-0.003718654290974732,0.0066034602803430875,0.6392699271389755,0.002242035300958456,nan,0.9918685035253444,0.0028848059893683553,0.995548931736171
0.35,occupation,same_time,mlp,1000,1000,0,2,"[20260802, 350, 2]",0.34575707736774053,0.36073007286102454,0.3581496767910164,weight_decay=1,0.35476938326909135,0.06927111337998818,0.3519508945037059,0.360678197774718,0.6452306167309086,-0.005908814505626636,0.014921120406977462,0.6392699271389755,5.187508630655202e-05,nan,0.9745967202177787,0.009012305901350826,0.9862248324137906
0.35,occupation,same_time,ridge,2500,2500,0,2,"[20260802, 350, 2]",0.3581518797967538,0.36073007286102454,0.3581496767910164,cv-alpha,0.35476938326909135,0.06927111337998818,0.3519508945037059,0.35817010452699505,0.6452306167309086,-0.003400721257903694,1.8224730241267473e-05,0.6392699271389755,0.0025599683340294943,0.0028184887653854296,1.0095343529830385,-0.0033824965276624264,1.0052699329034278
0.35,occupation,same_time,gp,2500,1500,0,2,"[20260802, 350, 2]",0.35827700957657416,0.36073007286102454,0.3581496767910164,reg=3,0.35476938326909135,0.06927111337998818,0.3519508945037059,0.3584880375600661,0.6452306167309086,-0.003718654290974732,0.0002110279834919293,0.6392699271389755,0.002242035300958456,nan,1.0098870603634427,-0.003507626307482803,1.0054659508227504
0.35,occupation,same_time,mlp,2500,2500,0,2,"[20260802, 350, 2]",0.3594780133520483,0.36073007286102454,0.3581496767910164,weight_decay=0.001,0.35476938326909135,0.06927111337998818,0.3519508945037059,0.360678197774718,0.6452306167309086,-0.005908814505626636,0.00120018442266967,0.6392699271389755,5.187508630655202e-05,nan,1.0132723687697298,-0.004708630082956966,1.0073512388038366
0.35,occupation,same_time,ridge,5000,5000,0,2,"[20260802, 350, 2]",0.3581251453136608,0.36073007286102454,0.3581496767910164,cv-alpha,0.35476938326909135,0.06927111337998818,0.3519508945037059,0.35817010452699505,0.6452306167309086,-0.003400721257903694,4.4959213334250236e-05,0.6392699271389755,0.0025599683340294943,0.0028184887653854296,1.0094589956259672,-0.0033557620445694436,1.0052280627914756
0.35,occupation,same_time,gp,5000,1500,0,2,"[20260802, 350, 2]",0.35924194520739394,0.36073007286102454,0.3581496767910164,reg=3,0.35476938326909135,0.06927111337998818,0.3519508945037059,0.3584880375600661,0.6452306167309086,-0.003718654290974732,-0.0007539076473278561,0.6392699271389755,0.002242035300958456,nan,1.01260695581194,-0.004472561938302588,1.0069801103627956
0.35,occupation,same_time,mlp,5000,5000,0,2,"[20260802, 350, 2]",0.36037572589361944,0.36073007286102454,0.3581496767910164,weight_decay=0.1,0.35476938326909135,0.06927111337998818,0.3519508945037059,0.360678197774718,0.6452306167309086,-0.005908814505626636,0.00030247188109855383,0.6392699271389755,5.187508630655202e-05,nan,1.0158027803100351,-0.005606342624528082,1.008765056067268
0.35,occupation,same_time,ridge,20000,20000,1,2,"[20260802, 350, 2]",0.35817010452699505,0.36073007286102454,0.3581496767910164,cv-alpha,0.35476938326909135,0.06927111337998818,0.3519508945037059,0.35817010452699505,0.6452306167309086,-0.003400721257903694,0.0,0.6392699271389755,0.0025599683340294943,0.0028184887653854296,1.009585723622955,-0.003400721257903694,1.0052984774967477
0.35,occupation,same_time,gp,20000,1500,1,2,"[20260802, 350, 2]",0.3584880375600661,0.36073007286102454,0.3581496767910164,reg=1,0.35476938326909135,0.06927111337998818,0.3519508945037059,0.3584880375600661,0.6452306167309086,-0.003718654290974732,0.0,0.6392699271389755,0.002242035300958456,nan,1.0104818918044969,-0.003718654290974732,1.0057967029591017
0.35,occupation,same_time,mlp,20000,20000,1,2,"[20260802, 350, 2]",0.360678197774718,0.36073007286102454,0.3581496767910164,weight_decay=0.01,0.35476938326909135,0.06927111337998818,0.3519508945037059,0.360678197774718,0.6452306167309086,-0.005908814505626636,0.0,0.6392699271389755,5.187508630655202e-05,nan,1.0166553676396162,-0.005908814505626636,1.0092423166002784
0.35,occupation,dispersed,ridge,100,100,0,2,"[20260802, 350, 2]",0.6827599634718845,0.7009823798133534,0.6899530598918404,cv-alpha,0.6989454202527748,0.06927111337998818,0.6876497860293475,0.689910028812029,0.30105457974722516,0.009035391440745832,0.007150065340144507,0.29901762018664657,0.01107235100132442,0.011295634223427387,0.9768430319279625,0.01618545678089034,0.9489804094148252
0.35,occupation,dispersed,gp,100,100,0,2,"[20260802, 350, 2]",0.6678503117033312,0.7009823798133534,0.6899530598918404,reg=1,0.6989454202527748,0.06927111337998818,0.6876497860293475,0.6955616242873284,0.30105457974722516,0.0033837959654464678,0.027711312583997172,0.29901762018664657,0.005420755526025056,nan,0.9555113923799686,0.03109510854944364,0.906382243774168
0.35,occupation,dispersed,mlp,100,100,0,2,"[20260802, 350, 2]",0.5509270383661512,0.7009823798133534,0.6899530598918404,weight_decay=1,0.6989454202527748,0.06927111337998818,0.6876497860293475,0.7001942473912215,0.30105457974722516,-0.001248827138446651,0.1492672090250703,0.29901762018664657,0.0007881324221319375,nan,0.7882261223872208,0.14801838188662364,0.670391240327423
0.35,occupation,dispersed,ridge,250,250,0,2,"[20260802, 350, 2]",0.6775146731028903,0.7009823798133534,0.6899530598918404,cv-alpha,0.6989454202527748,0.06927111337998818,0.6876497860293475,0.689910028812029,0.30105457974722516,0.009035391440745832,0.012395355709138745,0.29901762018664657,0.01107235100132442,0.011295634223427387,0.9693384540067033,0.021430747149884577,0.9335450472860672
0.35,occupation,dispersed,gp,250,250,0,2,"[20260802, 350, 2]",0.6684203555494277,0.7009823798133534,0.6899530598918404,reg=0.3,0.6989454202527748,0.06927111337998818,0.6876497860293475,0.6955616242873284,0.30105457974722516,0.0033837959654464678,0.02714126873790068,0.29901762018664657,0.005420755526025056,nan,0.9563269694330242,0.03052506470334715,0.9079404745911734
0.35,occupation,dispersed,mlp,250,250,0,2,"[20260802, 350, 2]",0.6481135421758578,0.7009823798133534,0.6899530598918404,weight_decay=0.01,0.6989454202527748,0.06927111337998818,0.6876497860293475,0.7001942473912215,0.30105457974722516,-0.001248827138446651,0.052080705215363676,0.29901762018664657,0.0007881324221319375,nan,0.9272734657041839,0.050831878076917025,0.8555446595153695
0.35,occupation,dispersed,ridge,500,500,0,2,"[20260802, 350, 2]",0.6806023003276311,0.7009823798133534,0.6899530598918404,cv-alpha,0.6989454202527748,0.06927111337998818,0.6876497860293475,0.689910028812029,0.30105457974722516,0.009035391440745832,0.00930772848439787,0.29901762018664657,0.01107235100132442,0.011295634223427387,0.9737560052707551,0.018343119925143703,0.9425696554985847
0.35,occupation,dispersed,gp,500,500,0,2,"[20260802, 350, 2]",0.6866075298349297,0.7009823798133534,0.6899530598918404,reg=1,0.6989454202527748,0.06927111337998818,0.6876497860293475,0.6955616242873284,0.30105457974722516,0.0033837959654464678,0.008954094452398698,0.29901762018664657,0.005420755526025056,nan,0.9823478485439061,0.012337890417845165,0.9606311842420894
0.35,occupation,dispersed,mlp,500,500,0,2,"[20260802, 350, 2]",0.6905113774501881,0.7009823798133534,0.6899530598918404,weight_decay=0.1,0.6989454202527748,0.06927111337998818,0.6876497860293475,0.7001942473912215,0.30105457974722516,-0.001248827138446651,0.0096828699410334,0.29901762018664657,0.0007881324221319375,nan,0.9879331882601984,0.00843404280258675,0.9727484560398362
0.35,occupation,dispersed,ridge,1000,1000,0,2,"[20260802, 350, 2]",0.6879802195777189,0.7009823798133534,0.6899530598918404,cv-alpha,0.6989454202527748,0.06927111337998818,0.6876497860293475,0.689910028812029,0.30105457974722516,0.009035391440745832,0.001929809234310076,0.29901762018664657,0.01107235100132442,0.011295634223427387,0.9843117926560127,0.010965200675055908,0.9648573540426961
0.35,occupation,dispersed,gp,1000,1000,0,2,"[20260802, 350, 2]",0.6935287622611357,0.7009823798133534,0.6899530598918404,reg=3,0.6989454202527748,0.06927111337998818,0.6876497860293475,0.6955616242873284,0.30105457974722516,0.0033837959654464678,0.0020328620261926833,0.29901762018664657,0.005420755526025056,nan,0.9922502418147612,0.005416657991639151,0.9823257215535034
0.35,occupation,dispersed,mlp,1000,1000,0,2,"[20260802, 350, 2]",0.6959636938399315,0.7009823798133534,0.6899530598918404,weight_decay=0.01,0.6989454202527748,0.06927111337998818,0.6876497860293475,0.7001942473912215,0.30105457974722516,-0.001248827138446651,0.004230553551289984,0.29901762018664657,0.0007881324221319375,nan,0.995733963874082,0.002981726412843333,0.9901928606800218
0.35,occupation,dispersed,ridge,2500,2500,0,2,"[20260802, 350, 2]",0.6896747139278566,0.7009823798133534,0.6899530598918404,cv-alpha,0.6989454202527748,0.06927111337998818,0.6876497860293475,0.689910028812029,0.30105457974722516,0.009035391440745832,0.00023531488417238844,0.29901762018664657,0.01107235100132442,0.011295634223427387,0.9867361512697723,0.009270706324918221,0.9701258429750935
0.35,occupation,dispersed,gp,2500,1500,0,2,"[20260802, 350, 2]",0.6935907250501072,0.7009823798133534,0.6899530598918404,reg=3,0.6989454202527748,0.06927111337998818,0.6876497860293475,0.6955616242873284,0.30105457974722516,0.0033837959654464678,0.0019708992372211576,0.29901762018664657,0.005420755526025056,nan,0.9923388936424663,0.005354695202667625,0.9825243697223484
0.35,occupation,dispersed,mlp,2500,2500,0,2,"[20260802, 350, 2]",0.6977359038200028,0.7009823798133534,0.6899530598918404,weight_decay=0.01,0.6989454202527748,0.06927111337998818,0.6876497860293475,0.7001942473912215,0.30105457974722516,-0.001248827138446651,0.0024583435712186574,0.29901762018664657,0.0007881324221319375,nan,0.9982695123285383,0.0012095164327720065,0.9959984779930603
0.35,occupation,dispersed,ridge,5000,5000,0,2,"[20260802, 350, 2]",0.689818527676123,0.7009823798133534,0.6899530598918404,cv-alpha,0.6989454202527748,0.06927111337998818,0.6876497860293475,0.689910028812029,0.30105457974722516,0.009035391440745832,9.150113590605802e-05,0.29901762018664657,0.01107235100132442,0.011295634223427387,0.9869419094650465,0.00912689257665189,0.9705756359067056
0.35,occupation,dispersed,gp,5000,1500,0,2,"[20260802, 350, 2]",0.6940627226281293,0.7009823798133534,0.6899530598918404,reg=3,0.6989454202527748,0.06927111337998818,0.6876497860293475,0.6955616242873284,0.30105457974722516,0.0033837959654464678,0.0014989016591990811,0.29901762018664657,0.005420755526025056,nan,0.9930141932643615,0.004882697624645549,0.9840402004404629
0.35,occupation,dispersed,mlp,5000,5000,0,2,"[20260802, 350, 2]",0.6999042893482729,0.7009823798133534,0.6899530598918404,weight_decay=0.01,0.6989454202527748,0.06927111337998818,0.6876497860293475,0.7001942473912215,0.30105457974722516,-0.001248827138446651,0.0002899580429486237,0.29901762018664657,0.0007881324221319375,nan,1.0013718797887698,-0.0009588690954980272,1.0031952109325908
0.35,occupation,dispersed,ridge,20000,20000,1,2,"[20260802, 350, 2]",0.689910028812029,0.7009823798133534,0.6899530598918404,cv-alpha,0.6989454202527748,0.06927111337998818,0.6876497860293475,0.689910028812029,0.30105457974722516,0.009035391440745832,0.0,0.29901762018664657,0.01107235100132442,0.011295634223427387,0.9870728225996843,0.009035391440745832,0.9708620326993138
0.35,occupation,dispersed,gp,20000,1500,1,2,"[20260802, 350, 2]",0.6955616242873284,0.7009823798133534,0.6899530598918404,reg=3,0.6989454202527748,0.06927111337998818,0.6876497860293475,0.6955616242873284,0.30105457974722516,0.0033837959654464678,0.0,0.29901762018664657,0.005420755526025056,nan,0.9951587121577781,0.0033837959654464678,0.9888851201576503
0.35,occupation,dispersed,mlp,20000,20000,1,2,"[20260802, 350, 2]",0.7001942473912215,0.7009823798133534,0.6899530598918404,weight_decay=0.01,0.6989454202527748,0.06927111337998818,0.6876497860293475,0.7001942473912215,0.30105457974722516,-0.001248827138446651,0.0,0.29901762018664657,0.0007881324221319375,nan,1.0017867305547192,-0.001248827138446651,1.0041654542235428
0.35,mean,same_time,ridge,100,100,0,2,"[20260802, 350, 2]",0.37555503918448263,0.3756840975453404,0.3756840975456516,cv-alpha,0.37190681274750936,0.4118887931450079,0.37190681278056786,0.37569641536111864,0.6280931872524906,-0.0037896026136092775,0.00014137617663601,0.6243159024546596,-1.2317815778262187e-05,-3.305850038159974e-11,1.0098095176316388,-0.0036482264369732675,1.005842350672842
0.35,mean,same_time,gp,100,100,0,2,"[20260802, 350, 2]",0.29208528588487204,0.3756840975453404,0.3756840975456516,reg=0.01,0.37190681274750936,0.4118887931450079,0.37190681278056786,0.37005292161880343,0.6280931872524906,0.0018538911287059312,0.0779676357339314,0.6243159024546596,0.0056311759265369465,nan,0.7853722380804332,0.07982152686263733,0.887244147817422
0.35,mean,same_time,mlp,100,100,0,2,"[20260802, 350, 2]",0.3513324503169387,0.3756840975453404,0.3756840975456516,weight_decay=1,0.37190681274750936,0.4118887931450079,0.37190681278056786,0.37513715356305266,0.6280931872524906,-0.0032303408155432978,0.023804703246113945,0.6243159024546596,0.0005469439822877176,nan,0.9446787159434512,0.020574362430570647,0.9682821154833114
0.35,mean,same_time,ridge,250,250,0,2,"[20260802, 350, 2]",0.3737945087895157,0.3756840975453404,0.3756840975456516,cv-alpha,0.37190681274750936,0.4118887931450079,0.37190681278056786,0.37569641536111864,0.6280931872524906,-0.0037896026136092775,0.0019019065716029404,0.6243159024546596,-1.2317815778262187e-05,-3.305850038159974e-11,1.0050757232115775,-0.0018876960420063371,1.0030144993432704
0.35,mean,same_time,gp,250,250,0,2,"[20260802, 350, 2]",0.3591381436447961,0.3756840975453404,0.3756840975456516,reg=0.3,0.37190681274750936,0.4118887931450079,0.37190681278056786,0.37005292161880343,0.6280931872524906,0.0018538911287059312,0.010914777974007306,0.6243159024546596,0.0056311759265369465,nan,0.9656670201645863,0.012768669102713237,0.9800757854815499
0.35,mean,same_time,mlp,250,250,0,2,"[20260802, 350, 2]",0.3652293893980606,0.3756840975453404,0.3756840975456516,weight_decay=0.01,0.37190681274750936,0.4118887931450079,0.37190681278056786,0.37513715356305266,0.6280931872524906,-0.0032303408155432978,0.009907764164992061,0.6243159024546596,0.0005469439822877176,nan,0.9820454395548217,0.006677423349448763,0.9894805726069821
0.35,mean,same_time,ridge,500,500,0,2,"[20260802, 350, 2]",0.37558329647353794,0.3756840975453404,0.3756840975456516,cv-alpha,0.37190681274750936,0.4118887931450079,0.37190681278056786,0.37569641536111864,0.6280931872524906,-0.0037896026136092775,0.00011311888758069877,0.6243159024546596,-1.2317815778262187e-05,-3.305850038159974e-11,1.009885497119206,-0.0036764837260285788,1.0058878689587663
0.35,mean,same_time,gp,500,500,0,2,"[20260802, 350, 2]",0.3729904315637288,0.3756840975453404,0.3756840975456516,reg=0.1,0.37190681274750936,0.4118887931450079,0.37190681278056786,0.37005292161880343,0.6280931872524906,0.0018538911287059312,-0.002937509944925365,0.6243159024546596,0.0056311759265369465,nan,1.002913683694617,-0.0010836188162194338,1.0017282333010036
0.35,mean,same_time,mlp,500,500,0,2,"[20260802, 350, 2]",0.37512692142506765,0.3756840975453404,0.3756840975456516,weight_decay=0.001,0.37190681274750936,0.4118887931450079,0.37190681278056786,0.37513715356305266,0.6280931872524906,-0.0032303408155432978,1.0232137985011214e-05,0.6243159024546596,0.0005469439822877176,nan,1.0086583750745766,-0.0032201086775582866,1.0051532203706102
0.35,mean,same_time,ridge,1000,1000,0,2,"[20260802, 350, 2]",0.3747342693477883,0.3756840975453404,0.3756840975456516,cv-alpha,0.37190681274750936,0.4118887931450079,0.37190681278056786,0.37569641536111864,0.6280931872524906,-0.0037896026136092775,0.0009621460133303339,0.6243159024546596,-1.2317815778262187e-05,-3.305850038159974e-11,1.0076025942611557,-0.0028274566002789436,1.0045220079426544
0.35,mean,same_time,gp,1000,1000,0,2,"[20260802, 350, 2]",0.37323347572025467,0.3756840975453404,0.3756840975456516,reg=0.3,0.37190681274750936,0.4118887931450079,0.37190681278056786,0.37005292161880343,0.6280931872524906,0.0018538911287059312,-0.0031805541014512384,0.6243159024546596,0.0056311759265369465,nan,1.0035671919074147,-0.0013266629727453072,1.0021166780951964
0.35,mean,same_time,mlp,1000,1000,0,2,"[20260802, 350, 2]",0.37385384442693625,0.3756840975453404,0.3756840975456516,weight_decay=0.01,0.37190681274750936,0.4118887931450079,0.37190681278056786,0.37513715356305266,0.6280931872524906,-0.0032303408155432978,0.0012833091361164062,0.6243159024546596,0.0005469439822877176,nan,1.005235267579647,-0.0019470316794268916,1.003109548245401
0.35,mean,same_time,ridge,2500,2500,0,2,"[20260802, 350, 2]",0.37525492703479923,0.3756840975453404,0.3756840975456516,cv-alpha,0.37190681274750936,0.4118887931450079,0.37190681278056786,0.37569641536111864,0.6280931872524906,-0.0037896026136092775,0.0004414883263194058,0.6243159024546596,-1.2317815778262187e-05,-3.305850038159974e-11,1.0090025623960885,-0.0033481142872898717,1.0053591687748715
0.35,mean,same_time,gp,2500,1500,0,2,"[20260802, 350, 2]",0.36994400358272983,0.3756840975453404,0.3756840975456516,reg=3,0.37190681274750936,0.4118887931450079,0.37190681278056786,0.37005292161880343,0.6280931872524906,0.0018538911287059312,0.00010891803607360195,0.6243159024546596,0.0056311759265369465,nan,0.994722309198159,0.001962809164779533,0.9968847067944107
0.35,mean,same_time,mlp,2500,2500,0,2,"[20260802, 350, 2]",0.37356155660952983,0.3756840975453404,0.3756840975456516,weight_decay=0.01,0.37190681274750936,0.4118887931450079,0.37190681278056786,0.37513715356305266,0.6280931872524906,-0.0032303408155432978,0.0015755969535228287,0.6243159024546596,0.0005469439822877176,nan,1.0044493507655745,-0.001654743862020469,1.002641510717421
0.35,mean,same_time,ridge,5000,5000,0,2,"[20260802, 350, 2]",0.37559496103627266,0.3756840975453404,0.3756840975456516,cv-alpha,0.37190681274750936,0.4118887931450079,0.37190681278056786,0.37569641536111864,0.6280931872524906,-0.0037896026136092775,0.00010145432484598427,0.6243159024546596,-1.2317815778262187e-05,-3.305850038159974e-11,1.0099168613274832,-0.0036881482887632933,1.005906660034141
0.35,mean,same_time,gp,5000,1500,0,2,"[20260802, 350, 2]",0.37254677167743233,0.3756840975453404,0.3756840975456516,reg=0.3,0.37190681274750936,0.4118887931450079,0.37190681278056786,0.37005292161880343,0.6280931872524906,0.0018538911287059312,-0.002493850058628899,0.6243159024546596,0.0056311759265369465,nan,1.0017207507579524,-0.000639958929922968,1.0010199308905205
0.35,mean,same_time,mlp,5000,5000,0,2,"[20260802, 350, 2]",0.37472161669997606,0.3756840975453404,0.3756840975456516,weight_decay=0.01,0.37190681274750936,0.4118887931450079,0.37190681278056786,0.37513715356305266,0.6280931872524906,-0.0032303408155432978,0.0004155368630766043,0.6243159024546596,0.0005469439822877176,nan,1.0075685732446575,-0.0028148039524666935,1.0045016812153509
0.35,mean,same_time,ridge,20000,20000,1,2,"[20260802, 350, 2]",0.37569641536111864,0.3756840975453404,0.3756840975456516,cv-alpha,0.37190681274750936,0.4118887931450079,0.37190681278056786,0.37569641536111864,0.6280931872524906,-0.0037896026136092775,0.0,0.6243159024546596,-1.2317815778262187e-05,-3.305850038159974e-11,1.0101896563432466,-0.0037896026136092775,1.006070127910288
0.35,mean,same_time,gp,20000,1500,1,2,"[20260802, 350, 2]",0.37005292161880343,0.3756840975453404,0.3756840975456516,reg=1,0.37190681274750936,0.4118887931450079,0.37190681278056786,0.37005292161880343,0.6280931872524906,0.0018538911287059312,0.0,0.6243159024546596,0.0056311759265369465,nan,0.9950151729810753,0.0018538911287059312,0.997057068454909
0.35,mean,same_time,mlp,20000,20000,1,2,"[20260802, 350, 2]",0.37513715356305266,0.3756840975453404,0.3756840975456516,weight_decay=0.01,0.37190681274750936,0.4118887931450079,0.37190681278056786,0.37513715356305266,0.6280931872524906,-0.0032303408155432978,0.0,0.6243159024546596,0.0005469439822877176,nan,1.008685887713857,-0.0032303408155432978,1.0051696797688694
0.35,mean,dispersed,ridge,100,100,0,2,"[20260802, 350, 2]",0.7139738951799037,0.7300591950957902,0.7300591950959437,cv-alpha,0.726640120027032,0.4118887931450079,0.7266401200429997,0.7299607727148655,0.27335987997296796,-0.0033206526878334364,0.015986877534961752,0.2699408049042098,9.842238092472311e-05,-1.596767162936885e-11,0.9825687785493359,0.012666224847128316,0.9557165425334339
0.35,mean,dispersed,gp,100,100,0,2,"[20260802, 350, 2]",0.605050156356549,0.7300591950957902,0.7300591950959437,reg=3,0.726640120027032,0.4118887931450079,0.7266401200429997,0.7161316978929683,0.27335987997296796,0.010508422134063777,0.11108154153641925,0.2699408049042098,0.013927497202821937,nan,0.8326682489456271,0.12158996367048303,0.6921382154533758
0.35,mean,dispersed,mlp,100,100,0,2,"[20260802, 350, 2]",0.7125950637601113,0.7300591950957902,0.7300591950959437,weight_decay=0.1,0.726640120027032,0.4118887931450079,0.7266401200429997,0.7290435024766866,0.27335987997296796,-0.0024033824496545453,0.01644843871657531,0.2699408049042098,0.0010156926191036142,nan,0.9806712347972222,0.014045056266920763,0.9511314716766112
0.35,mean,dispersed,ridge,250,250,0,2,"[20260802, 350, 2]",0.7214253058453755,0.7300591950957902,0.7300591950959437,cv-alpha,0.726640120027032,0.4118887931450079,0.7266401200429997,0.7299607727148655,0.27335987997296796,-0.0033206526878334364,0.008535466869490027,0.2699408049042098,9.842238092472311e-05,-1.596767162936885e-11,0.9928233880322179,0.005214814181656591,0.9812803736625048
0.35,mean,dispersed,gp,250,250,0,2,"[20260802, 350, 2]",0.6834363704481787,0.7300591950957902,0.7300591950959437,reg=0.3,0.726640120027032,0.4118887931450079,0.7266401200429997,0.7161316978929683,0.27335987997296796,0.010508422134063777,0.032695327444789535,0.2699408049042098,0.013927497202821937,nan,0.9405431266618666,0.04320374957885331,0.8635226995595813
0.35,mean,dispersed,mlp,250,250,0,2,"[20260802, 350, 2]",0.7185282788921223,0.7300591950957902,0.7300591950959437,weight_decay=0.1,0.726640120027032,0.4118887931450079,0.7266401200429997,0.7290435024766866,0.27335987997296796,-0.0024033824496545453,0.010515223584564248,0.2699408049042098,0.0010156926191036142,nan,0.9888365080438885,0.008111841134909703,0.9711806177083036
0.35,mean,dispersed,ridge,500,500,0,2,"[20260802, 350, 2]",0.7267271699568412,0.7300591950957902,0.7300591950959437,cv-alpha,0.726640120027032,0.4118887931450079,0.7266401200429997,0.7299607727148655,0.27335987997296796,-0.0033206526878334364,0.003233602758024312,0.2699408049042098,9.842238092472311e-05,-1.596767162936885e-11,1.0001197978578529,-8.70499298091243e-05,1.0003185458642023
0.35,mean,dispersed,gp,500,500,0,2,"[20260802, 350, 2]",0.6946256895635797,0.7300591950957902,0.7300591950959437,reg=0.3,0.726640120027032,0.4118887931450079,0.7266401200429997,0.7161316978929683,0.27335987997296796,0.010508422134063777,0.021506008329388537,0.2699408049042098,0.013927497202821937,nan,0.9559418347802467,0.032014430463452315,0.8951633147605002
0.35,mean,dispersed,mlp,500,500,0,2,"[20260802, 350, 2]",0.724141972859666,0.7300591950957902,0.7300591950959437,weight_decay=0.1,0.726640120027032,0.4118887931450079,0.7266401200429997,0.7290435024766866,0.27335987997296796,-0.0024033824496545453,0.004901529617020617,0.2699408049042098,0.0010156926191036142,nan,0.9965620572020257,0.0024981471673660716,0.9909440838344892
0.35,mean,dispersed,ridge,1000,1000,0,2,"[20260802, 350, 2]",0.7273538905425052,0.7300591950957902,0.7300591950959437,cv-alpha,0.726640120027032,0.4118887931450079,0.7266401200429997,0.7299607727148655,0.27335987997296796,-0.0033206526878334364,0.0026068821723602698,0.2699408049042098,9.842238092472311e-05,-1.596767162936885e-11,1.000982288887994,-0.0007137705154731666,1.0026179376514612
0.35,mean,dispersed,gp,1000,1000,0,2,"[20260802, 350, 2]",0.7010672278436194,0.7300591950957902,0.7300591950959437,reg=0.3,0.726640120027032,0.4118887931450079,0.7266401200429997,0.7161316978929683,0.27335987997296796,0.010508422134063777,0.015064470049348855,0.2699408049042098,0.013927497202821937,nan,0.964806660850957,0.025572892183412632,0.9144526978459401
0.35,mean,dispersed,mlp,1000,1000,0,2,"[20260802, 350, 2]",0.7181812308976332,0.7300591950957902,0.7300591950959437,weight_decay=0.01,0.726640120027032,0.4118887931450079,0.7266401200429997,0.7290435024766866,0.27335987997296796,-0.0024033824496545453,0.010862271579053395,0.2699408049042098,0.0010156926191036142,nan,0.9883589016126936,0.00845888912939885,0.9699846495095354
0.35,mean,dispersed,ridge,2500,2500,0,2,"[20260802, 350, 2]",0.7292856609123306,0.7300591950957902,0.7300591950959437,cv-alpha,0.726640120027032,0.4118887931450079,0.7266401200429997,0.7299607727148655,0.27335987997296796,-0.0033206526878334364,0.0006751118025348779,0.2699408049042098,9.842238092472311e-05,-1.596767162936885e-11,1.0036407855998926,-0.0026455408852985585,1.009772444615288
0.35,mean,dispersed,gp,2500,1500,0,2,"[20260802, 350, 2]",0.717360555297484,0.7300591950957902,0.7300591950959437,reg=0.3,0.726640120027032,0.4118887931450079,0.7266401200429997,0.7161316978929683,0.27335987997296796,0.010508422134063777,-0.0012288574045157263,0.2699408049042098,0.013927497202821937,nan,0.9872294902610073,0.009279564729548051,0.967168189354055
0.35,mean,dispersed,mlp,2500,2500,0,2,"[20260802, 350, 2]",0.7278274286027031,0.7300591950957902,0.7300591950959437,weight_decay=0.01,0.726640120027032,0.4118887931450079,0.7266401200429997,0.7290435024766866,0.27335987997296796,-0.0024033824496545453,0.0012160738739834809,0.2699408049042098,0.0010156926191036142,nan,1.0016339705762831,-0.0011873085756710644,1.0043623373566837
0.35,mean,dispersed,ridge,5000,5000,0,2,"[20260802, 350, 2]",0.7293382947364683,0.7300591950957902,0.7300591950959437,cv-alpha,0.726640120027032,0.4118887931450079,0.7266401200429997,0.7299607727148655,0.27335987997296796,-0.0033206526878334364,0.0006224779783972068,0.2699408049042098,9.842238092472311e-05,-1.596767162936885e-11,1.0037132201141548,-0.0026981747094362296,1.009968808505101
0.35,mean,dispersed,gp,5000,1500,0,2,"[20260802, 350, 2]",0.7199465083456418,0.7300591950957902,0.7300591950959437,reg=0.3,0.726640120027032,0.4118887931450079,0.7266401200429997,0.7161316978929683,0.27335987997296796,0.010508422134063777,-0.0038148104526735116,0.2699408049042098,0.013927497202821937,nan,0.9907882712543573,0.006693611681390266,0.9760988101171346
0.35,mean,dispersed,mlp,5000,5000,0,2,"[20260802, 350, 2]",0.7283262110037005,0.7300591950957902,0.7300591950959437,weight_decay=0.01,0.726640120027032,0.4118887931450079,0.7266401200429997,0.7290435024766866,0.27335987997296796,-0.0024033824496545453,0.000717291472986048,0.2699408049042098,0.0010156926191036142,nan,1.0023203934522715,-0.0016860909766684973,1.0062063071409935
0.35,mean,dispersed,ridge,20000,20000,1,2,"[20260802, 350, 2]",0.7299607727148655,0.7300591950957902,0.7300591950959437,cv-alpha,0.726640120027032,0.4118887931450079,0.7266401200429997,0.7299607727148655,0.27335987997296796,-0.0033206526878334364,0.0,0.2699408049042098,9.842238092472311e-05,-1.596767162936885e-11,1.0045698724806302,-0.0033206526878334364,1.0122969270843274
0.35,mean,dispersed,gp,20000,1500,1,2,"[20260802, 350, 2]",0.7161316978929683,0.7300591950957902,0.7300591950959437,reg=0.3,0.726640120027032,0.4118887931450079,0.7266401200429997,0.7161316978929683,0.27335987997296796,0.010508422134063777,0.0,0.2699408049042098,0.013927497202821937,nan,0.985538340308442,0.010508422134063777,0.9629813471385699
0.35,mean,dispersed,mlp,20000,20000,1,2,"[20260802, 350, 2]",0.7290435024766866,0.7300591950957902,0.7300591950959437,weight_decay=0.01,0.726640120027032,0.4118887931450079,0.7266401200429997,0.7290435024766866,0.27335987997296796,-0.0024033824496545453,0.0,0.2699408049042098,0.0010156926191036142,nan,1.0033075278716583,-0.0024033824496545453,1.0088699937872785
0.35,occupation,same_time,ridge,100,100,0,3,"[20260802, 350, 3]",0.34505750992375495,0.35557133895748927,0.3534012620700794,cv-alpha,0.35476938326909135,0.06927111337998818,0.3519508945037059,0.3532709623830871,0.6452306167309086,0.0014984208860042703,0.008213452459332138,0.6444286610425107,0.0023003765744021853,0.0028184887653854296,0.9726248267089892,0.009711873345336408,0.9851714104787952
0.35,occupation,same_time,gp,100,100,0,3,"[20260802, 350, 3]",0.326138112609628,0.35557133895748927,0.3534012620700794,reg=1,0.35476938326909135,0.06927111337998818,0.3519508945037059,0.35330400603932477,0.6452306167309086,0.0014653772297665846,0.027165893429696775,0.6444286610425107,0.0022673329181644997,nan,0.9192961061193191,0.02863127065946336,0.9575116634502923
0.35,occupation,same_time,mlp,100,100,0,3,"[20260802, 350, 3]",0.339776861330932,0.35557133895748927,0.3534012620700794,weight_decay=0.1,0.35476938326909135,0.06927111337998818,0.3519508945037059,0.35534095904060536,0.6452306167309086,-0.0005715757715140102,0.015564097709673375,0.6444286610425107,0.0002303799168839049,nan,0.9577400907597835,0.014992521938159364,0.977291735081593
0.35,occupation,same_time,ridge,250,250,0,3,"[20260802, 350, 3]",0.3445796294223603,0.35557133895748927,0.3534012620700794,cv-alpha,0.35476938326909135,0.06927111337998818,0.3519508945037059,0.3532709623830871,0.6452306167309086,0.0014984208860042703,0.008691332960726772,0.6444286610425107,0.0023003765744021853,0.0028184887653854296,0.9712778093959643,0.010189753846731042,0.9844531016975403
0.35,occupation,same_time,gp,250,250,0,3,"[20260802, 350, 3]",0.2850623184398148,0.35557133895748927,0.3534012620700794,reg=0.01,0.35476938326909135,0.06927111337998818,0.3519508945037059,0.35330400603932477,0.6452306167309086,0.0014653772297665846,0.06824168759950999,0.6444286610425107,0.0022673329181644997,nan,0.8035144290441658,0.06970706482927658,0.9024991035901799
0.35,occupation,same_time,mlp,250,250,0,3,"[20260802, 350, 3]",0.330706608294112,0.35557133895748927,0.3534012620700794,weight_decay=1,0.35476938326909135,0.06927111337998818,0.3519508945037059,0.35534095904060536,0.6452306167309086,-0.0005715757715140102,0.02463435074649334,0.6444286610425107,0.0002303799168839049,nan,0.9321734735020023,0.02406277497497933,0.9640474935608607
0.35,occupation,same_time,ridge,500,500,0,3,"[20260802, 350, 3]",0.3525793786920832,0.35557133895748927,0.3534012620700794,cv-alpha,0.35476938326909135,0.06927111337998818,0.3519508945037059,0.3532709623830871,0.6452306167309086,0.0014984208860042703,0.0006915836910038609,0.6444286610425107,0.0023003765744021853,0.0028184887653854296,0.9938269628657695,0.002190004577008131,0.9966173388598839
0.35,occupation,same_time,gp,500,500,0,3,"[20260802, 350, 3]",0.32964157172836484,0.35557133895748927,0.3534012620700794,reg=0.001,0.35476938326909135,0.06927111337998818,0.3519508945037059,0.35330400603932477,0.6452306167309086,0.0014653772297665846,0.023662434310959934,0.6444286610425107,0.0022673329181644997,nan,0.9291714202922997,0.02512781154072652,0.9625158564717194
0.35,occupation,same_time,mlp,500,500,0,3,"[20260802, 350, 3]",0.35015835095770365,0.35557133895748927,0.3534012620700794,weight_decay=0.001,0.35476938326909135,0.06927111337998818,0.3519508945037059,0.35534095904060536,0.6452306167309086,-0.0005715757715140102,0.0051826080829017185,0.6444286610425107,0.0002303799168839049,nan,0.9870027332434991,0.004611032311387708,0.9929043755225858
0.35,occupation,same_time,ridge,1000,1000,0,3,"[20260802, 350, 3]",0.3533738478018069,0.35557133895748927,0.3534012620700794,cv-alpha,0.35476938326909135,0.06927111337998818,0.3519508945037059,0.3532709623830871,0.6452306167309086,0.0014984208860042703,-0.00010288541871983359,0.6444286610425107,0.0023003765744021853,0.0028184887653854296,0.9960663587865869,0.0013955354672844367,0.997841820250325
0.35,occupation,same_time,gp,1000,1000,0,3,"[20260802, 350, 3]",0.3426389192101549,0.35557133895748927,0.3534012620700794,reg=0.001,0.35476938326909135,0.06927111337998818,0.3519508945037059,0.35330400603932477,0.6452306167309086,0.0014653772297665846,0.01066508682916989,0.6444286610425107,0.0022673329181644997,nan,0.9658074663964574,0.012130464058936474,0.9815467261244593
0.35,occupation,same_time,mlp,1000,1000,0,3,"[20260802, 350, 3]",0.3527928513647227,0.35557133895748927,0.3534012620700794,weight_decay=0.001,0.35476938326909135,0.06927111337998818,0.3519508945037059,0.35534095904060536,0.6452306167309086,-0.0005715757715140102,0.0025481076758826493,0.6444286610425107,0.0002303799168839049,nan,0.9944286852316412,0.001976531904368639,0.9969460598379724
0.35,occupation,same_time,ridge,2500,2500,0,3,"[20260802, 350, 3]",0.3531946977893534,0.35557133895748927,0.3534012620700794,cv-alpha,0.35476938326909135,0.06927111337998818,0.3519508945037059,0.3532709623830871,0.6452306167309086,0.0014984208860042703,7.62645937336659e-05,0.6444286610425107,0.0023003765744021853,0.0028184887653854296,0.995561382819375,0.0015746854797379362,0.9975654412937618
0.35,occupation,same_time,gp,2500,1500,0,3,"[20260802, 350, 3]",0.3524070835531484,0.35557133895748927,0.3534012620700794,reg=1,0.35476938326909135,0.06927111337998818,0.3519508945037059,0.35330400603932477,0.6452306167309086,0.0014653772297665846,0.0008969224861763436,0.6444286610425107,0.0022673329181644997,nan,0.9933413089535092,0.002362299715942928,0.9963521841330443
0.35,occupation,same_time,mlp,2500,2500,0,3,"[20260802, 350, 3]",0.3546556962624199,0.35557133895748927,0.3534012620700794,weight_decay=0.1,0.35476938326909135,0.06927111337998818,0.3519508945037059,0.35534095904060536,0.6452306167309086,-0.0005715757715140102,0.0006852627781854803,0.6444286610425107,0.0002303799168839049,nan,0.9996795467364633,0.00011368700667147014,0.9998238351124926
0.35,occupation,same_time,ridge,5000,5000,0,3,"[20260802, 350, 3]",0.35313352547677623,0.35557133895748927,0.3534012620700794,cv-alpha,0.35476938326909135,0.06927111337998818,0.3519508945037059,0.3532709623830871,0.6452306167309086,0.0014984208860042703,0.00013743690631085048,0.6444286610425107,0.0023003765744021853,0.0028184887653854296,0.9953889544321971,0.0016358577923151207,0.9974711043828314
0.35,occupation,same_time,gp,5000,1500,0,3,"[20260802, 350, 3]",0.3529752969177088,0.35557133895748927,0.3534012620700794,reg=0.3,0.35476938326909135,0.06927111337998818,0.3519508945037059,0.35330400603932477,0.6452306167309086,0.0014653772297665846,0.00032870912161597765,0.6444286610425107,0.0022673329181644997,nan,0.9949429504461444,0.0017940863513825622,0.9972271748778124
0.35,occupation,same_time,mlp,5000,5000,0,3,"[20260802, 350, 3]",0.35528459137470103,0.35557133895748927,0.3534012620700794,weight_decay=0.01,0.35476938326909135,0.06927111337998818,0.3519508945037059,0.35534095904060536,0.6452306167309086,-0.0005715757715140102,5.6367665904333286e-05,0.6444286610425107,0.0002303799168839049,nan,1.0014522338451592,-0.0005152081056096769,1.0007991248521704
0.35,occupation,same_time,ridge,20000,20000,1,3,"[20260802, 350, 3]",0.3532709623830871,0.35557133895748927,0.3534012620700794,cv-alpha,0.35476938326909135,0.06927111337998818,0.3519508945037059,0.3532709623830871,0.6452306167309086,0.0014984208860042703,0.0,0.6444286610425107,0.0023003765744021853,0.0028184887653854296,0.9957763523103466,0.0014984208860042703,0.9976830777669645
0.35,occupation,same_time,gp,20000,1500,1,3,"[20260802, 350, 3]",0.35330400603932477,0.35557133895748927,0.3534012620700794,reg=0.3,0.35476938326909135,0.06927111337998818,0.3519508945037059,0.35330400603932477,0.6452306167309086,0.0014653772297665846,0.0,0.6444286610425107,0.0022673329181644997,nan,0.9958694935389757,0.0014653772297665846,0.9977340555014236
0.35,occupation,same_time,mlp,20000,20000,1,3,"[20260802, 350, 3]",0.35534095904060536,0.35557133895748927,0.3534012620700794,weight_decay=0.001,0.35476938326909135,0.06927111337998818,0.3519508945037059,0.35534095904060536,0.6452306167309086,-0.0005715757715140102,0.0,0.6444286610425107,0.0002303799168839049,nan,1.0016111192184824,-0.0005715757715140102,1.000886632677428
0.35,occupation,dispersed,ridge,100,100,0,3,"[20260802, 350, 3]",0.677026919346574,0.6972686338533124,0.6861339839567454,cv-alpha,0.6989454202527748,0.06927111337998818,0.6876497860293475,0.6859628673817783,0.30105457974722516,0.012982552870996589,0.008935948035204255,0.3027313661466876,0.01130576647153414,0.011295634223427387,0.9686406115970057,0.021918500906200844,0.9321352081050959
0.35,occupation,dispersed,gp,100,100,0,3,"[20260802, 350, 3]",0.6610214665146618,0.6972686338533124,0.6861339839567454,reg=0.3,0.6989454202527748,0.06927111337998818,0.6876497860293475,0.6890784593898056,0.30105457974722516,0.009866960862969232,0.02805699287514385,0.3027313661466876,0.008190174463506783,nan,0.9457411800131721,0.03792395373811308,0.8881228455731891
0.35,occupation,dispersed,mlp,100,100,0,3,"[20260802, 350, 3]",0.6837177898853499,0.6972686338533124,0.6861339839567454,weight_decay=0.1,0.6989454202527748,0.06927111337998818,0.6876497860293475,0.6958116714804494,0.30105457974722516,0.0031337487723254176,0.012093881595099498,0.3027313661466876,0.0014569623728629688,nan,0.9782134199235216,0.015227630367424916,0.9518542937906467
0.35,occupation,dispersed,ridge,250,250,0,3,"[20260802, 350, 3]",0.681807144188265,0.6972686338533124,0.6861339839567454,cv-alpha,0.6989454202527748,0.06927111337998818,0.6876497860293475,0.6859628673817783,0.30105457974722516,0.012982552870996589,0.0041557231935132055,0.3027313661466876,0.01130576647153414,0.011295634223427387,0.9754798077676627,0.017138276064509794,0.9461387150858912
0.35,occupation,dispersed,gp,250,250,0,3,"[20260802, 350, 3]",0.682696250667671,0.6972686338533124,0.6861339839567454,reg=1,0.6989454202527748,0.06927111337998818,0.6876497860293475,0.6890784593898056,0.30105457974722516,0.009866960862969232,0.006382208722134575,0.3027313661466876,0.008190174463506783,nan,0.9767518763064114,0.016249169585103806,0.948789859498051
0.35,occupation,dispersed,mlp,250,250,0,3,"[20260802, 350, 3]",0.6864604294187664,0.6972686338533124,0.6861339839567454,weight_decay=0.1,0.6989454202527748,0.06927111337998818,0.6876497860293475,0.6958116714804494,0.30105457974722516,0.0031337487723254176,0.00935124206168303,0.3027313661466876,0.0014569623728629688,nan,0.9821373880245281,0.012484990834008447,0.9601804939297964
0.35,occupation,dispersed,ridge,500,500,0,3,"[20260802, 350, 3]",0.6801778633584814,0.6972686338533124,0.6861339839567454,cv-alpha,0.6989454202527748,0.06927111337998818,0.6876497860293475,0.6859628673817783,0.30105457974722516,0.012982552870996589,0.005785004023296847,0.3027313661466876,0.01130576647153414,0.011295634223427387,0.9731487518903749,0.018767556894293436,0.9413187683273795
0.35,occupation,dispersed,gp,500,500,0,3,"[20260802, 350, 3]",0.6856570377505673,0.6972686338533124,0.6861339839567454,reg=3,0.6989454202527748,0.06927111337998818,0.6876497860293475,0.6890784593898056,0.30105457974722516,0.009866960862969232,0.003421421639238309,0.3027313661466876,0.008190174463506783,nan,0.9809879539701373,0.01328838250220754,0.9577264831790216
0.35,occupation,dispersed,mlp,500,500,0,3,"[20260802, 350, 3]",0.6885056013062367,0.6972686338533124,0.6861339839567454,weight_decay=0.1,0.6989454202527748,0.06927111337998818,0.6876497860293475,0.6958116714804494,0.30105457974722516,0.0031337487723254176,0.007306070174212698,0.3027313661466876,0.0014569623728629688,nan,0.9850634704169569,0.010439818946538115,0.9664847297726156
0.35,occupation,dispersed,ridge,1000,1000,0,3,"[20260802, 350, 3]",0.6821050113614399,0.6972686338533124,0.6861339839567454,cv-alpha,0.6989454202527748,0.06927111337998818,0.6876497860293475,0.6859628673817783,0.30105457974722516,0.012982552870996589,0.0038578560203383905,0.3027313661466876,0.01130576647153414,0.011295634223427387,0.9759059743388194,0.01684040889133498,0.9470252457786236
0.35,occupation,dispersed,gp,1000,1000,0,3,"[20260802, 350, 3]",0.6895752538828447,0.6972686338533124,0.6861339839567454,reg=3,0.6989454202527748,0.06927111337998818,0.6876497860293475,0.6890784593898056,0.30105457974722516,0.009866960862969232,-0.0004967944930390766,0.3027313661466876,0.008190174463506783,nan,0.9865938511099459,0.009370166369930155,0.9698150147913986
0.35,occupation,dispersed,mlp,1000,1000,0,3,"[20260802, 350, 3]",0.6908361578139981,0.6972686338533124,0.6861339839567454,weight_decay=0.01,0.6989454202527748,0.06927111337998818,0.6876497860293475,0.6958116714804494,0.30105457974722516,0.0031337487723254176,0.0049755136664513255,0.3027313661466876,0.0014569623728629688,nan,0.9883978602566077,0.008109262438776743,0.9737703400842781
0.35,occupation,dispersed,ridge,2500,2500,0,3,"[20260802, 350, 3]",0.6844807162316504,0.6972686338533124,0.6861339839567454,cv-alpha,0.6989454202527748,0.06927111337998818,0.6876497860293475,0.6859628673817783,0.30105457974722516,0.012982552870996589,0.0014821511501278417,0.3027313661466876,0.01130576647153414,0.011295634223427387,0.9793049591541879,0.01446470402112443,0.9541558796395334
0.35,occupation,dispersed,gp,2500,1500,0,3,"[20260802, 350, 3]",0.6893291309518175,0.6972686338533124,0.6861339839567454,reg=3,0.6989454202527748,0.06927111337998818,0.6876497860293475,0.6890784593898056,0.30105457974722516,0.009866960862969232,-0.0002506715620118616,0.3027313661466876,0.008190174463506783,nan,0.9862417164168847,0.00961628930095737,0.9690466977788447
0.35,occupation,dispersed,mlp,2500,2500,0,3,"[20260802, 350, 3]",0.6936131209046577,0.6972686338533124,0.6861339839567454,weight_decay=0.01,0.6989454202527748,0.06927111337998818,0.6876497860293475,0.6958116714804494,0.30105457974722516,0.0031337487723254176,0.002198550575791769,0.3027313661466876,0.0014569623728629688,nan,0.9923709359935591,0.0053322993481171865,0.9825961889625898
0.35,occupation,dispersed,ridge,5000,5000,0,3,"[20260802, 350, 3]",0.6856266763844787,0.6972686338533124,0.6861339839567454,cv-alpha,0.6989454202527748,0.06927111337998818,0.6876497860293475,0.6859628673817783,0.30105457974722516,0.012982552870996589,0.0003361909972995347,0.3027313661466876,0.01130576647153414,0.011295634223427387,0.9809445151475785,0.013318743868296123,0.9576339884214065
0.35,occupation,dispersed,gp,5000,1500,0,3,"[20260802, 350, 3]",0.6904077474762833,0.6972686338533124,0.6861339839567454,reg=3,0.6989454202527748,0.06927111337998818,0.6876497860293475,0.6890784593898056,0.30105457974722516,0.009866960862969232,-0.001329288086477698,0.3027313661466876,0.008190174463506783,nan,0.9877849220710196,0.008537672776491534,0.9724228474488795
0.35,occupation,dispersed,mlp,5000,5000,0,3,"[20260802, 350, 3]",0.695636726778398,0.6972686338533124,0.6861339839567454,weight_decay=0.01,0.6989454202527748,0.06927111337998818,0.6876497860293475,0.6958116714804494,0.30105457974722516,0.0031337487723254176,0.0001749447020513717,0.3027313661466876,0.0014569623728629688,nan,0.9952661633104625,0.0033086934743767893,0.9891291303337779
0.35,occupation,dispersed,ridge,20000,20000,1,3,"[20260802, 350, 3]",0.6859628673817783,0.6972686338533124,0.6861339839567454,cv-alpha,0.6989454202527748,0.06927111337998818,0.6876497860293475,0.6859628673817783,0.30105457974722516,0.012982552870996589,0.0,0.3027313661466876,0.01130576647153414,0.011295634223427387,0.9814255126440324,0.012982552870996589,0.9586591790507156
0.35,occupation,dispersed,gp,20000,1500,1,3,"[20260802, 350, 3]",0.6890784593898056,0.6972686338533124,0.6861339839567454,reg=3,0.6989454202527748,0.06927111337998818,0.6876497860293475,0.6890784593898056,0.30105457974722516,0.009866960862969232,0.0,0.3027313661466876,0.008190174463506783,nan,0.9858830738752092,0.009866960862969232,0.9682654317111482
0.35,occupation,dispersed,mlp,20000,20000,1,3,"[20260802, 350, 3]",0.6958116714804494,0.6972686338533124,0.6861339839567454,weight_decay=0.01,0.6989454202527748,0.06927111337998818,0.6876497860293475,0.6958116714804494,0.30105457974722516,0.0031337487723254176,0.0,0.3027313661466876,0.0014569623728629688,nan,0.9955164613980987,0.0031337487723254176,0.9896979979883613
0.35,mean,same_time,ridge,100,100,0,3,"[20260802, 350, 3]",0.3734664042389356,0.37522912536543984,0.37522912536534403,cv-alpha,0.37190681274750936,0.4118887931450079,0.37190681278056786,0.37518845395474265,0.6280931872524906,-0.003281641207233288,0.001722049715807028,0.6247708746345602,4.06714106971906e-05,-3.305850038159974e-11,1.004193500731822,-0.0015595914914262599,1.002489238409525
0.35,mean,same_time,gp,100,100,0,3,"[20260802, 350, 3]",0.2959016176960686,0.37522912536543984,0.37522912536534403,reg=10,0.37190681274750936,0.4118887931450079,0.37190681278056786,0.3717306097952757,0.6280931872524906,0.00017620295223363946,0.07582899209920713,0.6247708746345602,0.003498515570164118,nan,0.7956337651092148,0.07600519505144077,0.8920531605217744
0.35,mean,same_time,mlp,100,100,0,3,"[20260802, 350, 3]",0.3575809192725693,0.37522912536543984,0.37522912536534403,weight_decay=1,0.37190681274750936,0.4118887931450079,0.37190681278056786,0.3739444976282721,0.6280931872524906,-0.0020376848807627246,0.01636357835570279,0.6247708746345602,0.001284627737167754,nan,0.961479884250827,0.014325893474940066,0.9777000809834004
0.35,mean,same_time,ridge,250,250,0,3,"[20260802, 350, 3]",0.37088618567764253,0.37522912536543984,0.37522912536534403,cv-alpha,0.37190681274750936,0.4118887931450079,0.37190681278056786,0.37518845395474265,0.6280931872524906,-0.003281641207233288,0.004302268277100119,0.6247708746345602,4.06714106971906e-05,-3.305850038159974e-11,0.9972556913858963,0.0010206270698668307,0.9983776749983369
0.35,mean,same_time,gp,250,250,0,3,"[20260802, 350, 3]",0.32012530774544157,0.37522912536543984,0.37522912536534403,reg=10,0.37190681274750936,0.4118887931450079,0.37190681278056786,0.3717306097952757,0.6280931872524906,0.00017620295223363946,0.051605302049834156,0.6247708746345602,0.003498515570164118,nan,0.8607675277053268,0.051781505002067796,0.9238366928612195
0.35,mean,same_time,mlp,250,250,0,3,"[20260802, 350, 3]",0.36176167190562536,0.37522912536543984,0.37522912536534403,weight_decay=0.01,0.37190681274750936,0.4118887931450079,0.37190681278056786,0.3739444976282721,0.6280931872524906,-0.0020376848807627246,0.012182825722646728,0.6247708746345602,0.001284627737167754,nan,0.9727212826058886,0.010145140841884004,0.984104463183565
0.35,mean,same_time,ridge,500,500,0,3,"[20260802, 350, 3]",0.3748839715520993,0.37522912536543984,0.37522912536534403,cv-alpha,0.37190681274750936,0.4118887931450079,0.37190681278056786,0.37518845395474265,0.6280931872524906,-0.003281641207233288,0.0003044824026433579,0.6247708746345602,4.06714106971906e-05,-3.305850038159974e-11,1.0080051203757086,-0.00297715880458993,1.0047625699375873
0.35,mean,same_time,gp,500,500,0,3,"[20260802, 350, 3]",0.3608748710392058,0.37522912536543984,0.37522912536534403,reg=3,0.37190681274750936,0.4118887931450079,0.37190681278056786,0.3717306097952757,0.6280931872524906,0.00017620295223363946,0.010855738756069933,0.6247708746345602,0.003498515570164118,nan,0.9703368119911445,0.011031941708303572,0.9827389955293397
0.35,mean,same_time,mlp,500,500,0,3,"[20260802, 350, 3]",0.37068565865236525,0.37522912536543984,0.37522912536534403,weight_decay=0.001,0.37190681274750936,0.4118887931450079,0.37190681278056786,0.3739444976282721,0.6280931872524906,-0.0020376848807627246,0.0032588389759068415,0.6247708746345602,0.001284627737167754,nan,0.9967165051747165,0.0012211540951441169,0.9980595482815009
0.35,mean,same_time,ridge,1000,1000,0,3,"[20260802, 350, 3]",0.37511897572612285,0.37522912536543984,0.37522912536534403,cv-alpha,0.37190681274750936,0.4118887931450079,0.37190681278056786,0.37518845395474265,0.6280931872524906,-0.003281641207233288,6.947822861980146e-05,0.6247708746345602,4.06714106971906e-05,-3.305850038159974e-11,1.0086370103168674,-0.0032121629786134864,1.00514043930578
0.35,mean,same_time,gp,1000,1000,0,3,"[20260802, 350, 3]",0.3676568961411627,0.37522912536543984,0.37522912536534403,reg=3,0.37190681274750936,0.4118887931450079,0.37190681278056786,0.3717306097952757,0.6280931872524906,0.00017620295223363946,0.00407371365411302,0.6247708746345602,0.003498515570164118,nan,0.9885726303991318,0.00424991660634666,0.9932790970907854
0.35,mean,same_time,mlp,1000,1000,0,3,"[20260802, 350, 3]",0.37285802973077986,0.37522912536543984,0.37522912536534403,weight_decay=0.01,0.37190681274750936,0.4118887931450079,0.37190681278056786,0.3739444976282721,0.6280931872524906,-0.0020376848807627246,0.001086467897492227,0.6247708746345602,0.001284627737167754,nan,1.002557675607616,-0.0009512169832704975,1.001516749043063
0.35,mean,same_time,ridge,2500,2500,0,3,"[20260802, 350, 3]",0.3749845307113089,0.37522912536543984,0.37522912536534403,cv-alpha,0.37190681274750936,0.4118887931450079,0.37190681278056786,0.37518845395474265,0.6280931872524906,-0.003281641207233288,0.0002039232434337679,0.6247708746345602,4.06714106971906e-05,-3.305850038159974e-11,1.0082755084292823,-0.00307771796379952,1.0049242268632201
0.35,mean,same_time,gp,2500,1500,0,3,"[20260802, 350, 3]",0.37204186366130965,0.37522912536543984,0.37522912536534403,reg=0.1,0.37190681274750936,0.4118887931450079,0.37190681278056786,0.3717306097952757,0.6280931872524906,0.00017620295223363946,-0.0003112538660339226,0.6247708746345602,0.003498515570164118,nan,1.0003631310564132,-0.0001350509138002831,1.0002150635623381
0.35,mean,same_time,mlp,2500,2500,0,3,"[20260802, 350, 3]",0.37387971993627866,0.37522912536543984,0.37522912536534403,weight_decay=0.001,0.37190681274750936,0.4118887931450079,0.37190681278056786,0.3739444976282721,0.6280931872524906,-0.0020376848807627246,6.477769199342287e-05,0.6247708746345602,0.001284627737167754,nan,1.0053048428292943,-0.0019729071887693017,1.0031510034918028
0.35,mean,same_time,ridge,5000,5000,0,3,"[20260802, 350, 3]",0.3750755165606804,0.37522912536543984,0.37522912536534403,cv-alpha,0.37190681274750936,0.4118887931450079,0.37190681278056786,0.37518845395474265,0.6280931872524906,-0.003281641207233288,0.00011293739406226244,0.6247708746345602,4.06714106971906e-05,-3.305850038159974e-11,1.0085201553307448,-0.0031687038131710255,1.00507053875651
0.35,mean,same_time,gp,5000,1500,0,3,"[20260802, 350, 3]",0.3684617183866711,0.37522912536543984,0.37522912536534403,reg=3,0.37190681274750936,0.4118887931450079,0.37190681278056786,0.3717306097952757,0.6280931872524906,0.00017620295223363946,0.003268891408604646,0.6247708746345602,0.003498515570164118,nan,0.9907366731590981,0.0034450943608382856,0.9945449160230835
0.35,mean,same_time,mlp,5000,5000,0,3,"[20260802, 350, 3]",0.37401848459163667,0.37522912536543984,0.37522912536534403,weight_decay=0.001,0.37190681274750936,0.4118887931450079,0.37190681278056786,0.3739444976282721,0.6280931872524906,-0.0020376848807627246,-7.398696336458066e-05,0.6247708746345602,0.001284627737167754,nan,1.0056779595633838,-0.0021116718441273052,1.0033733773157019
0.35,mean,same_time,ridge,20000,20000,1,3,"[20260802, 350, 3]",0.37518845395474265,0.37522912536543984,0.37522912536534403,cv-alpha,0.37190681274750936,0.4118887931450079,0.37190681278056786,0.37518845395474265,0.6280931872524906,-0.003281641207233288,0.0,0.6247708746345602,4.06714106971906e-05,-3.305850038159974e-11,1.0088238265467355,-0.003281641207233288,1.005252209611049
0.35,mean,same_time,gp,20000,1500,1,3,"[20260802, 350, 3]",0.3717306097952757,0.37522912536543984,0.37522912536534403,reg=0.3,0.37190681274750936,0.4118887931450079,0.37190681278056786,0.3717306097952757,0.6280931872524906,0.00017620295223363946,0.0,0.6247708746345602,0.003498515570164118,nan,0.9995262174657896,0.00017620295223363946,0.9997195423571786
0.35,mean,same_time,mlp,20000,20000,1,3,"[20260802, 350, 3]",0.3739444976282721,0.37522912536543984,0.37522912536534403,weight_decay=0.01,0.37190681274750936,0.4118887931450079,0.37190681278056786,0.3739444976282721,0.6280931872524906,-0.0020376848807627246,0.0,0.6247708746345602,0.001284627737167754,nan,1.0054790200419,-0.0020376848807627246,1.0032547990921623
0.35,mean,dispersed,ridge,100,100,0,3,"[20260802, 350, 3]",0.7120850232150752,0.7291079072357947,0.7291079072357138,cv-alpha,0.726640120027032,0.4118887931450079,0.7266401200429997,0.7290050694534171,0.27335987997296796,-0.002364949426385099,0.01692004623834198,0.27089209276420534,0.0001028377823775184,-1.596767162936885e-11,0.9799693184964582,0.01455509681195688,0.9494465450373925
0.35,mean,dispersed,gp,100,100,0,3,"[20260802, 350, 3]",0.662356855260517,0.7291079072357947,0.7291079072357138,reg=0.3,0.726640120027032,0.4118887931450079,0.7266401200429997,0.7140274976006435,0.27335987997296796,0.012612622426388498,0.05167064234012653,0.27089209276420534,0.015080409635151115,nan,0.9115335597432693,0.06428326476651502,0.8096118171861171
0.35,mean,dispersed,mlp,100,100,0,3,"[20260802, 350, 3]",0.7119835270323014,0.7291079072357947,0.7291079072357138,weight_decay=0.1,0.726640120027032,0.4118887931450079,0.7266401200429997,0.7280938454524224,0.27335987997296796,-0.0014537254253903509,0.016110318420121006,0.27089209276420534,0.0010140617833722665,nan,0.979829639747685,0.014656592994730655,0.9491119627856341
0.35,mean,dispersed,ridge,250,250,0,3,"[20260802, 350, 3]",0.72063684339361,0.7291079072357947,0.7291079072357138,cv-alpha,0.726640120027032,0.4118887931450079,0.7266401200429997,0.7290050694534171,0.27335987997296796,-0.002364949426385099,0.008368226059807138,0.27089209276420534,0.0001028377823775184,-1.596767162936885e-11,0.9917383083207699,0.006003276633422039,0.9785108505131892
0.35,mean,dispersed,gp,250,250,0,3,"[20260802, 350, 3]",0.6903989968093536,0.7291079072357947,0.7291079072357138,reg=0.3,0.726640120027032,0.4118887931450079,0.7266401200429997,0.7140274976006435,0.27335987997296796,0.012612622426388498,0.023628500791289975,0.27089209276420534,0.015080409635151115,nan,0.9501250726200884,0.03624112321767847,0.8829424877691308
0.35,mean,dispersed,mlp,250,250,0,3,"[20260802, 350, 3]",0.718000599716026,0.7291079072357947,0.7291079072357138,weight_decay=0.1,0.726640120027032,0.4118887931450079,0.7266401200429997,0.7280938454524224,0.27335987997296796,-0.0014537254253903509,0.010093245736396361,0.27089209276420534,0.0010140617833722665,nan,0.9881103175108407,0.00863952031100601,0.9693633379989248
0.35,mean,dispersed,ridge,500,500,0,3,"[20260802, 350, 3]",0.722744204786443,0.7291079072357947,0.7291079072357138,cv-alpha,0.726640120027032,0.4118887931450079,0.7266401200429997,0.7290050694534171,0.27335987997296796,-0.002364949426385099,0.006260864666974175,0.27089209276420534,0.0001028377823775184,-1.596767162936885e-11,0.9946384528830529,0.0038959152405890762,0.985948300061363
0.35,mean,dispersed,gp,500,500,0,3,"[20260802, 350, 3]",0.6983603295391005,0.7291079072357947,0.7291079072357138,reg=3,0.726640120027032,0.4118887931450079,0.7266401200429997,0.7140274976006435,0.27335987997296796,0.012612622426388498,0.015667168061543002,0.27089209276420534,0.015080409635151115,nan,0.9610814353508592,0.0282797904879315,0.9062464481388653
0.35,mean,dispersed,mlp,500,500,0,3,"[20260802, 350, 3]",0.7209961545631343,0.7291079072357947,0.7291079072357138,weight_decay=0.1,0.726640120027032,0.4118887931450079,0.7266401200429997,0.7280938454524224,0.27335987997296796,-0.0014537254253903509,0.007097690889288133,0.27089209276420534,0.0010140617833722665,nan,0.9922327912974475,0.005643965463897782,0.9797710119189919
0.35,mean,dispersed,ridge,1000,1000,0,3,"[20260802, 350, 3]",0.727256083759608,0.7291079072357947,0.7291079072357138,cv-alpha,0.726640120027032,0.4118887931450079,0.7266401200429997,0.7290050694534171,0.27335987997296796,-0.002364949426385099,0.001748985693809102,0.27089209276420534,0.0001028377823775184,-1.596767162936885e-11,1.0008476874805001,-0.000615963732575997,1.0022583958647608
0.35,mean,dispersed,gp,1000,1000,0,3,"[20260802, 350, 3]",0.7094286866119186,0.7291079072357947,0.7291079072357138,reg=3,0.726640120027032,0.4118887931450079,0.7266401200429997,0.7140274976006435,0.27335987997296796,0.012612622426388498,0.004598810988724944,0.27089209276420534,0.015080409635151115,nan,0.9763136758613422,0.017211433415113442,0.9407669215022401
0.35,mean,dispersed,mlp,1000,1000,0,3,"[20260802, 350, 3]",0.7259882308052441,0.7291079072357947,0.7291079072357138,weight_decay=0.1,0.726640120027032,0.4118887931450079,0.7266401200429997,0.7280938454524224,0.27335987997296796,-0.0014537254253903509,0.002105614647178289,0.27089209276420534,0.0010140617833722665,nan,0.9991028719667121,0.000651889221787938,0.9976209444444534
0.35,mean,dispersed,ridge,2500,2500,0,3,"[20260802, 350, 3]",0.7281571855279878,0.7291079072357947,0.7291079072357138,cv-alpha,0.726640120027032,0.4118887931450079,0.7266401200429997,0.7290050694534171,0.27335987997296796,-0.002364949426385099,0.000847883925429338,0.27089209276420534,0.0001028377823775184,-1.596767162936885e-11,1.0020877810888,-0.001517065500955761,1.005580671697732
0.35,mean,dispersed,gp,2500,1500,0,3,"[20260802, 350, 3]",0.7124468654567571,0.7291079072357947,0.7291079072357138,reg=1,0.726640120027032,0.4118887931450079,0.7266401200429997,0.7140274976006435,0.27335987997296796,0.012612622426388498,0.0015806321438864845,0.27089209276420534,0.015080409635151115,nan,0.9804672847272086,0.014193254570274982,0.950641280287833
0.35,mean,dispersed,mlp,2500,2500,0,3,"[20260802, 350, 3]",0.726598818155932,0.7291079072357947,0.7291079072357138,weight_decay=0.1,0.726640120027032,0.4118887931450079,0.7266401200429997,0.7280938454524224,0.27335987997296796,-0.0014537254253903509,0.0014950272964904254,0.27089209276420534,0.0010140617833722665,nan,0.9999431604862411,4.130187110007455e-05,0.9998489330923096
0.35,mean,dispersed,ridge,5000,5000,0,3,"[20260802, 350, 3]",0.7284900845332146,0.7291079072357947,0.7291079072357138,cv-alpha,0.726640120027032,0.4118887931450079,0.7266401200429997,0.7290050694534171,0.27335987997296796,-0.002364949426385099,0.0005149849202025214,0.27089209276420534,0.0001028377823775184,-1.596767162936885e-11,1.002545915722509,-0.0018499645061825776,1.0068136167439854
0.35,mean,dispersed,gp,5000,1500,0,3,"[20260802, 350, 3]",0.7094185961818138,0.7291079072357947,0.7291079072357138,reg=3,0.726640120027032,0.4118887931450079,0.7266401200429997,0.7140274976006435,0.27335987997296796,0.012612622426388498,0.004608901418829747,0.27089209276420534,0.015080409635151115,nan,0.9762997894410543,0.017221523845218245,0.9407342534004909
0.35,mean,dispersed,mlp,5000,5000,0,3,"[20260802, 350, 3]",0.7278848932072857,0.7291079072357947,0.7291079072357138,weight_decay=0.01,0.726640120027032,0.4118887931450079,0.7266401200429997,0.7280938454524224,0.27335987997296796,-0.0014537254253903509,0.00020895224513672872,0.27089209276420534,0.0010140617833722665,nan,1.0017130531964122,-0.0012447731802536222,1.0045744361455162
0.35,mean,dispersed,ridge,20000,20000,1,3,"[20260802, 350, 3]",0.7290050694534171,0.7291079072357947,0.7291079072357138,cv-alpha,0.726640120027032,0.4118887931450079,0.7266401200429997,0.7290050694534171,0.27335987997296796,-0.002364949426385099,0.0,0.27089209276420534,0.0001028377823775184,-1.596767162936885e-11,1.0032546364578618,-0.002364949426385099,1.008726913900622
0.35,mean,dispersed,gp,20000,1500,1,3,"[20260802, 350, 3]",0.7140274976006435,0.7291079072357947,0.7291079072357138,reg=1,0.726640120027032,0.4118887931450079,0.7266401200429997,0.7140274976006435,0.27335987997296796,0.012612622426388498,0.0,0.27089209276420534,0.015080409635151115,nan,0.9826425460433986,0.012612622426388498,0.9558956811561723
0.35,mean,dispersed,mlp,20000,20000,1,3,"[20260802, 350, 3]",0.7280938454524224,0.7291079072357947,0.7291079072357138,weight_decay=0.01,0.726640120027032,0.4118887931450079,0.7266401200429997,0.7280938454524224,0.27335987997296796,-0.0014537254253903509,0.0,0.27089209276420534,0.0010140617833722665,nan,1.002000612662753,-0.0014537254253903509,1.0053464233930607
0.35,occupation,same_time,ridge,100,100,0,4,"[20260802, 350, 4]",0.358668405969914,0.36395500111889,0.3608641560014577,cv-alpha,0.35476938326909135,0.06927111337998818,0.3519508945037059,0.36087092187219205,0.6452306167309086,-0.006101538603100698,0.002202515902278046,0.63604499888111,0.003084079246697957,0.0028184887653854296,1.0109903021080746,-0.003899022700822652,1.0060795737136876
0.35,occupation,same_time,gp,100,100,0,4,"[20260802, 350, 4]",0.2817783211996897,0.36395500111889,0.3608641560014577,reg=10,0.35476938326909135,0.06927111337998818,0.3519508945037059,0.3564049870553462,0.6452306167309086,-0.0016356037862548245,0.07462666585565647,0.63604499888111,0.007550014063543831,nan,0.7942577192067384,0.07299106206940165,0.8983725161410846
0.35,occupation,same_time,mlp,100,100,0,4,"[20260802, 350, 4]",0.35535524231369475,0.36395500111889,0.3608641560014577,weight_decay=1,0.35476938326909135,0.06927111337998818,0.3519508945037059,0.36387448361972263,0.6452306167309086,-0.009105100350631279,0.00851924130602788,0.63604499888111,8.051749916737627e-05,nan,1.0016513799449234,-0.0005858590446033984,1.0009088091349818
0.35,occupation,same_time,ridge,250,250,0,4,"[20260802, 350, 4]",0.360731805388922,0.36395500111889,0.3608641560014577,cv-alpha,0.35476938326909135,0.06927111337998818,0.3519508945037059,0.36087092187219205,0.6452306167309086,-0.006101538603100698,0.0001391164832700298,0.63604499888111,0.003084079246697957,0.0028184887653854296,1.0168064731654372,-0.005962422119830668,1.0093269494245027
0.35,occupation,same_time,gp,250,250,0,4,"[20260802, 350, 4]",0.3335031076675281,0.36395500111889,0.3608641560014577,reg=3,0.35476938326909135,0.06927111337998818,0.3519508945037059,0.3564049870553462,0.6452306167309086,-0.0016356037862548245,0.02290187938781807,0.63604499888111,0.007550014063543831,nan,0.9400560572459747,0.021266275601563245,0.9680924609758647
0.35,occupation,same_time,mlp,250,250,0,4,"[20260802, 350, 4]",0.3544490584477652,0.36395500111889,0.3608641560014577,weight_decay=0.1,0.35476938326909135,0.06927111337998818,0.3519508945037059,0.36387448361972263,0.6452306167309086,-0.009105100350631279,0.009425425171957436,0.63604499888111,8.051749916737627e-05,nan,0.999097090007107,0.0003203248213261567,0.9995037962138884
0.35,occupation,same_time,ridge,500,500,0,4,"[20260802, 350, 4]",0.36061525148961127,0.36395500111889,0.3608641560014577,cv-alpha,0.35476938326909135,0.06927111337998818,0.3519508945037059,0.36087092187219205,0.6452306167309086,-0.006101538603100698,0.000255670382580786,0.63604499888111,0.003084079246697957,0.0028184887653854296,1.0164779388983685,-0.005845868220519912,1.0091429584989935
0.35,occupation,same_time,gp,500,500,0,4,"[20260802, 350, 4]",0.356247961463629,0.36395500111889,0.3608641560014577,reg=0.1,0.35476938326909135,0.06927111337998818,0.3519508945037059,0.3564049870553462,0.6452306167309086,-0.0016356037862548245,0.00015702559171715258,0.63604499888111,0.007550014063543831,nan,1.0041677164498046,-0.001478578194537672,1.0022968132231462
0.35,occupation,same_time,mlp,500,500,0,4,"[20260802, 350, 4]",0.3604558416657001,0.36395500111889,0.3608641560014577,weight_decay=0.01,0.35476938326909135,0.06927111337998818,0.3519508945037059,0.36387448361972263,0.6452306167309086,-0.009105100350631279,0.0034186419540225277,0.63604499888111,8.051749916737627e-05,nan,1.0160286052426784,-0.005686458396608751,1.008891424184718
0.35,occupation,same_time,ridge,1000,1000,0,4,"[20260802, 350, 4]",0.36033261765636415,0.36395500111889,0.3608641560014577,cv-alpha,0.35476938326909135,0.06927111337998818,0.3519508945037059,0.36087092187219205,0.6452306167309086,-0.006101538603100698,0.0005383042158279006,0.63604499888111,0.003084079246697957,0.0028184887653854296,1.0156812697195268,-0.005563234387272797,1.0086970737305536
0.35,occupation,same_time,gp,1000,1000,0,4,"[20260802, 350, 4]",0.36068754466521336,0.36395500111889,0.3608641560014577,reg=1,0.35476938326909135,0.06927111337998818,0.3519508945037059,0.3564049870553462,0.6452306167309086,-0.0016356037862548245,-0.004282557609867177,0.63604499888111,0.007550014063543831,nan,1.0166817140238764,-0.005918161396122001,1.0092570719477425
0.35,occupation,same_time,mlp,1000,1000,0,4,"[20260802, 350, 4]",0.3613670752415671,0.36395500111889,0.3608641560014577,weight_decay=0.1,0.35476938326909135,0.06927111337998818,0.3519508945037059,0.36387448361972263,0.6452306167309086,-0.009105100350631279,0.002507408378155551,0.63604499888111,8.051749916737627e-05,nan,1.0185971289621445,-0.006597691972475728,1.0103309612090097
0.35,occupation,same_time,ridge,2500,2500,0,4,"[20260802, 350, 4]",0.3597884975812935,0.36395500111889,0.3608641560014577,cv-alpha,0.35476938326909135,0.06927111337998818,0.3519508945037059,0.36087092187219205,0.6452306167309086,-0.006101538603100698,0.0010824242908985537,0.63604499888111,0.003084079246697957,0.0028184887653854296,1.0141475407656448,-0.005019114312202144,1.0078397752824497
0.35,occupation,same_time,gp,2500,1500,0,4,"[20260802, 350, 4]",0.36190831688394764,0.36395500111889,0.3608641560014577,reg=1,0.35476938326909135,0.06927111337998818,0.3519508945037059,0.3564049870553462,0.6452306167309086,-0.0016356037862548245,-0.0055033298286014665,0.63604499888111,0.007550014063543831,nan,1.0201227443841776,-0.007138933614856291,1.0111879433688808
0.35,occupation,same_time,mlp,2500,2500,0,4,"[20260802, 350, 4]",0.36275820595859554,0.36395500111889,0.3608641560014577,weight_decay=0.01,0.35476938326909135,0.06927111337998818,0.3519508945037059,0.36387448361972263,0.6452306167309086,-0.009105100350631279,0.0011162776611270964,0.63604499888111,8.051749916737627e-05,nan,1.02251835436274,-0.007988822689504183,1.0125365642432818
0.35,occupation,same_time,ridge,5000,5000,0,4,"[20260802, 350, 4]",0.3606865954936618,0.36395500111889,0.3608641560014577,cv-alpha,0.35476938326909135,0.06927111337998818,0.3519508945037059,0.36087092187219205,0.6452306167309086,-0.006101538603100698,0.00018432637853027511,0.63604499888111,0.003084079246697957,0.0028184887653854296,1.0166790385631508,-0.005917212224570423,1.0092555735306998
0.35,occupation,same_time,gp,5000,1500,0,4,"[20260802, 350, 4]",0.3602099218295982,0.36395500111889,0.3608641560014577,reg=1,0.35476938326909135,0.06927111337998818,0.3519508945037059,0.3564049870553462,0.6452306167309086,-0.0016356037862548245,-0.0038049347742520334,0.63604499888111,0.007550014063543831,nan,1.015335423001765,-0.005440538560506858,1.0085036307159765
0.35,occupation,same_time,mlp,5000,5000,0,4,"[20260802, 350, 4]",0.36268403345981204,0.36395500111889,0.3608641560014577,weight_decay=0.1,0.35476938326909135,0.06927111337998818,0.3519508945037059,0.36387448361972263,0.6452306167309086,-0.009105100350631279,0.0011904501599105943,0.63604499888111,8.051749916737627e-05,nan,1.022309281927853,-0.007914650190720685,1.012418722590126
0.35,occupation,same_time,ridge,20000,20000,1,4,"[20260802, 350, 4]",0.36087092187219205,0.36395500111889,0.3608641560014577,cv-alpha,0.35476938326909135,0.06927111337998818,0.3519508945037059,0.36087092187219205,0.6452306167309086,-0.006101538603100698,0.0,0.63604499888111,0.003084079246697957,0.0028184887653854296,1.017198605321792,-0.006101538603100698,1.0095466452895148
0.35,occupation,same_time,gp,20000,1500,1,4,"[20260802, 350, 4]",0.3564049870553462,0.36395500111889,0.3608641560014577,reg=10,0.35476938326909135,0.06927111337998818,0.3519508945037059,0.3564049870553462,0.6452306167309086,-0.0016356037862548245,0.0,0.63604499888111,0.007550014063543831,nan,1.004610329592659,-0.0016356037862548245,1.0025413555937475
0.35,occupation,same_time,mlp,20000,20000,1,4,"[20260802, 350, 4]",0.36387448361972263,0.36395500111889,0.3608641560014577,weight_decay=0.001,0.35476938326909135,0.06927111337998818,0.3519508945037059,0.36387448361972263,0.6452306167309086,-0.009105100350631279,0.0,0.63604499888111,8.051749916737627e-05,nan,1.0256648425146797,-0.009105100350631279,1.01431337073608
0.35,occupation,dispersed,ridge,100,100,0,4,"[20260802, 350, 4]",0.6745999904489183,0.6972222708951574,0.6861433519678405,cv-alpha,0.6989454202527748,0.06927111337998818,0.6876497860293475,0.686077413373158,0.30105457974722516,0.012868006879616867,0.0114774229242397,0.3027777291048426,0.011144857521999452,0.011295634223427387,0.9651683391886995,0.024345429803856566,0.9251830697932577
0.35,occupation,dispersed,gp,100,100,0,4,"[20260802, 350, 4]",0.614684881292261,0.6972222708951574,0.6861433519678405,reg=0.1,0.6989454202527748,0.06927111337998818,0.6876497860293475,0.6884249871354653,0.30105457974722516,0.010520433117309547,0.07374010584320434,0.3027777291048426,0.008797283759692132,nan,0.8794461820351568,0.08426053896051389,0.7813204443077527
0.35,occupation,dispersed,mlp,100,100,0,4,"[20260802, 350, 4]",0.6762012465342695,0.6972222708951574,0.6861433519678405,weight_decay=0.1,0.6989454202527748,0.06927111337998818,0.6876497860293475,0.6944790535053151,0.30105457974722516,0.004466366747459705,0.01827780697104564,0.3027777291048426,0.0027432173898422896,nan,0.9674592993108391,0.022744173718505345,0.9297583036529123
0.35,occupation,dispersed,ridge,250,250,0,4,"[20260802, 350, 4]",0.6816313347756817,0.6972222708951574,0.6861433519678405,cv-alpha,0.6989454202527748,0.06927111337998818,0.6876497860293475,0.686077413373158,0.30105457974722516,0.012868006879616867,0.004446078597476255,0.3027777291048426,0.011144857521999452,0.011295634223427387,0.9752282725154255,0.017314085477093122,0.9456162387561168
0.35,occupation,dispersed,gp,250,250,0,4,"[20260802, 350, 4]",0.6678575305136519,0.6972222708951574,0.6861433519678405,reg=0.3,0.6989454202527748,0.06927111337998818,0.6876497860293475,0.6884249871354653,0.30105457974722516,0.010520433117309547,0.020567456621813363,0.3027777291048426,0.008797283759692132,nan,0.9555217205259319,0.03108788973912291,0.9064019431565022
0.35,occupation,dispersed,mlp,250,250,0,4,"[20260802, 350, 4]",0.6854387710312763,0.6972222708951574,0.6861433519678405,weight_decay=0.1,0.6989454202527748,0.06927111337998818,0.6876497860293475,0.6944790535053151,0.30105457974722516,0.004466366747459705,0.009040282474038874,0.3027777291048426,0.0027432173898422896,nan,0.9806756739079657,0.013506649221498579,0.9570619390514858
0.35,occupation,dispersed,ridge,500,500,0,4,"[20260802, 350, 4]",0.682407924001374,0.6972222708951574,0.6861433519678405,cv-alpha,0.6989454202527748,0.06927111337998818,0.6876497860293475,0.686077413373158,0.30105457974722516,0.012868006879616867,0.0036694893717840182,0.3027777291048426,0.011144857521999452,0.011295634223427387,0.9763393595948878,0.016537496251400885,0.947928498532588
0.35,occupation,dispersed,gp,500,500,0,4,"[20260802, 350, 4]",0.6831215992864091,0.6972222708951574,0.6861433519678405,reg=1,0.6989454202527748,0.06927111337998818,0.6876497860293475,0.6884249871354653,0.30105457974722516,0.010520433117309547,0.0053033878490561515,0.3027777291048426,0.008797283759692132,nan,0.9773604340083623,0.015823820966365698,0.950063428334871
0.35,occupation,dispersed,mlp,500,500,0,4,"[20260802, 350, 4]",0.6885263831816474,0.6972222708951574,0.6861433519678405,weight_decay=0.1,0.6989454202527748,0.06927111337998818,0.6876497860293475,0.6944790535053151,0.30105457974722516,0.004466366747459705,0.0059526703236677525,0.3027777291048426,0.0027432173898422896,nan,0.9850932036047115,0.010419037071127457,0.9665492147374919
0.35,occupation,dispersed,ridge,1000,1000,0,4,"[20260802, 350, 4]",0.6854037147322005,0.6972222708951574,0.6861433519678405,cv-alpha,0.6989454202527748,0.06927111337998818,0.6876497860293475,0.686077413373158,0.30105457974722516,0.012868006879616867,0.0006736986409574541,0.3027777291048426,0.011144857521999452,0.011295634223427387,0.9806255179185852,0.01354170552057432,0.9569552910993626
0.35,occupation,dispersed,gp,1000,1000,0,4,"[20260802, 350, 4]",0.6904502714109991,0.6972222708951574,0.6861433519678405,reg=3,0.6989454202527748,0.06927111337998818,0.6876497860293475,0.6884249871354653,0.30105457974722516,0.010520433117309547,-0.002025284275533834,0.3027777291048426,0.008797283759692132,nan,0.9878457622074361,0.008495148841775713,0.9725564325948578
0.35,occupation,dispersed,mlp,1000,1000,0,4,"[20260802, 350, 4]",0.6940408712748534,0.6972222708951574,0.6861433519678405,weight_decay=0.01,0.6989454202527748,0.06927111337998818,0.6876497860293475,0.6944790535053151,0.30105457974722516,0.004466366747459705,0.00043818223046176996,0.3027777291048426,0.0027432173898422896,nan,0.992982929945878,0.004904548977921475,0.9839699210860042
0.35,occupation,dispersed,ridge,2500,2500,0,4,"[20260802, 350, 4]",0.685738526212953,0.6972222708951574,0.6861433519678405,cv-alpha,0.6989454202527748,0.06927111337998818,0.6876497860293475,0.686077413373158,0.30105457974722516,0.012868006879616867,0.00033888716020502585,0.3027777291048426,0.011144857521999452,0.011295634223427387,0.9811045417036346,0.013206894039821893,0.9579748230647857
0.35,occupation,dispersed,gp,2500,1500,0,4,"[20260802, 350, 4]",0.6909017233114998,0.6972222708951574,0.6861433519678405,reg=3,0.6989454202527748,0.06927111337998818,0.6876497860293475,0.6884249871354653,0.30105457974722516,0.010520433117309547,-0.0024767361760344997,0.3027777291048426,0.008797283759692132,nan,0.9884916665762457,0.008043696941275047,0.9739768948974722
0.35,occupation,dispersed,mlp,2500,2500,0,4,"[20260802, 350, 4]",0.6957548219606485,0.6972222708951574,0.6861433519678405,weight_decay=0.01,0.6989454202527748,0.06927111337998818,0.6876497860293475,0.6944790535053151,0.30105457974722516,0.004466366747459705,-0.0012757684553333926,0.3027777291048426,0.0027432173898422896,nan,0.9954351252620377,0.003190598292126312,0.9895130686616382
0.35,occupation,dispersed,ridge,5000,5000,0,4,"[20260802, 350, 4]",0.6861239934564312,0.6972222708951574,0.6861433519678405,cv-alpha,0.6989454202527748,0.06927111337998818,0.6876497860293475,0.686077413373158,0.30105457974722516,0.012868006879616867,-4.6580083273184414e-05,0.3027777291048426,0.011144857521999452,0.011295634223427387,0.9816560400500131,0.012821426796343682,0.9591513001024372
0.35,occupation,dispersed,gp,5000,1500,0,4,"[20260802, 350, 4]",0.689629817407073,0.6972222708951574,0.6861433519678405,reg=3,0.6989454202527748,0.06927111337998818,0.6876497860293475,0.6884249871354653,0.30105457974722516,0.010520433117309547,-0.0012048302716076709,0.3027777291048426,0.008797283759692132,nan,0.9866719166106949,0.009315602845701876,0.9699855096650184
0.35,occupation,dispersed,mlp,5000,5000,0,4,"[20260802, 350, 4]",0.6957335144990566,0.6972222708951574,0.6861433519678405,weight_decay=0.01,0.6989454202527748,0.06927111337998818,0.6876497860293475,0.6944790535053151,0.30105457974722516,0.004466366747459705,-0.0012544609937414908,0.3027777291048426,0.0027432173898422896,nan,0.9954046401040061,0.003211905753718214,0.9894437741033814
0.35,occupation,dispersed,ridge,20000,20000,1,4,"[20260802, 350, 4]",0.686077413373158,0.6972222708951574,0.6861433519678405,cv-alpha,0.6989454202527748,0.06927111337998818,0.6876497860293475,0.686077413373158,0.30105457974722516,0.012868006879616867,0.0,0.3027777291048426,0.011144857521999452,0.011295634223427387,0.9815893966728287,0.012868006879616867,0.959008980469083
0.35,occupation,dispersed,gp,20000,1500,1,4,"[20260802, 350, 4]",0.6884249871354653,0.6972222708951574,0.6861433519678405,reg=3,0.6989454202527748,0.06927111337998818,0.6876497860293475,0.6884249871354653,0.30105457974722516,0.010520433117309547,0.0,0.3027777291048426,0.008797283759692132,nan,0.9849481335559723,0.010520433117309547,0.9662346700379225
0.35,occupation,dispersed,mlp,20000,20000,1,4,"[20260802, 350, 4]",0.6944790535053151,0.6972222708951574,0.6861433519678405,weight_decay=0.01,0.6989454202527748,0.06927111337998818,0.6876497860293475,0.6944790535053151,0.30105457974722516,0.004466366747459705,0.0,0.3027777291048426,0.0027432173898422896,nan,0.9936098490410818,0.004466366747459705,0.9853811439159789
0.35,mean,same_time,ridge,100,100,0,4,"[20260802, 350, 4]",0.37357496160956405,0.37927013559576417,0.3792701355962671,cv-alpha,0.37190681274750936,0.4118887931450079,0.37190681278056786,0.3792465937366608,0.6280931872524906,-0.007339780989151445,0.00567163212709676,0.6207298644042358,2.354185910335982e-05,-3.305850038159974e-11,1.0044853947410401,-0.0016681488620546858,1.0026629664522047
0.35,mean,same_time,gp,100,100,0,4,"[20260802, 350, 4]",0.3111800432617786,0.37927013559576417,0.3792701355962671,reg=3,0.37190681274750936,0.4118887931450079,0.37190681278056786,0.37478850649811113,0.6280931872524906,-0.002881693750601766,0.06360846323633251,0.6207298644042358,0.004481629097653039,nan,0.8367150925870276,0.06072676948573075,0.9118394162484911
0.35,mean,same_time,mlp,100,100,0,4,"[20260802, 350, 4]",0.3512644138497809,0.37927013559576417,0.3792701355962671,weight_decay=1,0.37190681274750936,0.4118887931450079,0.37190681278056786,0.3790751529506491,0.6280931872524906,-0.0071683402031397225,0.027810739100868176,0.6207298644042358,0.00019498264511508268,nan,0.9444957763875578,0.020642398897728453,0.9681805664150069
0.35,mean,same_time,ridge,250,250,0,4,"[20260802, 350, 4]",0.3793067757550658,0.37927013559576417,0.3792701355962671,cv-alpha,0.37190681274750936,0.4118887931450079,0.37190681278056786,0.3792465937366608,0.6280931872524906,-0.007339780989151445,-6.0182018404963955e-05,0.6207298644042358,2.354185910335982e-05,-3.305850038159974e-11,1.0198973580314064,-0.007399963007556409,1.011922094069189
0.35,mean,same_time,gp,250,250,0,4,"[20260802, 350, 4]",0.280584294563467,0.37927013559576417,0.3792701355962671,reg=0.01,0.37190681274750936,0.4118887931450079,0.37190681278056786,0.37478850649811113,0.6280931872524906,-0.002881693750601766,0.09420421193464412,0.6207298644042358,0.004481629097653039,nan,0.754447848079508,0.09132251818404236,0.8730601549369443
0.35,mean,same_time,mlp,250,250,0,4,"[20260802, 350, 4]",0.35193983242268245,0.37927013559576417,0.3792701355962671,weight_decay=0.1,0.37190681274750936,0.4118887931450079,0.37190681278056786,0.3790751529506491,0.6280931872524906,-0.0071683402031397225,0.027135320527966633,0.6207298644042358,0.00019498264511508268,nan,0.9463118726507904,0.01996698032482691,0.969189619538768
0.35,mean,same_time,ridge,500,500,0,4,"[20260802, 350, 4]",0.3770994609223105,0.37927013559576417,0.3792701355962671,cv-alpha,0.37190681274750936,0.4118887931450079,0.37190681278056786,0.3792465937366608,0.6280931872524906,-0.007339780989151445,0.0021471328143503055,0.6207298644042358,2.354185910335982e-05,-3.305850038159974e-11,1.013962229238125,-0.00519264817480114,1.0083362396547124
0.35,mean,same_time,gp,500,500,0,4,"[20260802, 350, 4]",0.3512227481815313,0.37927013559576417,0.3792701355962671,reg=0.01,0.37190681274750936,0.4118887931450079,0.37190681278056786,0.37478850649811113,0.6280931872524906,-0.002881693750601766,0.02356575831657981,0.6207298644042358,0.004481629097653039,nan,0.9443837438384851,0.020684064565978044,0.9681183880784933
0.35,mean,same_time,mlp,500,500,0,4,"[20260802, 350, 4]",0.3587779569649806,0.37927013559576417,0.3792701355962671,weight_decay=0.1,0.37190681274750936,0.4118887931450079,0.37190681278056786,0.3790751529506491,0.6280931872524906,-0.0071683402031397225,0.02029719598566848,0.6207298644042358,0.00019498264511508268,nan,0.9646985337925443,0.013128855782528759,0.9795252581767346
0.35,mean,same_time,ridge,1000,1000,0,4,"[20260802, 350, 4]",0.37800299625780587,0.37927013559576417,0.3792701355962671,cv-alpha,0.37190681274750936,0.4118887931450079,0.37190681278056786,0.3792465937366608,0.6280931872524906,-0.007339780989151445,0.0012435974788549409,0.6207298644042358,2.354185910335982e-05,-3.305850038159974e-11,1.0163916962565438,-0.0060961835102965045,1.0098009853321146
0.35,mean,same_time,gp,1000,1000,0,4,"[20260802, 350, 4]",0.35938233020549915,0.37927013559576417,0.3792701355962671,reg=10,0.37190681274750936,0.4118887931450079,0.37190681278056786,0.37478850649811113,0.6280931872524906,-0.002881693750601766,0.015406176292611984,0.6207298644042358,0.004481629097653039,nan,0.966323600125838,0.012524482542010218,0.9804493645234171
0.35,mean,same_time,mlp,1000,1000,0,4,"[20260802, 350, 4]",0.3628323861830106,0.37927013559576417,0.3792701355962671,weight_decay=1,0.37190681274750936,0.4118887931450079,0.37190681278056786,0.3790751529506491,0.6280931872524906,-0.0071683402031397225,0.016242766767638472,0.6207298644042358,0.00019498264511508268,nan,0.9756002679879396,0.00907442656449875,0.985758179845115
0.35,mean,same_time,ridge,2500,2500,0,4,"[20260802, 350, 4]",0.3776923494496376,0.37927013559576417,0.3792701355962671,cv-alpha,0.37190681274750936,0.4118887931450079,0.37190681278056786,0.3792465937366608,0.6280931872524906,-0.007339780989151445,0.001554244287023221,0.6207298644042358,2.354185910335982e-05,-3.305850038159974e-11,1.0155564149507958,-0.0057855367021282245,1.0092969075617366
0.35,mean,same_time,gp,2500,1500,0,4,"[20260802, 350, 4]",0.37365249019764324,0.37927013559576417,0.3792701355962671,reg=0.3,0.37190681274750936,0.4118887931450079,0.37190681278056786,0.37478850649811113,0.6280931872524906,-0.002881693750601766,0.0011360163004678903,0.6207298644042358,0.004481629097653039,nan,1.0046938571445827,-0.0017456774501338757,1.0027870749429255
0.35,mean,same_time,mlp,2500,2500,0,4,"[20260802, 350, 4]",0.3759583524620186,0.37927013559576417,0.3792701355962671,weight_decay=0.01,0.37190681274750936,0.4118887931450079,0.37190681278056786,0.3790751529506491,0.6280931872524906,-0.0071683402031397225,0.0031168004886305,0.6207298644042358,0.00019498264511508268,nan,1.0108939647665445,-0.0040515397145092225,1.0064924187840567
0.35,mean,same_time,ridge,5000,5000,0,4,"[20260802, 350, 4]",0.3787153183995292,0.37927013559576417,0.3792701355962671,cv-alpha,0.37190681274750936,0.4118887931450079,0.37190681278056786,0.3792465937366608,0.6280931872524906,-0.007339780989151445,0.0005312753371315981,0.6207298644042358,2.354185910335982e-05,-3.305850038159974e-11,1.0183070205187186,-0.006808505652019847,1.010958753456597
0.35,mean,same_time,gp,5000,1500,0,4,"[20260802, 350, 4]",0.37624788756054495,0.37927013559576417,0.3792701355962671,reg=1,0.37190681274750936,0.4118887931450079,0.37190681278056786,0.37478850649811113,0.6280931872524906,-0.002881693750601766,-0.0014593810624338177,0.6207298644042358,0.004481629097653039,nan,1.0116724799445467,-0.004341074813035584,1.0069596154088487
0.35,mean,same_time,mlp,5000,5000,0,4,"[20260802, 350, 4]",0.37643968729346144,0.37927013559576417,0.3792701355962671,weight_decay=0.1,0.37190681274750936,0.4118887931450079,0.37190681278056786,0.3790751529506491,0.6280931872524906,-0.0071683402031397225,0.002635465657187641,0.6207298644042358,0.00019498264511508268,nan,1.0121881998139934,-0.004532874545952081,1.0072693442054985
0.35,mean,same_time,ridge,20000,20000,1,4,"[20260802, 350, 4]",0.3792465937366608,0.37927013559576417,0.3792701355962671,cv-alpha,0.37190681274750936,0.4118887931450079,0.37190681278056786,0.3792465937366608,0.6280931872524906,-0.007339780989151445,0.0,0.6207298644042358,2.354185910335982e-05,-3.305850038159974e-11,1.0197355378755444,-0.007339780989151445,1.0118239882618345
0.35,mean,same_time,gp,20000,1500,1,4,"[20260802, 350, 4]",0.37478850649811113,0.37927013559576417,0.3792701355962671,reg=0.3,0.37190681274750936,0.4118887931450079,0.37190681278056786,0.37478850649811113,0.6280931872524906,-0.002881693750601766,0.0,0.6207298644042358,0.004481629097653039,nan,1.0077484295845858,-0.002881693750601766,1.0046091503124184
0.35,mean,same_time,mlp,20000,20000,1,4,"[20260802, 350, 4]",0.3790751529506491,0.37927013559576417,0.3792701355962671,weight_decay=0.01,0.37190681274750936,0.4118887931450079,0.37190681278056786,0.3790751529506491,0.6280931872524906,-0.0071683402031397225,0.0,0.6207298644042358,0.00019498264511508268,nan,1.0192745600710638,-0.0071683402031397225,1.0115446180599856
0.35,mean,dispersed,ridge,100,100,0,4,"[20260802, 350, 4]",0.7004086669783918,0.7274417360771308,0.7274417360771415,cv-alpha,0.726640120027032,0.4118887931450079,0.7266401200429997,0.7272318562589535,0.27335987997296796,-0.0005917362319214359,0.02682318928056171,0.2725582639228692,0.0002098798181773276,-1.596767162936885e-11,0.9639003513215532,0.026231453048640274,0.9124425503766215
0.35,mean,dispersed,gp,100,100,0,4,"[20260802, 350, 4]",0.6216408056864684,0.7274417360771308,0.7274417360771415,reg=3,0.726640120027032,0.4118887931450079,0.7266401200429997,0.7115602422124041,0.27335987997296796,0.01507987781462794,0.0899194365259357,0.2725582639228692,0.015881493864726703,nan,0.8555002518486627,0.10499931434056364,0.7224877420223208
0.35,mean,dispersed,mlp,100,100,0,4,"[20260802, 350, 4]",0.6982357671945869,0.7274417360771308,0.7274417360771415,weight_decay=0.1,0.726640120027032,0.4118887931450079,0.7266401200429997,0.7257487861322389,0.27335987997296796,0.0008913338947931226,0.027513018937652012,0.2725582639228692,0.001692949944891886,nan,0.9609100130180144,0.028404352832445134,0.9058723674161837
0.35,mean,dispersed,ridge,250,250,0,4,"[20260802, 350, 4]",0.7162720367518662,0.7274417360771308,0.7274417360771415,cv-alpha,0.726640120027032,0.4118887931450079,0.7266401200429997,0.7272318562589535,0.27335987997296796,-0.0005917362319214359,0.010959819507087243,0.2725582639228692,0.0002098798181773276,-1.596767162936885e-11,0.9857314742340677,0.010368083275165807,0.9634576614991649
0.35,mean,dispersed,gp,250,250,0,4,"[20260802, 350, 4]",0.6922530306498975,0.7274417360771308,0.7274417360771415,reg=1,0.726640120027032,0.4118887931450079,0.7266401200429997,0.7115602422124041,0.27335987997296796,0.01507987781462794,0.019307211562506588,0.2725582639228692,0.015881493864726703,nan,0.9526765885485992,0.03438708937713453,0.8882618098571274
0.35,mean,dispersed,mlp,250,250,0,4,"[20260802, 350, 4]",0.7148938153997904,0.7274417360771308,0.7274417360771415,weight_decay=0.1,0.726640120027032,0.4118887931450079,0.7266401200429997,0.7257487861322389,0.27335987997296796,0.0008913338947931226,0.010854970732448566,0.2725582639228692,0.001692949944891886,nan,0.9838347700553546,0.011746304627241688,0.9588002461478942
0.35,mean,dispersed,ridge,500,500,0,4,"[20260802, 350, 4]",0.721738863068943,0.7274417360771308,0.7274417360771415,cv-alpha,0.726640120027032,0.4118887931450079,0.7266401200429997,0.7272318562589535,0.27335987997296796,-0.0005917362319214359,0.005492993190010509,0.2725582639228692,0.0002098798181773276,-1.596767162936885e-11,0.9932549045627886,0.004901256958089073,0.9823861247310888
0.35,mean,dispersed,gp,500,500,0,4,"[20260802, 350, 4]",0.6955192816794091,0.7274417360771308,0.7274417360771415,reg=3,0.726640120027032,0.4118887931450079,0.7266401200429997,0.7115602422124041,0.27335987997296796,0.01507987781462794,0.016040960532994974,0.2725582639228692,0.015881493864726703,nan,0.9571715936267527,0.031120838347622914,0.8977904462414744
0.35,mean,dispersed,mlp,500,500,0,4,"[20260802, 350, 4]",0.7185554881516594,0.7274417360771308,0.7274417360771415,weight_decay=0.1,0.726640120027032,0.4118887931450079,0.7266401200429997,0.7257487861322389,0.27335987997296796,0.0008913338947931226,0.007193297980579549,0.2725582639228692,0.001692949944891886,nan,0.9888739533469857,0.008084631875372672,0.9712745087041201
0.35,mean,dispersed,ridge,1000,1000,0,4,"[20260802, 350, 4]",0.7221431823486776,0.7274417360771308,0.7274417360771415,cv-alpha,0.726640120027032,0.4118887931450079,0.7266401200429997,0.7272318562589535,0.27335987997296796,-0.0005917362319214359,0.005088673910275898,0.2725582639228692,0.0002098798181773276,-1.596767162936885e-11,0.9938113275686082,0.004496937678354462,0.9838156295160712
0.35,mean,dispersed,gp,1000,1000,0,4,"[20260802, 350, 4]",0.7076006034490563,0.7274417360771308,0.7274417360771415,reg=1,0.726640120027032,0.4118887931450079,0.7266401200429997,0.7115602422124041,0.27335987997296796,0.01507987781462794,0.003959638763347817,0.2725582639228692,0.015881493864726703,nan,0.9737978731792741,0.019039516577975757,0.9348852398378374
0.35,mean,dispersed,mlp,1000,1000,0,4,"[20260802, 350, 4]",0.7185723629459272,0.7274417360771308,0.7274417360771415,weight_decay=0.1,0.726640120027032,0.4118887931450079,0.7266401200429997,0.7257487861322389,0.27335987997296796,0.0008913338947931226,0.007176423186311731,0.2725582639228692,0.001692949944891886,nan,0.9888971763893181,0.008067757081104854,0.9713327476805175
0.35,mean,dispersed,ridge,2500,2500,0,4,"[20260802, 350, 4]",0.7267924824709717,0.7274417360771308,0.7274417360771415,cv-alpha,0.726640120027032,0.4118887931450079,0.7266401200429997,0.7272318562589535,0.27335987997296796,-0.0005917362319214359,0.0004393737879817561,0.2725582639228692,0.0002098798181773276,-1.596767162936885e-11,1.0002096807480627,-0.0001523624439396798,1.0005576802765812
0.35,mean,dispersed,gp,2500,1500,0,4,"[20260802, 350, 4]",0.7115053331839934,0.7274417360771308,0.7274417360771415,reg=3,0.726640120027032,0.4118887931450079,0.7266401200429997,0.7115602422124041,0.27335987997296796,0.01507987781462794,5.490902841065459e-05,0.2725582639228692,0.015881493864726703,nan,0.9791715507774666,0.015134786843038595,0.9475387638528129
0.35,mean,dispersed,mlp,2500,2500,0,4,"[20260802, 350, 4]",0.7244145786946086,0.7274417360771308,0.7274417360771415,weight_decay=0.1,0.726640120027032,0.4118887931450079,0.7266401200429997,0.7257487861322389,0.27335987997296796,0.0008913338947931226,0.0013342074376303525,0.2725582639228692,0.001692949944891886,nan,0.9969372165517909,0.002225541332423475,0.9919243139862713
0.35,mean,dispersed,ridge,5000,5000,0,4,"[20260802, 350, 4]",0.7269919508974639,0.7274417360771308,0.7274417360771415,cv-alpha,0.726640120027032,0.4118887931450079,0.7266401200429997,0.7272318562589535,0.27335987997296796,-0.0005917362319214359,0.00023990536148954522,0.2725582639228692,0.0002098798181773276,-1.596767162936885e-11,1.0004841886110263,-0.00035183087043189065,1.0012887197706752
0.35,mean,dispersed,gp,5000,1500,0,4,"[20260802, 350, 4]",0.7155251494985714,0.7274417360771308,0.7274417360771415,reg=1,0.726640120027032,0.4118887931450079,0.7266401200429997,0.7115602422124041,0.27335987997296796,0.01507987781462794,-0.003964907286167274,0.2725582639228692,0.015881493864726703,nan,0.9847036101887037,0.011114970528460666,0.9609281083762979
0.35,mean,dispersed,mlp,5000,5000,0,4,"[20260802, 350, 4]",0.7257243569740646,0.7274417360771308,0.7274417360771415,weight_decay=0.01,0.726640120027032,0.4118887931450079,0.7266401200429997,0.7257487861322389,0.27335987997296796,0.0008913338947931226,2.442915817435498e-05,0.2725582639228692,0.001692949944891886,nan,0.9987397295748913,0.0009157630529674776,0.9966611579400039
0.35,mean,dispersed,ridge,20000,20000,1,4,"[20260802, 350, 4]",0.7272318562589535,0.7274417360771308,0.7274417360771415,cv-alpha,0.726640120027032,0.4118887931450079,0.7266401200429997,0.7272318562589535,0.27335987997296796,-0.0005917362319214359,0.0,0.2725582639228692,0.0002098798181773276,-1.596767162936885e-11,1.0008143456652234,-0.0005917362319214359,1.002169374413763
0.35,mean,dispersed,gp,20000,1500,1,4,"[20260802, 350, 4]",0.7115602422124041,0.7274417360771308,0.7274417360771415,reg=1,0.726640120027032,0.4118887931450079,0.7266401200429997,0.7115602422124041,0.27335987997296796,0.01507987781462794,0.0,0.2725582639228692,0.015881493864726703,nan,0.9792471164211701,0.01507987781462794,0.9477191427066285
0.35,mean,dispersed,mlp,20000,20000,1,4,"[20260802, 350, 4]",0.7257487861322389,0.7274417360771308,0.7274417360771415,weight_decay=0.01,0.726640120027032,0.4118887931450079,0.7266401200429997,0.7257487861322389,0.27335987997296796,0.0008913338947931226,0.0,0.2725582639228692,0.001692949944891886,nan,0.9987733489106547,0.0008913338947931226,0.9967499363732154
0.35,occupation,same_time,ridge,100,100,0,5,"[20260802, 350, 5]",0.3329925836435855,0.3516101901807328,0.34890030380726467,cv-alpha,0.35476938326909135,0.06927111337998818,0.3519508945037059,0.3488588973384551,0.6452306167309086,0.005910485930636256,0.01586631369486957,0.6483898098192672,0.0027512928422777083,0.0028184887653854296,0.9386170265741669,0.021776799625505827,0.9673514880172346
0.35,occupation,same_time,gp,100,100,0,5,"[20260802, 350, 5]",0.19434882543177956,0.3516101901807328,0.34890030380726467,reg=30,0.35476938326909135,0.06927111337998818,0.3519508945037059,0.3501149839446458,0.6452306167309086,0.004654399324445557,0.15576615851286624,0.6483898098192672,0.00149520623608701,nan,0.5478173557168733,0.1604205578373118,0.8008808738803275
0.35,occupation,same_time,mlp,100,100,0,5,"[20260802, 350, 5]",0.31859909526141217,0.3516101901807328,0.34890030380726467,weight_decay=1,0.35476938326909135,0.06927111337998818,0.3519508945037059,0.35158871447575846,0.6452306167309086,0.003180668793332897,0.03298961921434629,0.6483898098192672,2.1475704974349696e-05,nan,0.8980456327026277,0.036170288007679186,0.9469177575841999
0.35,occupation,same_time,ridge,250,250,0,5,"[20260802, 350, 5]",0.3479346618132011,0.3516101901807328,0.34890030380726467,cv-alpha,0.35476938326909135,0.06927111337998818,0.3519508945037059,0.3488588973384551,0.6452306167309086,0.005910485930636256,0.0009242355252540024,0.6483898098192672,0.0027512928422777083,0.0028184887653854296,0.9807347483232336,0.006834721455890258,0.9895183487671717
0.35,occupation,same_time,gp,250,250,0,5,"[20260802, 350, 5]",0.3415462126240283,0.3516101901807328,0.34890030380726467,reg=0.1,0.35476938326909135,0.06927111337998818,0.3519508945037059,0.3501149839446458,0.6452306167309086,0.004654399324445557,0.008568771320617508,0.6483898098192672,0.00149520623608701,nan,0.9627274188003047,0.013223170645063065,0.9799178455670227
0.35,occupation,same_time,mlp,250,250,0,5,"[20260802, 350, 5]",0.34266364055552956,0.3516101901807328,0.34890030380726467,weight_decay=0.001,0.35476938326909135,0.06927111337998818,0.3519508945037059,0.35158871447575846,0.6452306167309086,0.003180668793332897,0.008925073920228899,0.6483898098192672,2.1475704974349696e-05,nan,0.965877149256762,0.012105742713561796,0.9815836404914637
0.35,occupation,same_time,ridge,500,500,0,5,"[20260802, 350, 5]",0.34764035970632623,0.3516101901807328,0.34890030380726467,cv-alpha,0.35476938326909135,0.06927111337998818,0.3519508945037059,0.3488588973384551,0.6452306167309086,0.005910485930636256,0.0012185376321288688,0.6483898098192672,0.0027512928422777083,0.0028184887653854296,0.9799051894019902,0.007129023562765124,0.9890719426487576
0.35,occupation,same_time,gp,500,500,0,5,"[20260802, 350, 5]",0.34598581235919434,0.3516101901807328,0.34890030380726467,reg=0.01,0.35476938326909135,0.06927111337998818,0.3519508945037059,0.3501149839446458,0.6452306167309086,0.004654399324445557,0.004129171585451452,0.6483898098192672,0.00149520623608701,nan,0.9752414629781209,0.00878357090989701,0.9865697547914342
0.35,occupation,same_time,mlp,500,500,0,5,"[20260802, 350, 5]",0.3510424278417411,0.3516101901807328,0.34890030380726467,weight_decay=0.1,0.35476938326909135,0.06927111337998818,0.3519508945037059,0.35158871447575846,0.6452306167309086,0.003180668793332897,0.0005462866340173456,0.6483898098192672,2.1475704974349696e-05,nan,0.9894947095123952,0.0037269554273502425,0.994257012188092
0.35,occupation,same_time,ridge,1000,1000,0,5,"[20260802, 350, 5]",0.3486231527189565,0.3516101901807328,0.34890030380726467,cv-alpha,0.35476938326909135,0.06927111337998818,0.3519508945037059,0.3488588973384551,0.6452306167309086,0.005910485930636256,0.00023574461949860126,0.6483898098192672,0.0027512928422777083,0.0028184887653854296,0.9826754200334334,0.006146230550134857,0.99056424775337
0.35,occupation,same_time,gp,1000,1000,0,5,"[20260802, 350, 5]",0.3492262516095036,0.3516101901807328,0.34890030380726467,reg=1,0.35476938326909135,0.06927111337998818,0.3519508945037059,0.3501149839446458,0.6452306167309086,0.004654399324445557,0.000888732335142195,0.6483898098192672,0.00149520623608701,nan,0.9843753944928689,0.005543131659587752,0.9914822445230818
0.35,occupation,same_time,mlp,1000,1000,0,5,"[20260802, 350, 5]",0.3495932100831326,0.3516101901807328,0.34890030380726467,weight_decay=0.001,0.35476938326909135,0.06927111337998818,0.3519508945037059,0.35158871447575846,0.6452306167309086,0.003180668793332897,0.0019955043926258575,0.6483898098192672,2.1475704974349696e-05,nan,0.9854097522783338,0.0051761731859587545,0.9920416372242664
0.35,occupation,same_time,ridge,2500,2500,0,5,"[20260802, 350, 5]",0.3488193019978667,0.3516101901807328,0.34890030380726467,cv-alpha,0.35476938326909135,0.06927111337998818,0.3519508945037059,0.3488588973384551,0.6452306167309086,0.005910485930636256,3.95953405883942e-05,0.6483898098192672,0.0027512928422777083,0.0028184887653854296,0.9832283123859323,0.00595008127122465,0.99086262647299
0.35,occupation,same_time,gp,2500,1500,0,5,"[20260802, 350, 5]",0.34992060239502276,0.3516101901807328,0.34890030380726467,reg=3,0.35476938326909135,0.06927111337998818,0.3519508945037059,0.3501149839446458,0.6452306167309086,0.004654399324445557,0.000194381549623035,0.6483898098192672,0.00149520623608701,nan,0.9863325836367599,0.004848780874068592,0.992541248204554
0.35,occupation,same_time,mlp,2500,2500,0,5,"[20260802, 350, 5]",0.35133831561744044,0.3516101901807328,0.34890030380726467,weight_decay=0.01,0.35476938326909135,0.06927111337998818,0.3519508945037059,0.35158871447575846,0.6452306167309086,0.003180668793332897,0.0002503988583180128,0.6483898098192672,2.1475704974349696e-05,nan,0.99032873800993,0.0034310676516509098,0.9947105436712871
0.35,occupation,same_time,ridge,5000,5000,0,5,"[20260802, 350, 5]",0.3488545741603015,0.3516101901807328,0.34890030380726467,cv-alpha,0.35476938326909135,0.06927111337998818,0.3519508945037059,0.3488588973384551,0.6452306167309086,0.005910485930636256,4.323178153575746e-06,0.6483898098192672,0.0027512928422777083,0.0028184887653854296,0.9833277351774646,0.005914809108789831,0.9909163009151722
0.35,occupation,same_time,gp,5000,1500,0,5,"[20260802, 350, 5]",0.3487847743494933,0.3516101901807328,0.34890030380726467,reg=1,0.35476938326909135,0.06927111337998818,0.3519508945037059,0.3501149839446458,0.6452306167309086,0.004654399324445557,0.0013302095951525095,0.6483898098192672,0.00149520623608701,nan,0.9831309881804012,0.005984608919598067,0.9908100906061894
0.35,occupation,same_time,mlp,5000,5000,0,5,"[20260802, 350, 5]",0.35146766922737493,0.3516101901807328,0.34890030380726467,weight_decay=0.001,0.35476938326909135,0.06927111337998818,0.3519508945037059,0.35158871447575846,0.6452306167309086,0.003180668793332897,0.00012104524838352226,0.6483898098192672,2.1475704974349696e-05,nan,0.9906933512376628,0.0033017140417164192,0.9949089445736916
0.35,occupation,same_time,ridge,20000,20000,1,5,"[20260802, 350, 5]",0.3488588973384551,0.3516101901807328,0.34890030380726467,cv-alpha,0.35476938326909135,0.06927111337998818,0.3519508945037059,0.3488588973384551,0.6452306167309086,0.005910485930636256,0.0,0.6483898098192672,0.0027512928422777083,0.0028184887653854296,0.9833399210603436,0.005910485930636256,0.9909228799925591
0.35,occupation,same_time,gp,20000,1500,1,5,"[20260802, 350, 5]",0.3501149839446458,0.3516101901807328,0.34890030380726467,reg=0.01,0.35476938326909135,0.06927111337998818,0.3519508945037059,0.3501149839446458,0.6452306167309086,0.004654399324445557,0.0,0.6483898098192672,0.00149520623608701,nan,0.986880493233219,0.004654399324445557,0.9928381187295305
0.35,occupation,same_time,mlp,20000,20000,1,5,"[20260802, 350, 5]",0.35158871447575846,0.3516101901807328,0.34890030380726467,weight_decay=0.01,0.35476938326909135,0.06927111337998818,0.3519508945037059,0.35158871447575846,0.6452306167309086,0.003180668793332897,0.0,0.6483898098192672,2.1475704974349696e-05,nan,0.9910345454164505,0.003180668793332897,0.9950946739140092
0.35,occupation,dispersed,ridge,100,100,0,5,"[20260802, 350, 5]",0.6784276561332256,0.6960921504344895,0.6842499777526021,cv-alpha,0.6989454202527748,0.06927111337998818,0.6876497860293475,0.6839312213151049,0.30105457974722516,0.015014198937669976,0.005503565181879222,0.30390784956551053,0.0121609291193846,0.011295634223427387,0.9706446833686543,0.020517764119549198,0.9361954953189333
0.35,occupation,dispersed,gp,100,100,0,5,"[20260802, 350, 5]",0.6031207745702316,0.6960921504344895,0.6842499777526021,reg=3,0.6989454202527748,0.06927111337998818,0.6876497860293475,0.6862362720511224,0.30105457974722516,0.012709148201652476,0.08311549748089075,0.30390784956551053,0.0098558783833671,nan,0.8629011037115201,0.09582464568254323,0.7585546444796206
0.35,occupation,dispersed,mlp,100,100,0,5,"[20260802, 350, 5]",0.6817543070332882,0.6960921504344895,0.6842499777526021,weight_decay=0.1,0.6989454202527748,0.06927111337998818,0.6876497860293475,0.6946777444541681,0.30105457974722516,0.004267675798606763,0.012923437420879869,0.30390784956551053,0.001414405980321387,nan,0.9754042122298056,0.01719111321948663,0.945981631175493
0.35,occupation,dispersed,ridge,250,250,0,5,"[20260802, 350, 5]",0.6790228267223015,0.6960921504344895,0.6842499777526021,cv-alpha,0.6989454202527748,0.06927111337998818,0.6876497860293475,0.6839312213151049,0.30105457974722516,0.015014198937669976,0.0049083945928033446,0.30390784956551053,0.0121609291193846,0.011295634223427387,0.9714962099282827,0.01992259353047332,0.9379314319238615
0.35,occupation,dispersed,gp,250,250,0,5,"[20260802, 350, 5]",0.6836574845618182,0.6960921504344895,0.6842499777526021,reg=1,0.6989454202527748,0.06927111337998818,0.6876497860293475,0.6862362720511224,0.30105457974722516,0.012709148201652476,0.0025787874893041796,0.30390784956551053,0.0098558783833671,nan,0.9781271394761729,0.015287935690956655,0.9516728389486928
0.35,occupation,dispersed,mlp,250,250,0,5,"[20260802, 350, 5]",0.6851974177919462,0.6960921504344895,0.6842499777526021,weight_decay=0.1,0.6989454202527748,0.06927111337998818,0.6876497860293475,0.6946777444541681,0.30105457974722516,0.004267675798606763,0.009480326662221872,0.30390784956551053,0.001414405980321387,nan,0.9803303633410222,0.013748002460828634,0.9563281776013434
0.35,occupation,dispersed,ridge,500,500,0,5,"[20260802, 350, 5]",0.6795211727152775,0.6960921504344895,0.6842499777526021,cv-alpha,0.6989454202527748,0.06927111337998818,0.6876497860293475,0.6839312213151049,0.30105457974722516,0.015014198937669976,0.00441004859982741,0.30390784956551053,0.0121609291193846,0.011295634223427387,0.9722092069356824,0.019424247537497386,0.939389919446253
0.35,occupation,dispersed,gp,500,500,0,5,"[20260802, 350, 5]",0.6821045821827703,0.6960921504344895,0.6842499777526021,reg=1,0.6989454202527748,0.06927111337998818,0.6876497860293475,0.6862362720511224,0.30105457974722516,0.012709148201652476,0.004131689868352106,0.30390784956551053,0.0098558783833671,nan,0.9759053603013608,0.016840838070004582,0.9470239672353912
0.35,occupation,dispersed,mlp,500,500,0,5,"[20260802, 350, 5]",0.6883600475137048,0.6960921504344895,0.6842499777526021,weight_decay=0.1,0.6989454202527748,0.06927111337998818,0.6876497860293475,0.6946777444541681,0.30105457974722516,0.004267675798606763,0.006317696940463247,0.30390784956551053,0.001414405980321387,nan,0.9848552226935806,0.01058537273907001,0.966033325783107
0.35,occupation,dispersed,ridge,1000,1000,0,5,"[20260802, 350, 5]",0.6823519682196937,0.6960921504344895,0.6842499777526021,cv-alpha,0.6989454202527748,0.06927111337998818,0.6876497860293475,0.6839312213151049,0.30105457974722516,0.015014198937669976,0.0015792530954111816,0.30390784956551053,0.0121609291193846,0.011295634223427387,0.9762593021539792,0.016593452033081157,0.9477615147177817
0.35,occupation,dispersed,gp,1000,1000,0,5,"[20260802, 350, 5]",0.6873113662059271,0.6960921504344895,0.6842499777526021,reg=3,0.6989454202527748,0.06927111337998818,0.6876497860293475,0.6862362720511224,0.30105457974722516,0.012709148201652476,-0.0010750941548047788,0.30390784956551053,0.0098558783833671,nan,0.9833548461586025,0.011634054046847697,0.9627934859489983
0.35,occupation,dispersed,mlp,1000,1000,0,5,"[20260802, 350, 5]",0.689680924623358,0.6960921504344895,0.6842499777526021,weight_decay=0.01,0.6989454202527748,0.06927111337998818,0.6876497860293475,0.6946777444541681,0.30105457974722516,0.004267675798606763,0.004996819830810129,0.30390784956551053,0.001414405980321387,nan,0.9867450370787659,0.009264495629416891,0.9701452589784487
0.35,occupation,dispersed,ridge,2500,2500,0,5,"[20260802, 350, 5]",0.683575902612372,0.6960921504344895,0.6842499777526021,cv-alpha,0.6989454202527748,0.06927111337998818,0.6876497860293475,0.6839312213151049,0.30105457974722516,0.015014198937669976,0.00035531870273286525,0.30390784956551053,0.0121609291193846,0.011295634223427387,0.9780104179882252,0.015369517640402841,0.9514274741800882
0.35,occupation,dispersed,gp,2500,1500,0,5,"[20260802, 350, 5]",0.6893889785824232,0.6960921504344895,0.6842499777526021,reg=3,0.6989454202527748,0.06927111337998818,0.6876497860293475,0.6862362720511224,0.30105457974722516,0.012709148201652476,-0.0031527065313008418,0.30390784956551053,0.0098558783833671,nan,0.9863273420306616,0.009556441670351634,0.9692334108856226
0.35,occupation,dispersed,mlp,2500,2500,0,5,"[20260802, 350, 5]",0.6932257557879622,0.6960921504344895,0.6842499777526021,weight_decay=0.01,0.6989454202527748,0.06927111337998818,0.6876497860293475,0.6946777444541681,0.30105457974722516,0.004267675798606763,0.0014519886662058834,0.30390784956551053,0.001414405980321387,nan,0.9918167223089549,0.005719664464812646,0.9813554606596657
0.35,occupation,dispersed,ridge,5000,5000,0,5,"[20260802, 350, 5]",0.6837102419111972,0.6960921504344895,0.6842499777526021,cv-alpha,0.6989454202527748,0.06927111337998818,0.6876497860293475,0.6839312213151049,0.30105457974722516,0.015014198937669976,0.0002209794039076396,0.30390784956551053,0.0121609291193846,0.011295634223427387,0.9782026208340162,0.015235178341577615,0.9518315786333489
0.35,occupation,dispersed,gp,5000,1500,0,5,"[20260802, 350, 5]",0.6853216209570231,0.6960921504344895,0.6842499777526021,reg=1,0.6989454202527748,0.06927111337998818,0.6876497860293475,0.6862362720511224,0.30105457974722516,0.012709148201652476,0.0009146510940992725,0.30390784956551053,0.0098558783833671,nan,0.9805080641478061,0.013623799295751748,0.9567056391443688
0.35,occupation,dispersed,mlp,5000,5000,0,5,"[20260802, 350, 5]",0.6937230253510775,0.6960921504344895,0.6842499777526021,weight_decay=0.01,0.6989454202527748,0.06927111337998818,0.6876497860293475,0.6946777444541681,0.30105457974722516,0.004267675798606763,0.0009547191030905289,0.30390784956551053,0.001414405980321387,nan,0.9925281792392193,0.0052223949016972915,0.9829487838330531
0.35,occupation,dispersed,ridge,20000,20000,1,5,"[20260802, 350, 5]",0.6839312213151049,0.6960921504344895,0.6842499777526021,cv-alpha,0.6989454202527748,0.06927111337998818,0.6876497860293475,0.6839312213151049,0.30105457974722516,0.015014198937669976,0.0,0.30390784956551053,0.0121609291193846,0.011295634223427387,0.9785187820069841,0.015014198937669976,0.952497051432472
0.35,occupation,dispersed,gp,20000,1500,1,5,"[20260802, 350, 5]",0.6862362720511224,0.6960921504344895,0.6842499777526021,reg=1,0.6989454202527748,0.06927111337998818,0.6876497860293475,0.6862362720511224,0.30105457974722516,0.012709148201652476,0.0,0.30390784956551053,0.0098558783833671,nan,0.9818166800534208,0.012709148201652476,0.9594945270291944
0.35,occupation,dispersed,mlp,20000,20000,1,5,"[20260802, 350, 5]",0.6946777444541681,0.6960921504344895,0.6842499777526021,weight_decay=0.001,0.6989454202527748,0.06927111337998818,0.6876497860293475,0.6946777444541681,0.30105457974722516,0.004267675798606763,0.0,0.30390784956551053,0.001414405980321387,nan,0.9938941215223024,0.004267675798606763,0.9860223887348882
0.35,mean,same_time,ridge,100,100,0,5,"[20260802, 350, 5]",0.35452496028852354,0.3664453264847929,0.3664453264840175,cv-alpha,0.37190681274750936,0.4118887931450079,0.37190681278056786,0.3662081083161417,0.6280931872524906,0.005698704431367663,0.011683148027618162,0.6335546735152071,0.0002372181686511876,-3.305850038159974e-11,0.9532628823586877,0.017381852458985825,0.9730712244632179
0.35,mean,same_time,gp,100,100,0,5,"[20260802, 350, 5]",0.2591445415890853,0.3664453264847929,0.3664453264840175,reg=0.01,0.37190681274750936,0.4118887931450079,0.37190681278056786,0.36305661641903886,0.6280931872524906,0.008850196328470505,0.10391207482995357,0.6335546735152071,0.0033887100657540303,nan,0.6967996624601246,0.11276227115842408,0.8477945058266945
0.35,mean,same_time,mlp,100,100,0,5,"[20260802, 350, 5]",0.3423907442399856,0.3664453264847929,0.3664453264840175,weight_decay=0.1,0.37190681274750936,0.4118887931450079,0.37190681278056786,0.36570477602434837,0.6280931872524906,0.006202036723160997,0.023314031784362754,0.6335546735152071,0.0007405504604445223,nan,0.9206358488314048,0.02951606850752375,0.9551160993416807
0.35,mean,same_time,ridge,250,250,0,5,"[20260802, 350, 5]",0.3656681253084558,0.3664453264847929,0.3664453264840175,cv-alpha,0.37190681274750936,0.4118887931450079,0.37190681278056786,0.3662081083161417,0.6280931872524906,0.005698704431367663,0.0005399830076858736,0.6335546735152071,0.0002372181686511876,-3.305850038159974e-11,0.9832251326805109,0.006238687439053536,0.990164947265046
0.35,mean,same_time,gp,250,250,0,5,"[20260802, 350, 5]",0.3597888828874808,0.3664453264847929,0.3664453264840175,reg=1,0.37190681274750936,0.4118887931450079,0.37190681278056786,0.36305661641903886,0.6280931872524906,0.008850196328470505,0.0032677335315580702,0.6335546735152071,0.0033887100657540303,nan,0.9674167575191597,0.012117929860028576,0.9810719783894368
0.35,mean,same_time,mlp,250,250,0,5,"[20260802, 350, 5]",0.353350926072009,0.3664453264847929,0.3664453264840175,weight_decay=1,0.37190681274750936,0.4118887931450079,0.37190681278056786,0.36570477602434837,0.6280931872524906,0.006202036723160997,0.012353849952339346,0.6335546735152071,0.0007405504604445223,nan,0.9501060856121017,0.018555886675500344,0.9713045492158755
0.35,mean,same_time,ridge,500,500,0,5,"[20260802, 350, 5]",0.363224537023917,0.3664453264847929,0.3664453264840175,cv-alpha,0.37190681274750936,0.4118887931450079,0.37190681278056786,0.3662081083161417,0.6280931872524906,0.005698704431367663,0.002983571292224707,0.6335546735152071,0.0002372181686511876,-3.305850038159974e-11,0.9766547010541405,0.00868227572359237,0.9863652476761365
0.35,mean,same_time,gp,500,500,0,5,"[20260802, 350, 5]",0.354834586724707,0.3664453264847929,0.3664453264840175,reg=0.1,0.37190681274750936,0.4118887931450079,0.37190681278056786,0.36305661641903886,0.6280931872524906,0.008850196328470505,0.008222029694331834,0.6335546735152071,0.0033887100657540303,nan,0.9540954200417059,0.01707222602280234,0.973538218770699
0.35,mean,same_time,mlp,500,500,0,5,"[20260802, 350, 5]",0.3629223063551975,0.3664453264847929,0.3664453264840175,weight_decay=0.1,0.37190681274750936,0.4118887931450079,0.37190681278056786,0.36570477602434837,0.6280931872524906,0.006202036723160997,0.0027824696691508555,0.6335546735152071,0.0007405504604445223,nan,0.9758420494479849,0.008984506392311853,0.9858973144375682
0.35,mean,same_time,ridge,1000,1000,0,5,"[20260802, 350, 5]",0.3656623573829323,0.3664453264847929,0.3664453264840175,cv-alpha,0.37190681274750936,0.4118887931450079,0.37190681278056786,0.3662081083161417,0.6280931872524906,0.005698704431367663,0.0005457509332094101,0.6335546735152071,0.0002372181686511876,-3.305850038159974e-11,0.9832096236193003,0.006244455364577073,0.9901559438616719
0.35,mean,same_time,gp,1000,1000,0,5,"[20260802, 350, 5]",0.3599694289201477,0.3664453264847929,0.3664453264840175,reg=1,0.37190681274750936,0.4118887931450079,0.37190681278056786,0.36305661641903886,0.6280931872524906,0.008850196328470505,0.003087187498891142,0.6335546735152071,0.0033887100657540303,nan,0.9679022179261179,0.011937383827361647,0.9813487286908482
0.35,mean,same_time,mlp,1000,1000,0,5,"[20260802, 350, 5]",0.3591607664629567,0.3664453264847929,0.3664453264840175,weight_decay=0.001,0.37190681274750936,0.4118887931450079,0.37190681278056786,0.36570477602434837,0.6280931872524906,0.006202036723160997,0.006544009561391673,0.6335546735152071,0.0007405504604445223,nan,0.9657278494298354,0.01274604628455267,0.9801103839816389
0.35,mean,same_time,ridge,2500,2500,0,5,"[20260802, 350, 5]",0.366259674978615,0.3664453264847929,0.3664453264840175,cv-alpha,0.37190681274750936,0.4118887931450079,0.37190681278056786,0.3662081083161417,0.6280931872524906,0.005698704431367663,-5.156666247330133e-05,0.6335546735152071,0.0002372181686511876,-3.305850038159974e-11,0.9848157184129664,0.005647137768894361,0.9910891929297638
0.35,mean,same_time,gp,2500,1500,0,5,"[20260802, 350, 5]",0.3206947305735649,0.3664453264847929,0.3664453264840175,reg=0.001,0.37190681274750936,0.4118887931450079,0.37190681278056786,0.36305661641903886,0.6280931872524906,0.008850196328470505,0.04236188584547396,0.6335546735152071,0.0033887100657540303,nan,0.8622986177757578,0.05121208217394446,0.9246110924221376
0.35,mean,same_time,mlp,2500,2500,0,5,"[20260802, 350, 5]",0.3655092920466627,0.3664453264847929,0.3664453264840175,weight_decay=0.001,0.37190681274750936,0.4118887931450079,0.37190681278056786,0.36570477602434837,0.6280931872524906,0.006202036723160997,0.00019548397768565096,0.6335546735152071,0.0007405504604445223,nan,0.9827980545621519,0.006397520700846648,0.9899170773966368
0.35,mean,same_time,ridge,5000,5000,0,5,"[20260802, 350, 5]",0.36656498348998845,0.3664453264847929,0.3664453264840175,cv-alpha,0.37190681274750936,0.4118887931450079,0.37190681278056786,0.3662081083161417,0.6280931872524906,0.005698704431367663,-0.00035687517384674905,0.6335546735152071,0.0002372181686511876,-3.305850038159974e-11,0.985636645862824,0.005341829257520914,0.9915668867077283
0.35,mean,same_time,gp,5000,1500,0,5,"[20260802, 350, 5]",0.3611227535576983,0.3664453264847929,0.3664453264840175,reg=0.01,0.37190681274750936,0.4118887931450079,0.37190681278056786,0.36305661641903886,0.6280931872524906,0.008850196328470505,0.0019338628613405628,0.6335546735152071,0.0033887100657540303,nan,0.9710033298122654,0.010784059189811068,0.9831202954090728
0.35,mean,same_time,mlp,5000,5000,0,5,"[20260802, 350, 5]",0.3655464431464802,0.3664453264847929,0.3664453264840175,weight_decay=0.001,0.37190681274750936,0.4118887931450079,0.37190681278056786,0.36570477602434837,0.6280931872524906,0.006202036723160997,0.0001583328778681503,0.6335546735152071,0.0007405504604445223,nan,0.9828979481337244,0.006360369601029148,0.9899750430392849
0.35,mean,same_time,ridge,20000,20000,1,5,"[20260802, 350, 5]",0.3662081083161417,0.3664453264847929,0.3664453264840175,cv-alpha,0.37190681274750936,0.4118887931450079,0.37190681278056786,0.3662081083161417,0.6280931872524906,0.005698704431367663,0.0,0.6335546735152071,0.0002372181686511876,-3.305850038159974e-11,0.9846770636190616,0.005698704431367663,0.9910085557954562
0.35,mean,same_time,gp,20000,1500,1,5,"[20260802, 350, 5]",0.36305661641903886,0.3664453264847929,0.3664453264840175,reg=1,0.37190681274750936,0.4118887931450079,0.37190681278056786,0.36305661641903886,0.6280931872524906,0.008850196328470505,0.0,0.6335546735152071,0.0033887100657540303,nan,0.97620318847324,0.008850196328470505,0.986105207218397
0.35,mean,same_time,mlp,20000,20000,1,5,"[20260802, 350, 5]",0.36570477602434837,0.3664453264847929,0.3664453264840175,weight_decay=0.001,0.37190681274750936,0.4118887931450079,0.37190681278056786,0.36570477602434837,0.6280931872524906,0.006202036723160997,0.0,0.6335546735152071,0.0007405504604445223,nan,0.9833236807969645,0.006202036723160997,0.9902221607719388
0.35,mean,dispersed,ridge,100,100,0,5,"[20260802, 350, 5]",0.7004837152010112,0.7239105525741616,0.7239105525741001,cv-alpha,0.726640120027032,0.4118887931450079,0.7266401200429997,0.7238005351548893,0.27335987997296796,0.002839584872142753,0.023316819953878132,0.2760894474258384,0.00011001741927230135,-1.596767162936885e-11,0.9640036324652046,0.026156404826020885,0.9126711763149208
0.35,mean,dispersed,gp,100,100,0,5,"[20260802, 350, 5]",0.6428382506309516,0.7239105525741616,0.7239105525741001,reg=0.1,0.726640120027032,0.4118887931450079,0.7266401200429997,0.710910732968088,0.27335987997296796,0.015729387058944,0.06807248233713648,0.2760894474258384,0.012999819606073548,nan,0.8846721133523938,0.08380186939608048,0.7653671773527753
0.35,mean,dispersed,mlp,100,100,0,5,"[20260802, 350, 5]",0.7002975286018722,0.7239105525741616,0.7239105525741001,weight_decay=0.1,0.726640120027032,0.4118887931450079,0.7266401200429997,0.7219003761735632,0.27335987997296796,0.00473974385346887,0.021602847571690953,0.2760894474258384,0.002010176400598418,nan,0.9637474030140535,0.026342591425159823,0.912104190191458
0.35,mean,dispersed,ridge,250,250,0,5,"[20260802, 350, 5]",0.715550516700088,0.7239105525741616,0.7239105525741001,cv-alpha,0.726640120027032,0.4118887931450079,0.7266401200429997,0.7238005351548893,0.27335987997296796,0.002839584872142753,0.008250018454801333,0.2760894474258384,0.00011001741927230135,-1.596767162936885e-11,0.9847385204569609,0.011089603326944086,0.9610138039335032
0.35,mean,dispersed,gp,250,250,0,5,"[20260802, 350, 5]",0.6927534716711359,0.7239105525741616,0.7239105525741001,reg=0.3,0.726640120027032,0.4118887931450079,0.7266401200429997,0.710910732968088,0.27335987997296796,0.015729387058944,0.018157261296952165,0.2760894474258384,0.012999819606073548,nan,0.9533652940128938,0.033886648355896165,0.8897086045521553
0.35,mean,dispersed,mlp,250,250,0,5,"[20260802, 350, 5]",0.7141885212460622,0.7239105525741616,0.7239105525741001,weight_decay=0.1,0.726640120027032,0.4118887931450079,0.7266401200429997,0.7219003761735632,0.27335987997296796,0.00473974385346887,0.007711854927500927,0.2760894474258384,0.002010176400598418,nan,0.9828641463115103,0.012451598780969797,0.9564342242821896
0.35,mean,dispersed,ridge,500,500,0,5,"[20260802, 350, 5]",0.7201519310097251,0.7239105525741616,0.7239105525741001,cv-alpha,0.726640120027032,0.4118887931450079,0.7266401200429997,0.7238005351548893,0.27335987997296796,0.002839584872142753,0.0036486041451642137,0.2760894474258384,0.00011001741927230135,-1.596767162936885e-11,0.991070973321614,0.006488189017306967,0.9768153161080685
0.35,mean,dispersed,gp,500,500,0,5,"[20260802, 350, 5]",0.6970023522093427,0.7239105525741616,0.7239105525741001,reg=0.3,0.726640120027032,0.4118887931450079,0.7266401200429997,0.710910732968088,0.27335987997296796,0.015729387058944,0.013908380758745342,0.2760894474258384,0.012999819606073548,nan,0.9592125909362302,0.029637767817689342,0.9021848254143338
0.35,mean,dispersed,mlp,500,500,0,5,"[20260802, 350, 5]",0.7170463719996146,0.7239105525741616,0.7239105525741001,weight_decay=0.1,0.726640120027032,0.4118887931450079,0.7266401200429997,0.7219003761735632,0.27335987997296796,0.00473974385346887,0.004854004173948545,0.2760894474258384,0.002010176400598418,nan,0.9867971121288204,0.009593748027417415,0.9660942745452116
0.35,mean,dispersed,ridge,1000,1000,0,5,"[20260802, 350, 5]",0.7238037901876975,0.7239105525741616,0.7239105525741001,cv-alpha,0.726640120027032,0.4118887931450079,0.7266401200429997,0.7238005351548893,0.27335987997296796,0.002839584872142753,-3.2550328081804025e-06,0.2760894474258384,0.00011001741927230135,-1.596767162936885e-11,0.996096651201658,0.0028363298393345726,0.9897307430784004
0.35,mean,dispersed,gp,1000,1000,0,5,"[20260802, 350, 5]",0.7102492357868799,0.7239105525741616,0.7239105525741001,reg=0.3,0.726640120027032,0.4118887931450079,0.7266401200429997,0.710910732968088,0.27335987997296796,0.015729387058944,0.000661497181208115,0.2760894474258384,0.012999819606073548,nan,0.9774429132270561,0.016390884240152115,0.9434310922883498
0.35,mean,dispersed,mlp,1000,1000,0,5,"[20260802, 350, 5]",0.7224339035208684,0.7239105525741616,0.7239105525741001,weight_decay=0.1,0.726640120027032,0.4118887931450079,0.7266401200429997,0.7219003761735632,0.27335987997296796,0.00473974385346887,-0.0005335273473052737,0.2760894474258384,0.002010176400598418,nan,0.9942114171923137,0.004206216506163596,0.984846072486811
0.35,mean,dispersed,ridge,2500,2500,0,5,"[20260802, 350, 5]",0.7235782192645117,0.7239105525741616,0.7239105525741001,cv-alpha,0.726640120027032,0.4118887931450079,0.7266401200429997,0.7238005351548893,0.27335987997296796,0.002839584872142753,0.00022231589037757793,0.2760894474258384,0.00011001741927230135,-1.596767162936885e-11,0.9957862211593733,0.003061900762520331,0.9889230843011958
0.35,mean,dispersed,gp,2500,1500,0,5,"[20260802, 350, 5]",0.7128713656613322,0.7239105525741616,0.7239105525741001,reg=0.3,0.726640120027032,0.4118887931450079,0.7266401200429997,0.710910732968088,0.27335987997296796,0.015729387058944,-0.001960632693244202,0.2760894474258384,0.012999819606073548,nan,0.9810514806625492,0.013768754365699798,0.9520467389209968
0.35,mean,dispersed,mlp,2500,2500,0,5,"[20260802, 350, 5]",0.7219039064934097,0.7239105525741616,0.7239105525741001,weight_decay=0.1,0.726640120027032,0.4118887931450079,0.7266401200429997,0.7219003761735632,0.27335987997296796,0.00473974385346887,-3.5303198465674868e-06,0.2760894474258384,0.002010176400598418,nan,0.9934820368390255,0.004736213533622302,0.982969147556508
0.35,mean,dispersed,ridge,5000,5000,0,5,"[20260802, 350, 5]",0.7237831232061518,0.7239105525741616,0.7239105525741001,cv-alpha,0.726640120027032,0.4118887931450079,0.7266401200429997,0.7238005351548893,0.27335987997296796,0.002839584872142753,1.7411948737500182e-05,0.2760894474258384,0.00011001741927230135,-1.596767162936885e-11,0.9960682093623264,0.002856996820880253,0.9896566898661571
0.35,mean,dispersed,gp,5000,1500,0,5,"[20260802, 350, 5]",0.7100572370039818,0.7239105525741616,0.7239105525741001,reg=0.3,0.726640120027032,0.4118887931450079,0.7266401200429997,0.710910732968088,0.27335987997296796,0.015729387058944,0.0008534959641062212,0.2760894474258384,0.012999819606073548,nan,0.9771786850656783,0.01658288302305022,0.942806356497065
0.35,mean,dispersed,mlp,5000,5000,0,5,"[20260802, 350, 5]",0.7228673290720418,0.7239105525741616,0.7239105525741001,weight_decay=0.01,0.726640120027032,0.4118887931450079,0.7266401200429997,0.7219003761735632,0.27335987997296796,0.00473974385346887,-0.0009669528984785902,0.2760894474258384,0.002010176400598418,nan,0.9948078961634407,0.0037727909549902794,0.9863863363985294
0.35,mean,dispersed,ridge,20000,20000,1,5,"[20260802, 350, 5]",0.7238005351548893,0.7239105525741616,0.7239105525741001,cv-alpha,0.726640120027032,0.4118887931450079,0.7266401200429997,0.7238005351548893,0.27335987997296796,0.002839584872142753,0.0,0.2760894474258384,0.00011001741927230135,-1.596767162936885e-11,0.9960921716350631,0.002839584872142753,0.9897190790223466
0.35,mean,dispersed,gp,20000,1500,1,5,"[20260802, 350, 5]",0.710910732968088,0.7239105525741616,0.7239105525741001,reg=1,0.726640120027032,0.4118887931450079,0.7266401200429997,0.710910732968088,0.27335987997296796,0.015729387058944,0.0,0.2760894474258384,0.012999819606073548,nan,0.9783532637058922,0.015729387058944,0.9455898614969761
0.35,mean,dispersed,mlp,20000,20000,1,5,"[20260802, 350, 5]",0.7219003761735632,0.7239105525741616,0.7239105525741001,weight_decay=0.01,0.726640120027032,0.4118887931450079,0.7266401200429997,0.7219003761735632,0.27335987997296796,0.00473974385346887,0.0,0.2760894474258384,0.002010176400598418,nan,0.9934771784232165,0.00473974385346887,0.9829566693106102
0.35,occupation,same_time,ridge,100,100,0,6,"[20260802, 350, 6]",0.3270030086681258,0.3546903542673735,0.3522388360993114,cv-alpha,0.35476938326909135,0.06927111337998818,0.3519508945037059,0.35234448868758417,0.6452306167309086,0.0024248945815071865,0.02534148001945835,0.6453096457326265,0.00234586557978933,0.0028184887653854296,0.9217340167713829,0.027766374600965538,0.9587422009925849
0.35,occupation,same_time,gp,100,100,0,6,"[20260802, 350, 6]",0.30935391890216024,0.3546903542673735,0.3522388360993114,reg=3,0.35476938326909135,0.06927111337998818,0.3519508945037059,0.35035382802408577,0.6452306167309086,0.004415555245005587,0.040999909121925526,0.6453096457326265,0.0043365262432877305,nan,0.8719859533862773,0.04541546436693111,0.9342420588346213
0.35,occupation,same_time,mlp,100,100,0,6,"[20260802, 350, 6]",0.31479195491813294,0.3546903542673735,0.3522388360993114,weight_decay=0.01,0.35476938326909135,0.06927111337998818,0.3519508945037059,0.3545059708041982,0.6452306167309086,0.0002634124648931424,0.03971401588606527,0.6453096457326265,0.0001843834631752861,nan,0.8873143223843653,0.03997742835095841,0.9416565105475637
0.35,occupation,same_time,ridge,250,250,0,6,"[20260802, 350, 6]",0.3473591830244307,0.3546903542673735,0.3522388360993114,cv-alpha,0.35476938326909135,0.06927111337998818,0.3519508945037059,0.35234448868758417,0.6452306167309086,0.0024248945815071865,0.004985305663153472,0.6453096457326265,0.00234586557978933,0.0028184887653854296,0.9791126275430593,0.0074102002446606585,0.9886458216343247
0.35,occupation,same_time,gp,250,250,0,6,"[20260802, 350, 6]",0.3332295775051787,0.3546903542673735,0.3522388360993114,reg=3,0.35476938326909135,0.06927111337998818,0.3519508945037059,0.35035382802408577,0.6452306167309086,0.004415555245005587,0.01712425051890709,0.6453096457326265,0.0043365262432877305,nan,0.9392850488804023,0.02153980576391268,0.9676953190525185
0.35,occupation,same_time,mlp,250,250,0,6,"[20260802, 350, 6]",0.3387622951645938,0.3546903542673735,0.3522388360993114,weight_decay=0.001,0.35476938326909135,0.06927111337998818,0.3519508945037059,0.3545059708041982,0.6452306167309086,0.0002634124648931424,0.015743675639604437,0.6453096457326265,0.0001843834631752861,nan,0.9548803001065166,0.01600708810449758,0.9757922332809469
0.35,occupation,same_time,ridge,500,500,0,6,"[20260802, 350, 6]",0.3496530449190216,0.3546903542673735,0.3522388360993114,cv-alpha,0.35476938326909135,0.06927111337998818,0.3519508945037059,0.35234448868758417,0.6452306167309086,0.0024248945815071865,0.0026914437685625625,0.6453096457326265,0.00234586557978933,0.0028184887653854296,0.9855784106764675,0.005116338350069749,0.992132909503001
0.35,occupation,same_time,gp,500,500,0,6,"[20260802, 350, 6]",0.07430689107277288,0.3546903542673735,0.3522388360993114,reg=0.001,0.35476938326909135,0.06927111337998818,0.3519508945037059,0.35035382802408577,0.6452306167309086,0.004415555245005587,0.2760469369513129,0.6453096457326265,0.0043365262432877305,nan,0.20945125080427632,0.28046249219631847,0.6970243275102884
0.35,occupation,same_time,mlp,500,500,0,6,"[20260802, 350, 6]",0.34613045555143407,0.3546903542673735,0.3522388360993114,weight_decay=1,0.35476938326909135,0.06927111337998818,0.3519508945037059,0.3545059708041982,0.6452306167309086,0.0002634124648931424,0.008375515252764143,0.6453096457326265,0.0001843834631752861,nan,0.9756491734488129,0.008638927717657285,0.9867879949586231
0.35,occupation,same_time,ridge,1000,1000,0,6,"[20260802, 350, 6]",0.3524294187554269,0.3546903542673735,0.3522388360993114,cv-alpha,0.35476938326909135,0.06927111337998818,0.3519508945037059,0.35234448868758417,0.6452306167309086,0.0024248945815071865,-8.493006784271451e-05,0.6453096457326265,0.00234586557978933,0.0028184887653854296,0.9934042659146558,0.002339964513664472,0.9963865490782993
0.35,occupation,same_time,gp,1000,1000,0,6,"[20260802, 350, 6]",0.3503271897982553,0.3546903542673735,0.3522388360993114,reg=3,0.35476938326909135,0.06927111337998818,0.3519508945037059,0.35035382802408577,0.6452306167309086,0.004415555245005587,2.6638225830488693e-05,0.6453096457326265,0.0043365262432877305,nan,0.9874786447750856,0.0044421934708360755,0.9931624143706174
0.35,occupation,same_time,mlp,1000,1000,0,6,"[20260802, 350, 6]",0.3526291938520868,0.3546903542673735,0.3522388360993114,weight_decay=0.1,0.35476938326909135,0.06927111337998818,0.3519508945037059,0.3545059708041982,0.6452306167309086,0.0002634124648931424,0.0018767769521114142,0.6453096457326265,0.0001843834631752861,nan,0.9939673784775807,0.0021401894170045566,0.9966940285278858
0.35,occupation,same_time,ridge,2500,2500,0,6,"[20260802, 350, 6]",0.3524807054433222,0.3546903542673735,0.3522388360993114,cv-alpha,0.35476938326909135,0.06927111337998818,0.3519508945037059,0.35234448868758417,0.6452306167309086,0.0024248945815071865,-0.00013621675573805003,0.6453096457326265,0.00234586557978933,0.0028184887653854296,0.993548829369999,0.0022886778257691365,0.9964654677551561
0.35,occupation,same_time,gp,2500,1500,0,6,"[20260802, 350, 6]",0.3526744202110653,0.3546903542673735,0.3522388360993114,reg=1,0.35476938326909135,0.06927111337998818,0.3519508945037059,0.35035382802408577,0.6452306167309086,0.004415555245005587,-0.002320592186979553,0.6453096457326265,0.0043365262432877305,nan,0.9940948594866852,0.0020949630580260337,0.9967636640302255
0.35,occupation,same_time,mlp,2500,2500,0,6,"[20260802, 350, 6]",0.3546054461878849,0.3546903542673735,0.3522388360993114,weight_decay=0.01,0.35476938326909135,0.06927111337998818,0.3519508945037059,0.3545059708041982,0.6452306167309086,0.0002634124648931424,-9.947538368670905e-05,0.6453096457326265,0.0001843834631752861,nan,0.9995379052169164,0.00016393708120643335,0.9997459893638114
0.35,occupation,same_time,ridge,5000,5000,0,6,"[20260802, 350, 6]",0.35246054031239904,0.3546903542673735,0.3522388360993114,cv-alpha,0.35476938326909135,0.06927111337998818,0.3519508945037059,0.35234448868758417,0.6452306167309086,0.0024248945815071865,-0.00011605162481487241,0.6453096457326265,0.00234586557978933,0.0028184887653854296,0.9934919892595663,0.002308842956692314,0.9964344366630472
0.35,occupation,same_time,gp,5000,1500,0,6,"[20260802, 350, 6]",0.347278594920869,0.3546903542673735,0.3522388360993114,reg=10,0.35476938326909135,0.06927111337998818,0.3519508945037059,0.35035382802408577,0.6452306167309086,0.004415555245005587,0.003075233103216779,0.6453096457326265,0.0043365262432877305,nan,0.978885471234307,0.007490788348222366,0.9885237586971516
0.35,occupation,same_time,mlp,5000,5000,0,6,"[20260802, 350, 6]",0.35476771745704927,0.3546903542673735,0.3522388360993114,weight_decay=0.01,0.35476938326909135,0.06927111337998818,0.3519508945037059,0.3545059708041982,0.6452306167309086,0.0002634124648931424,-0.00026174665285105814,0.6453096457326265,0.0001843834631752861,nan,0.999995304521414,1.6658120420842693e-06,0.9999974182754224
0.35,occupation,same_time,ridge,20000,20000,1,6,"[20260802, 350, 6]",0.35234448868758417,0.3546903542673735,0.3522388360993114,cv-alpha,0.35476938326909135,0.06927111337998818,0.3519508945037059,0.35234448868758417,0.6452306167309086,0.0024248945815071865,0.0,0.6453096457326265,0.00234586557978933,0.0028184887653854296,0.9931648707699562,0.0024248945815071865,0.9962558882937731
0.35,occupation,same_time,gp,20000,1500,1,6,"[20260802, 350, 6]",0.35035382802408577,0.3546903542673735,0.3522388360993114,reg=1,0.35476938326909135,0.06927111337998818,0.3519508945037059,0.35035382802408577,0.6452306167309086,0.004415555245005587,0.0,0.6453096457326265,0.0043365262432877305,nan,0.9875537308086803,0.004415555245005587,0.9932031382074098
0.35,occupation,same_time,mlp,20000,20000,1,6,"[20260802, 350, 6]",0.3545059708041982,0.3546903542673735,0.3522388360993114,weight_decay=0.01,0.35476938326909135,0.06927111337998818,0.3519508945037059,0.3545059708041982,0.6452306167309086,0.0002634124648931424,0.0,0.6453096457326265,0.0001843834631752861,nan,0.9992575107173401,0.0002634124648931424,0.9995919211441486
0.35,occupation,dispersed,ridge,100,100,0,6,"[20260802, 350, 6]",0.67714768048431,0.7041831358305288,0.692589298276239,cv-alpha,0.6989454202527748,0.06927111337998818,0.6876497860293475,0.692489596599615,0.30105457974722516,0.006455823653159887,0.015341916115304999,0.29581686416947117,0.011693539230913874,0.011295634223427387,0.9688133878027533,0.021797739768464885,0.9324838681624973
0.35,occupation,dispersed,gp,100,100,0,6,"[20260802, 350, 6]",0.669746806859525,0.7041831358305288,0.692589298276239,reg=1,0.6989454202527748,0.06927111337998818,0.6876497860293475,0.6924229913988238,0.30105457974722516,0.0065224288539510455,0.02267618453929876,0.29581686416947117,0.011760144431705033,nan,0.9582247589766164,0.029198613393249806,0.9115871882551942
0.35,occupation,dispersed,mlp,100,100,0,6,"[20260802, 350, 6]",0.68223781966711,0.7041831358305288,0.692589298276239,weight_decay=0.1,0.6989454202527748,0.06927111337998818,0.6876497860293475,0.7027219705909278,0.30105457974722516,-0.0037765503381529397,0.020484150923817834,0.29581686416947117,0.0014611652396010477,nan,0.9760959867515513,0.016707600585664895,0.9474210537951311
0.35,occupation,dispersed,ridge,250,250,0,6,"[20260802, 350, 6]",0.6826626155935249,0.7041831358305288,0.692589298276239,cv-alpha,0.6989454202527748,0.06927111337998818,0.6876497860293475,0.692489596599615,0.30105457974722516,0.006455823653159887,0.00982698100609003,0.29581686416947117,0.011693539230913874,0.011295634223427387,0.9767037537017393,0.016282804659249916,0.9486892958114466
0.35,occupation,dispersed,gp,250,250,0,6,"[20260802, 350, 6]",0.6821032260845084,0.7041831358305288,0.692589298276239,reg=1,0.6989454202527748,0.06927111337998818,0.6876497860293475,0.6924229913988238,0.30105457974722516,0.0065224288539510455,0.010319765314315443,0.29581686416947117,0.011760144431705033,nan,0.9759034200951263,0.01684219416826649,0.9470199273782384
0.35,occupation,dispersed,mlp,250,250,0,6,"[20260802, 350, 6]",0.6872657014125366,0.7041831358305288,0.692589298276239,weight_decay=0.1,0.6989454202527748,0.06927111337998818,0.6876497860293475,0.7027219705909278,0.30105457974722516,-0.0037765503381529397,0.015456269178391158,0.29581686416947117,0.0014611652396010477,nan,0.9832895123112557,0.011679718840238218,0.962652900903443
0.35,occupation,dispersed,ridge,500,500,0,6,"[20260802, 350, 6]",0.6912655968605377,0.7041831358305288,0.692589298276239,cv-alpha,0.6989454202527748,0.06927111337998818,0.6876497860293475,0.692489596599615,0.30105457974722516,0.006455823653159887,0.001223999739077275,0.29581686416947117,0.011693539230913874,0.011295634223427387,0.9890122702435624,0.007679823392237162,0.9751248214836362
0.35,occupation,dispersed,gp,500,500,0,6,"[20260802, 350, 6]",0.6945494058873964,0.7041831358305288,0.692589298276239,reg=1,0.6989454202527748,0.06927111337998818,0.6876497860293475,0.6924229913988238,0.30105457974722516,0.0065224288539510455,-0.0021264144885726477,0.29581686416947117,0.011760144431705033,nan,0.9937105040851565,0.004396014365378398,0.9856081001310548
0.35,occupation,dispersed,mlp,500,500,0,6,"[20260802, 350, 6]",0.6973227063908651,0.7041831358305288,0.692589298276239,weight_decay=0.1,0.6989454202527748,0.06927111337998818,0.6876497860293475,0.7027219705909278,0.30105457974722516,-0.0037765503381529397,0.005399264200062648,0.29581686416947117,0.0014611652396010477,nan,0.9976783396601656,0.0016227138619097081,0.9946387988257711
0.35,occupation,dispersed,ridge,1000,1000,0,6,"[20260802, 350, 6]",0.6911441059047407,0.7041831358305288,0.692589298276239,cv-alpha,0.6989454202527748,0.06927111337998818,0.6876497860293475,0.692489596599615,0.30105457974722516,0.006455823653159887,0.0013454906948742185,0.29581686416947117,0.011693539230913874,0.011295634223427387,0.9888384498674979,0.007801314348034105,0.9747412482740965
0.35,occupation,dispersed,gp,1000,1000,0,6,"[20260802, 350, 6]",0.6977463464556607,0.7041831358305288,0.692589298276239,reg=3,0.6989454202527748,0.06927111337998818,0.6876497860293475,0.6924229913988238,0.30105457974722516,0.0065224288539510455,-0.005323355056836898,0.29581686416947117,0.011760144431705033,nan,0.998284452888066,0.0011990737971141474,0.9960328889889225
0.35,occupation,dispersed,mlp,1000,1000,0,6,"[20260802, 350, 6]",0.697732634368209,0.7041831358305288,0.692589298276239,weight_decay=0.1,0.6989454202527748,0.06927111337998818,0.6876497860293475,0.7027219705909278,0.30105457974722516,-0.0037765503381529397,0.004989336222718799,0.29581686416947117,0.0014611652396010477,nan,0.9982648346359759,0.001212785884565859,0.9959877048518588
0.35,occupation,dispersed,ridge,2500,2500,0,6,"[20260802, 350, 6]",0.69226535238308,0.7041831358305288,0.692589298276239,cv-alpha,0.6989454202527748,0.06927111337998818,0.6876497860293475,0.692489596599615,0.30105457974722516,0.006455823653159887,0.0002242442165349967,0.29581686416947117,0.011693539230913874,0.011295634223427387,0.9904426473425078,0.006680067869694883,0.9782927664420469
0.35,occupation,dispersed,gp,2500,1500,0,6,"[20260802, 350, 6]",0.6989108278604417,0.7041831358305288,0.692589298276239,reg=3,0.6989454202527748,0.06927111337998818,0.6876497860293475,0.6924229913988238,0.30105457974722516,0.0065224288539510455,-0.00648783646161788,0.29581686416947117,0.011760144431705033,nan,0.9999505077344657,3.459239233316591e-05,0.999885109145283
0.35,occupation,dispersed,mlp,2500,2500,0,6,"[20260802, 350, 6]",0.7021107397362825,0.7041831358305288,0.692589298276239,weight_decay=0.01,0.6989454202527748,0.06927111337998818,0.6876497860293475,0.7027219705909278,0.30105457974722516,-0.0037765503381529397,0.0006112308546453171,0.29581686416947117,0.0014611652396010477,nan,1.004528707666992,-0.0031653194835076226,1.0106258261231218
0.35,occupation,dispersed,ridge,5000,5000,0,6,"[20260802, 350, 6]",0.6924754029386118,0.7041831358305288,0.692589298276239,cv-alpha,0.6989454202527748,0.06927111337998818,0.6876497860293475,0.692489596599615,0.30105457974722516,0.006455823653159887,1.4193661003192304e-05,0.29581686416947117,0.011693539230913874,0.011295634223427387,0.9907431723183433,0.006470017314163079,0.9789609762081193
0.35,occupation,dispersed,gp,5000,1500,0,6,"[20260802, 350, 6]",0.6988949281440773,0.7041831358305288,0.692589298276239,reg=3,0.6989454202527748,0.06927111337998818,0.6876497860293475,0.6924229913988238,0.30105457974722516,0.0065224288539510455,-0.0064719367452534815,0.29581686416947117,0.011760144431705033,nan,0.999927759582888,5.049210869756404e-05,0.9998323106668834
0.35,occupation,dispersed,mlp,5000,5000,0,6,"[20260802, 350, 6]",0.7016925524629745,0.7041831358305288,0.692589298276239,weight_decay=0.01,0.6989454202527748,0.06927111337998818,0.6876497860293475,0.7027219705909278,0.30105457974722516,-0.0037765503381529397,0.0010294181279533188,0.29581686416947117,0.0014611652396010477,nan,1.0039303958944408,-0.002747132210199621,1.0092090634440452
0.35,occupation,dispersed,ridge,20000,20000,1,6,"[20260802, 350, 6]",0.692489596599615,0.7041831358305288,0.692589298276239,cv-alpha,0.6989454202527748,0.06927111337998818,0.6876497860293475,0.692489596599615,0.30105457974722516,0.006455823653159887,0.0,0.29581686416947117,0.011693539230913874,0.011295634223427387,0.9907634795706578,0.006455823653159887,0.979006161802096
0.35,occupation,dispersed,gp,20000,1500,1,6,"[20260802, 350, 6]",0.6924229913988238,0.7041831358305288,0.692589298276239,reg=0.3,0.6989454202527748,0.06927111337998818,0.6876497860293475,0.6924229913988238,0.30105457974722516,0.0065224288539510455,0.0,0.29581686416947117,0.011760144431705033,nan,0.990668185719577,0.0065224288539510455,0.9787941599288768
0.35,occupation,dispersed,mlp,20000,20000,1,6,"[20260802, 350, 6]",0.7027219705909278,0.7041831358305288,0.692589298276239,weight_decay=0.01,0.6989454202527748,0.06927111337998818,0.6876497860293475,0.7027219705909278,0.30105457974722516,-0.0037765503381529397,0.0,0.29581686416947117,0.0014611652396010477,nan,1.005403212080261,-0.0037765503381529397,1.0127037653797017
0.35,mean,same_time,ridge,100,100,0,6,"[20260802, 350, 6]",0.3641675828906502,0.3778853258965774,0.37788532589699486,cv-alpha,0.37190681274750936,0.4118887931450079,0.37190681278056786,0.37794774412747323,0.6280931872524906,-0.006040931379963865,0.013780161236823019,0.6221146741034226,-6.2418230895811e-05,-3.305850038159974e-11,0.9791904057909437,0.007739229856859153,0.9878281923843336
0.35,mean,same_time,gp,100,100,0,6,"[20260802, 350, 6]",0.3269348315939673,0.3778853258965774,0.37788532589699486,reg=3,0.37190681274750936,0.4118887931450079,0.37190681278056786,0.3652420125908007,0.6280931872524906,0.006664800156708672,0.03830718099683339,0.6221146741034226,0.012643313305776727,nan,0.8790772859972481,0.04497198115354206,0.9331833182512688
0.35,mean,same_time,mlp,100,100,0,6,"[20260802, 350, 6]",0.3606290151880398,0.3778853258965774,0.37788532589699486,weight_decay=0.01,0.37190681274750936,0.4118887931450079,0.37190681278056786,0.3771187111781429,0.6280931872524906,-0.005211898430633521,0.01648969599010308,0.6221146741034226,0.0007666147184345329,nan,0.9696757435655632,0.01127779755946956,0.982361105168408
0.35,mean,same_time,ridge,250,250,0,6,"[20260802, 350, 6]",0.36713629145232307,0.3778853258965774,0.37788532589699486,cv-alpha,0.37190681274750936,0.4118887931450079,0.37190681278056786,0.37794774412747323,0.6280931872524906,-0.006040931379963865,0.010811452675150157,0.6221146741034226,-6.2418230895811e-05,-3.305850038159974e-11,0.9871728047680992,0.004770521295186292,0.9924620084375926
0.35,mean,same_time,gp,250,250,0,6,"[20260802, 350, 6]",0.3309937061403102,0.3778853258965774,0.37788532589699486,reg=10,0.37190681274750936,0.4118887931450079,0.37190681278056786,0.3652420125908007,0.6280931872524906,0.006664800156708672,0.034248306450490484,0.6221146741034226,0.012643313305776727,nan,0.8899909729941532,0.04091310660719916,0.9388449600807794
0.35,mean,same_time,mlp,250,250,0,6,"[20260802, 350, 6]",0.35928456724339297,0.3778853258965774,0.37788532589699486,weight_decay=0.001,0.37190681274750936,0.4118887931450079,0.37190681278056786,0.3771187111781429,0.6280931872524906,-0.005211898430633521,0.017834143934749913,0.6221146741034226,0.0007666147184345329,nan,0.9660607306145647,0.012622245504116392,0.9802997635786443
0.35,mean,same_time,ridge,500,500,0,6,"[20260802, 350, 6]",0.3733385488805532,0.3778853258965774,0.37788532589699486,cv-alpha,0.37190681274750936,0.4118887931450079,0.37190681278056786,0.37794774412747323,0.6280931872524906,-0.006040931379963865,0.00460919524692005,0.6221146741034226,-6.2418230895811e-05,-3.305850038159974e-11,1.0038497174129903,-0.001431736133043815,1.0022847043335539
0.35,mean,same_time,gp,500,500,0,6,"[20260802, 350, 6]",0.3506028479566051,0.3778853258965774,0.37788532589699486,reg=3,0.37190681274750936,0.4118887931450079,0.37190681278056786,0.3652420125908007,0.6280931872524906,0.006664800156708672,0.014639164634195567,0.6221146741034226,0.012643313305776727,nan,0.9427169278413631,0.02130396479090424,0.9671942435782647
0.35,mean,same_time,mlp,500,500,0,6,"[20260802, 350, 6]",0.36100891408340463,0.3778853258965774,0.37788532589699486,weight_decay=0.001,0.37190681274750936,0.4118887931450079,0.37190681278056786,0.3771187111781429,0.6280931872524906,-0.005211898430633521,0.016109797094738254,0.6221146741034226,0.0007666147184345329,nan,0.9706972330418067,0.010897898664104733,0.9829451475861007
0.35,mean,same_time,ridge,1000,1000,0,6,"[20260802, 350, 6]",0.37704345259068284,0.3778853258965774,0.37788532589699486,cv-alpha,0.37190681274750936,0.4118887931450079,0.37190681278056786,0.37794774412747323,0.6280931872524906,-0.006040931379963865,0.0009042915367903914,0.6221146741034226,-6.2418230895811e-05,-3.305850038159974e-11,1.0138116314816228,-0.005136639843173474,1.0082455828813988
0.35,mean,same_time,gp,1000,1000,0,6,"[20260802, 350, 6]",0.3655939674564338,0.3778853258965774,0.37788532589699486,reg=3,0.37190681274750936,0.4118887931450079,0.37190681278056786,0.3652420125908007,0.6280931872524906,0.006664800156708672,-0.0003519548656331084,0.6221146741034226,0.012643313305776727,nan,0.983025733665811,0.006312845291075564,0.9900492035585395
0.35,mean,same_time,mlp,1000,1000,0,6,"[20260802, 350, 6]",0.36177770880538995,0.3778853258965774,0.37788532589699486,weight_decay=1,0.37190681274750936,0.4118887931450079,0.37190681278056786,0.3771187111781429,0.6280931872524906,-0.005211898430633521,0.015341002372752932,0.6221146741034226,0.0007666147184345329,nan,0.9727644033533848,0.01012910394211941,0.9841291912208833
0.35,mean,same_time,ridge,2500,2500,0,6,"[20260802, 350, 6]",0.3778532380529961,0.3778853258965774,0.37788532589699486,cv-alpha,0.37190681274750936,0.4118887931450079,0.37190681278056786,0.37794774412747323,0.6280931872524906,-0.006040931379963865,9.450607447714088e-05,0.6221146741034226,-6.2418230895811e-05,-3.305850038159974e-11,1.0159890195652959,-0.005946425305486724,1.009557914095506
0.35,mean,same_time,gp,2500,1500,0,6,"[20260802, 350, 6]",0.3701776069128022,0.3778853258965774,0.37788532589699486,reg=3,0.37190681274750936,0.4118887931450079,0.37190681278056786,0.3652420125908007,0.6280931872524906,0.006664800156708672,-0.004935594322001524,0.6221146741034226,0.012643313305776727,nan,0.9953504324862122,0.0017292058347071482,0.9972544548214123
0.35,mean,same_time,mlp,2500,2500,0,6,"[20260802, 350, 6]",0.376898883937658,0.3778853258965774,0.37788532589699486,weight_decay=0.001,0.37190681274750936,0.4118887931450079,0.37190681278056786,0.3771187111781429,0.6280931872524906,-0.005211898430633521,0.00021982724048486002,0.6221146741034226,0.0007666147184345329,nan,1.0134229086938986,-0.004992071190148661,1.008011655029116
0.35,mean,same_time,ridge,5000,5000,0,6,"[20260802, 350, 6]",0.3779221125451814,0.3778853258965774,0.37788532589699486,cv-alpha,0.37190681274750936,0.4118887931450079,0.37190681278056786,0.37794774412747323,0.6280931872524906,-0.006040931379963865,2.5631582291851807e-05,0.6221146741034226,-6.2418230895811e-05,-3.305850038159974e-11,1.0161742124411037,-0.0060152997976720135,1.009669689148224
0.35,mean,same_time,gp,5000,1500,0,6,"[20260802, 350, 6]",0.37580692523380943,0.3778853258965774,0.37788532589699486,reg=0.1,0.37190681274750936,0.4118887931450079,0.37190681278056786,0.3652420125908007,0.6280931872524906,0.006664800156708672,-0.01056491264300874,0.6221146741034226,0.012643313305776727,nan,1.0104868003290595,-0.003900112486300067,1.006248246967112
0.35,mean,same_time,mlp,5000,5000,0,6,"[20260802, 350, 6]",0.3775819475336636,0.3778853258965774,0.37788532589699486,weight_decay=0.001,0.37190681274750936,0.4118887931450079,0.37190681278056786,0.3771187111781429,0.6280931872524906,-0.005211898430633521,-0.00046323635552070197,0.6221146741034226,0.0007666147184345329,nan,1.0152595612439268,-0.005675134786154223,1.0091178826894023
0.35,mean,same_time,ridge,20000,20000,1,6,"[20260802, 350, 6]",0.37794774412747323,0.3778853258965774,0.37788532589699486,cv-alpha,0.37190681274750936,0.4118887931450079,0.37190681278056786,0.37794774412747323,0.6280931872524906,-0.006040931379963865,0.0,0.6221146741034226,-6.2418230895811e-05,-3.305850038159974e-11,1.0162431318085725,-0.006040931379963865,1.009711292456436
0.35,mean,same_time,gp,20000,1500,1,6,"[20260802, 350, 6]",0.3652420125908007,0.3778853258965774,0.37788532589699486,reg=0.001,0.37190681274750936,0.4118887931450079,0.37190681278056786,0.3652420125908007,0.6280931872524906,0.006664800156708672,0.0,0.6221146741034226,0.012643313305776727,nan,0.9820793813711785,0.006664800156708672,0.9895002500340147
0.35,mean,same_time,mlp,20000,20000,1,6,"[20260802, 350, 6]",0.3771187111781429,0.3778853258965774,0.37788532589699486,weight_decay=0.01,0.37190681274750936,0.4118887931450079,0.37190681278056786,0.3771187111781429,0.6280931872524906,-0.005211898430633521,0.0,0.6221146741034226,0.0007666147184345329,nan,1.0140139902039706,-0.005211898430633521,1.0083674024636244
0.35,mean,dispersed,ridge,100,100,0,6,"[20260802, 350, 6]",0.7082110816895402,0.7285069356079232,0.7285069356078842,cv-alpha,0.726640120027032,0.4118887931450079,0.7266401200429997,0.7284848713848686,0.27335987997296796,-0.0018447513578365715,0.020273789695328448,0.27149306439207677,2.2064223054618637e-05,-1.596767162936885e-11,0.9746380115416607,0.018429038337491876,0.9368411986164478
0.35,mean,dispersed,gp,100,100,0,6,"[20260802, 350, 6]",0.6630685968166738,0.7285069356079232,0.7285069356078842,reg=0.3,0.726640120027032,0.4118887931450079,0.7266401200429997,0.7104935427357364,0.27335987997296796,0.01614657729129565,0.047424945919062544,0.27149306439207677,0.01801339287218684,nan,0.9125130563834085,0.0635715232103582,0.811322059595114
0.35,mean,dispersed,mlp,100,100,0,6,"[20260802, 350, 6]",0.7069195648146891,0.7285069356079232,0.7285069356078842,weight_decay=0.1,0.726640120027032,0.4118887931450079,0.7266401200429997,0.7275896284636827,0.27335987997296796,-0.0009495084366506479,0.020670063648993597,0.27149306439207677,0.0009173071442405423,nan,0.9728606298099679,0.01972055521234295,0.932712822676567
0.35,mean,dispersed,ridge,250,250,0,6,"[20260802, 350, 6]",0.7115553113616625,0.7285069356079232,0.7285069356078842,cv-alpha,0.726640120027032,0.4118887931450079,0.7266401200429997,0.7284848713848686,0.27335987997296796,-0.0018447513578365715,0.016929560023206114,0.27149306439207677,2.2064223054618637e-05,-1.596767162936885e-11,0.979240330598855,0.015084808665369542,0.9477029418132797
0.35,mean,dispersed,gp,250,250,0,6,"[20260802, 350, 6]",0.6828006934435171,0.7285069356079232,0.7285069356078842,reg=3,0.726640120027032,0.4118887931450079,0.7266401200429997,0.7104935427357364,0.27335987997296796,0.01614657729129565,0.027692849292219268,0.27149306439207677,0.01801339287218684,nan,0.9396683098341941,0.04383942658351492,0.8617921739507065
0.35,mean,dispersed,mlp,250,250,0,6,"[20260802, 350, 6]",0.7125948753683256,0.7285069356079232,0.7285069356078842,weight_decay=0.1,0.726640120027032,0.4118887931450079,0.7266401200429997,0.7275896284636827,0.27335987997296796,-0.0009495084366506479,0.014994753095357138,0.27149306439207677,0.0009173071442405423,nan,0.9806709755329998,0.01404524465870649,0.9511308482174552
0.35,mean,dispersed,ridge,500,500,0,6,"[20260802, 350, 6]",0.7178556826274872,0.7285069356079232,0.7285069356078842,cv-alpha,0.726640120027032,0.4118887931450079,0.7266401200429997,0.7284848713848686,0.27335987997296796,-0.0018447513578365715,0.010629188757381391,0.27149306439207677,2.2064223054618637e-05,-1.596767162936885e-11,0.9879108830390234,0.00878443739954482,0.9688654463029756
0.35,mean,dispersed,gp,500,500,0,6,"[20260802, 350, 6]",0.6978167176736796,0.7285069356079232,0.7285069356078842,reg=3,0.726640120027032,0.4118887931450079,0.7266401200429997,0.7104935427357364,0.27335987997296796,0.01614657729129565,0.012676825062056807,0.27149306439207677,0.01801339287218684,nan,0.9603333182975361,0.028823402353352456,0.9046161583411926
0.35,mean,dispersed,mlp,500,500,0,6,"[20260802, 350, 6]",0.7177946496930472,0.7285069356079232,0.7285069356078842,weight_decay=0.1,0.726640120027032,0.4118887931450079,0.7266401200429997,0.7275896284636827,0.27335987997296796,-0.0009495084366506479,0.00979497877063551,0.27149306439207677,0.0009173071442405423,nan,0.9878268896938202,0.008845470333984862,0.9686559084568606
0.35,mean,dispersed,ridge,1000,1000,0,6,"[20260802, 350, 6]",0.7206581426823273,0.7285069356079232,0.7285069356078842,cv-alpha,0.726640120027032,0.4118887931450079,0.7266401200429997,0.7284848713848686,0.27335987997296796,-0.0018447513578365715,0.007826728702541308,0.27149306439207677,2.2064223054618637e-05,-1.596767162936885e-11,0.9917676203393748,0.005981977344704736,0.9785854601163408
0.35,mean,dispersed,gp,1000,1000,0,6,"[20260802, 350, 6]",0.7079118433899498,0.7285069356079232,0.7285069356078842,reg=1,0.726640120027032,0.4118887931450079,0.7266401200429997,0.7104935427357364,0.27335987997296796,0.01614657729129565,0.002581699345786559,0.27149306439207677,0.01801339287218684,nan,0.9742262006722316,0.01872827663708221,0.9358814241068828
0.35,mean,dispersed,mlp,1000,1000,0,6,"[20260802, 350, 6]",0.7202343776151263,0.7285069356079232,0.7285069356078842,weight_decay=0.1,0.726640120027032,0.4118887931450079,0.7266401200429997,0.7275896284636827,0.27335987997296796,-0.0009495084366506479,0.007355250848556372,0.27149306439207677,0.0009173071442405423,nan,0.9911844360979305,0.006405742411905724,0.9771031824521551
0.35,mean,dispersed,ridge,2500,2500,0,6,"[20260802, 350, 6]",0.727206691926748,0.7285069356079232,0.7285069356078842,cv-alpha,0.726640120027032,0.4118887931450079,0.7266401200429997,0.7284848713848686,0.27335987997296796,-0.0018447513578365715,0.0012781794581205874,0.27149306439207677,2.2064223054618637e-05,-1.596767162936885e-11,1.0007797145851167,-0.0005665718997159841,1.0020769274133507
0.35,mean,dispersed,gp,2500,1500,0,6,"[20260802, 350, 6]",0.7158246345356617,0.7285069356079232,0.7285069356078842,reg=1,0.726640120027032,0.4118887931450079,0.7266401200429997,0.7104935427357364,0.27335987997296796,0.01614657729129565,-0.005331091799925303,0.27149306439207677,0.01801339287218684,nan,0.9851157606175558,0.010815485491370347,0.9619408055525924
0.35,mean,dispersed,mlp,2500,2500,0,6,"[20260802, 350, 6]",0.7260150603507181,0.7285069356079232,0.7285069356078842,weight_decay=0.1,0.726640120027032,0.4118887931450079,0.7266401200429997,0.7275896284636827,0.27335987997296796,-0.0009495084366506479,0.001574568112964636,0.27149306439207677,0.0009173071442405423,nan,0.9991397947084304,0.0006250596763139882,0.9977186349106849
0.35,mean,dispersed,ridge,5000,5000,0,6,"[20260802, 350, 6]",0.7280346639800195,0.7285069356079232,0.7285069356078842,cv-alpha,0.726640120027032,0.4118887931450079,0.7266401200429997,0.7284848713848686,0.27335987997296796,-0.0018447513578365715,0.00045020740484913446,0.27149306439207677,2.2064223054618637e-05,-1.596767162936885e-11,1.0019191672941696,-0.001394543952987437,1.0051276533009523
0.35,mean,dispersed,gp,5000,1500,0,6,"[20260802, 350, 6]",0.717166353844238,0.7285069356079232,0.7285069356078842,reg=0.3,0.726640120027032,0.4118887931450079,0.7266401200429997,0.7104935427357364,0.27335987997296796,0.01614657729129565,-0.006672811108501597,0.27149306439207677,0.01801339287218684,nan,0.986962230791163,0.009473766182794052,0.966504104757124
0.35,mean,dispersed,mlp,5000,5000,0,6,"[20260802, 350, 6]",0.7273209768888602,0.7285069356079232,0.7285069356078842,weight_decay=0.01,0.726640120027032,0.4118887931450079,0.7266401200429997,0.7275896284636827,0.27335987997296796,-0.0009495084366506479,0.00026865157482247604,0.27149306439207677,0.0009173071442405423,nan,1.0009369932144716,-0.0006808568618281718,1.0024969169027376
0.35,mean,dispersed,ridge,20000,20000,1,6,"[20260802, 350, 6]",0.7284848713848686,0.7285069356079232,0.7285069356078842,cv-alpha,0.726640120027032,0.4118887931450079,0.7266401200429997,0.7284848713848686,0.27335987997296796,-0.0018447513578365715,0.0,0.27149306439207677,2.2064223054618637e-05,-1.596767162936885e-11,1.0025387414030593,-0.0018447513578365715,1.00679428570793
0.35,mean,dispersed,gp,20000,1500,1,6,"[20260802, 350, 6]",0.7104935427357364,0.7285069356079232,0.7285069356078842,reg=3,0.726640120027032,0.4118887931450079,0.7266401200429997,0.7104935427357364,0.27335987997296796,0.01614657729129565,0.0,0.27149306439207677,0.01801339287218684,nan,0.9777791277328659,0.01614657729129565,0.9442272291821218
0.35,mean,dispersed,mlp,20000,20000,1,6,"[20260802, 350, 6]",0.7275896284636827,0.7285069356079232,0.7285069356078842,weight_decay=0.01,0.726640120027032,0.4118887931450079,0.7266401200429997,0.7275896284636827,0.27335987997296796,-0.0009495084366506479,0.0,0.27149306439207677,0.0009173071442405423,nan,1.0013067107230678,-0.0009495084366506479,1.003485581078634
0.35,occupation,same_time,ridge,100,100,0,7,"[20260802, 350, 7]",0.32370830574793796,0.3508646199275737,0.34791669338689435,cv-alpha,0.35476938326909135,0.06927111337998818,0.3519508945037059,0.3479804549565565,0.6452306167309086,0.006788928312534859,0.024272149208618532,0.6491353800724263,0.002884164971017178,0.0028184887653854296,0.912447130485345,0.03106107752115339,0.9540714786457565
0.35,occupation,same_time,gp,100,100,0,7,"[20260802, 350, 7]",0.23785885930463968,0.3508646199275737,0.34791669338689435,reg=10,0.35476938326909135,0.06927111337998818,0.3519508945037059,0.34970185188384584,0.6452306167309086,0.005067531385245516,0.11184299257920616,0.6491353800724263,0.0011627680437278354,nan,0.6704605034201178,0.11691052396445167,0.846602528426972
0.35,occupation,same_time,mlp,100,100,0,7,"[20260802, 350, 7]",0.32038005842003725,0.3508646199275737,0.34791669338689435,weight_decay=0.1,0.35476938326909135,0.06927111337998818,0.3519508945037059,0.3508897138290884,0.6452306167309086,0.003879669440002953,0.03050965540905115,0.6491353800724263,-2.509390151472779e-05,nan,0.9030656914862072,0.034389324849054104,0.9493991821824611
0.35,occupation,same_time,ridge,250,250,0,7,"[20260802, 350, 7]",0.3455931368344547,0.3508646199275737,0.34791669338689435,cv-alpha,0.35476938326909135,0.06927111337998818,0.3519508945037059,0.3479804549565565,0.6452306167309086,0.006788928312534859,0.0023873181221018003,0.6491353800724263,0.002884164971017178,0.0028184887653854296,0.9741346157042066,0.009176246434636659,0.9859777655902803
0.35,occupation,same_time,gp,250,250,0,7,"[20260802, 350, 7]",0.3363966466713225,0.3508646199275737,0.34791669338689435,reg=3,0.35476938326909135,0.06927111337998818,0.3519508945037059,0.34970185188384584,0.6452306167309086,0.005067531385245516,0.013305205212523319,0.6491353800724263,0.0011627680437278354,nan,0.9482121697524468,0.018372736597768835,0.9723136772808486
0.35,occupation,same_time,mlp,250,250,0,7,"[20260802, 350, 7]",0.3459566651881002,0.3508646199275737,0.34791669338689435,weight_decay=0.1,0.35476938326909135,0.06927111337998818,0.3519508945037059,0.3508897138290884,0.6452306167309086,0.003879669440002953,0.004933048640988202,0.6491353800724263,-2.509390151472779e-05,nan,0.9751593048989046,0.008812718080991155,0.986525788717768
0.35,occupation,same_time,ridge,500,500,0,7,"[20260802, 350, 7]",0.34748928141054414,0.3508646199275737,0.34791669338689435,cv-alpha,0.35476938326909135,0.06927111337998818,0.3519508945037059,0.3479804549565565,0.6452306167309086,0.006788928312534859,0.0004911735460123579,0.6491353800724263,0.002884164971017178,0.0028184887653854296,0.9794793400956325,0.007280101858547217,0.9888429390489022
0.35,occupation,same_time,gp,500,500,0,7,"[20260802, 350, 7]",0.3474053141897502,0.3508646199275737,0.34791669338689435,reg=0.1,0.35476938326909135,0.06927111337998818,0.3519508945037059,0.34970185188384584,0.6452306167309086,0.005067531385245516,0.0022965376940956572,0.6491353800724263,0.0011627680437278354,nan,0.9792426589592271,0.007364069079341173,0.9887157078666706
0.35,occupation,same_time,mlp,500,500,0,7,"[20260802, 350, 7]",0.3482724988149143,0.3508646199275737,0.34791669338689435,weight_decay=0.01,0.35476938326909135,0.06927111337998818,0.3519508945037059,0.3508897138290884,0.6452306167309086,0.003879669440002953,0.0026172150141741124,0.6491353800724263,-2.509390151472779e-05,nan,0.9816870204685921,0.006496884454177065,0.9900312869376184
0.35,occupation,same_time,ridge,1000,1000,0,7,"[20260802, 350, 7]",0.34729059042897825,0.3508646199275737,0.34791669338689435,cv-alpha,0.35476938326909135,0.06927111337998818,0.3519508945037059,0.3479804549565565,0.6452306167309086,0.006788928312534859,0.0006898645275782433,0.6491353800724263,0.002884164971017178,0.0028184887653854296,0.9789192833631857,0.007478792840113102,0.9885419258088705
0.35,occupation,same_time,gp,1000,1000,0,7,"[20260802, 350, 7]",0.3457471359494724,0.3508646199275737,0.34791669338689435,reg=0.001,0.35476938326909135,0.06927111337998818,0.3519508945037059,0.34970185188384584,0.6452306167309086,0.005067531385245516,0.003954715934373465,0.6491353800724263,0.0011627680437278354,nan,0.9745686980187475,0.009022247319618981,0.986209846658123
0.35,occupation,same_time,mlp,1000,1000,0,7,"[20260802, 350, 7]",0.34210899363010006,0.3508646199275737,0.34791669338689435,weight_decay=1,0.35476938326909135,0.06927111337998818,0.3519508945037059,0.3508897138290884,0.6452306167309086,0.003879669440002953,0.008780720198988345,0.6491353800724263,-2.509390151472779e-05,nan,0.9643137479273728,0.012660389638991298,0.9807560986296977
0.35,occupation,same_time,ridge,2500,2500,0,7,"[20260802, 350, 7]",0.3479601475038704,0.3508646199275737,0.34791669338689435,cv-alpha,0.35476938326909135,0.06927111337998818,0.3519508945037059,0.3479804549565565,0.6452306167309086,0.006788928312534859,2.0307452686108007e-05,0.6491353800724263,0.002884164971017178,0.0028184887653854296,0.9808065856684814,0.006809235765220967,0.9895570251739154
0.35,occupation,same_time,gp,2500,1500,0,7,"[20260802, 350, 7]",0.3491454346864813,0.3508646199275737,0.34791669338689435,reg=1,0.35476938326909135,0.06927111337998818,0.3519508945037059,0.34970185188384584,0.6452306167309086,0.005067531385245516,0.0005564171973645449,0.6491353800724263,0.0011627680437278354,nan,0.9841475932032604,0.005623948582610061,0.99135913169803
0.35,occupation,same_time,mlp,2500,2500,0,7,"[20260802, 350, 7]",0.3507816029697165,0.3508646199275737,0.34791669338689435,weight_decay=0.01,0.35476938326909135,0.06927111337998818,0.3519508945037059,0.3508897138290884,0.6452306167309086,0.003879669440002953,0.00010811085937190157,0.6491353800724263,-2.509390151472779e-05,nan,0.988759513961919,0.0039877802993748546,0.9938575673184615
0.35,occupation,same_time,ridge,5000,5000,0,7,"[20260802, 350, 7]",0.34798726583892814,0.3508646199275737,0.34791669338689435,cv-alpha,0.35476938326909135,0.06927111337998818,0.3519508945037059,0.3479804549565565,0.6452306167309086,0.006788928312534859,-6.810882371643956e-06,0.6491353800724263,0.002884164971017178,0.0028184887653854296,0.9808830250015712,0.006782117430163215,0.9895981825586742
0.35,occupation,same_time,gp,5000,1500,0,7,"[20260802, 350, 7]",0.3484068597040193,0.3508646199275737,0.34791669338689435,reg=0.1,0.35476938326909135,0.06927111337998818,0.3519508945037059,0.34970185188384584,0.6452306167309086,0.005067531385245516,0.0012949921798265374,0.6491353800724263,0.0011627680437278354,nan,0.9820657478769916,0.0063625235650720535,0.9902354350105927
0.35,occupation,same_time,mlp,5000,5000,0,7,"[20260802, 350, 7]",0.35089566748242595,0.3508646199275737,0.34791669338689435,weight_decay=0.001,0.35476938326909135,0.06927111337998818,0.3519508945037059,0.3508897138290884,0.6452306167309086,0.003879669440002953,-5.95365333755371e-06,0.6491353800724263,-2.509390151472779e-05,nan,0.9890810313140038,0.0038737157866653993,0.9940322139406449
0.35,occupation,same_time,ridge,20000,20000,1,7,"[20260802, 350, 7]",0.3479804549565565,0.3508646199275737,0.34791669338689435,cv-alpha,0.35476938326909135,0.06927111337998818,0.3519508945037059,0.3479804549565565,0.6452306167309086,0.006788928312534859,0.0,0.6491353800724263,0.002884164971017178,0.0028184887653854296,0.9808638269458966,0.006788928312534859,0.989587845388772
0.35,occupation,same_time,gp,20000,1500,1,7,"[20260802, 350, 7]",0.34970185188384584,0.3508646199275737,0.34791669338689435,reg=0.3,0.35476938326909135,0.06927111337998818,0.3519508945037059,0.34970185188384584,0.6452306167309086,0.005067531385245516,0.0,0.6491353800724263,0.0011627680437278354,nan,0.9857159844557336,0.005067531385245516,0.9922073722646672
0.35,occupation,same_time,mlp,20000,20000,1,7,"[20260802, 350, 7]",0.3508897138290884,0.3508646199275737,0.34791669338689435,weight_decay=0.01,0.35476938326909135,0.06927111337998818,0.3519508945037059,0.3508897138290884,0.6452306167309086,0.003879669440002953,0.0,0.6491353800724263,-2.509390151472779e-05,nan,0.9890642495576901,0.003879669440002953,0.9940230966560566
0.35,occupation,dispersed,ridge,100,100,0,7,"[20260802, 350, 7]",0.6577511960939177,0.6981812205015867,0.6862882424504508,cv-alpha,0.6989454202527748,0.06927111337998818,0.6876497860293475,0.6859558181541008,0.30105457974722516,0.012989602098674058,0.028204622060183038,0.3018187794984133,0.012225402347485925,0.011295634223427387,0.9410623162192563,0.041194224158857096,0.8796366161438468
0.35,occupation,dispersed,gp,100,100,0,7,"[20260802, 350, 7]",0.6471315344154155,0.6981812205015867,0.6862882424504508,reg=0.3,0.6989454202527748,0.06927111337998818,0.6876497860293475,0.6911679967470766,0.30105457974722516,0.007777423505698211,0.04403646233166114,0.3018187794984133,0.007013223754510078,nan,0.9258684808055244,0.05181388583735935,0.8531637397761765
0.35,occupation,dispersed,mlp,100,100,0,7,"[20260802, 350, 7]",0.6656078464991597,0.6981812205015867,0.6862882424504508,weight_decay=0.1,0.6989454202527748,0.06927111337998818,0.6876497860293475,0.696685779312215,0.30105457974722516,0.0022596409405598594,0.031077932813055265,0.3018187794984133,0.0014954411893717268,nan,0.9523030371362066,0.033337573753615124,0.900303959274776
0.35,occupation,dispersed,ridge,250,250,0,7,"[20260802, 350, 7]",0.6694540873725434,0.6981812205015867,0.6862882424504508,cv-alpha,0.6989454202527748,0.06927111337998818,0.6876497860293475,0.6859558181541008,0.30105457974722516,0.012989602098674058,0.016501730781557367,0.3018187794984133,0.012225402347485925,0.011295634223427387,0.9578059573384631,0.029491332880231425,0.910779919661358
0.35,occupation,dispersed,gp,250,250,0,7,"[20260802, 350, 7]",0.6680577789460658,0.6981812205015867,0.6862882424504508,reg=3,0.6989454202527748,0.06927111337998818,0.6876497860293475,0.6911679967470766,0.30105457974722516,0.007777423505698211,0.023110217801010857,0.3018187794984133,0.007013223754510078,nan,0.9558082213407472,0.03088764130670907,0.9069487418363378
0.35,occupation,dispersed,mlp,250,250,0,7,"[20260802, 350, 7]",0.6815338178441639,0.6981812205015867,0.6862882424504508,weight_decay=0.1,0.6989454202527748,0.06927111337998818,0.6876497860293475,0.696685779312215,0.30105457974722516,0.0022596409405598594,0.01515196146805109,0.3018187794984133,0.0014954411893717268,nan,0.9750887524203048,0.01741160240861095,0.9453266833836351
0.35,occupation,dispersed,ridge,500,500,0,7,"[20260802, 350, 7]",0.6848707610340621,0.6981812205015867,0.6862882424504508,cv-alpha,0.6989454202527748,0.06927111337998818,0.6876497860293475,0.6859558181541008,0.30105457974722516,0.012989602098674058,0.0010850571200387016,0.3018187794984133,0.012225402347485925,0.011295634223427387,0.9798630067371746,0.01407465921871276,0.9553368666617632
0.35,occupation,dispersed,gp,500,500,0,7,"[20260802, 350, 7]",0.6514597735338756,0.6981812205015867,0.6862882424504508,reg=10,0.6989454202527748,0.06927111337998818,0.6876497860293475,0.6911679967470766,0.30105457974722516,0.007777423505698211,0.039708223213201,0.3018187794984133,0.007013223754510078,nan,0.9320610088528429,0.04748564671889921,0.863758490087759
0.35,occupation,dispersed,mlp,500,500,0,7,"[20260802, 350, 7]",0.6909867082134977,0.6981812205015867,0.6862882424504508,weight_decay=0.1,0.6989454202527748,0.06927111337998818,0.6876497860293475,0.696685779312215,0.30105457974722516,0.0022596409405598594,0.005699071098717257,0.3018187794984133,0.0014954411893717268,nan,0.9886132567598785,0.007958712039277116,0.9742447582326789
0.35,occupation,dispersed,ridge,1000,1000,0,7,"[20260802, 350, 7]",0.6847262184910232,0.6981812205015867,0.6862882424504508,cv-alpha,0.6989454202527748,0.06927111337998818,0.6876497860293475,0.6859558181541008,0.30105457974722516,0.012989602098674058,0.001229599663077563,0.3018187794984133,0.012225402347485925,0.011295634223427387,0.9796562058356298,0.014219201761751621,0.9548988764822274
0.35,occupation,dispersed,gp,1000,1000,0,7,"[20260802, 350, 7]",0.6905075658167834,0.6981812205015867,0.6862882424504508,reg=3,0.6989454202527748,0.06927111337998818,0.6876497860293475,0.6911679967470766,0.30105457974722516,0.007777423505698211,0.000660430930293221,0.3018187794984133,0.007013223754510078,nan,0.9879277348538318,0.008437854435991432,0.9727364759068834
0.35,occupation,dispersed,mlp,1000,1000,0,7,"[20260802, 350, 7]",0.6919749943196951,0.6981812205015867,0.6862882424504508,weight_decay=0.1,0.6989454202527748,0.06927111337998818,0.6876497860293475,0.696685779312215,0.30105457974722516,0.0022596409405598594,0.0047107849925198675,0.3018187794984133,0.0014954411893717268,nan,0.9900272242565681,0.006970425933079727,0.9773705841910957
0.35,occupation,dispersed,ridge,2500,2500,0,7,"[20260802, 350, 7]",0.6852393317430505,0.6981812205015867,0.6862882424504508,cv-alpha,0.6989454202527748,0.06927111337998818,0.6876497860293475,0.6859558181541008,0.30105457974722516,0.012989602098674058,0.0007164864110502656,0.3018187794984133,0.012225402347485925,0.011295634223427387,0.9803903307574896,0.013706088509724323,0.956455523539124
0.35,occupation,dispersed,gp,2500,1500,0,7,"[20260802, 350, 7]",0.6849158987097048,0.6981812205015867,0.6862882424504508,reg=10,0.6989454202527748,0.06927111337998818,0.6876497860293475,0.6911679967470766,0.30105457974722516,0.007777423505698211,0.006252098037371812,0.3018187794984133,0.007013223754510078,nan,0.979927586422991,0.014029521543070023,0.9554737243624226
0.35,occupation,dispersed,mlp,2500,2500,0,7,"[20260802, 350, 7]",0.6918348743650768,0.6981812205015867,0.6862882424504508,weight_decay=0.1,0.6989454202527748,0.06927111337998818,0.6876497860293475,0.696685779312215,0.30105457974722516,0.0022596409405598594,0.004850904947138135,0.3018187794984133,0.0014954411893717268,nan,0.9898267508711532,0.007110545887697994,0.9769261824385614
0.35,occupation,dispersed,ridge,5000,5000,0,7,"[20260802, 350, 7]",0.6853720875691962,0.6981812205015867,0.6862882424504508,cv-alpha,0.6989454202527748,0.06927111337998818,0.6876497860293475,0.6859558181541008,0.30105457974722516,0.012989602098674058,0.0005837305849045737,0.3018187794984133,0.012225402347485925,0.011295634223427387,0.9805802680863552,0.013573332683578632,0.9568590956259679
0.35,occupation,dispersed,gp,5000,1500,0,7,"[20260802, 350, 7]",0.6901419217482505,0.6981812205015867,0.6862882424504508,reg=3,0.6989454202527748,0.06927111337998818,0.6876497860293475,0.6911679967470766,0.30105457974722516,0.007777423505698211,0.0010260749988261209,0.3018187794984133,0.007013223754510078,nan,0.987404598056683,0.008803498504524332,0.9715886106497705
0.35,occupation,dispersed,mlp,5000,5000,0,7,"[20260802, 350, 7]",0.6954809838530276,0.6981812205015867,0.6862882424504508,weight_decay=0.01,0.6989454202527748,0.06927111337998818,0.6876497860293475,0.696685779312215,0.30105457974722516,0.0022596409405598594,0.001204795459187391,0.3018187794984133,0.0014954411893717268,nan,0.9950433377208562,0.0034644363997472505,0.9886232510416519
0.35,occupation,dispersed,ridge,20000,20000,1,7,"[20260802, 350, 7]",0.6859558181541008,0.6981812205015867,0.6862882424504508,cv-alpha,0.6989454202527748,0.06927111337998818,0.6876497860293475,0.6859558181541008,0.30105457974722516,0.012989602098674058,0.0,0.3018187794984133,0.012225402347485925,0.011295634223427387,0.9814154271245151,0.012989602098674058,0.9586376604007648
0.35,occupation,dispersed,gp,20000,1500,1,7,"[20260802, 350, 7]",0.6911679967470766,0.6981812205015867,0.6862882424504508,reg=3,0.6989454202527748,0.06927111337998818,0.6876497860293475,0.6911679967470766,0.30105457974722516,0.007777423505698211,0.0,0.3018187794984133,0.007013223754510078,nan,0.9888726311377998,0.007777423505698211,0.974816652990044
0.35,occupation,dispersed,mlp,20000,20000,1,7,"[20260802, 350, 7]",0.696685779312215,0.6981812205015867,0.6862882424504508,weight_decay=0.01,0.6989454202527748,0.06927111337998818,0.6876497860293475,0.696685779312215,0.30105457974722516,0.0022596409405598594,0.0,0.3018187794984133,0.0014954411893717268,nan,0.9967670709685134,0.0022596409405598594,0.9925501648573022
0.35,mean,same_time,ridge,100,100,0,7,"[20260802, 350, 7]",0.3451542859386043,0.37045065545754297,0.37045065545752487,cv-alpha,0.37190681274750936,0.4118887931450079,0.37190681278056786,0.3704972354438162,0.6280931872524906,0.001409577303693177,0.025342949505211876,0.629549344542457,-4.65799862732208e-05,-3.305850038159974e-11,0.9280665857899528,0.026752526808905053,0.9591468246115804
0.35,mean,same_time,gp,100,100,0,7,"[20260802, 350, 7]",0.28201073461101345,0.37045065545754297,0.37045065545752487,reg=3,0.37190681274750936,0.4118887931450079,0.37190681278056786,0.36674642479962083,0.6280931872524906,0.005160387947888534,0.08473569018860738,0.629549344542457,0.0037042306579221362,nan,0.7582833251362698,0.08989607813649592,0.8747946766477174
0.35,mean,same_time,mlp,100,100,0,7,"[20260802, 350, 7]",0.3196415135366195,0.37045065545754297,0.37045065545752487,weight_decay=1,0.37190681274750936,0.4118887931450079,0.37190681278056786,0.36997213614464364,0.6280931872524906,0.0019346766028657258,0.05033062260802412,0.629549344542457,0.00047851931289932814,nan,0.8594666797718137,0.05226529921088985,0.9231797644171769
0.35,mean,same_time,ridge,250,250,0,7,"[20260802, 350, 7]",0.36617854294810803,0.37045065545754297,0.37045065545752487,cv-alpha,0.37190681274750936,0.4118887931450079,0.37190681278056786,0.3704972354438162,0.6280931872524906,0.001409577303693177,0.004318692495708154,0.629549344542457,-4.65799862732208e-05,-3.305850038159974e-11,0.9845975669090786,0.005728269799401331,0.9909623290034305
0.35,mean,same_time,gp,250,250,0,7,"[20260802, 350, 7]",0.34259120340198934,0.37045065545754297,0.37045065545752487,reg=0.3,0.37190681274750936,0.4118887931450079,0.37190681278056786,0.36674642479962083,0.6280931872524906,0.005160387947888534,0.024155221397631488,0.629549344542457,0.0037042306579221362,nan,0.9211748525687196,0.02931560934552002,0.955407336352626
0.35,mean,same_time,mlp,250,250,0,7,"[20260802, 350, 7]",0.3516140760720563,0.37045065545754297,0.37045065545752487,weight_decay=0.1,0.37190681274750936,0.4118887931450079,0.37190681278056786,0.36997213614464364,0.6280931872524906,0.0019346766028657258,0.018358060072587334,0.629549344542457,0.00047851931289932814,nan,0.9454359641181675,0.02029273667545306,0.9687026878182071
0.35,mean,same_time,ridge,500,500,0,7,"[20260802, 350, 7]",0.36890229958434584,0.37045065545754297,0.37045065545752487,cv-alpha,0.37190681274750936,0.4118887931450079,0.37190681278056786,0.3704972354438162,0.6280931872524906,0.001409577303693177,0.0015949358594703478,0.629549344542457,-4.65799862732208e-05,-3.305850038159974e-11,0.9919213279773842,0.0030045131631635247,0.9952392265711241
0.35,mean,same_time,gp,500,500,0,7,"[20260802, 350, 7]",0.3596810656739412,0.37045065545754297,0.37045065545752487,reg=0.01,0.37190681274750936,0.4118887931450079,0.37190681278056786,0.36674642479962083,0.6280931872524906,0.005160387947888534,0.007065359125679627,0.629549344542457,0.0037042306579221362,nan,0.9671268536780789,0.01222574707356816,0.9809067850126346
0.35,mean,same_time,mlp,500,500,0,7,"[20260802, 350, 7]",0.36164106059231205,0.37045065545754297,0.37045065545752487,weight_decay=0.01,0.37190681274750936,0.4118887931450079,0.37190681278056786,0.36997213614464364,0.6280931872524906,0.0019346766028657258,0.00833107555233159,0.629549344542457,0.00047851931289932814,nan,0.9723969774058244,0.010265752155197316,0.9839185268326899
0.35,mean,same_time,ridge,1000,1000,0,7,"[20260802, 350, 7]",0.370447629158562,0.37045065545754297,0.37045065545752487,cv-alpha,0.37190681274750936,0.4118887931450079,0.37190681278056786,0.3704972354438162,0.6280931872524906,0.001409577303693177,4.9606285254188975e-05,0.629549344542457,-4.65799862732208e-05,-3.305850038159974e-11,0.9960764806157557,0.0014591835889473659,0.9976821887160919
0.35,mean,same_time,gp,1000,1000,0,7,"[20260802, 350, 7]",0.3668669675525983,0.37045065545754297,0.37045065545752487,reg=0.01,0.37190681274750936,0.4118887931450079,0.37190681278056786,0.36674642479962083,0.6280931872524906,0.005160387947888534,-0.00012054275297745942,0.629549344542457,0.0037042306579221362,nan,0.9864486343832247,0.0050398451949110745,0.9920398321732964
0.35,mean,same_time,mlp,1000,1000,0,7,"[20260802, 350, 7]",0.36892955745023104,0.37045065545754297,0.37045065545752487,weight_decay=0.001,0.37190681274750936,0.4118887931450079,0.37190681278056786,0.36997213614464364,0.6280931872524906,0.0019346766028657258,0.0010425786944125992,0.629549344542457,0.00047851931289932814,nan,0.99199462017035,0.002977255297278325,0.9952822140025303
0.35,mean,same_time,ridge,2500,2500,0,7,"[20260802, 350, 7]",0.3693811544126414,0.37045065545754297,0.37045065545752487,cv-alpha,0.37190681274750936,0.4118887931450079,0.37190681278056786,0.3704972354438162,0.6280931872524906,0.001409577303693177,0.001116081031174776,0.629549344542457,-4.65799862732208e-05,-3.305850038159974e-11,0.993208894679263,0.002525658334867953,0.9959949526523972
0.35,mean,same_time,gp,2500,1500,0,7,"[20260802, 350, 7]",0.36586966391948916,0.37045065545754297,0.37045065545752487,reg=0.1,0.37190681274750936,0.4118887931450079,0.37190681278056786,0.36674642479962083,0.6280931872524906,0.005160387947888534,0.0008767608801316662,0.629549344542457,0.0037042306579221362,nan,0.9837670388896079,0.0060371488280202,0.990479640407467
0.35,mean,same_time,mlp,2500,2500,0,7,"[20260802, 350, 7]",0.36509672061625853,0.37045065545754297,0.37045065545752487,weight_decay=0.1,0.37190681274750936,0.4118887931450079,0.37190681278056786,0.36997213614464364,0.6280931872524906,0.0019346766028657258,0.0048754155283851075,0.629549344542457,0.00047851931289932814,nan,0.9816887136835692,0.006810092131250833,0.9892738116932378
0.35,mean,same_time,ridge,5000,5000,0,7,"[20260802, 350, 7]",0.37009071260901216,0.37045065545754297,0.37045065545752487,cv-alpha,0.37190681274750936,0.4118887931450079,0.37190681278056786,0.3704972354438162,0.6280931872524906,0.001409577303693177,0.00040652283480402396,0.629549344542457,-4.65799862732208e-05,-3.305850038159974e-11,0.9951167871191159,0.0018161001384972009,0.9971168862329062
0.35,mean,same_time,gp,5000,1500,0,7,"[20260802, 350, 7]",0.368419278681819,0.37045065545754297,0.37045065545752487,reg=0.1,0.37190681274750936,0.4118887931450079,0.37190681278056786,0.36674642479962083,0.6280931872524906,0.005160387947888534,-0.0016728538821981775,0.629549344542457,0.0037042306579221362,nan,0.9906225593451065,0.0034875340656903564,0.9944780865723521
0.35,mean,same_time,mlp,5000,5000,0,7,"[20260802, 350, 7]",0.36947707847402245,0.37045065545754297,0.37045065545752487,weight_decay=0.001,0.37190681274750936,0.4118887931450079,0.37190681278056786,0.36997213614464364,0.6280931872524906,0.0019346766028657258,0.0004950576706211907,0.629549344542457,0.00047851931289932814,nan,0.9934668196703982,0.0024297342734869165,0.9961464774863275
0.35,mean,same_time,ridge,20000,20000,1,7,"[20260802, 350, 7]",0.3704972354438162,0.37045065545754297,0.37045065545752487,cv-alpha,0.37190681274750936,0.4118887931450079,0.37190681278056786,0.3704972354438162,0.6280931872524906,0.001409577303693177,0.0,0.629549344542457,-4.65799862732208e-05,-3.305850038159974e-11,0.9962098642579851,0.001409577303693177,0.9977608083982173
0.35,mean,same_time,gp,20000,1500,1,7,"[20260802, 350, 7]",0.36674642479962083,0.37045065545754297,0.37045065545752487,reg=0.3,0.37190681274750936,0.4118887931450079,0.37190681278056786,0.36674642479962083,0.6280931872524906,0.005160387947888534,0.0,0.629549344542457,0.0037042306579221362,nan,0.9861245135313185,0.005160387947888534,0.9918509927934388
0.35,mean,same_time,mlp,20000,20000,1,7,"[20260802, 350, 7]",0.36997213614464364,0.37045065545754297,0.37045065545752487,weight_decay=0.001,0.37190681274750936,0.4118887931450079,0.37190681278056786,0.36997213614464364,0.6280931872524906,0.0019346766028657258,0.0,0.629549344542457,0.00047851931289932814,nan,0.9947979533136996,0.0019346766028657258,0.9969292205728382
0.35,mean,dispersed,ridge,100,100,0,7,"[20260802, 350, 7]",0.6976539092810217,0.7324995391968909,0.7324995391969596,cv-alpha,0.726640120027032,0.4118887931450079,0.7266401200429997,0.7324061450883459,0.27335987997296796,-0.005766025061313851,0.03475223580732423,0.2675004608031091,9.339410854503072e-05,-1.596767162936885e-11,0.9601092618655133,0.028986210746010377,0.904129037431636
0.35,mean,dispersed,gp,100,100,0,7,"[20260802, 350, 7]",0.6557754503256815,0.7324995391968909,0.7324995391969596,reg=1,0.726640120027032,0.4118887931450079,0.7266401200429997,0.715682711621675,0.27335987997296796,0.010957408405357083,0.05990726129599344,0.2675004608031091,0.016816827575215965,nan,0.9024762495928325,0.07086466970135052,0.7941324354454156
0.35,mean,dispersed,mlp,100,100,0,7,"[20260802, 350, 7]",0.6978642904469535,0.7324995391968909,0.7324995391969596,weight_decay=0.1,0.726640120027032,0.4118887931450079,0.7266401200429997,0.7312322009445276,0.27335987997296796,-0.004592080917495522,0.03336791049757404,0.2675004608031091,0.0012673382523633592,nan,0.9603987878084573,0.028775829580078516,0.9047585946638118
0.35,mean,dispersed,ridge,250,250,0,7,"[20260802, 350, 7]",0.7260562943297102,0.7324995391968909,0.7324995391969596,cv-alpha,0.726640120027032,0.4118887931450079,0.7266401200429997,0.7324061450883459,0.27335987997296796,-0.005766025061313851,0.0063498507586357,0.2675004608031091,9.339410854503072e-05,-1.596767162936885e-11,0.9991965407892698,0.0005838256973218492,0.9978688114191442
0.35,mean,dispersed,gp,250,250,0,7,"[20260802, 350, 7]",0.6805417074882524,0.7324995391968909,0.7324995391969596,reg=3,0.726640120027032,0.4118887931450079,0.7266401200429997,0.715682711621675,0.27335987997296796,0.010957408405357083,0.03514100413342258,0.2675004608031091,0.016816827575215965,nan,0.9365594999942134,0.046098412538779665,0.8556981815174372
0.35,mean,dispersed,mlp,250,250,0,7,"[20260802, 350, 7]",0.7243395859538804,0.7324995391968909,0.7324995391969596,weight_decay=0.1,0.726640120027032,0.4118887931450079,0.7266401200429997,0.7312322009445276,0.27335987997296796,-0.004592080917495522,0.0068926149906471945,0.2675004608031091,0.0012673382523633592,nan,0.9968340117621552,0.002300534073151672,0.9916544634052288
0.35,mean,dispersed,ridge,500,500,0,7,"[20260802, 350, 7]",0.7262628744087205,0.7324995391968909,0.7324995391969596,cv-alpha,0.726640120027032,0.4118887931450079,0.7266401200429997,0.7324061450883459,0.27335987997296796,-0.005766025061313851,0.00614327067962539,0.2675004608031091,9.339410854503072e-05,-1.596767162936885e-11,0.9994808356875512,0.00037724561831153913,0.9986218690011569
0.35,mean,dispersed,gp,500,500,0,7,"[20260802, 350, 7]",0.7025723229670456,0.7324995391968909,0.7324995391969596,reg=1,0.726640120027032,0.4118887931450079,0.7266401200429997,0.715682711621675,0.27335987997296796,0.010957408405357083,0.013110388654629324,0.2675004608031091,0.016816827575215965,nan,0.966877968341342,0.024067797059986407,0.9190801700094651
0.35,mean,dispersed,mlp,500,500,0,7,"[20260802, 350, 7]",0.7242691610305982,0.7324995391968909,0.7324995391969596,weight_decay=0.1,0.726640120027032,0.4118887931450079,0.7266401200429997,0.7312322009445276,0.27335987997296796,-0.004592080917495522,0.006963039913929325,0.2675004608031091,0.0012673382523633592,nan,0.9967370931894792,0.002370958996433803,0.9914011831056122
0.35,mean,dispersed,ridge,1000,1000,0,7,"[20260802, 350, 7]",0.7300497831470458,0.7324995391968909,0.7324995391969596,cv-alpha,0.726640120027032,0.4118887931450079,0.7266401200429997,0.7324061450883459,0.27335987997296796,-0.005766025061313851,0.002356361941300067,0.2675004608031091,9.339410854503072e-05,-1.596767162936885e-11,1.0046923683760909,-0.003409663120013784,1.0126307108020256
0.35,mean,dispersed,gp,1000,1000,0,7,"[20260802, 350, 7]",0.709693699791168,0.7324995391968909,0.7324995391969596,reg=3,0.726640120027032,0.4118887931450079,0.7266401200429997,0.715682711621675,0.27335987997296796,0.010957408405357083,0.0059890118305069295,0.2675004608031091,0.016816827575215965,nan,0.9766783862206321,0.016946420235864013,0.9416257235076414
0.35,mean,dispersed,mlp,1000,1000,0,7,"[20260802, 350, 7]",0.7258757006841344,0.7324995391968909,0.7324995391969596,weight_decay=0.01,0.726640120027032,0.4118887931450079,0.7266401200429997,0.7312322009445276,0.27335987997296796,-0.004592080917495522,0.005356500260393138,0.2675004608031091,0.0012673382523633592,nan,0.9989480083443931,0.0007644193428976154,0.997211413417908
0.35,mean,dispersed,ridge,2500,2500,0,7,"[20260802, 350, 7]",0.7321961568439873,0.7324995391968909,0.7324995391969596,cv-alpha,0.726640120027032,0.4118887931450079,0.7266401200429997,0.7324061450883459,0.27335987997296796,-0.005766025061313851,0.0002099882443585832,0.2675004608031091,9.339410854503072e-05,-1.596767162936885e-11,1.0076462015567604,-0.005556036816955268,1.020746665736677
0.35,mean,dispersed,gp,2500,1500,0,7,"[20260802, 350, 7]",0.7083417679366617,0.7324995391968909,0.7324995391969596,reg=3,0.726640120027032,0.4118887931450079,0.7266401200429997,0.715682711621675,0.27335987997296796,0.010957408405357083,0.007340943685013257,0.2675004608031091,0.016816827575215965,nan,0.9748178615712967,0.01829835209037034,0.9372609785058404
0.35,mean,dispersed,mlp,2500,2500,0,7,"[20260802, 350, 7]",0.7298027390354134,0.7324995391968909,0.7324995391969596,weight_decay=0.01,0.726640120027032,0.4118887931450079,0.7266401200429997,0.7312322009445276,0.27335987997296796,-0.004592080917495522,0.0014294619091141936,0.2675004608031091,0.0012673382523633592,nan,1.0043523869949043,-0.003162619008381329,1.0117048522146042
0.35,mean,dispersed,ridge,5000,5000,0,7,"[20260802, 350, 7]",0.7323620853800317,0.7324995391968909,0.7324995391969596,cv-alpha,0.726640120027032,0.4118887931450079,0.7266401200429997,0.7324061450883459,0.27335987997296796,-0.005766025061313851,4.405970831422579e-05,0.2675004608031091,9.339410854503072e-05,-1.596767162936885e-11,1.007874551920952,-0.005721965352999625,1.0213795020825973
0.35,mean,dispersed,gp,5000,1500,0,7,"[20260802, 350, 7]",0.7149245989073594,0.7324995391968909,0.7324995391969596,reg=1,0.726640120027032,0.4118887931450079,0.7266401200429997,0.715682711621675,0.27335987997296796,0.010957408405357083,0.0007581127143155841,0.2675004608031091,0.016816827575215965,nan,0.9838771342281006,0.011715521119672667,0.9589037809829636
0.35,mean,dispersed,mlp,5000,5000,0,7,"[20260802, 350, 7]",0.7310943152367324,0.7324995391968909,0.7324995391969596,weight_decay=0.01,0.726640120027032,0.4118887931450079,0.7266401200429997,0.7312322009445276,0.27335987997296796,-0.004592080917495522,0.00013788570779516007,0.2675004608031091,0.0012673382523633592,nan,1.0061298503715081,-0.004454195209700362,1.016564154133155
0.35,mean,dispersed,ridge,20000,20000,1,7,"[20260802, 350, 7]",0.7324061450883459,0.7324995391968909,0.7324995391969596,cv-alpha,0.726640120027032,0.4118887931450079,0.7266401200429997,0.7324061450883459,0.27335987997296796,-0.005766025061313851,0.0,0.2675004608031091,9.339410854503072e-05,-1.596767162936885e-11,1.0079351867621889,-0.005766025061313851,1.0215476736684312
0.35,mean,dispersed,gp,20000,1500,1,7,"[20260802, 350, 7]",0.715682711621675,0.7324995391968909,0.7324995391969596,reg=3,0.726640120027032,0.4118887931450079,0.7266401200429997,0.715682711621675,0.27335987997296796,0.010957408405357083,0.0,0.2675004608031091,0.016816827575215965,nan,0.9849204467199671,0.010957408405357083,0.9614606327042038
0.35,mean,dispersed,mlp,20000,20000,1,7,"[20260802, 350, 7]",0.7312322009445276,0.7324995391968909,0.7324995391969596,weight_decay=0.01,0.726640120027032,0.4118887931450079,0.7266401200429997,0.7312322009445276,0.27335987997296796,-0.004592080917495522,0.0,0.2675004608031091,0.0012673382523633592,nan,1.0063196082777877,-0.004592080917495522,1.0170856811479405
0.35,occupation,same_time,ridge,100,100,0,8,"[20260802, 350, 8]",0.3561063087867009,0.36014021841427935,0.35828114176275383,cv-alpha,0.35476938326909135,0.06927111337998818,0.3519508945037059,0.35827152621675873,0.6452306167309086,-0.003502142947667375,0.0021652174300578197,0.6398597815857207,0.001868692197520616,0.0028184887653854296,1.0037684354418923,-0.0013369255176095551,1.0020763140497468
0.35,occupation,same_time,gp,100,100,0,8,"[20260802, 350, 8]",0.3417560143356909,0.36014021841427935,0.35828114176275383,reg=0.3,0.35476938326909135,0.06927111337998818,0.3519508945037059,0.35384873600790756,0.6452306167309086,0.0009206472611837935,0.012092721672216644,0.6398597815857207,0.0062914824063717845,nan,0.9633187937090675,0.013013368933400438,0.9802301741955649
0.35,occupation,same_time,mlp,100,100,0,8,"[20260802, 350, 8]",0.3487325280020521,0.36014021841427935,0.35828114176275383,weight_decay=1,0.35476938326909135,0.06927111337998818,0.3519508945037059,0.35996218859489215,0.6452306167309086,-0.005192805325800798,0.01122966059284003,0.6398597815857207,0.0001780298193871932,nan,0.982983719701482,0.006036855267039232,0.9907306052787813
0.35,occupation,same_time,ridge,250,250,0,8,"[20260802, 350, 8]",0.35827868618481484,0.36014021841427935,0.35828114176275383,cv-alpha,0.35476938326909135,0.06927111337998818,0.3519508945037059,0.35827152621675873,0.6452306167309086,-0.003502142947667375,-7.159968056114074e-06,0.6398597815857207,0.001868692197520616,0.0028184887653854296,1.0098917862736247,-0.003509302915723489,1.0054685777769479
0.35,occupation,same_time,gp,250,250,0,8,"[20260802, 350, 8]",0.3378997536712207,0.36014021841427935,0.35828114176275383,reg=3,0.35476938326909135,0.06927111337998818,0.3519508945037059,0.35384873600790756,0.6452306167309086,0.0009206472611837935,0.015948982336686846,0.6398597815857207,0.0062914824063717845,nan,0.9524490263437556,0.01686962959787064,0.9745210341010904
0.35,occupation,same_time,mlp,250,250,0,8,"[20260802, 350, 8]",0.35298133129841935,0.36014021841427935,0.35828114176275383,weight_decay=0.01,0.35476938326909135,0.06927111337998818,0.3519508945037059,0.35996218859489215,0.6452306167309086,-0.005192805325800798,0.006980857296472798,0.6398597815857207,0.0001780298193871932,nan,0.9949599597513301,0.001788051970672,0.9972364754570989
0.35,occupation,same_time,ridge,500,500,0,8,"[20260802, 350, 8]",0.35765524495024303,0.36014021841427935,0.35828114176275383,cv-alpha,0.35476938326909135,0.06927111337998818,0.3519508945037059,0.35827152621675873,0.6452306167309086,-0.003502142947667375,0.0006162812665156947,0.6398597815857207,0.001868692197520616,0.0028184887653854296,1.008134472187423,-0.00288586168115168,1.0044926990661396
0.35,occupation,same_time,gp,500,500,0,8,"[20260802, 350, 8]",0.3546524604884195,0.36014021841427935,0.35828114176275383,reg=0.01,0.35476938326909135,0.06927111337998818,0.3519508945037059,0.35384873600790756,0.6452306167309086,0.0009206472611837935,-0.0008037244805119137,0.6398597815857207,0.0062914824063717845,nan,0.9996704259550402,0.00011692278067187978,0.9998188219935565
0.35,occupation,same_time,mlp,500,500,0,8,"[20260802, 350, 8]",0.3576519798653105,0.36014021841427935,0.35828114176275383,weight_decay=0.01,0.35476938326909135,0.06927111337998818,0.3519508945037059,0.35996218859489215,0.6452306167309086,-0.005192805325800798,0.002310208729581653,0.6398597815857207,0.0001780298193871932,nan,1.0081252687863222,-0.0028825965962191447,1.004487593182921
0.35,occupation,same_time,ridge,1000,1000,0,8,"[20260802, 350, 8]",0.35835371014017525,0.36014021841427935,0.35828114176275383,cv-alpha,0.35476938326909135,0.06927111337998818,0.3519508945037059,0.35827152621675873,0.6452306167309086,-0.003502142947667375,-8.218392341652336e-05,0.6398597815857207,0.001868692197520616,0.0028184887653854296,1.0101032587368601,-0.0035843268710838982,1.0055861413487903
0.35,occupation,same_time,gp,1000,1000,0,8,"[20260802, 350, 8]",0.3556252091120071,0.36014021841427935,0.35828114176275383,reg=0.3,0.35476938326909135,0.06927111337998818,0.3519508945037059,0.35384873600790756,0.6452306167309086,0.0009206472611837935,-0.001776473104099563,0.6398597815857207,0.0062914824063717845,nan,1.002412344140381,-0.0008558258429157695,1.0013281491688035
0.35,occupation,same_time,mlp,1000,1000,0,8,"[20260802, 350, 8]",0.3579421895724999,0.36014021841427935,0.35828114176275383,weight_decay=0.01,0.35476938326909135,0.06927111337998818,0.3519508945037059,0.35996218859489215,0.6452306167309086,-0.005192805325800798,0.0020199990223922493,0.6398597815857207,0.0001780298193871932,nan,1.008943292327461,-0.0031728063034085485,1.0049416209130702
0.35,occupation,same_time,ridge,2500,2500,0,8,"[20260802, 350, 8]",0.3581238868861132,0.36014021841427935,0.35828114176275383,cv-alpha,0.35476938326909135,0.06927111337998818,0.3519508945037059,0.35827152621675873,0.6452306167309086,-0.003502142947667375,0.0001476393306455437,0.6398597815857207,0.001868692197520616,0.0028184887653854296,1.0094554484553067,-0.003354503617021831,1.005226091995772
0.35,occupation,same_time,gp,2500,1500,0,8,"[20260802, 350, 8]",0.35701033723260733,0.36014021841427935,0.35828114176275383,reg=0.1,0.35476938326909135,0.06927111337998818,0.3519508945037059,0.35384873600790756,0.6452306167309086,0.0009206472611837935,-0.0031616012246997727,0.6398597815857207,0.0062914824063717845,nan,1.0063166498271814,-0.002240953963515979,1.0034852099392564
0.35,occupation,same_time,mlp,2500,2500,0,8,"[20260802, 350, 8]",0.3588024963799271,0.36014021841427935,0.35828114176275383,weight_decay=0.01,0.35476938326909135,0.06927111337998818,0.3519508945037059,0.35996218859489215,0.6452306167309086,-0.005192805325800798,0.0011596922149650357,0.6398597815857207,0.0001780298193871932,nan,1.0113682671082602,-0.004033113110835762,1.006289970076405
0.35,occupation,same_time,ridge,5000,5000,0,8,"[20260802, 350, 8]",0.35831382576529214,0.36014021841427935,0.35828114176275383,cv-alpha,0.35476938326909135,0.06927111337998818,0.3519508945037059,0.35827152621675873,0.6452306167309086,-0.003502142947667375,-4.229954853340878e-05,0.6398597815857207,0.001868692197520616,0.0028184887653854296,1.009990835352081,-0.0035444424962007837,1.005523638561214
0.35,occupation,same_time,gp,5000,1500,0,8,"[20260802, 350, 8]",0.35652108831696483,0.36014021841427935,0.35828114176275383,reg=0.001,0.35476938326909135,0.06927111337998818,0.3519508945037059,0.35384873600790756,0.6452306167309086,0.0009206472611837935,-0.0026723523090572687,0.6398597815857207,0.0062914824063717845,nan,1.0049375879951423,-0.0017517050478734753,1.0027222415778814
0.35,occupation,same_time,mlp,5000,5000,0,8,"[20260802, 350, 8]",0.3584366332258766,0.36014021841427935,0.35828114176275383,weight_decay=0.1,0.35476938326909135,0.06927111337998818,0.3519508945037059,0.35996218859489215,0.6452306167309086,-0.005192805325800798,0.0015255553690155521,0.6398597815857207,0.0001780298193871932,nan,1.0103369967357179,-0.0036672499567852457,1.0057161149571627
0.35,occupation,same_time,ridge,20000,20000,1,8,"[20260802, 350, 8]",0.35827152621675873,0.36014021841427935,0.35828114176275383,cv-alpha,0.35476938326909135,0.06927111337998818,0.3519508945037059,0.35827152621675873,0.6452306167309086,-0.003502142947667375,0.0,0.6398597815857207,0.001868692197520616,0.0028184887653854296,1.0098716042387768,-0.003502142947667375,1.0054573594452196
0.35,occupation,same_time,gp,20000,1500,1,8,"[20260802, 350, 8]",0.35384873600790756,0.36014021841427935,0.35828114176275383,reg=1,0.35476938326909135,0.06927111337998818,0.3519508945037059,0.35384873600790756,0.6452306167309086,0.0009206472611837935,0.0,0.6398597815857207,0.0062914824063717845,nan,0.997404941619538,0.0009206472611837935,0.9985751830685964
0.35,occupation,same_time,mlp,20000,20000,1,8,"[20260802, 350, 8]",0.35996218859489215,0.36014021841427935,0.35828114176275383,weight_decay=0.001,0.35476938326909135,0.06927111337998818,0.3519508945037059,0.35996218859489215,0.6452306167309086,-0.005192805325800798,0.0,0.6398597815857207,0.0001780298193871932,nan,1.014637129275223,-0.005192805325800798,1.008113278986441
0.35,occupation,dispersed,ridge,100,100,0,8,"[20260802, 350, 8]",0.6687813905998669,0.6992561907512435,0.6885597329608055,cv-alpha,0.6989454202527748,0.06927111337998818,0.6876497860293475,0.6883290430031952,0.30105457974722516,0.010616377249579645,0.01954765240332834,0.30074380924875654,0.01092714774804826,0.011295634223427387,0.9568435119840987,0.030164029652907987,0.9089301482560482
0.35,occupation,dispersed,gp,100,100,0,8,"[20260802, 350, 8]",0.6697445218810913,0.6992561907512435,0.6885597329608055,reg=1,0.6989454202527748,0.06927111337998818,0.6876497860293475,0.6891534638210944,0.30105457974722516,0.009791956431680404,0.019408941940003088,0.30074380924875654,0.01010272693014902,nan,0.9582214897965524,0.029200898371683492,0.911580881146899
0.35,occupation,dispersed,mlp,100,100,0,8,"[20260802, 350, 8]",0.6739552939999178,0.6992561907512435,0.6885597329608055,weight_decay=0.1,0.6989454202527748,0.06927111337998818,0.6876497860293475,0.6977196124525511,0.30105457974722516,0.0012258078002237438,0.02376431845263327,0.30074380924875654,0.0015365782986923593,nan,0.9642459546500508,0.024990126252857014,0.9233536818940078
0.35,occupation,dispersed,ridge,250,250,0,8,"[20260802, 350, 8]",0.681742544284605,0.6992561907512435,0.6885597329608055,cv-alpha,0.6989454202527748,0.06927111337998818,0.6876497860293475,0.6883290430031952,0.30105457974722516,0.010616377249579645,0.0065864987185901835,0.30074380924875654,0.01092714774804826,0.011295634223427387,0.9753873829490887,0.01720287596816983,0.94594666783375
0.35,occupation,dispersed,gp,250,250,0,8,"[20260802, 350, 8]",0.6719303592277921,0.6992561907512435,0.6885597329608055,reg=3,0.6989454202527748,0.06927111337998818,0.6876497860293475,0.6891534638210944,0.30105457974722516,0.009791956431680404,0.01722310459330234,0.30074380924875654,0.01010272693014902,nan,0.9613488260425075,0.027015061024982745,0.9176544926211554
0.35,occupation,dispersed,mlp,250,250,0,8,"[20260802, 350, 8]",0.6849929831372153,0.6992561907512435,0.6885597329608055,weight_decay=0.1,0.6989454202527748,0.06927111337998818,0.6876497860293475,0.6977196124525511,0.30105457974722516,0.0012258078002237438,0.012726629315335747,0.30074380924875654,0.0015365782986923593,nan,0.9800378731854147,0.01395243711555949,0.9557075354875758
0.35,occupation,dispersed,ridge,500,500,0,8,"[20260802, 350, 8]",0.6847806882235778,0.6992561907512435,0.6885597329608055,cv-alpha,0.6989454202527748,0.06927111337998818,0.6876497860293475,0.6883290430031952,0.30105457974722516,0.010616377249579645,0.0035483547796173465,0.30074380924875654,0.01092714774804826,0.011295634223427387,0.9797341371461104,0.014164732029196991,0.9550638825096994
0.35,occupation,dispersed,gp,500,500,0,8,"[20260802, 350, 8]",0.683710701346717,0.6992561907512435,0.6885597329608055,reg=1,0.6989454202527748,0.06927111337998818,0.6876497860293475,0.6891534638210944,0.30105457974722516,0.009791956431680404,0.005442762474377472,0.30074380924875654,0.01010272693014902,nan,0.9782032781607637,0.015234718906057876,0.9518329612448944
0.35,occupation,dispersed,mlp,500,500,0,8,"[20260802, 350, 8]",0.6877222775201298,0.6992561907512435,0.6885597329608055,weight_decay=0.1,0.6989454202527748,0.06927111337998818,0.6876497860293475,0.6977196124525511,0.30105457974722516,0.0012258078002237438,0.009997334932421276,0.30074380924875654,0.0015365782986923593,nan,0.9839427480208882,0.01122314273264502,0.9640603798326713
0.35,occupation,dispersed,ridge,1000,1000,0,8,"[20260802, 350, 8]",0.6878210843946508,0.6992561907512435,0.6885597329608055,cv-alpha,0.6989454202527748,0.06927111337998818,0.6876497860293475,0.6883290430031952,0.30105457974722516,0.010616377249579645,0.0005079586085443566,0.30074380924875654,0.01092714774804826,0.011295634223427387,0.9840841136721364,0.011124335858124001,0.9643655118842581
0.35,occupation,dispersed,gp,1000,1000,0,8,"[20260802, 350, 8]",0.6912975015385046,0.6992561907512435,0.6885597329608055,reg=3,0.6989454202527748,0.06927111337998818,0.6876497860293475,0.6891534638210944,0.30105457974722516,0.009791956431680404,-0.002144037717410119,0.30074380924875654,0.01010272693014902,nan,0.9890579171239088,0.007647918714270285,0.9752256015018155
0.35,occupation,dispersed,mlp,1000,1000,0,8,"[20260802, 350, 8]",0.6915878085121399,0.6992561907512435,0.6885597329608055,weight_decay=0.1,0.6989454202527748,0.06927111337998818,0.6876497860293475,0.6977196124525511,0.30105457974722516,0.0012258078002237438,0.00613180394041124,0.30074380924875654,0.0015365782986923593,nan,0.9894732671143706,0.007357611740634984,0.9761435768633531
0.35,occupation,dispersed,ridge,2500,2500,0,8,"[20260802, 350, 8]",0.6877080115378515,0.6992561907512435,0.6885597329608055,cv-alpha,0.6989454202527748,0.06927111337998818,0.6876497860293475,0.6883290430031952,0.30105457974722516,0.010616377249579645,0.0006210314653436466,0.30074380924875654,0.01092714774804826,0.011295634223427387,0.9839223372965814,0.011237408714923292,0.964016340059632
0.35,occupation,dispersed,gp,2500,1500,0,8,"[20260802, 350, 8]",0.6919893763244658,0.6992561907512435,0.6885597329608055,reg=3,0.6989454202527748,0.06927111337998818,0.6876497860293475,0.6891534638210944,0.30105457974722516,0.009791956431680404,-0.0028359125033713406,0.30074380924875654,0.01010272693014902,nan,0.9900478009773733,0.006956043928309064,0.9774162207611491
0.35,occupation,dispersed,mlp,2500,2500,0,8,"[20260802, 350, 8]",0.6966405886269,0.6992561907512435,0.6885597329608055,weight_decay=0.01,0.6989454202527748,0.06927111337998818,0.6876497860293475,0.6977196124525511,0.30105457974722516,0.0012258078002237438,0.0010790238256510598,0.30074380924875654,0.0015365782986923593,nan,0.996702415440334,0.0023048316258748036,0.9924023071661353
0.35,occupation,dispersed,ridge,5000,5000,0,8,"[20260802, 350, 8]",0.6880459484697601,0.6992561907512435,0.6885597329608055,cv-alpha,0.6989454202527748,0.06927111337998818,0.6876497860293475,0.6883290430031952,0.30105457974722516,0.010616377249579645,0.00028309453343511315,0.30074380924875654,0.01092714774804826,0.011295634223427387,0.9844058327486102,0.010899471783014758,0.9650606500234596
0.35,occupation,dispersed,gp,5000,1500,0,8,"[20260802, 350, 8]",0.6902061019469807,0.6992561907512435,0.6885597329608055,reg=3,0.6989454202527748,0.06927111337998818,0.6876497860293475,0.6891534638210944,0.30105457974722516,0.009791956431680404,-0.001052638125886296,0.30074380924875654,0.01010272693014902,nan,0.9874964223921325,0.008739318305794108,0.9717898952796726
0.35,occupation,dispersed,mlp,5000,5000,0,8,"[20260802, 350, 8]",0.6973003879626704,0.6992561907512435,0.6885597329608055,weight_decay=0.01,0.6989454202527748,0.06927111337998818,0.6876497860293475,0.6977196124525511,0.30105457974722516,0.0012258078002237438,0.0004192244898807429,0.30074380924875654,0.0015365782986923593,nan,0.9976464080850411,0.0016450322901044867,0.9945654628394383
0.35,occupation,dispersed,ridge,20000,20000,1,8,"[20260802, 350, 8]",0.6883290430031952,0.6992561907512435,0.6885597329608055,cv-alpha,0.6989454202527748,0.06927111337998818,0.6876497860293475,0.6883290430031952,0.30105457974722516,0.010616377249579645,0.0,0.30074380924875654,0.01092714774804826,0.011295634223427387,0.9848108637070113,0.010616377249579645,0.9659372263881216
0.35,occupation,dispersed,gp,20000,1500,1,8,"[20260802, 350, 8]",0.6891534638210944,0.6992561907512435,0.6885597329608055,reg=1,0.6989454202527748,0.06927111337998818,0.6876497860293475,0.6891534638210944,0.30105457974722516,0.009791956431680404,0.0,0.30074380924875654,0.01010272693014902,nan,0.9859903847311294,0.009791956431680404,0.9684990653199858
0.35,occupation,dispersed,mlp,20000,20000,1,8,"[20260802, 350, 8]",0.6977196124525511,0.6992561907512435,0.6885597329608055,weight_decay=0.01,0.6989454202527748,0.06927111337998818,0.6876497860293475,0.6977196124525511,0.30105457974722516,0.0012258078002237438,0.0,0.30074380924875654,0.0015365782986923593,nan,0.9982462038312228,0.0012258078002237438,0.9959447987672329
0.35,mean,same_time,ridge,100,100,0,8,"[20260802, 350, 8]",0.37224557673340697,0.37539638374192286,0.37539638374221296,cv-alpha,0.37190681274750936,0.4118887931450079,0.37190681278056786,0.37537487740438724,0.6280931872524906,-0.0034680646568778783,0.003129300670980273,0.6246036162580771,2.150633753561504e-05,-3.305850038159974e-11,1.0009108840555916,-0.0003387639858976055,1.0005396441241063
0.35,mean,same_time,gp,100,100,0,8,"[20260802, 350, 8]",0.2933125187927236,0.37539638374192286,0.37539638374221296,reg=10,0.37190681274750936,0.4118887931450079,0.37190681278056786,0.3666573880277334,0.6280931872524906,0.005249424719775964,0.07334486923500982,0.6246036162580771,0.008738995714189457,nan,0.7886720778945663,0.07859429395478579,0.888784935286361
0.35,mean,same_time,mlp,100,100,0,8,"[20260802, 350, 8]",0.3208159156309639,0.37539638374192286,0.37539638374221296,weight_decay=0.001,0.37190681274750936,0.4118887931450079,0.37190681278056786,0.37508585110874826,0.6280931872524906,-0.003179038361238895,0.05426993547778436,0.6246036162580771,0.00031053263317459834,nan,0.8626244656850868,0.051090897116545464,0.9247760683850402
0.35,mean,same_time,ridge,250,250,0,8,"[20260802, 350, 8]",0.37406241287572184,0.37539638374192286,0.37539638374221296,cv-alpha,0.37190681274750936,0.4118887931450079,0.37190681278056786,0.37537487740438724,0.6280931872524906,-0.0034680646568778783,0.0013124645286654024,0.6246036162580771,2.150633753561504e-05,-3.305850038159974e-11,1.0057960759371083,-0.002155600128212476,1.003443794034028
0.35,mean,same_time,gp,250,250,0,8,"[20260802, 350, 8]",0.3293030329303437,0.37539638374192286,0.37539638374221296,reg=3,0.37190681274750936,0.4118887931450079,0.37190681278056786,0.3666573880277334,0.6280931872524906,0.005249424719775964,0.03735435509738971,0.6246036162580771,0.008738995714189457,nan,0.8854450137591597,0.04260377981716568,0.9364783472880369
0.35,mean,same_time,mlp,250,250,0,8,"[20260802, 350, 8]",0.34994914718001957,0.37539638374192286,0.37539638374221296,weight_decay=0.001,0.37190681274750936,0.4118887931450079,0.37190681278056786,0.37508585110874826,0.6280931872524906,-0.003179038361238895,0.025136703928728688,0.6246036162580771,0.00031053263317459834,nan,0.9409592273793677,0.021957665567489792,0.966221618705313
0.35,mean,same_time,ridge,500,500,0,8,"[20260802, 350, 8]",0.3753553567879361,0.37539638374192286,0.37539638374221296,cv-alpha,0.37190681274750936,0.4118887931450079,0.37190681278056786,0.37537487740438724,0.6280931872524906,-0.0034680646568778783,1.9520616451162986e-05,0.6246036162580771,2.150633753561504e-05,-3.305850038159974e-11,1.0092726024967118,-0.0034485440404267154,1.0055208094360555
0.35,mean,same_time,gp,500,500,0,8,"[20260802, 350, 8]",0.3562421228370235,0.37539638374192286,0.37539638374221296,reg=0.001,0.37190681274750936,0.4118887931450079,0.37190681278056786,0.3666573880277334,0.6280931872524906,0.005249424719775964,0.0104152651907099,0.6246036162580771,0.008738995714189457,nan,0.9578800673352528,0.015664689910485863,0.9756667988599693
0.35,mean,same_time,mlp,500,500,0,8,"[20260802, 350, 8]",0.3593134669540373,0.37539638374192286,0.37539638374221296,weight_decay=1,0.37190681274750936,0.4118887931450079,0.37190681278056786,0.37508585110874826,0.6280931872524906,-0.003179038361238895,0.01577238415471094,0.6246036162580771,0.00031053263317459834,nan,0.9661384374745999,0.012593345793472044,0.9803439823627936
0.35,mean,same_time,ridge,1000,1000,0,8,"[20260802, 350, 8]",0.3746089461059381,0.37539638374192286,0.37539638374221296,cv-alpha,0.37190681274750936,0.4118887931450079,0.37190681278056786,0.37537487740438724,0.6280931872524906,-0.0034680646568778783,0.0007659312984491518,0.6246036162580771,2.150633753561504e-05,-3.305850038159974e-11,1.0072656194127405,-0.0027021333584287266,1.004320709964755
0.35,mean,same_time,gp,1000,1000,0,8,"[20260802, 350, 8]",0.3692688179547712,0.37539638374192286,0.37539638374221296,reg=0.1,0.37190681274750936,0.4118887931450079,0.37190681278056786,0.3666573880277334,0.6280931872524906,0.005249424719775964,-0.0026114299270377783,0.6246036162580771,0.008738995714189457,nan,0.9929068392879129,0.0026379947927381853,0.9958175608439334
0.35,mean,same_time,mlp,1000,1000,0,8,"[20260802, 350, 8]",0.3724184577036034,0.37539638374192286,0.37539638374221296,weight_decay=0.001,0.37190681274750936,0.4118887931450079,0.37190681278056786,0.37508585110874826,0.6280931872524906,-0.003179038361238895,0.00266739340514488,0.6246036162580771,0.00031053263317459834,nan,1.0013757342929919,-0.0005116449560940151,1.0008152645060622
0.35,mean,same_time,ridge,2500,2500,0,8,"[20260802, 350, 8]",0.375341139619499,0.37539638374192286,0.37539638374221296,cv-alpha,0.37190681274750936,0.4118887931450079,0.37190681278056786,0.37537487740438724,0.6280931872524906,-0.0034680646568778783,3.373778488824364e-05,0.6246036162580771,2.150633753561504e-05,-3.305850038159974e-11,1.0092343747258032,-0.0034343268719896347,1.0054979238906459
0.35,mean,same_time,gp,2500,1500,0,8,"[20260802, 350, 8]",0.37060400965027773,0.37539638374192286,0.37539638374221296,reg=3,0.37190681274750936,0.4118887931450079,0.37190681278056786,0.3666573880277334,0.6280931872524906,0.005249424719775964,-0.003946621622544333,0.6246036162580771,0.008738995714189457,nan,0.996496963614065,0.0013028030972316307,0.9979300740436752
0.35,mean,same_time,mlp,2500,2500,0,8,"[20260802, 350, 8]",0.37377169921412656,0.37539638374192286,0.37539638374221296,weight_decay=0.01,0.37190681274750936,0.4118887931450079,0.37190681278056786,0.37508585110874826,0.6280931872524906,-0.003179038361238895,0.0013141518946216957,0.6246036162580771,0.00031053263317459834,nan,1.0050143917849745,-0.0018648864666171994,1.0029779658062035
0.35,mean,same_time,ridge,5000,5000,0,8,"[20260802, 350, 8]",0.3753951452112473,0.37539638374192286,0.37539638374221296,cv-alpha,0.37190681274750936,0.4118887931450079,0.37190681278056786,0.37537487740438724,0.6280931872524906,-0.0034680646568778783,-2.0267806860041482e-05,0.6246036162580771,2.150633753561504e-05,-3.305850038159974e-11,1.009379587423977,-0.00348833246373792,1.0055848628728923
0.35,mean,same_time,gp,5000,1500,0,8,"[20260802, 350, 8]",0.3717533412103168,0.37539638374192286,0.37539638374221296,reg=1,0.37190681274750936,0.4118887931450079,0.37190681278056786,0.3666573880277334,0.6280931872524906,0.005249424719775964,-0.005095953182583379,0.6246036162580771,0.008738995714189457,nan,0.9995873387312838,0.00015347153719258433,0.9997557145190581
0.35,mean,same_time,mlp,5000,5000,0,8,"[20260802, 350, 8]",0.37479739897344344,0.37539638374192286,0.37539638374221296,weight_decay=0.01,0.37190681274750936,0.4118887931450079,0.37190681278056786,0.37508585110874826,0.6280931872524906,-0.003179038361238895,0.0002884521353048175,0.6246036162580771,0.00031053263317459834,nan,1.0077723400778262,-0.0028905862259340775,1.004623439219843
0.35,mean,same_time,ridge,20000,20000,1,8,"[20260802, 350, 8]",0.37537487740438724,0.37539638374192286,0.37539638374221296,cv-alpha,0.37190681274750936,0.4118887931450079,0.37190681278056786,0.37537487740438724,0.6280931872524906,-0.0034680646568778783,0.0,0.6246036162580771,2.150633753561504e-05,-3.305850038159974e-11,1.0093250904205198,-0.0034680646568778783,1.0055522337021388
0.35,mean,same_time,gp,20000,1500,1,8,"[20260802, 350, 8]",0.3666573880277334,0.37539638374192286,0.37539638374221296,reg=10,0.37190681274750936,0.4118887931450079,0.37190681278056786,0.3666573880277334,0.6280931872524906,0.005249424719775964,0.0,0.6246036162580771,0.008738995714189457,nan,0.9858851073982884,0.005249424719775964,0.9917115560826881
0.35,mean,same_time,mlp,20000,20000,1,8,"[20260802, 350, 8]",0.37508585110874826,0.37539638374192286,0.37539638374221296,weight_decay=0.001,0.37190681274750936,0.4118887931450079,0.37190681278056786,0.37508585110874826,0.6280931872524906,-0.003179038361238895,0.0,0.6246036162580771,0.00031053263317459834,nan,1.0085479433349267,-0.003179038361238895,1.0050871601593263
0.35,mean,dispersed,ridge,100,100,0,8,"[20260802, 350, 8]",0.7120890026029347,0.7240111998871508,0.7240111998871541,cv-alpha,0.726640120027032,0.4118887931450079,0.7266401200429997,0.7240451100600371,0.27335987997296796,0.00259500996699491,0.011956107457102405,0.2759888001128492,-3.391017288634224e-05,-1.596767162936885e-11,0.9799747949183483,0.014551117424097315,0.9494596678985849
0.35,mean,dispersed,gp,100,100,0,8,"[20260802, 350, 8]",0.6944110617835714,0.7240111998871508,0.7240111998871541,reg=0.3,0.726640120027032,0.4118887931450079,0.7266401200429997,0.7097655413735251,0.27335987997296796,0.016874578653506944,0.015354479589953729,0.2759888001128492,0.014245658513625692,nan,0.9556464646594772,0.03222905824346067,0.8945346044540561
0.35,mean,dispersed,mlp,100,100,0,8,"[20260802, 350, 8]",0.7122036765039004,0.7240111998871508,0.7240111998871541,weight_decay=0.1,0.726640120027032,0.4118887931450079,0.7266401200429997,0.7230401596666209,0.27335987997296796,0.003599960360411103,0.010836483162720567,0.2759888001128492,0.0009710402205298507,nan,0.9801326088042116,0.01443644352313167,0.9498379849062689
0.35,mean,dispersed,ridge,250,250,0,8,"[20260802, 350, 8]",0.7145475690114429,0.7240111998871508,0.7240111998871541,cv-alpha,0.726640120027032,0.4118887931450079,0.7266401200429997,0.7240451100600371,0.27335987997296796,0.00259500996699491,0.009497541048594238,0.2759888001128492,-3.391017288634224e-05,-1.596767162936885e-11,0.9833582667921786,0.012092551015589148,0.9576372463400955
0.35,mean,dispersed,gp,250,250,0,8,"[20260802, 350, 8]",0.6828839449739483,0.7240111998871508,0.7240111998871541,reg=0.3,0.726640120027032,0.4118887931450079,0.7266401200429997,0.7097655413735251,0.27335987997296796,0.016874578653506944,0.026881596399576768,0.2759888001128492,0.014245658513625692,nan,0.9397828803459739,0.04375617505308371,0.8620184176752291
0.35,mean,dispersed,mlp,250,250,0,8,"[20260802, 350, 8]",0.7139664913393267,0.7240111998871508,0.7240111998871541,weight_decay=0.1,0.726640120027032,0.4118887931450079,0.7266401200429997,0.7230401596666209,0.27335987997296796,0.003599960360411103,0.009073668327294282,0.2759888001128492,0.0009710402205298507,nan,0.9825585894056691,0.012673628687705385,0.9556918042677988
0.35,mean,dispersed,ridge,500,500,0,8,"[20260802, 350, 8]",0.7206140355211019,0.7240111998871508,0.7240111998871541,cv-alpha,0.726640120027032,0.4118887931450079,0.7266401200429997,0.7240451100600371,0.27335987997296796,0.00259500996699491,0.003431074538935208,0.2759888001128492,-3.391017288634224e-05,-1.596767162936885e-11,0.9917069201935809,0.006026084505930118,0.9784309690818943
0.35,mean,dispersed,gp,500,500,0,8,"[20260802, 350, 8]",0.70267512289677,0.7240111998871508,0.7240111998871541,reg=1,0.726640120027032,0.4118887931450079,0.7266401200429997,0.7097655413735251,0.27335987997296796,0.016874578653506944,0.007090418476755067,0.2759888001128492,0.014245658513625692,nan,0.9670194413028412,0.02396499713026201,0.919397941525285
0.35,mean,dispersed,mlp,500,500,0,8,"[20260802, 350, 8]",0.7188573566078598,0.7240111998871508,0.7240111998871541,weight_decay=0.1,0.726640120027032,0.4118887931450079,0.7266401200429997,0.7230401596666209,0.27335987997296796,0.003599960360411103,0.004182803058761175,0.2759888001128492,0.0009710402205298507,nan,0.9892893838302201,0.007782763419172278,0.9723173854906215
0.35,mean,dispersed,ridge,1000,1000,0,8,"[20260802, 350, 8]",0.723397471550843,0.7240111998871508,0.7240111998871541,cv-alpha,0.726640120027032,0.4118887931450079,0.7266401200429997,0.7240451100600371,0.27335987997296796,0.00259500996699491,0.0006476385091941372,0.2759888001128492,-3.391017288634224e-05,-1.596767162936885e-11,0.9955374766864394,0.0032426484761890473,0.9882768661068654
0.35,mean,dispersed,gp,1000,1000,0,8,"[20260802, 350, 8]",0.7091425831433315,0.7240111998871508,0.7240111998871541,reg=1,0.726640120027032,0.4118887931450079,0.7266401200429997,0.7097655413735251,0.27335987997296796,0.016874578653506944,0.0006229582301936487,0.2759888001128492,0.014245658513625692,nan,0.9759199411077802,0.017497536883700593,0.9398415310401963
0.35,mean,dispersed,mlp,1000,1000,0,8,"[20260802, 350, 8]",0.7177843744875597,0.7240111998871508,0.7240111998871541,weight_decay=0.01,0.726640120027032,0.4118887931450079,0.7266401200429997,0.7230401596666209,0.27335987997296796,0.003599960360411103,0.005255785179061223,0.2759888001128492,0.0009710402205298507,nan,0.987812748986193,0.008855745539472326,0.9686206406063014
0.35,mean,dispersed,ridge,2500,2500,0,8,"[20260802, 350, 8]",0.7236984036451218,0.7240111998871508,0.7240111998871541,cv-alpha,0.726640120027032,0.4118887931450079,0.7266401200429997,0.7240451100600371,0.27335987997296796,0.00259500996699491,0.00034670641491529874,0.2759888001128492,-3.391017288634224e-05,-1.596767162936885e-11,0.9959516185511463,0.002941716381910209,0.9893532414552831
0.35,mean,dispersed,gp,2500,1500,0,8,"[20260802, 350, 8]",0.7109260595795732,0.7240111998871508,0.7240111998871541,reg=1,0.726640120027032,0.4118887931450079,0.7266401200429997,0.7097655413735251,0.27335987997296796,0.016874578653506944,-0.0011605182060481223,0.2759888001128492,0.014245658513625692,nan,0.9783743561436241,0.015714060447458822,0.9456399963808415
0.35,mean,dispersed,mlp,2500,2500,0,8,"[20260802, 350, 8]",0.7216837560065161,0.7240111998871508,0.7240111998871541,weight_decay=0.1,0.726640120027032,0.4118887931450079,0.7266401200429997,0.7230401596666209,0.27335987997296796,0.003599960360411103,0.0013564036601048102,0.2759888001128492,0.0009710402205298507,nan,0.9931790663852533,0.004956364020515913,0.9821916107037146
0.35,mean,dispersed,ridge,5000,5000,0,8,"[20260802, 350, 8]",0.7238272116211346,0.7240111998871508,0.7240111998871541,cv-alpha,0.726640120027032,0.4118887931450079,0.7266401200429997,0.7240451100600371,0.27335987997296796,0.00259500996699491,0.0002178984389025196,0.2759888001128492,-3.391017288634224e-05,-1.596767162936885e-11,0.9961288837095964,0.0028129084058974296,0.9898146793447349
0.35,mean,dispersed,gp,5000,1500,0,8,"[20260802, 350, 8]",0.7106231684292572,0.7240111998871508,0.7240111998871541,reg=1,0.726640120027032,0.4118887931450079,0.7266401200429997,0.7097655413735251,0.27335987997296796,0.016874578653506944,-0.0008576270557321131,0.2759888001128492,0.014245658513625692,nan,0.97795751823175,0.01601695159777483,0.9446501936218096
0.35,mean,dispersed,mlp,5000,5000,0,8,"[20260802, 350, 8]",0.7226444424280267,0.7240111998871508,0.7240111998871541,weight_decay=0.01,0.726640120027032,0.4118887931450079,0.7266401200429997,0.7230401596666209,0.27335987997296796,0.003599960360411103,0.0003957172385942176,0.2759888001128492,0.0009710402205298507,nan,0.9945011602182705,0.003995677599005321,0.9855936631160944
0.35,mean,dispersed,ridge,20000,20000,1,8,"[20260802, 350, 8]",0.7240451100600371,0.7240111998871508,0.7240111998871541,cv-alpha,0.726640120027032,0.4118887931450079,0.7266401200429997,0.7240451100600371,0.27335987997296796,0.00259500996699491,0.0,0.2759888001128492,-3.391017288634224e-05,-1.596767162936885e-11,0.9964287549015345,0.00259500996699491,0.9905962530051217
0.35,mean,dispersed,gp,20000,1500,1,8,"[20260802, 350, 8]",0.7097655413735251,0.7240111998871508,0.7240111998871541,reg=0.3,0.726640120027032,0.4118887931450079,0.7266401200429997,0.7097655413735251,0.27335987997296796,0.016874578653506944,0.0,0.2759888001128492,0.014245658513625692,nan,0.9767772543953681,0.016874578653506944,0.941858803625988
0.35,mean,dispersed,mlp,20000,20000,1,8,"[20260802, 350, 8]",0.7230401596666209,0.7240111998871508,0.7240111998871541,weight_decay=0.01,0.726640120027032,0.4118887931450079,0.7266401200429997,0.7230401596666209,0.27335987997296796,0.003599960360411103,0.0,0.2759888001128492,0.0009710402205298507,nan,0.9950457451203256,0.003599960360411103,0.9870018687327455
0.35,occupation,same_time,ridge,100,100,0,9,"[20260802, 350, 9]",0.3057443777597191,0.352830698410575,0.3492551674276917,cv-alpha,0.35476938326909135,0.06927111337998818,0.3519508945037059,0.3492060617320747,0.6452306167309086,0.005563321537016663,0.043461683972355614,0.647169301589425,0.003624636678500326,0.0028184887653854296,0.8618116223626124,0.04902500550937228,0.9293847915106912
0.35,occupation,same_time,gp,100,100,0,9,"[20260802, 350, 9]",0.1720736911924775,0.352830698410575,0.3492551674276917,reg=0.01,0.35476938326909135,0.06927111337998818,0.3519508945037059,0.3402960759103236,0.6452306167309086,0.014473307358767729,0.16822238471784612,0.647169301589425,0.012534622500251391,nan,0.48502971030608977,0.18269569207661385,0.7793333897798781
0.35,occupation,same_time,mlp,100,100,0,9,"[20260802, 350, 9]",0.2993859097873006,0.352830698410575,0.3492551674276917,weight_decay=1,0.35476938326909135,0.06927111337998818,0.3519508945037059,0.3526960724484951,0.6452306167309086,0.0020733108205962525,0.05331016266119448,0.647169301589425,0.00013462596207991506,nan,0.8438888018705307,0.055383473481790735,0.9209501004112308
0.35,occupation,same_time,ridge,250,250,0,9,"[20260802, 350, 9]",0.3414432150446546,0.352830698410575,0.3492551674276917,cv-alpha,0.35476938326909135,0.06927111337998818,0.3519508945037059,0.3492060617320747,0.6452306167309086,0.005563321537016663,0.007762846687420111,0.647169301589425,0.003624636678500326,0.0028184887653854296,0.962437096173181,0.013326168224436774,0.9797645874602289
0.35,occupation,same_time,gp,250,250,0,9,"[20260802, 350, 9]",0.3382348821066913,0.352830698410575,0.3492551674276917,reg=0.3,0.35476938326909135,0.06927111337998818,0.3519508945037059,0.3402960759103236,0.6452306167309086,0.014473307358767729,0.002061193803632344,0.647169301589425,0.012534622500251391,nan,0.9533936637653461,0.016534501162400073,0.975014547132619
0.35,occupation,same_time,mlp,250,250,0,9,"[20260802, 350, 9]",0.34095182790796597,0.352830698410575,0.3492551674276917,weight_decay=0.001,0.35476938326909135,0.06927111337998818,0.3519508945037059,0.3526960724484951,0.6452306167309086,0.0020733108205962525,0.011744244540529136,0.647169301589425,0.00013462596207991506,nan,0.9610520072679304,0.013817555361125389,0.9790340737654063
0.35,occupation,same_time,ridge,500,500,0,9,"[20260802, 350, 9]",0.3472692815337334,0.352830698410575,0.3492551674276917,cv-alpha,0.35476938326909135,0.06927111337998818,0.3519508945037059,0.3492060617320747,0.6452306167309086,0.005563321537016663,0.0019367801983413147,0.647169301589425,0.003624636678500326,0.0028184887653854296,0.9788592192870568,0.007500101735357978,0.9885096540990423
0.35,occupation,same_time,gp,500,500,0,9,"[20260802, 350, 9]",0.3503492980118883,0.352830698410575,0.3492551674276917,reg=0.1,0.35476938326909135,0.06927111337998818,0.3519508945037059,0.3402960759103236,0.6452306167309086,0.014473307358767729,-0.010053222101564674,0.647169301589425,0.012534622500251391,nan,0.9875409619159542,0.004420085257203055,0.9931962126052102
0.35,occupation,same_time,mlp,500,500,0,9,"[20260802, 350, 9]",0.3508653506745364,0.352830698410575,0.3492551674276917,weight_decay=0.1,0.35476938326909135,0.06927111337998818,0.3519508945037059,0.3526960724484951,0.6452306167309086,0.0020733108205962525,0.00183072177395871,0.647169301589425,0.00013462596207991506,nan,0.9889955763415081,0.0039040325945549625,0.9939857892370839
0.35,occupation,same_time,ridge,1000,1000,0,9,"[20260802, 350, 9]",0.34924794469362896,0.352830698410575,0.3492551674276917,cv-alpha,0.35476938326909135,0.06927111337998818,0.3519508945037059,0.3492060617320747,0.6452306167309086,0.005563321537016663,-4.1882961554273734e-05,0.647169301589425,0.003624636678500326,0.0028184887653854296,0.9844365414946915,0.00552143857546239,0.991515295986483
0.35,occupation,same_time,gp,1000,1000,0,9,"[20260802, 350, 9]",0.3502996860152172,0.352830698410575,0.3492551674276917,reg=3,0.35476938326909135,0.06927111337998818,0.3519508945037059,0.3402960759103236,0.6452306167309086,0.014473307358767729,-0.01000361010489359,0.647169301589425,0.012534622500251391,nan,0.9874011189672366,0.004469697253874139,0.9931203707960978
0.35,occupation,same_time,mlp,1000,1000,0,9,"[20260802, 350, 9]",0.35164095720765265,0.352830698410575,0.3492551674276917,weight_decay=0.1,0.35476938326909135,0.06927111337998818,0.3519508945037059,0.3526960724484951,0.6452306167309086,0.0020733108205962525,0.0010551152408424525,0.647169301589425,0.00013462596207991506,nan,0.9911818037041099,0.003128426061438705,0.9951748555122094
0.35,occupation,same_time,ridge,2500,2500,0,9,"[20260802, 350, 9]",0.3490057569625018,0.352830698410575,0.3492551674276917,cv-alpha,0.35476938326909135,0.06927111337998818,0.3519508945037059,0.3492060617320747,0.6452306167309086,0.005563321537016663,0.0002003047695728899,0.647169301589425,0.003624636678500326,0.0028184887653854296,0.9837538790594625,0.005763626306589553,0.9911464250748258
0.35,occupation,same_time,gp,2500,1500,0,9,"[20260802, 350, 9]",0.34977595054027333,0.352830698410575,0.3492551674276917,reg=0.1,0.35476938326909135,0.06927111337998818,0.3519508945037059,0.3402960759103236,0.6452306167309086,0.014473307358767729,-0.009479874629949703,0.647169301589425,0.012534622500251391,nan,0.9859248487487701,0.004993432728818026,0.9923204428797011
0.35,occupation,same_time,mlp,2500,2500,0,9,"[20260802, 350, 9]",0.35152737902862696,0.352830698410575,0.3492551674276917,weight_decay=0.1,0.35476938326909135,0.06927111337998818,0.3519508945037059,0.3526960724484951,0.6452306167309086,0.0020733108205962525,0.0011686934198681387,0.647169301589425,0.00013462596207991506,nan,0.9908616571965982,0.003242004240464391,0.995000553399451
0.35,occupation,same_time,ridge,5000,5000,0,9,"[20260802, 350, 9]",0.34900084045209834,0.352830698410575,0.3492551674276917,cv-alpha,0.35476938326909135,0.06927111337998818,0.3519508945037059,0.3492060617320747,0.6452306167309086,0.005563321537016663,0.0002052212799763531,0.647169301589425,0.003624636678500326,0.0028184887653854296,0.9837400207316718,0.005768542816993016,0.9911389396861908
0.35,occupation,same_time,gp,5000,1500,0,9,"[20260802, 350, 9]",0.34476824750914525,0.352830698410575,0.3492551674276917,reg=3,0.35476938326909135,0.06927111337998818,0.3519508945037059,0.3402960759103236,0.6452306167309086,0.014473307358767729,-0.004472171598821628,0.647169301589425,0.012534622500251391,nan,0.9718094733322569,0.0100011357599461,0.9847364909866976
0.35,occupation,same_time,mlp,5000,5000,0,9,"[20260802, 350, 9]",0.3518138445890511,0.352830698410575,0.3492551674276917,weight_decay=0.001,0.35476938326909135,0.06927111337998818,0.3519508945037059,0.3526960724484951,0.6452306167309086,0.0020733108205962525,0.0008822278594440291,0.647169301589425,0.00013462596207991506,nan,0.991669126989466,0.0029555386800402816,0.995440293416686
0.35,occupation,same_time,ridge,20000,20000,1,9,"[20260802, 350, 9]",0.3492060617320747,0.352830698410575,0.3492551674276917,cv-alpha,0.35476938326909135,0.06927111337998818,0.3519508945037059,0.3492060617320747,0.6452306167309086,0.005563321537016663,0.0,0.647169301589425,0.003624636678500326,0.0028184887653854296,0.9843184846286555,0.005563321537016663,0.9914514853168065
0.35,occupation,same_time,gp,20000,1500,1,9,"[20260802, 350, 9]",0.3402960759103236,0.352830698410575,0.3492551674276917,reg=30,0.35476938326909135,0.06927111337998818,0.3519508945037059,0.3402960759103236,0.6452306167309086,0.014473307358767729,0.0,0.647169301589425,0.012534622500251391,nan,0.9592036177829083,0.014473307358767729,0.9780609045508719
0.35,occupation,same_time,mlp,20000,20000,1,9,"[20260802, 350, 9]",0.3526960724484951,0.352830698410575,0.3492551674276917,weight_decay=0.001,0.35476938326909135,0.06927111337998818,0.3519508945037059,0.3526960724484951,0.6452306167309086,0.0020733108205962525,0.0,0.647169301589425,0.00013462596207991506,nan,0.9941558913525983,0.0020733108205962525,0.9967970056532196
0.35,occupation,dispersed,ridge,100,100,0,9,"[20260802, 350, 9]",0.6619240379211402,0.6988019948134694,0.6877272350318396,cv-alpha,0.6989454202527748,0.06927111337998818,0.6876497860293475,0.6873838541176573,0.30105457974722516,0.011561566135117496,0.02545981619651716,0.3011980051865306,0.01141814069581204,0.011295634223427387,0.9470325131850126,0.037021382331634656,0.8904938934315625
0.35,occupation,dispersed,gp,100,100,0,9,"[20260802, 350, 9]",0.6376257908720645,0.6988019948134694,0.6877272350318396,reg=0.3,0.6989454202527748,0.06927111337998818,0.6876497860293475,0.6908998666912222,0.30105457974722516,0.008045553561552676,0.05327407581915766,0.3011980051865306,0.00790212812224722,nan,0.912268358009222,0.06131962938071034,0.8307836820719723
0.35,occupation,dispersed,mlp,100,100,0,9,"[20260802, 350, 9]",0.6670808340287075,0.6988019948134694,0.6877272350318396,weight_decay=0.1,0.6989454202527748,0.06927111337998818,0.6876497860293475,0.6972676399991118,0.30105457974722516,0.0016777802536630526,0.03018680597040424,0.3011980051865306,0.001534354814357597,nan,0.9544104799877744,0.03186458622406729,0.9042873181208949
0.35,occupation,dispersed,ridge,250,250,0,9,"[20260802, 350, 9]",0.6783288110925677,0.6988019948134694,0.6877272350318396,cv-alpha,0.6989454202527748,0.06927111337998818,0.6876497860293475,0.6873838541176573,0.30105457974722516,0.011561566135117496,0.009055043025089637,0.3011980051865306,0.01141814069581204,0.011295634223427387,0.970503263112088,0.020616609160207133,0.9359078155857471
0.35,occupation,dispersed,gp,250,250,0,9,"[20260802, 350, 9]",0.6776106609119236,0.6988019948134694,0.6877272350318396,reg=1,0.6989454202527748,0.06927111337998818,0.6876497860293475,0.6908998666912222,0.30105457974722516,0.008045553561552676,0.013289205779298596,0.3011980051865306,0.00790212812224722,nan,0.9694757863451834,0.021334759340851273,0.9338229998510508
0.35,occupation,dispersed,mlp,250,250,0,9,"[20260802, 350, 9]",0.6849658611421457,0.6988019948134694,0.6877272350318396,weight_decay=0.1,0.6989454202527748,0.06927111337998818,0.6876497860293475,0.6972676399991118,0.30105457974722516,0.0016777802536630526,0.012301778856966039,0.3011980051865306,0.001534354814357597,nan,0.9799990690180452,0.013979559110629092,0.9556252564839115
0.35,occupation,dispersed,ridge,500,500,0,9,"[20260802, 350, 9]",0.6828089737436133,0.6988019948134694,0.6877272350318396,cv-alpha,0.6989454202527748,0.06927111337998818,0.6876497860293475,0.6873838541176573,0.30105457974722516,0.011561566135117496,0.004574880374044077,0.3011980051865306,0.01141814069581204,0.011295634223427387,0.9769131522410923,0.016136446509161573,0.9491270396277907
0.35,occupation,dispersed,gp,500,500,0,9,"[20260802, 350, 9]",0.681194500628807,0.6988019948134694,0.6877272350318396,reg=1,0.6989454202527748,0.06927111337998818,0.6876497860293475,0.6908998666912222,0.30105457974722516,0.008045553561552676,0.009705366062415122,0.3011980051865306,0.00790212812224722,nan,0.9746032821596454,0.017750919623967798,0.9443205350629791
0.35,occupation,dispersed,mlp,500,500,0,9,"[20260802, 350, 9]",0.6874682376247759,0.6988019948134694,0.6877272350318396,weight_decay=0.1,0.6989454202527748,0.06927111337998818,0.6876497860293475,0.6972676399991118,0.30105457974722516,0.0016777802536630526,0.009799402374335853,0.3011980051865306,0.001534354814357597,nan,0.9835792863141615,0.011477182627998905,0.9632767481270609
0.35,occupation,dispersed,ridge,1000,1000,0,9,"[20260802, 350, 9]",0.6844930085851004,0.6988019948134694,0.6877272350318396,cv-alpha,0.6989454202527748,0.06927111337998818,0.6876497860293475,0.6873838541176573,0.30105457974722516,0.011561566135117496,0.0028908455325569182,0.3011980051865306,0.01141814069581204,0.011295634223427387,0.9793225461546802,0.014452411667674414,0.9541930541606631
0.35,occupation,dispersed,gp,1000,1000,0,9,"[20260802, 350, 9]",0.6867104922487977,0.6988019948134694,0.6877272350318396,reg=3,0.6989454202527748,0.06927111337998818,0.6876497860293475,0.6908998666912222,0.30105457974722516,0.008045553561552676,0.004189374442424509,0.3011980051865306,0.00790212812224722,nan,0.9824951596369965,0.012234928003977186,0.9609468951201088
0.35,occupation,dispersed,mlp,1000,1000,0,9,"[20260802, 350, 9]",0.6923699171702262,0.6988019948134694,0.6877272350318396,weight_decay=0.01,0.6989454202527748,0.06927111337998818,0.6876497860293475,0.6972676399991118,0.30105457974722516,0.0016777802536630526,0.0048977228288855645,0.3011980051865306,0.001534354814357597,nan,0.9905922509941183,0.006575503082548617,0.9786252923574216
0.35,occupation,dispersed,ridge,2500,2500,0,9,"[20260802, 350, 9]",0.6869969059887788,0.6988019948134694,0.6877272350318396,cv-alpha,0.6989454202527748,0.06927111337998818,0.6876497860293475,0.6873838541176573,0.30105457974722516,0.011561566135117496,0.00038694812887851704,0.3011980051865306,0.01141814069581204,0.011295634223427387,0.9829049394734215,0.011948514263996013,0.9618262103710462
0.35,occupation,dispersed,gp,2500,1500,0,9,"[20260802, 350, 9]",0.6914782747865982,0.6988019948134694,0.6877272350318396,reg=3,0.6989454202527748,0.06927111337998818,0.6876497860293475,0.6908998666912222,0.30105457974722516,0.008045553561552676,-0.0005784080953760151,0.3011980051865306,0.00790212812224722,nan,0.9893165542690355,0.007467145466176661,0.9757970189586755
0.35,occupation,dispersed,mlp,2500,2500,0,9,"[20260802, 350, 9]",0.6963955844676537,0.6988019948134694,0.6877272350318396,weight_decay=0.01,0.6989454202527748,0.06927111337998818,0.6876497860293475,0.6972676399991118,0.30105457974722516,0.0016777802536630526,0.0008720555314580825,0.3011980051865306,0.001534354814357597,nan,0.9963518814041317,0.002549835785121135,0.9916014535537957
0.35,occupation,dispersed,ridge,5000,5000,0,9,"[20260802, 350, 9]",0.6869621331059115,0.6988019948134694,0.6877272350318396,cv-alpha,0.6989454202527748,0.06927111337998818,0.6876497860293475,0.6873838541176573,0.30105457974722516,0.011561566135117496,0.00042172101174586807,0.3011980051865306,0.01141814069581204,0.011295634223427387,0.9828551889752284,0.011983287146863364,0.9617193687595702
0.35,occupation,dispersed,gp,5000,1500,0,9,"[20260802, 350, 9]",0.6913871112959754,0.6988019948134694,0.6877272350318396,reg=1,0.6989454202527748,0.06927111337998818,0.6876497860293475,0.6908998666912222,0.30105457974722516,0.008045553561552676,-0.00048724460475324527,0.3011980051865306,0.00790212812224722,nan,0.9891861242125802,0.007558308956799431,0.9755087709118713
0.35,occupation,dispersed,mlp,5000,5000,0,9,"[20260802, 350, 9]",0.6970875414706228,0.6988019948134694,0.6877272350318396,weight_decay=0.01,0.6989454202527748,0.06927111337998818,0.6876497860293475,0.6972676399991118,0.30105457974722516,0.0016777802536630526,0.00018009852848899222,0.3011980051865306,0.001534354814357597,nan,0.9973418828876793,0.0018578787821520448,0.9938666148260393
0.35,occupation,dispersed,ridge,20000,20000,1,9,"[20260802, 350, 9]",0.6873838541176573,0.6988019948134694,0.6877272350318396,cv-alpha,0.6989454202527748,0.06927111337998818,0.6876497860293475,0.6873838541176573,0.30105457974722516,0.011561566135117496,0.0,0.3011980051865306,0.01141814069581204,0.011295634223427387,0.9834585565623476,0.011561566135117496,0.9630167338206874
0.35,occupation,dispersed,gp,20000,1500,1,9,"[20260802, 350, 9]",0.6908998666912222,0.6988019948134694,0.6877272350318396,reg=3,0.6989454202527748,0.06927111337998818,0.6876497860293475,0.6908998666912222,0.30105457974722516,0.008045553561552676,0.0,0.3011980051865306,0.00790212812224722,nan,0.9884890102597096,0.008045553561552676,0.9739710446727129
0.35,occupation,dispersed,mlp,20000,20000,1,9,"[20260802, 350, 9]",0.6972676399991118,0.6988019948134694,0.6877272350318396,weight_decay=0.01,0.6989454202527748,0.06927111337998818,0.6876497860293475,0.6972676399991118,0.30105457974722516,0.0016777802536630526,0.0,0.3011980051865306,0.001534354814357597,nan,0.9975995546933317,0.0016777802536630526,0.9944578760801848
0.35,mean,same_time,ridge,100,100,0,9,"[20260802, 350, 9]",0.29672500106988764,0.3642688019801016,0.3642688019789083,cv-alpha,0.37190681274750936,0.4118887931450079,0.37190681278056786,0.36426040830707196,0.6280931872524906,0.007646404440437404,0.06753540723718432,0.6357311980198984,8.393673029627458e-06,-3.305850038159974e-11,0.7978477158775167,0.07518181167762172,0.8930975624158468
0.35,mean,same_time,gp,100,100,0,9,"[20260802, 350, 9]",0.2634503238451664,0.3642688019801016,0.3642688019789083,reg=3,0.37190681274750936,0.4118887931450079,0.37190681278056786,0.36174867047195525,0.6280931872524906,0.010158142275554116,0.09829834662678882,0.6357311980198984,0.0025201315081463393,nan,0.7083772461679132,0.10845648890234294,0.8527506121942224
0.35,mean,same_time,mlp,100,100,0,9,"[20260802, 350, 9]",0.30112393141926497,0.3642688019801016,0.3642688019789083,weight_decay=0.1,0.37190681274750936,0.4118887931450079,0.37190681278056786,0.363710116768156,0.6280931872524906,0.008196695979353352,0.06258618534889104,0.6357311980198984,0.0005586852119455754,nan,0.8096757604268479,0.0707828813282444,0.8987189796440033
0.35,mean,same_time,ridge,250,250,0,9,"[20260802, 350, 9]",0.35840469627187943,0.3642688019801016,0.3642688019789083,cv-alpha,0.37190681274750936,0.4118887931450079,0.37190681278056786,0.36426040830707196,0.6280931872524906,0.007646404440437404,0.0058557120351925285,0.6357311980198984,8.393673029627458e-06,-3.305850038159974e-11,0.9636948934173017,0.013502116475629933,0.978955400082929
0.35,mean,same_time,gp,250,250,0,9,"[20260802, 350, 9]",0.3396420376317999,0.3642688019801016,0.3642688019789083,reg=0.01,0.37190681274750936,0.4118887931450079,0.37190681278056786,0.36174867047195525,0.6280931872524906,0.010158142275554116,0.02210663284015535,0.6357311980198984,0.0025201315081463393,nan,0.9132450011406102,0.032264775115709465,0.9511404769013455
0.35,mean,same_time,mlp,250,250,0,9,"[20260802, 350, 9]",0.3393918405314704,0.3642688019801016,0.3642688019789083,weight_decay=1,0.37190681274750936,0.4118887931450079,0.37190681278056786,0.363710116768156,0.6280931872524906,0.008196695979353352,0.024318276236685588,0.6357311980198984,0.0005586852119455754,nan,0.9125722597662829,0.03251497221603894,0.9507802443097315
0.35,mean,same_time,ridge,500,500,0,9,"[20260802, 350, 9]",0.3620998056944662,0.3642688019801016,0.3642688019789083,cv-alpha,0.37190681274750936,0.4118887931450079,0.37190681278056786,0.36426040830707196,0.6280931872524906,0.007646404440437404,0.0021606026126057554,0.6357311980198984,8.393673029627458e-06,-3.305850038159974e-11,0.9736304721588921,0.00980700705304316,0.9846261105724857
0.35,mean,same_time,gp,500,500,0,9,"[20260802, 350, 9]",0.3456044384978143,0.3642688019801016,0.3642688019789083,reg=0.1,0.37190681274750936,0.4118887931450079,0.37190681278056786,0.36174867047195525,0.6280931872524906,0.010158142275554116,0.016144231974140943,0.6357311980198984,0.0025201315081463393,nan,0.9292769765216644,0.02630237424969506,0.9598066127017776
0.35,mean,same_time,mlp,500,500,0,9,"[20260802, 350, 9]",0.35015311706659613,0.3642688019801016,0.3642688019789083,weight_decay=1,0.37190681274750936,0.4118887931450079,0.37190681278056786,0.363710116768156,0.6280931872524906,0.008196695979353352,0.01355699970155988,0.6357311980198984,0.0005586852119455754,nan,0.9415076709130306,0.021753695680913232,0.9665248903207518
0.35,mean,same_time,ridge,1000,1000,0,9,"[20260802, 350, 9]",0.3643383544766743,0.3642688019801016,0.3642688019789083,cv-alpha,0.37190681274750936,0.4118887931450079,0.37190681278056786,0.36426040830707196,0.6280931872524906,0.007646404440437404,-7.794616960232759e-05,0.6357311980198984,8.393673029627458e-06,-3.305850038159974e-11,0.9796495842199767,0.007568458270835077,0.9880935741142536
0.35,mean,same_time,gp,1000,1000,0,9,"[20260802, 350, 9]",0.3466078921111221,0.3642688019801016,0.3642688019789083,reg=10,0.37190681274750936,0.4118887931450079,0.37190681278056786,0.36174867047195525,0.6280931872524906,0.010158142275554116,0.015140778360833163,0.6357311980198984,0.0025201315081463393,nan,0.9319751083625271,0.02529892063638728,0.9612806455251984
0.35,mean,same_time,mlp,1000,1000,0,9,"[20260802, 350, 9]",0.34782247019955526,0.3642688019801016,0.3642688019789083,weight_decay=1,0.37190681274750936,0.4118887931450079,0.37190681278056786,0.363710116768156,0.6280931872524906,0.008196695979353352,0.015887646568600755,0.6357311980198984,0.0005586852119455754,nan,0.9352409213210483,0.024084342547954107,0.9630708795574059
0.35,mean,same_time,ridge,2500,2500,0,9,"[20260802, 350, 9]",0.364236683362946,0.3642688019801016,0.3642688019789083,cv-alpha,0.37190681274750936,0.4118887931450079,0.37190681278056786,0.36426040830707196,0.6280931872524906,0.007646404440437404,2.3724944125946834e-05,0.6357311980198984,8.393673029627458e-06,-3.305850038159974e-11,0.9793762062923793,0.007670129384563351,0.9879355584321294
0.35,mean,same_time,gp,2500,1500,0,9,"[20260802, 350, 9]",0.3622296185296052,0.3642688019801016,0.3642688019789083,reg=0.3,0.37190681274750936,0.4118887931450079,0.37190681278056786,0.36174867047195525,0.6280931872524906,0.010158142275554116,-0.00048094805764997695,0.6357311980198984,0.0025201315081463393,nan,0.9739795188305032,0.00967719421790414,0.9848265229946973
0.35,mean,same_time,mlp,2500,2500,0,9,"[20260802, 350, 9]",0.3594743443468498,0.3642688019801016,0.3642688019789083,weight_decay=0.1,0.37190681274750936,0.4118887931450079,0.37190681278056786,0.363710116768156,0.6280931872524906,0.008196695979353352,0.004235772421306239,0.6357311980198984,0.0005586852119455754,nan,0.9665710119456723,0.012432468400659591,0.9805902101017607
0.35,mean,same_time,ridge,5000,5000,0,9,"[20260802, 350, 9]",0.3642257068806565,0.3642688019801016,0.3642688019789083,cv-alpha,0.37190681274750936,0.4118887931450079,0.37190681278056786,0.36426040830707196,0.6280931872524906,0.007646404440437404,3.470142641548435e-05,0.6357311980198984,8.393673029627458e-06,-3.305850038159974e-11,0.979346692226185,0.007681105866852889,0.9879185019747078
0.35,mean,same_time,gp,5000,1500,0,9,"[20260802, 350, 9]",0.35468390046980436,0.3642688019801016,0.3642688019789083,reg=0.001,0.37190681274750936,0.4118887931450079,0.37190681278056786,0.36174867047195525,0.6280931872524906,0.010158142275554116,0.007064770002150889,0.6357311980198984,0.0025201315081463393,nan,0.9536902479670417,0.017222912277705005,0.9733108901354799
0.35,mean,same_time,mlp,5000,5000,0,9,"[20260802, 350, 9]",0.3633098721274022,0.3642688019801016,0.3642688019789083,weight_decay=0.01,0.37190681274750936,0.4118887931450079,0.37190681278056786,0.363710116768156,0.6280931872524906,0.008196695979353352,0.0004002446407538329,0.6357311980198984,0.0005586852119455754,nan,0.9768841539723454,0.008596940620107185,0.9864974494754104
0.35,mean,same_time,ridge,20000,20000,1,9,"[20260802, 350, 9]",0.36426040830707196,0.3642688019801016,0.3642688019789083,cv-alpha,0.37190681274750936,0.4118887931450079,0.37190681278056786,0.36426040830707196,0.6280931872524906,0.007646404440437404,0.0,0.6357311980198984,8.393673029627458e-06,-3.305850038159974e-11,0.9794399990041898,0.007646404440437404,0.9879724268547195
0.35,mean,same_time,gp,20000,1500,1,9,"[20260802, 350, 9]",0.36174867047195525,0.3642688019801016,0.3642688019789083,reg=0.1,0.37190681274750936,0.4118887931450079,0.37190681278056786,0.36174867047195525,0.6280931872524906,0.010158142275554116,0.0,0.6357311980198984,0.0025201315081463393,nan,0.9726863237580685,0.010158142275554116,0.9840844165838784
0.35,mean,same_time,mlp,20000,20000,1,9,"[20260802, 350, 9]",0.363710116768156,0.3642688019801016,0.3642688019789083,weight_decay=0.01,0.37190681274750936,0.4118887931450079,0.37190681278056786,0.363710116768156,0.6280931872524906,0.008196695979353352,0.0,0.6357311980198984,0.0005586852119455754,nan,0.9779603500167173,0.008196695979353352,0.98711798474978
0.35,mean,dispersed,ridge,100,100,0,9,"[20260802, 350, 9]",0.6772888647067723,0.7235066710788162,0.7235066710789633,cv-alpha,0.726640120027032,0.4118887931450079,0.7266401200429997,0.7233748937709914,0.27335987997296796,0.003265226256040643,0.0460860290642191,0.27649332892118383,0.00013177730782476527,-1.596767162936885e-11,0.9320829473076386,0.049351255320259746,0.8470729704588058
0.35,mean,dispersed,gp,100,100,0,9,"[20260802, 350, 9]",0.6444628965973269,0.7235066710788162,0.7235066710789633,reg=0.3,0.726640120027032,0.4118887931450079,0.7266401200429997,0.7112544031852017,0.27335987997296796,0.015385716841830321,0.0667915065878748,0.27649332892118383,0.012252267893614444,nan,0.8869079463618826,0.08217722342970513,0.7688645639421967
0.35,mean,dispersed,mlp,100,100,0,9,"[20260802, 350, 9]",0.6773178904524859,0.7235066710788162,0.7235066710789633,weight_decay=0.1,0.726640120027032,0.4118887931450079,0.7266401200429997,0.723131359550626,0.27335987997296796,0.0035087604764060254,0.0458134690981401,0.27649332892118383,0.00037531152819014757,nan,0.9321228924536794,0.04932222957454613,0.8471491659586924
0.35,mean,dispersed,ridge,250,250,0,9,"[20260802, 350, 9]",0.7117962484114209,0.7235066710788162,0.7235066710789633,cv-alpha,0.726640120027032,0.4118887931450079,0.7266401200429997,0.7233748937709914,0.27335987997296796,0.003265226256040643,0.011578645359570539,0.27649332892118383,0.00013177730782476527,-1.596767162936885e-11,0.9795719074594189,0.014843871615611182,0.9484952172419971
0.35,mean,dispersed,gp,250,250,0,9,"[20260802, 350, 9]",0.6742337397536691,0.7235066710788162,0.7235066710789633,reg=3,0.726640120027032,0.4118887931450079,0.7266401200429997,0.7112544031852017,0.27335987997296796,0.015385716841830321,0.03702066343153265,0.27649332892118383,0.012252267893614444,nan,0.9278784933160401,0.052406380273362974,0.839128888812072
0.35,mean,dispersed,mlp,250,250,0,9,"[20260802, 350, 9]",0.7106654712701903,0.7235066710788162,0.7235066710789633,weight_decay=0.1,0.726640120027032,0.4118887931450079,0.7266401200429997,0.723131359550626,0.27335987997296796,0.0035087604764060254,0.01246588828043571,0.27649332892118383,0.00037531152819014757,nan,0.9780157352772546,0.015974648756841736,0.9447883084436168
0.35,mean,dispersed,ridge,500,500,0,9,"[20260802, 350, 9]",0.7168381218921179,0.7235066710788162,0.7235066710789633,cv-alpha,0.726640120027032,0.4118887931450079,0.7266401200429997,0.7233748937709914,0.27335987997296796,0.003265226256040643,0.006536771878873471,0.27649332892118383,0.00013177730782476527,-1.596767162936885e-11,0.9865105189422386,0.009801998134914114,0.9653837649318753
0.35,mean,dispersed,gp,500,500,0,9,"[20260802, 350, 9]",0.6906317210394342,0.7235066710788162,0.7235066710789633,reg=1,0.726640120027032,0.4118887931450079,0.7266401200429997,0.7112544031852017,0.27335987997296796,0.015385716841830321,0.020622682145767568,0.27649332892118383,0.012252267893614444,nan,0.950445347022322,0.03600839898759789,0.8836066867987207
0.35,mean,dispersed,mlp,500,500,0,9,"[20260802, 350, 9]",0.7141328519391259,0.7235066710788162,0.7235066710789633,weight_decay=0.1,0.726640120027032,0.4118887931450079,0.7266401200429997,0.723131359550626,0.27335987997296796,0.0035087604764060254,0.008998507611500117,0.27649332892118383,0.00037531152819014757,nan,0.9827875343747317,0.012507268087906143,0.9562479698253302
0.35,mean,dispersed,ridge,1000,1000,0,9,"[20260802, 350, 9]",0.7198803174604282,0.7235066710788162,0.7235066710789633,cv-alpha,0.726640120027032,0.4118887931450079,0.7266401200429997,0.7233748937709914,0.27335987997296796,0.003265226256040643,0.0034945763105631578,0.27649332892118383,0.00013177730782476527,-1.596767162936885e-11,0.9906971795524415,0.006759802566603801,0.975868162831975
0.35,mean,dispersed,gp,1000,1000,0,9,"[20260802, 350, 9]",0.6998596867051252,0.7235066710788162,0.7235066710789633,reg=3,0.726640120027032,0.4118887931450079,0.7266401200429997,0.7112544031852017,0.27335987997296796,0.015385716841830321,0.011394716480076506,0.27649332892118383,0.012252267893614444,nan,0.963144846281113,0.026780433321906827,0.9107736210843619
0.35,mean,dispersed,mlp,1000,1000,0,9,"[20260802, 350, 9]",0.7164410115286723,0.7235066710788162,0.7235066710789633,weight_decay=0.1,0.726640120027032,0.4118887931450079,0.7266401200429997,0.723131359550626,0.27335987997296796,0.0035087604764060254,0.006690348021953674,0.27649332892118383,0.00037531152819014757,nan,0.9859640168258529,0.010199108498359699,0.9640317926321317
0.35,mean,dispersed,ridge,2500,2500,0,9,"[20260802, 350, 9]",0.7227881281734068,0.7235066710788162,0.7235066710789633,cv-alpha,0.726640120027032,0.4118887931450079,0.7266401200429997,0.7233748937709914,0.27335987997296796,0.003265226256040643,0.0005867655975846375,0.27649332892118383,0.00013177730782476527,-1.596767162936885e-11,0.9946989001192476,0.0038519918536252806,0.9861045206028014
0.35,mean,dispersed,gp,2500,1500,0,9,"[20260802, 350, 9]",0.7064164868741689,0.7235066710788162,0.7235066710789633,reg=3,0.726640120027032,0.4118887931450079,0.7266401200429997,0.7112544031852017,0.27335987997296796,0.015385716841830321,0.004837916311032808,0.27649332892118383,0.012252267893614444,nan,0.9721682954250987,0.02022363315286313,0.9311145474841593
0.35,mean,dispersed,mlp,2500,2500,0,9,"[20260802, 350, 9]",0.7199389986259223,0.7235066710788162,0.7235066710789633,weight_decay=0.1,0.726640120027032,0.4118887931450079,0.7266401200429997,0.723131359550626,0.27335987997296796,0.0035087604764060254,0.003192360924703763,0.27649332892118383,0.00037531152819014757,nan,0.9907779364001255,0.006701121401109789,0.9760726364319497
0.35,mean,dispersed,ridge,5000,5000,0,9,"[20260802, 350, 9]",0.7226531260275186,0.7235066710788162,0.7235066710789633,cv-alpha,0.726640120027032,0.4118887931450079,0.7266401200429997,0.7233748937709914,0.27335987997296796,0.003265226256040643,0.0007217677434727676,0.27649332892118383,0.00013177730782476527,-1.596767162936885e-11,0.994513110562399,0.003986993999513411,0.9856245215876888
0.35,mean,dispersed,gp,5000,1500,0,9,"[20260802, 350, 9]",0.7099434991811505,0.7235066710788162,0.7235066710789633,reg=0.3,0.726640120027032,0.4118887931450079,0.7266401200429997,0.7112544031852017,0.27335987997296796,0.015385716841830321,0.0013109040040512054,0.27649332892118383,0.012252267893614444,nan,0.9770221594077955,0.016696620845881527,0.9424366604480651
0.35,mean,dispersed,mlp,5000,5000,0,9,"[20260802, 350, 9]",0.7216368522262709,0.7235066710788162,0.7235066710789633,weight_decay=0.01,0.726640120027032,0.4118887931450079,0.7266401200429997,0.723131359550626,0.27335987997296796,0.0035087604764060254,0.0014945073243550766,0.27649332892118383,0.00037531152819014757,nan,0.9931145175405743,0.005003267800761102,0.982026112864523
0.35,mean,dispersed,ridge,20000,20000,1,9,"[20260802, 350, 9]",0.7233748937709914,0.7235066710788162,0.7235066710789633,cv-alpha,0.726640120027032,0.4118887931450079,0.7266401200429997,0.7233748937709914,0.27335987997296796,0.003265226256040643,0.0,0.27649332892118383,0.00013177730782476527,-1.596767162936885e-11,0.9955064052120888,0.003265226256040643,0.9881962042399092
0.35,mean,dispersed,gp,20000,1500,1,9,"[20260802, 350, 9]",0.7112544031852017,0.7235066710788162,0.7235066710789633,reg=0.3,0.726640120027032,0.4118887931450079,0.7266401200429997,0.7112544031852017,0.27335987997296796,0.015385716841830321,0.0,0.27649332892118383,0.012252267893614444,nan,0.9788262216497791,0.015385716841830321,0.9467153196046874
0.35,mean,dispersed,mlp,20000,20000,1,9,"[20260802, 350, 9]",0.723131359550626,0.7235066710788162,0.7235066710789633,weight_decay=0.01,0.726640120027032,0.4118887931450079,0.7266401200429997,0.723131359550626,0.27335987997296796,0.0035087604764060254,0.0,0.27649332892118383,0.00037531152819014757,nan,0.9951712541329599,0.0035087604764060254,0.9873269848448307
