label,m,rep,selected_level,adaptive_regret,theorem_bound,bound_satisfied,selected_level_oracle,adaptive_regret_oracle,theorem_bound_oracle,bound_satisfied_oracle,eps_boot_valid,eps_boot_L1,eps_boot_L2,eps_boot_L3,eps_boot_L4,eps_true_L1,eps_true_L2,eps_true_L3,eps_true_L4,regret_fixed_L1,regret_fixed_L2,regret_fixed_L3,regret_fixed_L4
mean,25,0,1,0.037357067230144314,0.34579791078509825,True,1,0.037357067230144314,0.2588358045714084,True,False,0.15422042177747697,0.18703764558282127,0.21173265854858775,0.3104222335692231,0.11073936867063205,0.26394867704718794,0.36668476181169424,0.36668476181169424,0.037357067230144314,0.037357067230144314,0.037357067230144314,0.033020027839534616
mean,25,1,2,0.06962668007635997,0.2987511217840191,True,1,0.037357067230144314,0.19642104369019886,True,False,0.13069702727693738,0.13317632727296796,0.28495321728270334,0.2886647290710876,0.07953198823002727,0.2707392615102929,0.2707392615102929,0.2707392615102929,0.037357067230144314,0.06962668007635997,0.0224083204338823,0.011423550769082746
mean,25,2,1,0.12733713397915836,0.28367571726173063,True,1,0.12733713397915836,0.3836126279413079,True,False,0.12315932501579316,0.20981042901771327,0.2290365190248289,0.32813660549575774,0.18372387957194247,0.18372387957194247,0.18372387957194247,0.27924566185456445,0.12733713397915836,0.12733713397915836,0.12733713397915836,0.015346849705819898
mean,25,3,3,0.05571915983321396,0.3289913815499393,True,3,0.05571915983321396,0.26935389076719274,True,False,0.1458171571598975,0.202583782889705,0.2293066868461636,0.279267751359653,0.11599841176852421,0.11599841176852421,0.20443020050689942,0.2824448015049476,0.037357067230144314,0.037357067230144314,0.05571915983321396,0.05571915983321396
mean,25,4,1,0.12733713397915836,0.2228913035029973,True,3,0.02849871235763901,0.31505251337505513,True,False,0.09276711813642649,0.16296023112089583,0.22647433912565845,0.24313927941821664,0.1388477230724554,0.1388477230724554,0.15899192885755564,0.19195704720458945,0.12733713397915836,0.09771083735385,0.02849871235763901,0.02849871235763901
mean,25,5,1,0.037357067230144314,0.40769970509423886,True,1,0.037357067230144314,0.18567198150535547,True,True,0.18517131893204727,0.2468480631574362,0.2999637153734206,0.31393501512760275,0.07415745713760558,0.12413247854633169,0.20367733792402276,0.23084053162703178,0.037357067230144314,0.037357067230144314,0.037357067230144314,0.05821302572975284
mean,25,6,2,0.06962668007635997,0.2943304611014367,True,1,0.037357067230144314,0.11986978287624706,True,True,0.12848669693564618,0.16059909029315525,0.26223018897375616,0.2933318488205268,0.04125635782305137,0.1563123657079507,0.1563123657079507,0.1889664080917063,0.037357067230144314,0.06962668007635997,0.06962668007635997,0.026315390420256213
mean,25,7,3,0.036838313441200365,0.5403004107527475,True,1,0.037357067230144314,0.1809472786436216,True,True,0.2514716717613016,0.2514716717613016,0.2668826615544087,0.31094057935228964,0.07179510570673864,0.1706558681459392,0.1706558681459392,0.2099361346426018,0.037357067230144314,0.037357067230144314,0.036838313441200365,0.039603092429607134
mean,25,8,3,0.020908694686833207,0.3629245221510693,True,3,0.020908694686833207,0.35063401229843916,True,False,0.1627837274604625,0.1786368661576556,0.25495780080821856,0.3332979445104816,0.15663847253414742,0.21726255568405922,0.26165282736549045,0.2874370833056515,0.037357067230144314,0.25991416589772814,0.020908694686833207,0.020908694686833207
mean,25,9,3,0.06919396803849776,0.37849425739094517,True,1,0.037357067230144314,0.18048485679310733,True,True,0.17056859508040043,0.19023098230136937,0.25199379090029467,0.2898407764439418,0.07156389478148151,0.07156389478148151,0.18792918892041854,0.24926755082501195,0.037357067230144314,0.037357067230144314,0.06919396803849776,0.03507584898633409
mean,25,10,3,0.08287050801932871,0.2974084622734548,True,1,0.037357067230144314,0.1804354206238471,True,True,0.13002569752165524,0.16284451585290227,0.2000633485784562,0.2916116168143071,0.07153917669685139,0.11148004449536408,0.19029734694147116,0.19029734694147116,0.037357067230144314,0.06962668007635997,0.08287050801932871,0.039274645863001445
mean,25,11,1,0.037357067230144314,0.23269630317708068,True,1,0.037357067230144314,0.14095388665567443,True,True,0.09766961797346818,0.13128156028750548,0.19032363300492777,0.23214497913302332,0.05179840971276506,0.10575424668862282,0.18191481486039396,0.18191481486039396,0.037357067230144314,0.06962668007635997,0.03411875546067489,0.03411875546067489
mean,25,12,1,0.037357067230144314,0.23730679000551796,True,1,0.037357067230144314,0.09741162350384103,True,True,0.09997486138768683,0.1569987108520405,0.2576941728810383,0.2729993149721048,0.030027278136848357,0.07287661156833258,0.17093079632301278,0.19291694335860454,0.037357067230144314,0.06962668007635997,0.06962668007635997,0.05638427102925392
mean,25,13,1,0.037357067230144314,0.270103321384201,True,1,0.037357067230144314,0.17879515369780652,True,False,0.11637312707702836,0.2283162841685266,0.26389492639113854,0.310751742010626,0.0707190432338311,0.14787532853112562,0.2787013933345815,0.29098087668489747,0.037357067230144314,0.037357067230144314,0.020908694686833207,0.020908694686833207
mean,25,14,2,0.09771083735385,0.31600526663026507,True,1,0.12733713397915836,0.22309401680487773,True,False,0.13932409970006038,0.16401448983800357,0.21867761094803542,0.2799634989448648,0.0928684747873667,0.215622117563726,0.230787417108743,0.230787417108743,0.12733713397915836,0.09771083735385,0.08074663517954028,0.08074663517954028
mean,25,15,3,0.030528017631167303,0.3964632830624885,True,1,0.037357067230144314,0.1635670372976391,True,True,0.1795531079161721,0.1856946507900797,0.23451981053831522,0.2798442887452003,0.0631049850337474,0.17200562208632703,0.18943034788011698,0.24319920195642897,0.037357067230144314,0.037357067230144314,0.030528017631167303,0.07888106145914686
mean,25,16,3,0.05887933064952078,0.48104867107702365,True,4,0.08778873316057079,0.2907132973351432,True,True,0.22184580192343967,0.22184580192343967,0.2678578577689096,0.3122526405593964,0.12667811505249943,0.12667811505249943,0.22606309672436292,0.22606309672436292,0.037357067230144314,0.06962668007635997,0.05887933064952078,0.08778873316057079
mean,25,17,1,0.037357067230144314,0.37071443606390997,True,3,0.0223642176848442,0.1687304167080298,True,True,0.16667868441688283,0.19540641734467523,0.24956824080564277,0.3013827203789981,0.06568667473894274,0.08315284046943577,0.10746154728683777,0.20122526762478915,0.037357067230144314,0.037357067230144314,0.0223642176848442,0.07421917836601688
mean,25,18,3,0.02849871235763901,0.38282649565059207,True,3,0.02849871235763901,0.28028169150832205,True,True,0.17273471421022388,0.2011791003644701,0.23552346722604367,0.3322137146848601,0.12146231213908887,0.12146231213908887,0.15041045500030364,0.2273330119432843,0.037357067230144314,0.06962668007635997,0.02849871235763901,0.009469938609891093
mean,25,19,1,0.037357067230144314,0.34291738869363325,True,1,0.037357067230144314,0.10766903355455149,True,False,0.15278016073174447,0.20569213976782844,0.24172260644899865,0.2763551423559606,0.035155983162203586,0.21687576763095434,0.21687576763095434,0.2555440640968276,0.037357067230144314,0.037357067230144314,0.05887933064952078,0.05887933064952078
mean,25,20,3,0.03411875546067489,0.4092389145907265,True,1,0.037357067230144314,0.1064523529844067,True,True,0.18594092368029108,0.18594092368029108,0.2196398855299888,0.30592494159994316,0.03454764287713119,0.09520894408561603,0.12830480197615196,0.19480528856078716,0.037357067230144314,0.09771083735385,0.03411875546067489,0.06551653003819946
mean,25,21,3,0.030528017631167303,0.3306317989847822,True,1,0.037357067230144314,0.0900206409198615,True,False,0.14663736587731893,0.1800264555031175,0.19091103803228884,0.2835343006741031,0.026331786844858596,0.22277510321933175,0.22277510321933175,0.22277510321933175,0.037357067230144314,0.06962668007635997,0.030528017631167303,0.030528017631167303
mean,25,22,2,0.06962668007635997,0.31556941049873577,True,2,0.06962668007635997,0.14150520811512612,True,True,0.13910617163429573,0.1844835713608531,0.2695480033089042,0.30435972583044213,0.052074070442490905,0.09293459379664559,0.18465084697608142,0.19502150733980816,0.037357067230144314,0.06962668007635997,0.10468998779005212,0.1004254583932892
mean,25,23,1,0.037357067230144314,0.24800689127608672,True,2,0.09771083735385,0.4167992285553864,True,False,0.1053249120229712,0.1301454751573309,0.1893742090936104,0.25985198481233085,0.18972108066262106,0.19408730695651877,0.2109648818437656,0.23914164915192038,0.037357067230144314,0.09771083735385,0.09771083735385,0.042448747099824824
mean,25,24,1,0.037357067230144314,0.25901536804785097,True,1,0.037357067230144314,0.3200957791725151,True,False,0.11082915040885334,0.1465338717973305,0.21282439261187752,0.23994003041397466,0.14211183249412795,0.15196545518754606,0.15196545518754606,0.2804043638895573,0.037357067230144314,0.037357067230144314,0.037357067230144314,0.044672613681255524
mean,25,25,1,0.12733713397915836,0.2574361867619165,True,3,0.017039379067798843,0.4013703140771181,True,False,0.11003955976588609,0.17566199541976615,0.19937935421351313,0.22889613814296852,0.19260272263984757,0.19260272263984757,0.19260272263984757,0.2233695086096154,0.12733713397915836,0.12733713397915836,0.017039379067798843,0.06330802270154012
mean,25,26,1,0.037357067230144314,0.40109303236715116,True,1,0.037357067230144314,0.2986247513957997,True,True,0.18186798256850342,0.21014357134731906,0.23521541771335894,0.29075587289152643,0.1306338420828277,0.1306338420828277,0.1754459391135762,0.25331597876498907,0.037357067230144314,0.037357067230144314,0.037357067230144314,0.02681974156241751
mean,25,27,1,0.12733713397915836,0.323660848462889,True,3,0.09802124703372717,0.17061139903222122,True,True,0.14315189061637235,0.2909899054703856,0.34978351409335917,0.37790853628229376,0.06662716590103845,0.12031741413131347,0.17555112180565197,0.26625345092601466,0.12733713397915836,0.09771083735385,0.09802124703372717,0.09802124703372717
mean,25,28,2,0.06962668007635997,0.32780898314468376,True,2,0.06962668007635997,0.2976314135949042,True,False,0.14522595795726972,0.18436637241794626,0.22667443484703917,0.28881680117997016,0.13013717318237994,0.18025140588182137,0.23619803604808015,0.23619803604808015,0.037357067230144314,0.06962668007635997,0.05887933064952078,0.07782913053127449
mean,25,29,1,0.037357067230144314,0.37360516499791435,True,1,0.037357067230144314,0.19152647829687142,True,True,0.16812404888388502,0.2571885914332963,0.2765203972554986,0.32037014441247835,0.07708470553336355,0.20889858270815803,0.22032800313081896,0.2665830256868273,0.037357067230144314,0.037357067230144314,0.02849871235763901,0.01679455074048508
mean,50,0,2,0.06962668007635997,0.30866219653015825,True,1,0.037357067230144314,0.11738335008055123,True,True,0.13565256465000697,0.13974537972440404,0.17733618876481114,0.20658514684444565,0.04001314142520346,0.08577834415450142,0.12117081278513181,0.1689893090473218,0.037357067230144314,0.06962668007635997,0.017039379067798843,0.0454027158040885
mean,50,1,3,0.0224083204338823,0.31360956474646334,True,1,0.037357067230144314,0.10211822916827096,True,True,0.13812624875815951,0.1411173528744398,0.1522555352749603,0.24361457533853526,0.03238058096906332,0.12012644306843451,0.12012644306843451,0.1404245528409036,0.037357067230144314,0.09771083735385,0.0224083204338823,0.047688754950949486
mean,50,2,3,0.016551438629055726,0.2961079774510598,True,3,0.016551438629055726,0.28880223408528904,True,True,0.12937545511045775,0.1553235275526081,0.1983322758219333,0.22586203949547073,0.12572258342757237,0.12572258342757237,0.14314309924945634,0.21462752538183366,0.12733713397915836,0.06962668007635997,0.016551438629055726,0.016551438629055726
mean,50,3,3,0.016571980632732575,0.3699793826823404,True,3,0.016571980632732575,0.09865778948014448,True,True,0.17100578263678745,0.17519231756847722,0.1769072569424587,0.22256308917094064,0.03065036112500008,0.07850757936087716,0.1048221878322555,0.11544246497353566,0.037357067230144314,0.09771083735385,0.016571980632732575,0.031006016288466554
mean,50,4,1,0.037357067230144314,0.25472658298392314,True,1,0.037357067230144314,0.1831739538769671,True,True,0.10868475787688943,0.18996075968326745,0.23221713566025554,0.25269887340033176,0.0729084433234114,0.127412804600484,0.19649778748170393,0.20190848559100522,0.037357067230144314,0.037357067230144314,0.058638701972667406,0.024447169241110567
mean,50,5,1,0.037357067230144314,0.21978780261584177,True,1,0.037357067230144314,0.1809637417941773,True,True,0.09121536769284873,0.14736405324752772,0.18145109354414976,0.19991195272603293,0.07180333728201649,0.10517229199257272,0.1272396286994772,0.16520425520826865,0.037357067230144314,0.06962668007635997,0.0223642176848442,0.025231741916855954
mean,50,6,3,0.06001308537811989,0.3808163047139894,True,3,0.06001308537811989,0.22611293304847513,True,True,0.17172961874192255,0.17965584419847255,0.1877227398992319,0.23813655851139132,0.09877680364154534,0.09877680364154534,0.10497403212552608,0.14821377381941692,0.037357067230144314,0.06962668007635997,0.06001308537811989,0.03487966227041084
mean,50,7,4,0.01154105830094776,0.3155918260104089,True,4,0.01154105830094776,0.20668589663768244,True,True,0.1391173793901323,0.18349876033031992,0.20664814717864818,0.22948193944496126,0.08466441470376906,0.08474080925287253,0.10147047744242116,0.12669398209623936,0.12733713397915836,0.06962668007635997,0.017039379067798843,0.01154105830094776
mean,50,8,1,0.037357067230144314,0.264347259662869,True,1,0.037357067230144314,0.1726143894617408,True,True,0.11349509621636233,0.17920768163490908,0.21106577641069144,0.24269604359770164,0.06762866111579824,0.14528010417594517,0.17640274373316478,0.20202676518523233,0.037357067230144314,0.037357067230144314,0.0245256835944887,0.013093676484002947
mean,50,9,3,0.020908694686833207,0.26721790026667624,True,1,0.037357067230144314,0.06704720073283166,True,False,0.11493041651826598,0.13336496418127985,0.20272917680902514,0.20814706761664084,0.014845066751343672,0.07082939468031402,0.27232295194760464,0.27232295194760464,0.037357067230144314,0.06962668007635997,0.020908694686833207,0.0387682334849665
mean,50,10,4,0.006130543843000269,0.2596001454616266,True,4,0.006130543843000269,0.09200249334664534,True,True,0.11112153911574113,0.14931100300251807,0.1842614877017294,0.20035535711712268,0.027322713058250514,0.03610478814069806,0.15570838512613916,0.15570838512613916,0.037357067230144314,0.06962668007635997,0.016571980632732575,0.006130543843000269
mean,50,11,1,0.037357067230144314,0.2569526945315418,True,1,0.037357067230144314,0.15670522022555244,True,True,0.10979781365069874,0.1296972116976855,0.14611731490629892,0.21022509955051147,0.059674076497704065,0.059674076497704065,0.11961591671134436,0.16935872254644857,0.037357067230144314,0.037357067230144314,0.036838313441200365,0.03470403271076283
mean,50,12,3,0.03941878148621747,0.31906757050406076,True,3,0.03941878148621747,0.11766779654024395,True,True,0.14085525163695822,0.180657954009586,0.18739004247287283,0.22797945215019802,0.04015536465504982,0.06797502803998667,0.11526836103480942,0.14515441517246558,0.037357067230144314,0.037357067230144314,0.03941878148621747,0.03941878148621747
mean,50,13,3,0.0223642176848442,0.31139651565898296,True,3,0.0223642176848442,0.1221368950487648,True,True,0.13701972421441933,0.1593720495420039,0.1773125392252716,0.25466628106671013,0.04238991390931024,0.04238991390931024,0.10531088793955096,0.1949797137811753,0.037357067230144314,0.037357067230144314,0.0223642176848442,0.034491301901075744
mean,50,14,4,0.031006016288466554,0.2607261373383827,True,4,0.031006016288466554,0.0997050421199196,True,True,0.1116845350541192,0.18603845909330732,0.20798086209132782,0.2179797026899629,0.03117398744488764,0.12026779910227409,0.12026779910227409,0.14343802692300522,0.037357067230144314,0.06962668007635997,0.0245256835944887,0.031006016288466554
mean,50,15,3,0.02849871235763901,0.2869266261497573,True,1,0.037357067230144314,0.22467602187824498,True,False,0.12478477945980648,0.13364055822590065,0.17067961254030106,0.2097924864910282,0.09365947732405033,0.09365947732405033,0.2568941436108428,0.2568941436108428,0.037357067230144314,0.037357067230144314,0.02849871235763901,0.02849871235763901
mean,50,16,1,0.037357067230144314,0.46360396437262247,True,1,0.037357067230144314,0.11137678130719875,True,True,0.21312344857123908,0.21571833322905415,0.2923966327411501,0.3264043820922182,0.037009857038527216,0.05935435924679344,0.18690571319523286,0.18690571319523286,0.037357067230144314,0.037357067230144314,0.0245256835944887,0.0
mean,50,17,3,0.030528017631167303,0.23055846088813792,True,3,0.030528017631167303,0.1710554615996468,True,True,0.0966006968289968,0.13377228288855159,0.171603304817032,0.2318311014243223,0.06684919718475124,0.0922152729288469,0.15512345426344282,0.15930886171133485,0.037357067230144314,0.037357067230144314,0.030528017631167303,0.030528017631167303
mean,50,18,1,0.037357067230144314,0.29190686283957146,True,1,0.037357067230144314,0.11920018228213258,True,True,0.12727489780471357,0.15464257627158975,0.20602854102571586,0.25895089482655703,0.040921557525994134,0.06318303370240735,0.07895445277436774,0.15420722942878157,0.037357067230144314,0.037357067230144314,0.037451703381569335,0.04333307317664614
mean,50,19,1,0.037357067230144314,0.22282404775185777,True,1,0.037357067230144314,0.18564004835136505,True,True,0.09273349026085673,0.13730142838560738,0.1843113032466408,0.18874857329546613,0.07414149056061037,0.07592870076205221,0.08717087608475649,0.18604024476382164,0.037357067230144314,0.037357067230144314,0.037357067230144314,0.013093676484002947
mean,50,20,1,0.037357067230144314,0.21074495575381175,True,1,0.037357067230144314,0.2895761107283855,True,False,0.08669394426183372,0.13481332989972997,0.19156895149217232,0.22467341886016085,0.1261095217491206,0.1261095217491206,0.18114369334024577,0.22242353510628854,0.037357067230144314,0.037357067230144314,0.037451703381569335,0.04747892275653787
mean,50,21,1,0.037357067230144314,0.26297276219557175,True,1,0.037357067230144314,0.22050988578634156,True,True,0.1128078474827137,0.14381101387942602,0.17117587058673156,0.24003233701556898,0.09157640927809862,0.09157640927809862,0.1369606207370272,0.18842582986035367,0.037357067230144314,0.037357067230144314,0.037357067230144314,0.015259224710252539
mean,50,22,3,0.06061743617126125,0.18657748989688241,True,1,0.037357067230144314,0.18710661907334292,True,False,0.07461021133336905,0.10867315332229592,0.13617201794421782,0.19079329212685087,0.0748747759215993,0.1072684889023916,0.14101585778377052,0.1679908141835083,0.037357067230144314,0.06962668007635997,0.06061743617126125,0.06587132331774892
mean,50,23,3,0.036838313441200365,0.2351860238736864,True,3,0.036838313441200365,0.13930881404789763,True,True,0.09891447832177104,0.15647911849426394,0.19049432643633474,0.24100708814357344,0.05097587340887666,0.10303974505767644,0.1356516040709952,0.16994890240982535,0.12733713397915836,0.09771083735385,0.036838313441200365,0.024895582475416456
mean,50,24,1,0.037357067230144314,0.2851991639571634,True,1,0.037357067230144314,0.08818049704239017,True,True,0.12392104836350953,0.14626415709182652,0.19870052659624066,0.22793775988272347,0.02541171490612293,0.14106026227621668,0.15534236729293088,0.15534236729293088,0.037357067230144314,0.037357067230144314,0.016551438629055726,0.03491344412166675
mean,50,25,2,0.09771083735385,0.27710904247240165,True,3,0.016571980632732575,0.17238817675094464,True,True,0.11987598762112867,0.1341622057832336,0.20013255359470866,0.2560398841304568,0.06751555476040016,0.0952289339018737,0.125835275604549,0.17988394912233213,0.037357067230144314,0.09771083735385,0.016571980632732575,0.036119444517117794
mean,50,26,3,0.016571980632732575,0.2379639134808704,True,3,0.016571980632732575,0.11463031389108347,True,True,0.10030342312536304,0.17069009995869536,0.21886137876768139,0.2942296715064943,0.03863662333046958,0.03863662333046958,0.07238508967255686,0.15438810368608208,0.037357067230144314,0.06962668007635997,0.016571980632732575,0.016571980632732575
mean,50,27,3,0.05694145504972581,0.2972629194934266,True,1,0.037357067230144314,0.08753770848263631,True,True,0.12995292613164114,0.14907646622374668,0.17105280977385406,0.21111148201357438,0.025090320626246,0.1424913016494777,0.1424913016494777,0.15849120970175884,0.037357067230144314,0.06962668007635997,0.05694145504972581,0.009469938609891093
mean,50,28,2,0.09771083735385,0.26308885355730627,True,4,0.03025773480461058,0.15343782102579195,True,False,0.11286589316358096,0.11557089006590911,0.1869308396630523,0.22247075207210926,0.05804037689782382,0.11775707308999561,0.12787924958906793,0.13166899805543453,0.037357067230144314,0.09771083735385,0.05376992736468611,0.03025773480461058
mean,50,29,1,0.037357067230144314,0.23971280481636423,True,1,0.037357067230144314,0.23333743387697425,True,False,0.10117786879310996,0.186110418608183,0.18876836838564834,0.23240919993367656,0.10452444512751258,0.10452444512751258,0.10858628253977565,0.1683764990810807,0.037357067230144314,0.037357067230144314,0.0223642176848442,0.05752254065110507
mean,100,0,1,0.037357067230144314,0.19950610848454678,True,1,0.037357067230144314,0.15724297678608912,True,True,0.08107452062720123,0.10748685082196409,0.12372978170624374,0.1604663559163772,0.0599429547779724,0.08591936236495368,0.10138693369409685,0.13922343533375026,0.037357067230144314,0.037357067230144314,0.0245256835944887,0.046620587317990236
mean,100,1,3,0.020908694686833207,0.24504474457392225,True,1,0.037357067230144314,0.14955783699275904,True,True,0.10384383867188897,0.11641262854342435,0.12503266196527626,0.15709691206242768,0.056100384881307364,0.08499571152949714,0.08499571152949714,0.15207125494423296,0.037357067230144314,0.037357067230144314,0.020908694686833207,0.015346849705819898
mean,100,2,4,0.04901603305723157,0.21644266637492274,True,1,0.037357067230144314,0.06255305720088133,True,True,0.08954279957238921,0.11310533904517127,0.12944347425520716,0.15176222082729288,0.01259799498536851,0.052612910464300944,0.11987922032718162,0.11987922032718162,0.037357067230144314,0.037357067230144314,0.049815366167874964,0.04901603305723157
mean,100,3,2,0.09771083735385,0.21181794844872426,True,4,0.025231741916855954,0.11958233191730672,True,True,0.08723044060928997,0.09315518295815545,0.13984004005661688,0.15304166240846998,0.0411126323435812,0.07696243558130722,0.1089811020012601,0.1089811020012601,0.037357067230144314,0.09771083735385,0.045914163989200674,0.025231741916855954
mean,100,4,4,0.039603092429607134,0.2538360949093833,True,3,0.055467857709667556,0.2622272495828052,True,False,0.1082395138396195,0.14038262448890773,0.14443477392716433,0.1606102185148721,0.11996348305354809,0.11996348305354809,0.12303119039269111,0.1920155048039195,0.037357067230144314,0.037357067230144314,0.055467857709667556,0.039603092429607134
mean,100,5,3,0.0245256835944887,0.26270452895512,True,3,0.0245256835944887,0.1440998591087349,True,True,0.11267373086248782,0.11345862813962741,0.13782154804484223,0.1868713123808352,0.053371395939295296,0.06883380889491525,0.06883380889491525,0.1299949130128551,0.037357067230144314,0.037357067230144314,0.0245256835944887,0.01877194964526485
mean,100,6,3,0.020908694686833207,0.1894442386483225,True,3,0.020908694686833207,0.09857500522845031,True,True,0.07604358570908909,0.10597336547642966,0.12925858977913737,0.14086723343711632,0.030608968999152997,0.05257127536456668,0.09251905628379525,0.09251905628379525,0.037357067230144314,0.06962668007635997,0.020908694686833207,0.020908694686833207
mean,100,7,4,0.015259224710252539,0.2102344141962843,True,4,0.015259224710252539,0.15096342046988143,True,True,0.08643867348307,0.10444422590661813,0.13019956633783888,0.15045308346803182,0.056803176619868556,0.06600241697691589,0.08668399342854899,0.13214873887213363,0.037357067230144314,0.037357067230144314,0.0223642176848442,0.015259224710252539
mean,100,8,3,0.017039379067798843,0.23285697708261321,True,3,0.017039379067798843,0.16602040236942928,True,True,0.09774995492623445,0.11973432089329233,0.13657203728770667,0.15883674255066824,0.07079249119629705,0.07079249119629705,0.07492776678600316,0.14431368045980925,0.037357067230144314,0.06962668007635997,0.017039379067798843,0.017039379067798843
mean,100,9,3,0.01616486879742296,0.19773012844204127,True,3,0.01616486879742296,0.09979964958068022,True,True,0.08018653060594848,0.1079650509733519,0.1257824006693155,0.142924801381744,0.03122129117526795,0.06836819527959737,0.07012669651407977,0.08736510766416261,0.037357067230144314,0.037357067230144314,0.01616486879742296,0.01616486879742296
mean,100,10,1,0.037357067230144314,0.22895956136581774,True,1,0.037357067230144314,0.31375589525977055,True,False,0.09580124706783671,0.12595038323685154,0.14229941696025802,0.196209440333803,0.13819941401481312,0.16575763434657953,0.20876395531894432,0.2385418338031661,0.037357067230144314,0.037357067230144314,0.01825882669547163,0.025994791348137092
mean,100,11,1,0.037357067230144314,0.18744815413949245,True,4,0.011423550769082746,0.21609391422897084,True,False,0.07504554345467407,0.09770862814519894,0.13493548730377666,0.16025577639261376,0.09996452271577394,0.09996452271577394,0.09996452271577394,0.14916045568225922,0.037357067230144314,0.037357067230144314,0.037357067230144314,0.011423550769082746
mean,100,12,3,0.037451703381569335,0.20798421040853513,True,3,0.037451703381569335,0.17849846506298794,True,False,0.0853135715891954,0.1061736327557357,0.12035913401782498,0.15440779750827216,0.07057069891642181,0.10393963174328935,0.11680655903986276,0.18005615913123785,0.037357067230144314,0.06962668007635997,0.037451703381569335,0.033777428052732095
mean,100,13,4,0.01679455074048508,0.1761002787690727,True,4,0.01679455074048508,0.1382472048179032,True,False,0.06937160576946419,0.09513227149006788,0.132099648348537,0.15292833912009482,0.050445068793879444,0.13813254072848274,0.13813254072848274,0.13813254072848274,0.037357067230144314,0.037357067230144314,0.01825882669547163,0.01679455074048508
mean,100,14,3,0.020908694686833207,0.3046722976952071,True,3,0.020908694686833207,0.17842992492289955,True,True,0.1336576152325314,0.15793461219878233,0.16299120530935726,0.19540542321790308,0.0811325280627383,0.0811325280627383,0.0811325280627383,0.14086056039315786,0.037357067230144314,0.09771083735385,0.020908694686833207,0.020908694686833207
mean,100,15,3,0.016551438629055726,0.18554060887848595,True,3,0.016551438629055726,0.05388605336203034,True,True,0.07409177082417082,0.10581520349182895,0.12691236825532143,0.17455400626211706,0.008264493065943013,0.03688926405482762,0.07251198312154283,0.07469393528906387,0.037357067230144314,0.06962668007635997,0.016551438629055726,0.016551438629055726
mean,100,16,3,0.01825882669547163,0.16314514048123047,True,3,0.01825882669547163,0.10170682005693188,True,True,0.06289403662554308,0.1211643611155984,0.12419479271922819,0.14513298145212894,0.03217487641339378,0.05947185267438637,0.07507800241737062,0.09835767394725703,0.037357067230144314,0.037357067230144314,0.01825882669547163,0.01825882669547163
mean,100,17,4,0.04818296322503568,0.2360816803811254,True,4,0.04818296322503568,0.10500025812892766,True,True,0.09936230657549054,0.1294257650499816,0.1403986601543156,0.15901338474450794,0.03382159544939167,0.07871368656567074,0.07871368656567074,0.11093944949979018,0.037357067230144314,0.06962668007635997,0.020908694686833207,0.04818296322503568
mean,100,18,1,0.037357067230144314,0.18072319327960315,True,1,0.037357067230144314,0.19240496363551662,True,False,0.07168306302472942,0.09285515101810456,0.12700295156878078,0.13365171343465873,0.07752394820268615,0.12247689571894704,0.12247689571894704,0.15084322802499317,0.037357067230144314,0.037357067230144314,0.01825882669547163,0.021687905168169763
mean,100,19,3,0.049815366167874964,0.22466146366799372,True,1,0.037357067230144314,0.12006623030511876,True,True,0.0936521982189247,0.10694322763542694,0.13009157890782672,0.17244805554379083,0.04135458153748722,0.04135458153748722,0.11744129981485385,0.11744129981485385,0.037357067230144314,0.037357067230144314,0.049815366167874964,0.049815366167874964
mean,100,20,3,0.03411875546067489,0.22074975029101895,True,1,0.037357067230144314,0.04923906610649398,True,False,0.09169634153043732,0.10307435108890117,0.11716535042199457,0.15864512554882532,0.005940999438174832,0.038255229469830176,0.12557739697197978,0.12557739697197978,0.037357067230144314,0.06962668007635997,0.03411875546067489,0.03411875546067489
mean,100,21,3,0.0223642176848442,0.18739829986698753,True,3,0.0223642176848442,0.10921821925747743,True,True,0.0750206163184216,0.09645651134780714,0.10911589093680732,0.15049089129399099,0.042970207866600996,0.042970207866600996,0.04652667523002724,0.10113006474164599,0.037357067230144314,0.09771083735385,0.0223642176848442,0.0223642176848442
mean,100,22,3,0.01825882669547163,0.25261907974227493,True,1,0.037357067230144314,0.040673908546294935,True,True,0.10763100625606531,0.11900150279766344,0.13587299326962762,0.15338738260640303,0.0016584206580753103,0.04280253542802592,0.13204023161589157,0.13204023161589157,0.037357067230144314,0.037357067230144314,0.01825882669547163,0.01825882669547163
mean,100,23,4,0.03285670044785005,0.2395458519999632,True,3,0.0245256835944887,0.1571293113772213,True,True,0.10109439238490944,0.12356730839973706,0.19343346227167818,0.19460653044024212,0.059886122073538495,0.07128451327326674,0.09058084726323057,0.15818142928297468,0.037357067230144314,0.06962668007635997,0.0245256835944887,0.03285670044785005
mean,100,24,1,0.037357067230144314,0.1637215962171075,True,3,0.02849871235763901,0.1127038341591412,True,True,0.06318226449348159,0.09831265565514095,0.10743416917247633,0.15501018753365559,0.037673383464498444,0.05483610387330895,0.05584443603616163,0.10980251410163705,0.037357067230144314,0.037357067230144314,0.02849871235763901,0.02849871235763901
mean,100,25,1,0.037357067230144314,0.1822400297723116,True,3,0.0224083204338823,0.06649310269143494,True,True,0.07244148127108364,0.11379582488591049,0.15066213916892823,0.1631489968430636,0.01456801773064531,0.04447243548757307,0.062144146733658534,0.11049178438430518,0.037357067230144314,0.037357067230144314,0.0224083204338823,0.03487966227041084
mean,100,26,3,0.01616486879742296,0.2200373310549332,True,3,0.01616486879742296,0.1154977049492324,True,True,0.09134013191239444,0.1337047585563305,0.1337047585563305,0.1535079966977445,0.03907031885954404,0.057906576745085925,0.09136572599524656,0.13945970345999903,0.037357067230144314,0.037357067230144314,0.01616486879742296,0.011423550769082746
mean,100,27,1,0.037357067230144314,0.19968183091104016,True,1,0.037357067230144314,0.11586126522124418,True,True,0.08116238184044793,0.11034703329447192,0.13956676496739612,0.1643907273963598,0.03925209899554993,0.06125370199578073,0.10998272255189195,0.1228677921890381,0.037357067230144314,0.037357067230144314,0.0223642176848442,0.0223642176848442
mean,100,28,3,0.016551438629055726,0.17008556839953087,True,3,0.016551438629055726,0.1285599972221909,True,True,0.06636425058469328,0.07579661483742915,0.11551506504904774,0.14937856675303135,0.05619756421238398,0.05619756421238398,0.05619756421238398,0.06571783276230958,0.037357067230144314,0.06962668007635997,0.016551438629055726,0.016551438629055726
mean,100,29,3,0.03741295862404925,0.1774473543851443,True,1,0.037357067230144314,0.05788777376334009,True,True,0.0700451435775,0.10034635395505136,0.10901041438768738,0.1331794433985135,0.010265353266597887,0.05943318152493743,0.09885552529701325,0.10024405267125908,0.037357067230144314,0.037357067230144314,0.03741295862404925,0.03741295862404925
mean,250,0,3,0.01616486879742296,0.13995924192089929,True,3,0.01616486879742296,0.08552990545933159,True,True,0.051301087345377486,0.076263929969085,0.08440093855424223,0.09296336191994183,0.024086419114593638,0.05605463254533405,0.07104661103736198,0.07104661103736198,0.037357067230144314,0.037357067230144314,0.01616486879742296,0.01616486879742296
mean,250,1,3,0.01616486879742296,0.14090045559851072,True,1,0.037357067230144314,0.05428803730696197,True,False,0.0517716941841832,0.07119359689739387,0.08140578088553505,0.1010168449930836,0.008465485038408826,0.06776561847984791,0.10752168861454398,0.10752168861454398,0.037357067230144314,0.037357067230144314,0.01616486879742296,0.015259224710252539
mean,250,2,1,0.037357067230144314,0.11428095817207415,True,4,0.01154105830094776,0.09218057208293673,True,True,0.03846194547096492,0.06626958910271845,0.0937249687655055,0.09411764749507565,0.035191875853394006,0.035191875853394006,0.046090286041468365,0.046090286041468365,0.037357067230144314,0.037357067230144314,0.01825882669547163,0.01154105830094776
mean,250,3,4,0.009469938609891093,0.11261212490587325,True,4,0.009469938609891093,0.05103488624403296,True,True,0.037627528837864466,0.06772569386016024,0.07514257016026998,0.0877325289562341,0.006838909506944324,0.014477760521423244,0.04293441878073556,0.061385735619811144,0.037357067230144314,0.037357067230144314,0.016551438629055726,0.009469938609891093
mean,250,4,3,0.017039379067798843,0.14093899844555138,True,4,0.015346849705819898,0.08505437038962094,True,True,0.051790965607703535,0.06568424940720766,0.07358863797212975,0.0998086591416079,0.02384865157973831,0.04103592838946302,0.0707700970765508,0.0707700970765508,0.037357067230144314,0.06962668007635997,0.017039379067798843,0.015346849705819898
mean,250,5,4,0.009469938609891093,0.15879579485464337,True,4,0.009469938609891093,0.12312960252060023,True,False,0.06071936381224953,0.06511965389202268,0.08196731811886172,0.09903655978366212,0.04288626764522796,0.08039299454984378,0.08039299454984378,0.08039299454984378,0.037357067230144314,0.037357067230144314,0.020908694686833207,0.009469938609891093
mean,250,6,3,0.02796086018382815,0.14038371218253037,True,1,0.037357067230144314,0.07687007966822967,True,True,0.05151332247619303,0.06234612671254746,0.08189117380697634,0.09054375953672995,0.01975650621904268,0.02803266718983588,0.07986931530377117,0.07986931530377117,0.037357067230144314,0.037357067230144314,0.02796086018382815,0.02796086018382815
mean,250,7,4,0.006130543843000269,0.151435716692416,True,3,0.0245256835944887,0.06208283106498935,True,True,0.05703932473113585,0.07068394293318532,0.08955238081070668,0.1030946787764684,0.012362881917422519,0.03318700093287619,0.04526890722622312,0.0846101208101478,0.037357067230144314,0.037357067230144314,0.0245256835944887,0.006130543843000269
mean,250,8,3,0.016571980632732575,0.16192819859094812,True,1,0.037357067230144314,0.07483859297198692,True,True,0.0622855656804019,0.07555233376556936,0.0830801448020484,0.10518975810353327,0.0187407628709213,0.02727936568382605,0.05724378714075462,0.07361815102528552,0.037357067230144314,0.037357067230144314,0.016571980632732575,0.006130543843000269
mean,250,9,1,0.037357067230144314,0.10280000911929914,True,1,0.037357067230144314,0.12645809083560577,True,False,0.03272147094457741,0.05651352008434579,0.0742124046157048,0.09201680664873617,0.053276654259278855,0.053276654259278855,0.05514661101909141,0.07996923681829782,0.037357067230144314,0.037357067230144314,0.037357067230144314,0.017787540331046015
mean,250,10,1,0.037357067230144314,0.13398888615880472,True,1,0.037357067230144314,0.06420722891224473,True,False,0.0483159094643302,0.06164807830847977,0.07723730684200143,0.0915623903892587,0.013425080841050208,0.09646574768263466,0.09646574768263466,0.09646574768263466,0.037357067230144314,0.037357067230144314,0.016551438629055726,0.01419350849037826
mean,250,11,1,0.037357067230144314,0.1295439846392012,True,1,0.037357067230144314,0.11644250823289537,True,True,0.04609345870452843,0.06567550310904749,0.08139110270979041,0.09207802078427409,0.03954272050137553,0.03954272050137553,0.06016393138955084,0.07304693644919952,0.037357067230144314,0.037357067230144314,0.020908694686833207,0.011423550769082746
mean,250,12,3,0.037451703381569335,0.18150853151291463,True,3,0.037451703381569335,0.09820077400401361,True,True,0.07207573214138516,0.08255442828699203,0.09549839363914597,0.10910161610147219,0.03042185338693465,0.03042185338693465,0.0536853960728535,0.07891865101527024,0.037357067230144314,0.037357067230144314,0.037451703381569335,0.0
mean,250,13,1,0.037357067230144314,0.16084090802318915,True,1,0.037357067230144314,0.10049088081922741,True,True,0.06174192039652242,0.06822766256241075,0.07853121256847465,0.09946433383220075,0.03156690679454155,0.056775541583456046,0.056775541583456046,0.08701893061063709,0.037357067230144314,0.037357067230144314,0.01825882669547163,0.014093362902054984
mean,250,14,1,0.037357067230144314,0.13169939923211896,True,4,0.0,0.07992885462713317,True,True,0.04717116600098732,0.06867208729848662,0.08266719687348256,0.10582358378511188,0.02128589369849443,0.021809867678983297,0.05447924526118497,0.07020632878245892,0.037357067230144314,0.037357067230144314,0.016551438629055726,0.0
mean,250,15,3,0.017039379067798843,0.18060003449419473,True,3,0.017039379067798843,0.12207528627038688,True,False,0.07171799797514851,0.07171799797514851,0.08221758284838589,0.10260201964339125,0.05295520873648196,0.05295520873648196,0.05295520873648196,0.10975457118386561,0.037357067230144314,0.037357067230144314,0.017039379067798843,0.017039379067798843
mean,250,16,1,0.037357067230144314,0.10749442808176979,True,1,0.037357067230144314,0.11955026098598165,True,False,0.03506868042581274,0.06317254022291045,0.0672920664282162,0.07874592328635041,0.04109659687791867,0.04109659687791867,0.06704522334359647,0.10416030173729107,0.037357067230144314,0.037357067230144314,0.016571980632732575,0.011423550769082746
mean,250,17,4,0.01877194964526485,0.14957180540419102,True,4,0.01877194964526485,0.1586747002138682,True,False,0.056107369087023344,0.06348445234943463,0.07765921629900834,0.0956413299650235,0.07125491570822262,0.07125491570822262,0.07125491570822262,0.0908681723790351,0.037357067230144314,0.037357067230144314,0.01616486879742296,0.01877194964526485
mean,250,18,1,0.037357067230144314,0.13118155737862713,True,1,0.037357067230144314,0.11848876227248129,True,False,0.0469122450742414,0.058198280361219094,0.09251028868746128,0.10449666495811774,0.05116194673752916,0.05116194673752916,0.05116194673752916,0.07037216712117439,0.037357067230144314,0.037357067230144314,0.037357067230144314,0.011423550769082746
mean,250,19,1,0.037357067230144314,0.14933100187383228,True,4,0.006130543843000269,0.07263447961464398,True,True,0.05598696732184398,0.06551945010006291,0.09544743783710119,0.1060074812574093,0.01763870619224983,0.04344273216596772,0.053232200367138716,0.06497468147550683,0.037357067230144314,0.037357067230144314,0.01825882669547163,0.006130543843000269
mean,250,20,3,0.020908694686833207,0.1345474207787844,True,3,0.020908694686833207,0.06550706567294473,True,True,0.04859517677432005,0.07554655690339086,0.08656968582572487,0.10612278620107837,0.014074999221400208,0.01751614828374576,0.04767222073821076,0.07283802755723756,0.037357067230144314,0.037357067230144314,0.020908694686833207,0.020908694686833207
mean,250,21,3,0.016571980632732575,0.16090877832995903,True,1,0.037357067230144314,0.05837525991391368,True,True,0.06177585554990735,0.07098284937207856,0.08862292308128548,0.10147276887801758,0.010509096341884683,0.05681851688280504,0.05681851688280504,0.0845363745258384,0.037357067230144314,0.037357067230144314,0.016571980632732575,0.016571980632732575
mean,250,22,3,0.0245256835944887,0.14337273969639155,True,3,0.0245256835944887,0.11249443904586343,True,True,0.05300783623312362,0.06826649193602605,0.07716879000923482,0.10753873231313658,0.037568685907859556,0.04047412932385508,0.05217504194301237,0.094534526195175,0.037357067230144314,0.037357067230144314,0.0245256835944887,0.0245256835944887
mean,250,23,3,0.016571980632732575,0.16441460517361828,True,3,0.016571980632732575,0.11704102966939123,True,False,0.06352876897173698,0.06887445729858033,0.08214712538579433,0.09210833640096681,0.03984198121962346,0.08708570719142378,0.08708570719142378,0.10036708658798682,0.037357067230144314,0.037357067230144314,0.016571980632732575,0.016571980632732575
mean,250,24,3,0.017039379067798843,0.15408079052288629,True,3,0.017039379067798843,0.18505611944938094,True,False,0.058361861646370986,0.0633125283554515,0.07748358948705777,0.09272957161564122,0.07642697268362131,0.07642697268362131,0.08444562532597899,0.10772883912681885,0.037357067230144314,0.06962668007635997,0.017039379067798843,0.017039379067798843
mean,250,25,3,0.0223642176848442,0.14759435450285352,True,3,0.0223642176848442,0.09602912720545687,True,True,0.055118643636354596,0.06838186847882931,0.07489000561641676,0.10687963023441883,0.029336029987656276,0.043446157377423966,0.043446157377423966,0.05624627440252283,0.037357067230144314,0.037357067230144314,0.0223642176848442,0.0
mean,250,26,3,0.01616486879742296,0.12745158278790758,True,3,0.01616486879742296,0.059294245254974176,True,True,0.04504725777888164,0.06467713762493577,0.09312750560015619,0.10769742900848375,0.010968589012414931,0.035893085786448786,0.05063675774810672,0.06135983706374981,0.037357067230144314,0.037357067230144314,0.01616486879742296,0.020349346259569856
mean,250,27,1,0.037357067230144314,0.13982068453486995,True,4,0.014093362902054984,0.14926774072239946,True,False,0.05123180865236281,0.07722184168294985,0.09344657101565909,0.09846806356131703,0.07463387036119973,0.07463387036119973,0.07463387036119973,0.07463387036119973,0.037357067230144314,0.037357067230144314,0.037357067230144314,0.014093362902054984
mean,250,28,4,0.011423550769082746,0.13412305767063154,True,4,0.011423550769082746,0.10613413284849693,True,False,0.04838299522024361,0.058174091426462994,0.07625912971586671,0.09204370063830333,0.03438853280917631,0.09062705435670942,0.09062705435670942,0.09094789764851963,0.037357067230144314,0.037357067230144314,0.016571980632732575,0.011423550769082746
mean,250,29,4,0.020349346259569856,0.13936540367248673,True,3,0.0223642176848442,0.09765641438288264,True,True,0.051004168221171216,0.06556799077757577,0.08967037536885411,0.09485719076291473,0.03785796425864196,0.03785796425864196,0.04074577279272984,0.07574791799714176,0.037357067230144314,0.037357067230144314,0.0223642176848442,0.020349346259569856
mean,500,0,1,0.037357067230144314,0.09655709590467315,True,1,0.037357067230144314,0.058218374260876726,True,True,0.029600014337264422,0.04416504259023682,0.06745805023311083,0.07942754250887114,0.010430653515366206,0.025849313783911976,0.03883694094204171,0.06056304671640278,0.037357067230144314,0.037357067230144314,0.016551438629055726,0.015259224710252539
mean,500,1,4,0.0,0.12621965155914264,True,4,0.0,0.048366241447124314,True,True,0.04598618186994555,0.04863682568137724,0.05502739138085984,0.06630261982832664,0.00550458710849,0.02030592164647793,0.03249532579677622,0.034396248196888024,0.037357067230144314,0.037357067230144314,0.016571980632732575,0.0
mean,500,2,4,0.0,0.111660524925287,True,4,0.0,0.07517791330508905,True,False,0.03715172884757134,0.0442892135993447,0.055194828120846987,0.06162357974792716,0.018910423037472368,0.051732713092232374,0.051732713092232374,0.055162975807021286,0.037357067230144314,0.06962668007635997,0.017039379067798843,0.0
mean,500,3,4,0.0,0.10397538479641574,True,4,0.0,0.10447855419747398,True,False,0.033309158783135714,0.03737024474448431,0.05305088694406018,0.06949893296937593,0.03760977908715768,0.04186086986924603,0.04415684270002551,0.061132490384054716,0.037357067230144314,0.037357067230144314,0.01825882669547163,0.0
mean,500,4,3,0.017039379067798843,0.0952591005826319,True,4,0.0,0.08596287103736011,True,False,0.02895101667624379,0.03624661023821853,0.04883881999084087,0.06165384591668097,0.032033779455014955,0.032033779455014955,0.04171960483498849,0.042981435518680056,0.037357067230144314,0.037357067230144314,0.017039379067798843,0.0
mean,500,5,4,0.015259224710252539,0.10900435270437969,True,4,0.015259224710252539,0.05591067949198958,True,True,0.03582364273711769,0.052967500703326564,0.05671107849370195,0.06393849889010228,0.009276806130922632,0.02882838277582167,0.02882838277582167,0.04591698644131437,0.037357067230144314,0.06962668007635997,0.02796086018382815,0.015259224710252539
mean,500,6,4,0.0165149753913858,0.12125168438424613,True,3,0.01825882669547163,0.05175476088204922,True,True,0.04194730857705091,0.046161325441884324,0.05664232001280442,0.06903900023911397,0.007198846825952454,0.01053759652668318,0.03190622369543816,0.05127666095538874,0.037357067230144314,0.037357067230144314,0.01825882669547163,0.0165149753913858
mean,500,7,3,0.016551438629055726,0.1053067765201704,True,4,0.0,0.08662924455000398,True,False,0.03397485464501304,0.040760360782290686,0.046409312871202264,0.06521398254643472,0.024636088659929833,0.0356208155610947,0.05389034984124341,0.05984011784644638,0.037357067230144314,0.037357067230144314,0.016551438629055726,0.0
mean,500,8,3,0.01825882669547163,0.10230240768421127,True,1,0.037357067230144314,0.07283259947401743,True,False,0.03247267022703348,0.045031265247809996,0.055123019570968115,0.06758806660114695,0.01773776612193656,0.01773776612193656,0.06989683562159682,0.06989683562159682,0.037357067230144314,0.037357067230144314,0.01825882669547163,0.01825882669547163
mean,500,9,3,0.016571980632732575,0.10565340329090527,True,3,0.016571980632732575,0.07815178156887193,True,True,0.034148168030380475,0.047691634722682,0.05171371547965562,0.07011750962633562,0.02472658700155106,0.030993456385724483,0.030993456385724483,0.0520579974215824,0.037357067230144314,0.037357067230144314,0.016571980632732575,0.01419350849037826
mean,500,10,1,0.037357067230144314,0.11774334074950041,True,4,0.0,0.06318343458992781,True,True,0.04019313675967805,0.05551865540880938,0.06573610560178604,0.07675320556139034,0.01763834332965064,0.019471629780593136,0.023509282896252426,0.036246015116105146,0.037357067230144314,0.037357067230144314,0.030528017631167303,0.0
mean,500,11,3,0.016571980632732575,0.11649008845586269,True,3,0.016571980632732575,0.06567698678246636,True,True,0.04388058373649952,0.048736545518244544,0.05016260982921986,0.06493751454218596,0.014159959776161024,0.027069318049180002,0.027069318049180002,0.04736336568770838,0.037357067230144314,0.037357067230144314,0.016571980632732575,0.01154105830094776
mean,500,12,3,0.01825882669547163,0.12125024967945461,True,4,0.014093362902054984,0.11879196988469098,True,False,0.04194659122465515,0.04515298549013199,0.05777324770822987,0.0739099328108372,0.05939598494234549,0.05939598494234549,0.05939598494234549,0.05939598494234549,0.037357067230144314,0.037357067230144314,0.01825882669547163,0.014093362902054984
mean,500,13,1,0.037357067230144314,0.1124069959762238,True,1,0.037357067230144314,0.05593261961680096,True,True,0.037524964373039746,0.048944515248475554,0.05577514783832532,0.06510529086385206,0.009287776193328323,0.012323965946290594,0.035098543702205165,0.041498449203132504,0.037357067230144314,0.037357067230144314,0.016551438629055726,0.011423550769082746
mean,500,14,3,0.0245256835944887,0.11574415826249604,True,3,0.0245256835944887,0.06559702572105908,True,False,0.03919354551617586,0.044981480828545764,0.05840461511664258,0.071742468808189,0.014119979245457381,0.06528922555626593,0.06528922555626593,0.0674884566024545,0.037357067230144314,0.037357067230144314,0.0245256835944887,0.0245256835944887
mean,500,15,3,0.016551438629055726,0.1028559787218067,True,3,0.016551438629055726,0.10261203858066348,True,False,0.03274945574583119,0.039951450726080806,0.04966161340880855,0.07197833275109433,0.03262748567525958,0.0484420154610431,0.05102744186324687,0.08245869076274537,0.037357067230144314,0.037357067230144314,0.016551438629055726,0.0
mean,500,16,4,0.009469938609891093,0.10191391613327978,True,1,0.037357067230144314,0.06869434865974655,True,True,0.032278424451567735,0.05481751402219554,0.05528822930426142,0.07207776442794094,0.01566864071480112,0.03147439193325752,0.05517403007028632,0.0717986171763268,0.037357067230144314,0.037357067230144314,0.0223642176848442,0.009469938609891093
mean,500,17,3,0.0224083204338823,0.11892523867027358,True,3,0.0224083204338823,0.05654605510025468,True,True,0.04078408572006463,0.04601639682443134,0.05938692274549995,0.07996587777288945,0.009594493935055182,0.026766420331566843,0.04249426398279221,0.04729878690290301,0.037357067230144314,0.037357067230144314,0.0224083204338823,0.013093676484002947
mean,500,18,4,0.006130543843000269,0.11161825353229145,True,4,0.006130543843000269,0.09902635784204872,True,False,0.03713059315107357,0.04153048844717163,0.0528575538928387,0.06430566063274368,0.03877162681940288,0.03877162681940288,0.04143074452231288,0.06642197611613698,0.037357067230144314,0.037357067230144314,0.0223642176848442,0.006130543843000269
mean,500,19,4,0.018850433169823377,0.11176102461457638,True,1,0.037357067230144314,0.06042513459761334,True,False,0.03720197869221603,0.04540698144728727,0.06032887680826035,0.0652053349923868,0.011534033683734513,0.0368636427335981,0.039688108357425755,0.07777529566219776,0.037357067230144314,0.037357067230144314,0.016571980632732575,0.018850433169823377
mean,500,20,3,0.016551438629055726,0.10772613884563999,True,3,0.016551438629055726,0.06997498063363261,True,True,0.03518453580774784,0.047374307429781354,0.05494441459314694,0.0728199961244455,0.01630895670174415,0.020470544486489106,0.05214408554255601,0.05773150811241817,0.037357067230144314,0.037357067230144314,0.016551438629055726,0.016551438629055726
mean,500,21,3,0.016571980632732575,0.11582614789258562,True,3,0.016571980632732575,0.05061491344566538,True,True,0.03923454033122065,0.04988702943791708,0.058706843502521554,0.07105867096397654,0.0066289231077605315,0.027237904457154793,0.04113666730186927,0.06959762185673901,0.037357067230144314,0.037357067230144314,0.016571980632732575,0.016571980632732575
mean,500,22,1,0.037357067230144314,0.10695106566311005,True,1,0.037357067230144314,0.06875337696811801,True,True,0.03479699921648287,0.04661162225891108,0.0554209267648728,0.07063490991293693,0.015698154868986847,0.015698154868986847,0.047525327287907926,0.051700965545108446,0.037357067230144314,0.037357067230144314,0.01825882669547163,0.0
mean,500,23,3,0.01825882669547163,0.10938590366667823,True,3,0.01825882669547163,0.07464276679880744,True,True,0.03601441821826696,0.042757751898915536,0.05354844416476176,0.06516667833420739,0.01864284978433156,0.03326021454068773,0.036084942830556854,0.063191505035676,0.037357067230144314,0.037357067230144314,0.01825882669547163,0.0165149753913858
mean,500,24,4,0.013093676484002947,0.13370070967850123,True,1,0.037357067230144314,0.06880433180042178,True,True,0.048171821224178464,0.06010992632115152,0.06100036165227522,0.07236898586063006,0.015723632285138733,0.030435982666540906,0.030435982666540906,0.0409984944129837,0.037357067230144314,0.037357067230144314,0.01825882669547163,0.013093676484002947
mean,500,25,4,0.0,0.12888165505941462,True,4,0.0,0.05765096805954839,True,True,0.045762293914635155,0.0531882613368762,0.05978022048065804,0.07086203596431295,0.010146950414702038,0.032000508196730115,0.03901740650303798,0.04728060984328486,0.037357067230144314,0.037357067230144314,0.017039379067798843,0.0
mean,500,26,3,0.017039379067798843,0.10990370332807674,True,3,0.017039379067798843,0.1072907656177654,True,False,0.03627331804896621,0.044696470706254154,0.05702405067969605,0.07353465122649075,0.038080517564507865,0.04556294841017122,0.04556294841017122,0.09298204948938654,0.037357067230144314,0.037357067230144314,0.017039379067798843,0.017039379067798843
mean,500,27,3,0.016551438629055726,0.11578320951037971,True,3,0.016551438629055726,0.07701395660412891,True,True,0.0392130711401177,0.05200744134455048,0.05757870423464578,0.07323591650709584,0.019828444686992297,0.02185013771000721,0.03417759487881977,0.06105724252788697,0.037357067230144314,0.037357067230144314,0.016551438629055726,0.01154105830094776
mean,500,28,4,0.01820685636515329,0.10684967713392654,True,3,0.017039379067798843,0.075226797125577,True,True,0.03474630495189111,0.04251087348711094,0.05530884577923141,0.06510857209479465,0.023487879591251315,0.023487879591251315,0.029530964164077023,0.053450730937673774,0.037357067230144314,0.037357067230144314,0.017039379067798843,0.01820685636515329
mean,500,29,4,0.01154105830094776,0.11569394249484345,True,3,0.016571980632732575,0.10363196885764181,True,False,0.03916843763234957,0.05111309243990542,0.05503530451015084,0.06814153111277849,0.03313745081374875,0.03897363744119403,0.05244817544661706,0.08006970384166034,0.037357067230144314,0.037357067230144314,0.016571980632732575,0.01154105830094776
mean,1000,0,4,0.009469938609891093,0.09196237456570484,True,4,0.009469938609891093,0.09444459822563955,True,False,0.027302653667780265,0.03750406847368164,0.04594981940266046,0.057071240337091905,0.02854376549774762,0.04059210788124079,0.04059210788124079,0.047326980301723,0.037357067230144314,0.06962668007635997,0.017039379067798843,0.009469938609891093
mean,1000,1,3,0.01616486879742296,0.09505276289081131,True,4,0.013093676484002947,0.0731750657030813,True,False,0.0288478478303335,0.032085112015310266,0.04147203464005123,0.050843540649233104,0.017908999236468492,0.05252499958015344,0.05252499958015344,0.05252499958015344,0.037357067230144314,0.037357067230144314,0.01616486879742296,0.013093676484002947
mean,1000,2,4,0.0,0.07986826989145521,True,4,0.0,0.07704888445381342,True,True,0.021255601330655443,0.040595343604081575,0.04368373777789675,0.045945534802643066,0.01984590861183455,0.01984590861183455,0.03608799877478752,0.04105086673723246,0.037357067230144314,0.037357067230144314,0.01825882669547163,0.0
mean,1000,3,3,0.01616486879742296,0.08420442840792486,True,3,0.01616486879742296,0.06608665400627678,True,True,0.02342368058889027,0.03187942740957951,0.04083516599521368,0.04870480001329316,0.022232562700553293,0.022232562700553293,0.02568521998291662,0.03304332700313839,0.037357067230144314,0.037357067230144314,0.01616486879742296,0.0
mean,1000,4,3,0.016551438629055726,0.08750770481907623,True,3,0.016551438629055726,0.07580268453152827,True,False,0.025075318794465958,0.03538439610135201,0.04718217661743131,0.05298539745912408,0.029818907867052658,0.029818907867052658,0.029818907867052658,0.039575324065588835,0.037357067230144314,0.037357067230144314,0.016551438629055726,0.01154105830094776
mean,1000,5,3,0.017039379067798843,0.0892959119444966,True,3,0.017039379067798843,0.039528489251429044,True,False,0.025969422357176142,0.03050261740572391,0.038144523894090475,0.04870108419985841,0.001085711010642365,0.021306309196635842,0.031238092927974748,0.05527217458973138,0.037357067230144314,0.037357067230144314,0.017039379067798843,0.013093676484002947
mean,1000,6,4,0.0,0.09507849319433555,True,4,0.0,0.054164028206806436,True,True,0.028860712982095617,0.02996585056775748,0.04325774980474415,0.05290539070492269,0.014442445339192311,0.014442445339192311,0.02028498734122275,0.027082014103403218,0.037357067230144314,0.037357067230144314,0.0224083204338823,0.0
mean,1000,7,3,0.01825882669547163,0.08150574878285768,True,4,0.02732650754692545,0.057301579006000636,True,True,0.02207434077635668,0.03671294185163884,0.04212914797205712,0.05206494796036667,0.00997225588792816,0.021633809644013846,0.03262098761344301,0.032658879007100516,0.037357067230144314,0.037357067230144314,0.01825882669547163,0.02732650754692545
mean,1000,8,4,0.0,0.08172618832873395,True,4,0.0,0.07188154857945128,True,False,0.022184560549294817,0.030379536130947148,0.038645994484242004,0.05114112282497806,0.025999476877708316,0.028264518662164062,0.028264518662164062,0.03594077428972564,0.037357067230144314,0.037357067230144314,0.0224083204338823,0.0
mean,1000,9,3,0.017039379067798843,0.08690289568335752,True,4,0.0,0.07437796183809653,True,False,0.024772914226606605,0.036048565042744465,0.039869710922546084,0.04980822431272603,0.018510447303976107,0.038561978060400404,0.04122353447425964,0.04421763396681311,0.037357067230144314,0.037357067230144314,0.017039379067798843,0.0
mean,1000,10,4,0.0,0.09296629318036292,True,3,0.01825882669547163,0.05073742650723678,True,True,0.02780461297510931,0.035722157759000055,0.04384358109438729,0.04713915305181183,0.006690179638546234,0.028600271535674293,0.028600271535674293,0.03250248011850726,0.037357067230144314,0.037357067230144314,0.01825882669547163,0.0
mean,1000,11,3,0.0223642176848442,0.09936137786512603,True,4,0.0,0.04920136140539211,True,True,0.03646449081511881,0.03687964345275539,0.041598254533851534,0.06106351198514071,0.00618115616408299,0.00618115616408299,0.024260691263750966,0.024600680702696054,0.037357067230144314,0.037357067230144314,0.0223642176848442,0.0
mean,1000,12,3,0.01825882669547163,0.08713332747209884,True,4,0.01154105830094776,0.038271957613469465,True,True,0.024888130120977268,0.030554821855389422,0.03831608944079413,0.04531413014268546,0.00045744519166257547,0.005711954494517668,0.031191569783610984,0.031191569783610984,0.037357067230144314,0.037357067230144314,0.01825882669547163,0.01154105830094776
mean,1000,13,4,0.0,0.09574727607827081,True,4,0.0,0.06468506842665522,True,True,0.02919510442406325,0.03335944404925038,0.043099034582749364,0.04854322799888297,0.013664000598255455,0.016369114405569873,0.03534450299488495,0.0358425400457662,0.037357067230144314,0.037357067230144314,0.016571980632732575,0.0
mean,1000,14,4,0.009469938609891093,0.09880846782837843,True,4,0.009469938609891093,0.05332238115531396,True,True,0.03072570029911706,0.03720743127050647,0.043219524427411,0.05193582108588941,0.007982656962584822,0.007982656962584822,0.027656660601255323,0.027656660601255323,0.037357067230144314,0.037357067230144314,0.020908694686833207,0.009469938609891093
mean,1000,15,3,0.01616486879742296,0.09244952495748006,True,3,0.01616486879742296,0.09130644751399453,True,False,0.02986406031735582,0.03615409199351849,0.03814232808002855,0.0538815920416192,0.026974690141925106,0.03575617311713075,0.0440844441655478,0.046115292766029825,0.037357067230144314,0.037357067230144314,0.01616486879742296,0.01616486879742296
mean,1000,16,4,0.0,0.10256919013183156,True,4,0.0,0.07841174232051384,True,True,0.032606061450843625,0.03828538547975986,0.050049951745092996,0.06080710481069541,0.02134077505566523,0.031123436761545442,0.031123436761545442,0.04559086599139278,0.037357067230144314,0.037357067230144314,0.01616486879742296,0.0
mean,1000,17,4,0.009469938609891093,0.08884797107729378,True,4,0.009469938609891093,0.04875009859824253,True,True,0.02588726904999299,0.032239662662474744,0.03634155113993541,0.04865671430627611,0.006603454115306939,0.013118569317426387,0.024375049299121265,0.024375049299121265,0.037357067230144314,0.037357067230144314,0.01825882669547163,0.009469938609891093
mean,1000,18,4,0.013749663160741221,0.08818509782313086,True,1,0.037357067230144314,0.06481043297414824,True,False,0.025414015296493276,0.03697898584000869,0.043694283765398544,0.049777149085552565,0.01372668287200196,0.029514599255022533,0.029514599255022533,0.05337534895234414,0.037357067230144314,0.037357067230144314,0.017039379067798843,0.013749663160741221
mean,1000,19,4,0.0,0.09325433423143345,True,4,0.0,0.05680016532180576,True,True,0.027948633500644565,0.028992229573557547,0.04168581314986833,0.049526361344822536,0.012012528129985656,0.026144604932796633,0.026144604932796633,0.02840008266090288,0.037357067230144314,0.037357067230144314,0.0224083204338823,0.0
mean,1000,20,4,0.0,0.08758697447382291,True,3,0.0245256835944887,0.04506332932728807,True,True,0.025114953621839298,0.028948276074852175,0.042442530228002706,0.04633276700197176,0.0038531310485718784,0.023560065617088455,0.023560065617088455,0.04555864057915393,0.037357067230144314,0.037357067230144314,0.0245256835944887,0.0
mean,1000,21,4,0.01154105830094776,0.08359109273607644,True,4,0.01154105830094776,0.056153842389296105,True,True,0.023117012752966064,0.04064663932725313,0.04318763262682644,0.055215564318935054,0.009398387579575895,0.036163619855692164,0.036163619855692164,0.036163619855692164,0.037357067230144314,0.06962668007635997,0.016551438629055726,0.01154105830094776
mean,1000,22,3,0.016571980632732575,0.08038138168259365,True,3,0.016571980632732575,0.04880875932620776,True,True,0.02151215722622467,0.031397209600603694,0.039878663631777556,0.04415269584874598,0.011618127830527736,0.02126019303212917,0.02126019303212917,0.02440437966310388,0.037357067230144314,0.037357067230144314,0.016571980632732575,0.016571980632732575
mean,1000,23,4,0.0,0.08311828083491324,True,4,0.0,0.04139438869893464,True,True,0.022880606802384462,0.03207945205768337,0.03987048759683035,0.043602661634833256,0.0020186607343951612,0.014550751420644992,0.024115954758537173,0.028918187913134386,0.037357067230144314,0.037357067230144314,0.016571980632732575,0.0
mean,1000,24,4,0.0,0.10702017247077295,True,4,0.0,0.05813194950616041,True,True,0.041406261063981945,0.04360902176346914,0.04542765183667499,0.05511396616808881,0.010387441138008047,0.03331674497341902,0.03331674497341902,0.03652755949528341,0.037357067230144314,0.037357067230144314,0.01825882669547163,0.0
mean,1000,25,3,0.0223642176848442,0.08323155119667867,True,3,0.0223642176848442,0.047724027172267536,True,True,0.02293724198326718,0.028226202650235798,0.045298800600138016,0.056209628619689846,0.005183479971061611,0.01581978554598623,0.019719096857940932,0.03493952497293412,0.037357067230144314,0.037357067230144314,0.0223642176848442,0.0
mean,1000,26,3,0.016551438629055726,0.09363499058238546,True,4,0.0,0.06202054241917443,True,True,0.028138961676120573,0.03439803299092812,0.045465138380917036,0.05973495730925952,0.020954170640066883,0.020954170640066883,0.022927836810875735,0.03467570585198443,0.037357067230144314,0.037357067230144314,0.016551438629055726,0.0
mean,1000,27,4,0.013093676484002947,0.09396801206822836,True,4,0.013093676484002947,0.056249805858553326,True,True,0.02981344137757851,0.03192669760455698,0.04213912818811042,0.04698400603411418,0.009446369314204506,0.026040139966396092,0.033537609623199904,0.03466781920116141,0.037357067230144314,0.037357067230144314,0.020908694686833207,0.013093676484002947
mean,1000,28,4,0.006130543843000269,0.08590740076761631,True,4,0.006130543843000269,0.043048780983272694,True,True,0.024275166768736,0.03711604052407214,0.042468833845777335,0.04335917915137051,0.013590103049435753,0.021524390491636347,0.021524390491636347,0.021524390491636347,0.037357067230144314,0.037357067230144314,0.020908694686833207,0.006130543843000269
mean,1000,29,4,0.0,0.0852328659404313,True,4,0.0,0.09804229803357489,True,False,0.02402345103611284,0.02990179377136684,0.03453399857150417,0.04409171400840818,0.031029968667085073,0.04217565669794654,0.04217565669794654,0.049021149016787446,0.037357067230144314,0.037357067230144314,0.016571980632732575,0.0
occupation,25,0,3,0.01715644118999582,0.33699027517130686,True,1,0.037064035948982665,0.11531305717376994,True,True,0.1499631196111621,0.19376666510435592,0.20239835042615256,0.3213829250706369,0.03912451061239364,0.1196384516607456,0.1863146714302535,0.20686172523154084,0.037064035948982665,0.06219595099026387,0.01715644118999582,0.01715644118999582
occupation,25,1,1,0.037064035948982665,0.3336687659249939,True,1,0.037064035948982665,0.19612918354799191,True,True,0.1483023649880056,0.24443281258951435,0.2884690992385171,0.3432971553068793,0.07953257379950462,0.10751188473765072,0.16522473365171203,0.2813526546774474,0.037064035948982665,0.037064035948982665,0.037064035948982665,0.037064035948982665
occupation,25,2,1,0.037064035948982665,0.2909645109852283,True,1,0.037064035948982665,0.08878448922221427,True,True,0.12695023751812282,0.1939427869874832,0.27023422661281726,0.32414016332259205,0.025860226636615802,0.07210039623852771,0.16317175296832392,0.16317175296832392,0.037064035948982665,0.037064035948982665,0.01715644118999582,0.01715644118999582
occupation,25,3,1,0.037064035948982665,0.24497687413155192,True,1,0.037064035948982665,0.09684621986115916,True,True,0.10395641909128463,0.172438538558668,0.2188802152475337,0.2403583151437001,0.029891091956088245,0.1333464391942793,0.15356563519636296,0.18484987080912046,0.037064035948982665,0.037064035948982665,0.037064035948982665,0.08736073259351518
occupation,25,4,1,0.037064035948982665,0.232512374906049,True,1,0.037064035948982665,0.19222902185740864,True,True,0.09772416947853317,0.15681880672221532,0.22956497290788072,0.2744155464346476,0.07758249295421299,0.11819298332683992,0.1705033413230989,0.1705033413230989,0.037064035948982665,0.06219595099026387,0.05894610262322553,0.05894610262322553
occupation,25,5,1,0.037064035948982665,0.32238243771223757,True,1,0.037064035948982665,0.239145738599143,True,True,0.14265920088162745,0.1534356298976046,0.22190934914456176,0.23280540899950042,0.10104085132508017,0.10104085132508017,0.19755389050008942,0.20348004939329323,0.037064035948982665,0.037064035948982665,0.037064035948982665,0.014267477378343552
occupation,25,6,1,0.12046439099074963,0.3212699676226247,True,3,0.02060621689422426,0.28354090285891276,True,True,0.14210296583682103,0.23116674187390363,0.24649578846090403,0.2879958429426751,0.12323843345496505,0.14196702557528695,0.14196702557528695,0.16312012725114772,0.12046439099074963,0.09279333487363728,0.02060621689422426,0.032118033734079066
occupation,25,7,3,0.02060621689422426,0.3429060375414769,True,3,0.02060621689422426,0.21917388160837048,True,True,0.15292100079624713,0.16106810541649536,0.21601766809310408,0.25398132291323255,0.09105492282969391,0.09105492282969391,0.17128386187522748,0.21207735039291065,0.037064035948982665,0.06219595099026387,0.02060621689422426,0.02060621689422426
occupation,25,8,1,0.037064035948982665,0.3671440956862126,True,1,0.037064035948982665,0.19458395718396493,True,True,0.16504002986861496,0.21179418611581063,0.2296334034860974,0.27306760630377375,0.07875996061749113,0.18651134717385273,0.18651134717385273,0.18651134717385273,0.037064035948982665,0.06219595099026387,0.03714011670941242,0.03714011670941242
occupation,25,9,3,0.016218365687923897,0.38448120478493436,True,3,0.016218365687923897,0.24204307378691625,True,True,0.17370858441797585,0.18335053826875478,0.2652455072139644,0.29932004862589284,0.1024895189189668,0.1024895189189668,0.18872075674461042,0.24682715857042348,0.037064035948982665,0.06219595099026387,0.016218365687923897,0.014153505856246307
occupation,25,10,1,0.037064035948982665,0.3358458472643707,True,1,0.037064035948982665,0.1614698989755834,True,True,0.14939090565769403,0.20119470403632803,0.2687847296404666,0.29320280822817063,0.062202931513300364,0.13785923874760186,0.1675666807799404,0.2509218879045848,0.037064035948982665,0.06219595099026387,0.016218365687923897,0.05507048420135752
occupation,25,11,1,0.037064035948982665,0.3834583399403614,True,3,0.020956339565838422,0.27823437207633606,True,True,0.17319715199568936,0.21107649036637574,0.2423497107788692,0.30103219641342716,0.1205851680636767,0.12325323229106755,0.13498194171171107,0.1903132051587696,0.037064035948982665,0.037064035948982665,0.020956339565838422,0.05370014542450463
occupation,25,12,1,0.037064035948982665,0.17791828844601712,True,4,0.01883455522764832,0.43745048936199205,True,False,0.07042712624851723,0.14925561372089666,0.2060535792982827,0.22185168865469418,0.2001932267065047,0.2001932267065047,0.21476860927458918,0.2488980565986756,0.037064035948982665,0.037064035948982665,0.037064035948982665,0.01883455522764832
occupation,25,13,1,0.12046439099074963,0.23713157670313262,True,3,0.015224329874893083,0.2551659628702322,True,False,0.10003377037707498,0.1765050621918878,0.20442614259476646,0.26081325522762333,0.11324094198795592,0.11324094198795592,0.12024558926483209,0.17322464294774795,0.12046439099074963,0.12046439099074963,0.015224329874893083,0.03930188612826391
occupation,25,14,1,0.037064035948982665,0.2883724288760316,True,1,0.037064035948982665,0.30290043160290736,True,False,0.12565419646352446,0.1679081219249717,0.22124146634047911,0.26562107331404383,0.13291819782696235,0.13291819782696235,0.1470961934542374,0.20504431898684133,0.037064035948982665,0.037064035948982665,0.037064035948982665,0.034261023294936965
occupation,25,15,3,0.02118311423682484,0.24008195590266604,True,1,0.037064035948982665,0.10904255441936872,True,True,0.10150895997684169,0.22461189839971984,0.23752726215990588,0.29948565636481583,0.03598925923519303,0.2003795978483276,0.2003795978483276,0.26243356959216535,0.037064035948982665,0.06219595099026387,0.02118311423682484,0.04603206055386888
occupation,25,16,3,0.053940495929593824,0.44039496051767674,True,4,0.03386010818181695,0.30284004092284234,True,True,0.20166546228434704,0.20166546228434704,0.2520553422882029,0.3036685140471816,0.13288800248692983,0.13288800248692983,0.19344547689084546,0.19344547689084546,0.037064035948982665,0.037064035948982665,0.053940495929593824,0.03386010818181695
occupation,25,17,1,0.037064035948982665,0.29899488321520423,True,1,0.037064035948982665,0.17483617092074477,True,False,0.13096542363311078,0.20971358149923647,0.2663540903859577,0.28474890043213086,0.06888606748588105,0.11592165004060465,0.26927702801433645,0.31414784336657514,0.037064035948982665,0.09279333487363728,0.028342444716907056,0.0389964836073039
occupation,25,18,1,0.037064035948982665,0.18990696603537072,True,3,0.014945763762114428,0.23932185239064963,True,False,0.07642146504319403,0.14867558518389845,0.2218347869410167,0.22896936627565692,0.10112890822083348,0.15268468694095916,0.15268468694095916,0.27222951339705853,0.037064035948982665,0.09279333487363728,0.014945763762114428,0.028860366682845973
occupation,25,19,1,0.12046439099074963,0.2856744150760553,True,2,0.09279333487363728,0.1942755259671095,True,False,0.12430518956353633,0.14999452029279436,0.25008364387488163,0.2982122457297452,0.07860574500906342,0.07860574500906342,0.26932665198479483,0.26932665198479483,0.12046439099074963,0.09279333487363728,0.0502487046432365,0.02951644522350305
occupation,25,20,3,0.016218365687923897,0.31049863649105547,True,1,0.037064035948982665,0.22205527615623266,True,True,0.1367173002710364,0.16160701234613625,0.21382908977947424,0.31098956990731597,0.092495620103625,0.13318476829625125,0.206468511161419,0.2371354441543438,0.037064035948982665,0.037064035948982665,0.016218365687923897,0.016218365687923897
occupation,25,21,1,0.037064035948982665,0.29285574263307956,True,1,0.037064035948982665,0.34684025569957655,True,False,0.12789585334204845,0.2021005639316589,0.3080471948067643,0.33908953349163085,0.15488810987529694,0.25816397373642314,0.25816397373642314,0.25816397373642314,0.037064035948982665,0.037064035948982665,0.03355856917621325,0.04560003455538242
occupation,25,22,1,0.037064035948982665,0.3483697664540625,True,1,0.037064035948982665,0.12842127752130517,True,False,0.1556528652525399,0.206990047372234,0.2172743810389674,0.28778743400493356,0.04567862078616125,0.1521832889989962,0.22227501429105495,0.22227501429105495,0.037064035948982665,0.06219595099026387,0.055138383570190186,0.08611943175587033
occupation,25,23,3,0.04118988078283892,0.38890191439306004,True,3,0.04118988078283892,0.29853468173186737,True,True,0.1759189392220387,0.2293541640725512,0.22999521135214646,0.27697885259679556,0.13073532289144235,0.15126007936154795,0.2101216115733366,0.22261388306377805,0.037064035948982665,0.06219595099026387,0.04118988078283892,0.04118988078283892
occupation,25,24,3,0.05894610262322553,0.31071164200415863,True,1,0.12046439099074963,0.282001723596088,True,False,0.13682380302758798,0.16368406565957277,0.17990141615562075,0.25912523435864204,0.12246884382355266,0.12246884382355266,0.19085081727462316,0.3074613790745182,0.12046439099074963,0.12046439099074963,0.05894610262322553,0.06603207830596025
occupation,25,25,1,0.037064035948982665,0.36372518166205076,True,1,0.037064035948982665,0.28656084300467,True,True,0.16333057285653405,0.1694047311745468,0.266310665192192,0.3179404013424783,0.12474840352784367,0.12474840352784367,0.21455565516174047,0.21455565516174047,0.037064035948982665,0.037064035948982665,0.0677724568892365,0.04190991744544892
occupation,25,26,1,0.037064035948982665,0.34998569868845447,True,1,0.037064035948982665,0.21955288027819675,True,True,0.1564608313697359,0.19041639283038791,0.2424616471522522,0.28600283067206705,0.09124442216460704,0.09124442216460704,0.14517919150871528,0.2243281953634067,0.037064035948982665,0.037064035948982665,0.01715644118999582,0.017136318714016108
occupation,25,27,3,0.0438409546713695,0.5015621229097083,True,3,0.0438409546713695,0.14940480386459265,True,True,0.23224904348036277,0.24213391770449794,0.3246666743751419,0.34870595792574055,0.05617038395780499,0.13965245572768242,0.13965245572768242,0.13965245572768242,0.037064035948982665,0.037064035948982665,0.0438409546713695,0.0438409546713695
occupation,25,28,1,0.037064035948982665,0.3238256070231207,True,1,0.037064035948982665,0.12119089622166634,True,True,0.143380785537069,0.21348256034761812,0.26057102764950013,0.32808895627669676,0.04206343013634184,0.083075039593008,0.14368183931307565,0.2725968141337547,0.037064035948982665,0.037064035948982665,0.04343463887001131,0.027623012254419765
occupation,25,29,1,0.12046439099074963,0.23507145601265467,True,3,0.02060621689422426,0.4625114076612409,True,False,0.099003710031836,0.11539634930325306,0.19316806510458878,0.2014754310328467,0.22391831166033643,0.22391831166033643,0.22391831166033643,0.26688595102903423,0.12046439099074963,0.12046439099074963,0.02060621689422426,0.024767172136737847
occupation,50,0,3,0.055138383570190186,0.2638693487412036,True,1,0.037064035948982665,0.11068549903445635,True,True,0.11340265639611047,0.15800572373543673,0.16486773023767443,0.1948558485421898,0.03681073154273684,0.03681073154273684,0.1276658817777684,0.1276658817777684,0.037064035948982665,0.037064035948982665,0.055138383570190186,0.055138383570190186
occupation,50,1,1,0.037064035948982665,0.20197213013870657,True,3,0.02118311423682484,0.07594205529091203,True,True,0.08245404709486195,0.13994516085802997,0.16755960640131226,0.2163775169317055,0.01943900967096468,0.047781354413206245,0.07577977347784848,0.14594827107169583,0.037064035948982665,0.037064035948982665,0.02118311423682484,0.017136318714016108
occupation,50,2,2,0.09279333487363728,0.22436812679292015,True,1,0.037064035948982665,0.08683973610372098,True,True,0.09365204542196874,0.13632223918991998,0.16211523153829568,0.20424955316488932,0.024887850077369156,0.07976987561318372,0.14603823448872927,0.17410472398148694,0.037064035948982665,0.09279333487363728,0.016218365687923897,0.006026996971636889
occupation,50,3,1,0.037064035948982665,0.237794610905825,True,1,0.037064035948982665,0.13750340203247968,True,True,0.10036528747842116,0.13343343419973058,0.15730341836138426,0.21641433575836372,0.05021968304174851,0.07025002924584833,0.0715759524968943,0.14808017738922302,0.037064035948982665,0.037064035948982665,0.037064035948982665,0.014267477378343552
occupation,50,4,3,0.01715644118999582,0.21831274967307793,True,3,0.01715644118999582,0.18294308724546138,True,True,0.09062435686204763,0.14063761755737691,0.15381801131357298,0.1838283947611808,0.07293952564823936,0.07293952564823936,0.08799875943834723,0.1579752876962805,0.037064035948982665,0.06219595099026387,0.01715644118999582,0.01715644118999582
occupation,50,5,3,0.01715644118999582,0.32637680661108887,True,3,0.01715644118999582,0.23700697603254317,True,True,0.1446563853310531,0.16735325588438546,0.20800734250787425,0.25705369342105383,0.11116609584598758,0.11116609584598758,0.11116609584598758,0.1400672435898575,0.037064035948982665,0.06219595099026387,0.01715644118999582,0.006026996971636889
occupation,50,6,1,0.037064035948982665,0.24684071303807292,True,1,0.037064035948982665,0.2643430587975001,True,False,0.10488833854454513,0.1416971216177861,0.16195478547220837,0.18494165357845044,0.11363951142425871,0.11363951142425871,0.14872363357766033,0.17007578800120826,0.037064035948982665,0.037064035948982665,0.03594180576309303,0.024485683830437144
occupation,50,7,1,0.037064035948982665,0.2055317131420818,True,1,0.037064035948982665,0.06262716561426074,True,False,0.08423383859654957,0.14679364690984484,0.1687421785009665,0.18077763231875832,0.012781564832639036,0.16090146599875793,0.16090146599875793,0.20019585158788278,0.037064035948982665,0.037064035948982665,0.03703549432076281,0.04344070787756049
occupation,50,8,1,0.037064035948982665,0.29639947657814797,True,3,0.03321430869019393,0.20773182282551816,True,False,0.12966772031458265,0.1394110929293702,0.158367517584401,0.20260204690626493,0.08533389343826775,0.08533389343826775,0.10066910169158105,0.21939256115886097,0.037064035948982665,0.037064035948982665,0.03321430869019393,0.07253537583883019
occupation,50,9,1,0.037064035948982665,0.23905539803352777,True,1,0.037064035948982665,0.15977103569094087,True,True,0.10099568104227255,0.1648474717199581,0.21536836500739032,0.21907611390728193,0.0613534998709791,0.0613534998709791,0.16721275216159154,0.16721275216159154,0.037064035948982665,0.037064035948982665,0.015224329874893083,0.015971090408316346
occupation,50,10,1,0.037064035948982665,0.26095086947583623,True,1,0.037064035948982665,0.16073967481166374,True,True,0.1119434167634268,0.13944878348705936,0.18764465550509335,0.2301092364779359,0.061837819431340535,0.12699112177888566,0.12699112177888566,0.14257698019263193,0.037064035948982665,0.06219595099026387,0.02118311423682484,0.02118311423682484
occupation,50,11,3,0.020956339565838422,0.18738089790926904,True,1,0.037064035948982665,0.06294669808271536,True,False,0.07515843098014319,0.1078695412066416,0.1410122874031921,0.1849992410091107,0.012941331066866346,0.1306712108680278,0.2018404761600922,0.2018404761600922,0.037064035948982665,0.037064035948982665,0.020956339565838422,0.020956339565838422
occupation,50,12,1,0.12046439099074963,0.16794490557436886,True,4,0.017702404660247195,0.36714874567428013,True,False,0.0654404348126931,0.10383366537392291,0.16194936121619624,0.19601534978903631,0.17623698066685606,0.17623698066685606,0.17623698066685606,0.2027891107052599,0.12046439099074963,0.12046439099074963,0.12046439099074963,0.017702404660247195
occupation,50,13,3,0.020956339565838422,0.2290430758456403,True,3,0.020956339565838422,0.06387618336112066,True,False,0.09598951994832881,0.10031320595894772,0.16005883922043856,0.1813088209173676,0.013406073706069,0.05089315278707757,0.09980818746189679,0.19007740591339684,0.037064035948982665,0.037064035948982665,0.020956339565838422,0.020956339565838422
occupation,50,14,3,0.024023156404637036,0.29621759173214324,True,1,0.037064035948982665,0.13349787222366039,True,False,0.12957677789158029,0.13530143340940634,0.1447981701269239,0.20876789315165994,0.04821691813733886,0.14353418853161948,0.1687179765140765,0.19800450454699808,0.037064035948982665,0.06219595099026387,0.024023156404637036,0.024023156404637036
occupation,50,15,3,0.07843603119040232,0.2511674832235319,True,1,0.037064035948982665,0.07500940238327325,True,True,0.10705172363727461,0.1369118524760236,0.1429404174928308,0.20246236715311666,0.018972683217145292,0.0673123479501932,0.10521243332815589,0.15211084748954123,0.037064035948982665,0.06219595099026387,0.07843603119040232,0.0
occupation,50,16,3,0.02118311423682484,0.23016168331565137,True,3,0.02118311423682484,0.11497840615519928,True,True,0.09654882368333435,0.10546630431192079,0.15048905514387476,0.19017435503802937,0.038957185103108305,0.09208047999976149,0.09208047999976149,0.18409346371004764,0.037064035948982665,0.06219595099026387,0.02118311423682484,0.014153505856246307
occupation,50,17,3,0.015224329874893083,0.23670524442816646,True,3,0.015224329874893083,0.16062564704936022,True,True,0.0998206042395919,0.1136500184548157,0.16776801028870467,0.21604396917497268,0.06178080555018878,0.10744702228460346,0.12739710940839577,0.14129884414021465,0.037064035948982665,0.09279333487363728,0.015224329874893083,0.015127222666384887
occupation,50,18,3,0.014674784340568015,0.26791922152080894,True,3,0.014674784340568015,0.13776190677212274,True,True,0.11542759278591312,0.1627951922910466,0.168790244259158,0.201231659429091,0.05034893541157004,0.09097708394504167,0.09097708394504167,0.13434487599087946,0.037064035948982665,0.06219595099026387,0.014674784340568015,0.028181494096449766
occupation,50,19,3,0.03703549432076281,0.25194062845401555,True,3,0.03703549432076281,0.21691861760809605,True,True,0.10743829625251643,0.14712324580165523,0.16068541456672794,0.19124508564572518,0.0899272908295567,0.11884465066452021,0.11884465066452021,0.1339745463644051,0.037064035948982665,0.09279333487363728,0.03703549432076281,0.03703549432076281
occupation,50,20,1,0.037064035948982665,0.23520779675958575,True,1,0.037064035948982665,0.0563667575132869,True,False,0.09907188040530154,0.11935058023449052,0.1630370869629898,0.23413183906815227,0.009651360782152119,0.08797962251180952,0.14031162697339283,0.23582043762094057,0.037064035948982665,0.037064035948982665,0.05537070583685988,0.05537070583685988
occupation,50,21,3,0.02388763536691485,0.2613101764080855,True,4,0.017965828200065093,0.12192878912554794,True,True,0.11212307022955144,0.14385839472427456,0.17963547130467628,0.2018355361867692,0.04243237658828264,0.04334076348183058,0.11120226331494432,0.11120226331494432,0.037064035948982665,0.037064035948982665,0.02388763536691485,0.017965828200065093
occupation,50,22,3,0.014945763762114428,0.23646910107964922,True,3,0.014945763762114428,0.18597806114062254,True,True,0.09970253256533328,0.1322301057745214,0.1678336136453706,0.1898893655179913,0.07445701259581994,0.07445701259581994,0.1237240545374414,0.14489434587854005,0.12046439099074963,0.09279333487363728,0.014945763762114428,0.014945763762114428
occupation,50,23,1,0.037064035948982665,0.2726523899887084,True,1,0.037064035948982665,0.04812581353540135,True,True,0.11779417701986286,0.14712949316199908,0.19357337875647646,0.2231659199567058,0.005530888793209343,0.109739138344852,0.1685045030085348,0.1685045030085348,0.037064035948982665,0.06219595099026387,0.020956339565838422,0.04722119988076501
occupation,50,24,1,0.037064035948982665,0.20731229110427166,True,1,0.037064035948982665,0.18600533145154263,True,False,0.0851241275776445,0.11872885087899465,0.15729261330065894,0.18008942753924317,0.07447064775127998,0.14398443694356744,0.14398443694356744,0.16250070083602347,0.037064035948982665,0.037064035948982665,0.05645323699089311,0.0323865072001448
occupation,50,25,1,0.037064035948982665,0.2165593881881655,True,1,0.037064035948982665,0.05149752670971952,True,True,0.08974767611959142,0.1445833573421815,0.16088555910311092,0.20234543372242778,0.007216745380368428,0.08518782753133991,0.13639489310886355,0.13639489310886355,0.037064035948982665,0.037064035948982665,0.02388763536691485,0.02703057953908028
occupation,50,26,1,0.037064035948982665,0.17759540952034006,True,4,0.0,0.3379647872125786,True,False,0.0702656867856787,0.10100948234939738,0.15581693053937246,0.1751671708275366,0.16223974666852486,0.16223974666852486,0.16223974666852486,0.1689823936062893,0.037064035948982665,0.037064035948982665,0.037064035948982665,0.0
occupation,50,27,3,0.014674784340568015,0.2400848709289435,True,1,0.037064035948982665,0.08482328170120557,True,True,0.10151041748998042,0.12491561306734429,0.13294509203472485,0.22109973364845995,0.02387962287611145,0.04070984665542121,0.12957251834118833,0.12957251834118833,0.037064035948982665,0.037064035948982665,0.014674784340568015,0.014674784340568015
occupation,50,28,3,0.016218365687923897,0.282708655368776,True,3,0.016218365687923897,0.32745511577314257,True,False,0.12282230970989667,0.13394538345811458,0.17067655130582865,0.2033817700109985,0.14519553991207995,0.16017086014848803,0.16017086014848803,0.21210725300432665,0.037064035948982665,0.037064035948982665,0.016218365687923897,0.01805707424656877
occupation,50,29,3,0.02388763536691485,0.23025573777719738,True,1,0.037064035948982665,0.14877386139760373,True,False,0.09659585091410736,0.0971476174576348,0.1335396843224491,0.16006319368888522,0.055854912724310535,0.11189518714958147,0.1195611096167834,0.13458842247210778,0.037064035948982665,0.06219595099026387,0.02388763536691485,0.006026996971636889
occupation,100,0,4,0.020190976887681455,0.1982594113222214,True,1,0.037064035948982665,0.08217610066032788,True,False,0.08059768768661937,0.10021305857485499,0.10975369733220873,0.14072366509334527,0.022556032355672606,0.04057861910057198,0.09831521683741351,0.14374758545111788,0.037064035948982665,0.037064035948982665,0.02060621689422426,0.020190976887681455
occupation,100,1,1,0.037064035948982665,0.17982451609774353,True,1,0.037064035948982665,0.061678427489755605,True,True,0.07138024007438043,0.09083212701741833,0.11970807110096394,0.15367323090816562,0.01230719577038647,0.055238851846663106,0.09876086336251882,0.10830673231107707,0.037064035948982665,0.037064035948982665,0.02388763536691485,0.012721090753907038
occupation,100,2,2,0.09279333487363728,0.24887022209191814,True,3,0.014945763762114428,0.13067876638811504,True,True,0.10590309307146774,0.13176939852956554,0.20871483386758888,0.2213364792851643,0.058001991023773514,0.058001991023773514,0.058001991023773514,0.10355334540942357,0.12046439099074963,0.09279333487363728,0.014945763762114428,0.04722119988076501
occupation,100,3,3,0.014945763762114428,0.14461331434477762,True,3,0.014945763762114428,0.10189825668807395,True,True,0.053774639197897475,0.10619082244271627,0.1205467291526522,0.14819576829485262,0.03241711036954564,0.05424946646445661,0.09065066520804133,0.14461296459757672,0.037064035948982665,0.037064035948982665,0.014945763762114428,0.014945763762114428
occupation,100,4,3,0.0438409546713695,0.19400392867112187,True,3,0.0438409546713695,0.18896209207950287,True,False,0.0784699463610696,0.10351099675027678,0.13317273642011823,0.149895945477022,0.08203548472704458,0.08203548472704458,0.08714365386946743,0.13504443867872234,0.037064035948982665,0.06219595099026387,0.0438409546713695,0.03620601789821176
occupation,100,5,1,0.037064035948982665,0.1716852001022324,True,1,0.037064035948982665,0.07471295647857157,True,True,0.06731058207662487,0.10272680171666602,0.1335312550701879,0.15489108366986434,0.01882446026479445,0.08443460722440871,0.09221675128618284,0.09221675128618284,0.037064035948982665,0.037064035948982665,0.028342444716907056,0.03221152648251724
occupation,100,6,1,0.037064035948982665,0.16805663061358625,True,3,0.015224329874893083,0.18360173389227896,True,False,0.06549629733230179,0.1136117987974627,0.13246036280229473,0.15155200384297055,0.07326884897164815,0.11228221464098231,0.11228221464098231,0.1341284258156547,0.037064035948982665,0.06219595099026387,0.015224329874893083,0.015224329874893083
occupation,100,7,4,0.014712840802196148,0.22299206590807877,True,3,0.014945763762114428,0.1601305827478673,True,True,0.09296401497954805,0.11259276882140942,0.12727317110280922,0.13198282784906853,0.06153327339944231,0.06153327339944231,0.07347352408572483,0.1009540360108937,0.037064035948982665,0.037064035948982665,0.014945763762114428,0.014712840802196148
occupation,100,8,1,0.037064035948982665,0.14674407236524728,True,3,0.014674784340568015,0.26009714455169286,True,False,0.05484001820813231,0.07541737139411717,0.12854556860518043,0.14014875176441852,0.12271118010556242,0.12271118010556242,0.12271118010556242,0.18142816228881314,0.037064035948982665,0.037064035948982665,0.014674784340568015,0.038505802308901216
occupation,100,9,1,0.037064035948982665,0.2542184221041724,True,3,0.014674784340568015,0.13537412842606777,True,True,0.10857719307759486,0.14425302846397967,0.17008774595550719,0.18007977779554177,0.049155046238542555,0.07695310952139417,0.07695310952139417,0.10414809053590174,0.037064035948982665,0.06219595099026387,0.014674784340568015,0.014674784340568015
occupation,100,10,3,0.01715644118999582,0.21118244101319764,True,2,0.06219595099026387,0.10146759663450056,True,True,0.08705920253210749,0.11542282067477498,0.11820968073013656,0.14849261274673203,0.032201780342758946,0.032201780342758946,0.08032444614461559,0.08773731047762084,0.037064035948982665,0.06219595099026387,0.01715644118999582,0.049405122232152876
occupation,100,11,1,0.037064035948982665,0.1647254214196478,True,1,0.037064035948982665,0.10630505123663514,True,True,0.06383069273533257,0.0965461544460396,0.11022973780831946,0.14037681276457276,0.03462050764382624,0.09066129275984663,0.09171002540297007,0.09541462566156828,0.037064035948982665,0.037064035948982665,0.015224329874893083,0.025497524811840644
occupation,100,12,4,0.03221152648251724,0.1909445119040331,True,3,0.020956339565838422,0.08999174445736491,True,True,0.07694023797752522,0.0980825342045772,0.13693994412166965,0.139488952099701,0.02646385425419112,0.05108268107805569,0.06305510966821426,0.07982354772437816,0.037064035948982665,0.037064035948982665,0.020956339565838422,0.03221152648251724
occupation,100,13,4,0.02410566890620447,0.21556564051107796,True,2,0.06219595099026387,0.12405636125061281,True,True,0.08925080228104765,0.12649629887516556,0.154692833451031,0.16928488638044345,0.04349616265081507,0.05049995246613764,0.14439829582139824,0.14439829582139824,0.037064035948982665,0.06219595099026387,0.02388763536691485,0.02410566890620447
occupation,100,14,1,0.037064035948982665,0.13499857644985475,True,2,0.06219595099026387,0.20063291352887702,True,False,0.04896727025043605,0.09517521719262462,0.1037687555372479,0.12243559457072878,0.08178443878994718,0.08178443878994718,0.154998995274785,0.154998995274785,0.037064035948982665,0.06219595099026387,0.016218365687923897,0.02703057953908028
occupation,100,15,1,0.037064035948982665,0.14495405298735395,True,1,0.037064035948982665,0.0655248279786722,True,True,0.05394500851918564,0.10081345889037828,0.11052032328804773,0.1376029993314995,0.01423039601484477,0.02848389833433934,0.05218256778311886,0.08368938789724367,0.037064035948982665,0.037064035948982665,0.014674784340568015,0.017965828200065093
occupation,100,16,1,0.037064035948982665,0.15079991424174455,True,1,0.037064035948982665,0.20435812049491986,True,False,0.05686793914638094,0.06634417000379698,0.11634942460905759,0.12126889155954768,0.0836470422729686,0.10679064418271778,0.10679064418271778,0.13961818618300265,0.037064035948982665,0.037064035948982665,0.014674784340568015,0.014674784340568015
occupation,100,17,1,0.037064035948982665,0.1646373797078709,True,3,0.016218365687923897,0.16302141413180715,True,True,0.06378667187944412,0.0930968301080938,0.14288735642741182,0.1578305851596618,0.06297868909141224,0.08331561612921173,0.08331561612921173,0.12770827955431907,0.037064035948982665,0.06219595099026387,0.016218365687923897,0.04696796914131807
occupation,100,18,3,0.02118311423682484,0.13735462466058998,True,3,0.02118311423682484,0.13399187892180664,True,False,0.05014529435580366,0.0818583078637722,0.10188921535629243,0.12387392327094372,0.04846392148641199,0.09288728829886667,0.10357879151894506,0.1256059081647684,0.037064035948982665,0.037064035948982665,0.02118311423682484,0.014712840802196148
occupation,100,19,4,0.020190976887681455,0.20610811528702763,True,1,0.037064035948982665,0.057483026088130496,True,True,0.08452203966902248,0.09526091795544916,0.13245880066819632,0.13562071637950604,0.010209495069573915,0.04899334347894996,0.08687357741985918,0.09602019032960746,0.037064035948982665,0.037064035948982665,0.014674784340568015,0.020190976887681455
occupation,100,20,3,0.016218365687923897,0.3012249657670146,True,3,0.016218365687923897,0.09566958187699426,True,True,0.13208046490901595,0.14840760275848602,0.15849673873053816,0.16887551284539004,0.029302772964005797,0.03950374444092053,0.09584286614255844,0.12523660644114387,0.037064035948982665,0.037064035948982665,0.016218365687923897,0.016218365687923897
occupation,100,21,2,0.06219595099026387,0.2713599380517943,True,1,0.037064035948982665,0.0776390147166528,True,True,0.11714795105140582,0.11717456046878191,0.1549955032636535,0.17887298428668583,0.020287489383835067,0.04666082360515478,0.05350221397158389,0.09184584140076923,0.037064035948982665,0.06219595099026387,0.015224329874893083,0.015971090408316346
occupation,100,22,3,0.014674784340568015,0.21040593262570678,True,3,0.014674784340568015,0.08779030813244393,True,True,0.08667094833836206,0.09579158210462893,0.12275809768294532,0.1524104710532332,0.02536313609173063,0.0566787095525087,0.0653247732357648,0.09320539935051897,0.037064035948982665,0.037064035948982665,0.014674784340568015,0.0120237238209141
occupation,100,23,3,0.03594180576309303,0.21774356678905982,True,3,0.03594180576309303,0.16382586372436336,True,True,0.09033976542003858,0.10920749271187313,0.12451936068548908,0.1633139645970566,0.06338091388769035,0.06338091388769035,0.09538575829361978,0.15505643397190982,0.037064035948982665,0.037064035948982665,0.03594180576309303,0.03594180576309303
occupation,100,24,4,0.006026996971636889,0.22031228036135436,True,1,0.037064035948982665,0.13801050283561422,True,False,0.09162412220618585,0.10539810216397233,0.11102176870802778,0.14739661165332377,0.05047323344331578,0.06830087574327409,0.12726562243862216,0.12726562243862216,0.037064035948982665,0.06219595099026387,0.03594180576309303,0.006026996971636889
occupation,100,25,1,0.037064035948982665,0.23950717153057988,True,1,0.037064035948982665,0.12286900501010822,True,True,0.1012215677907986,0.13751415230284458,0.17150622751924788,0.18272708190427492,0.04290248453056278,0.04290248453056278,0.08449576928956032,0.11894573934394465,0.037064035948982665,0.037064035948982665,0.01715644118999582,0.033781888771418744
occupation,100,26,4,0.036878684942892814,0.22952525415192793,True,1,0.037064035948982665,0.07995559412909481,True,True,0.10097381187371174,0.10097381187371174,0.10742523490567996,0.1327246965895954,0.021445779090056072,0.04321563861649308,0.0737543769195278,0.09741336884462726,0.037064035948982665,0.037064035948982665,0.01715644118999582,0.036878684942892814
occupation,100,27,1,0.037064035948982665,0.19196582870617224,True,1,0.037064035948982665,0.04727310127687656,True,True,0.07745089637859479,0.12620546271274163,0.1408862698825153,0.1644033858429891,0.005104532663946948,0.046577127820184305,0.06711825692945989,0.09069626022172239,0.037064035948982665,0.037064035948982665,0.01715644118999582,0.0
occupation,100,28,3,0.01715644118999582,0.21903664407011916,True,3,0.01715644118999582,0.07694033565216585,True,True,0.09098630406056825,0.12950365169804753,0.12950365169804753,0.15002746787011326,0.01993814985159159,0.07195312282708977,0.08365790918593158,0.12143702558574199,0.037064035948982665,0.06219595099026387,0.01715644118999582,0.0
occupation,100,29,3,0.030306313585933498,0.2318011583474818,True,3,0.030306313585933498,0.23123501411590408,True,False,0.09736856119924957,0.10430207921611295,0.13624148869487324,0.1525020643003021,0.10828011488766803,0.10828011488766803,0.10828011488766803,0.14468861362112106,0.037064035948982665,0.037064035948982665,0.030306313585933498,0.030306313585933498
occupation,250,0,3,0.014674784340568015,0.17478174115881032,True,4,0.012193325747422157,0.1263426981478265,True,True,0.06885885260491383,0.07477052756063636,0.08500985572736457,0.1008304307897293,0.06317134907391325,0.06317134907391325,0.06317134907391325,0.06317134907391325,0.037064035948982665,0.037064035948982665,0.014674784340568015,0.012193325747422157
occupation,250,1,3,0.014674784340568015,0.147289747051922,True,3,0.014674784340568015,0.0897165154679771,True,True,0.055112855551469664,0.0789983144082045,0.08752473697488378,0.09743576325788798,0.026326239759497216,0.06951291554238509,0.06951291554238509,0.0739349553302136,0.037064035948982665,0.037064035948982665,0.014674784340568015,0.006026996971636889
occupation,250,2,3,0.01715644118999582,0.14647196294920417,True,3,0.01715644118999582,0.07656926709533063,True,True,0.05470396350011076,0.06790718491074335,0.07968389093170326,0.10057937409739086,0.01975261557317398,0.04628911107432876,0.04794427456080563,0.06697126009129112,0.037064035948982665,0.06219595099026387,0.01715644118999582,0.014712840802196148
occupation,250,3,3,0.015224329874893083,0.12597482608554067,True,4,0.010231029842038497,0.1642018869349171,True,False,0.044455395068279,0.05938706317908753,0.07897042409233243,0.09331485853642654,0.07836236362842314,0.07836236362842314,0.07836236362842314,0.08210094346745855,0.037064035948982665,0.037064035948982665,0.015224329874893083,0.010231029842038497
occupation,250,4,3,0.02388763536691485,0.12683238902564947,True,4,0.009599848080884765,0.05068850037639272,True,True,0.04488417653833341,0.05559940946445721,0.07055246595251657,0.09040709017137605,0.006812232213705027,0.014760379727599915,0.043338692714638194,0.04730058913653579,0.037064035948982665,0.037064035948982665,0.02388763536691485,0.009599848080884765
occupation,250,5,3,0.015224329874893083,0.13201422444945532,True,3,0.015224329874893083,0.07236819034468689,True,True,0.04747509425023632,0.06337740722572409,0.07919562834806684,0.09009156993988947,0.017652077197852112,0.020092866489622718,0.05367370574322261,0.06442646426496929,0.037064035948982665,0.037064035948982665,0.015224329874893083,0.011888527035420537
occupation,250,6,3,0.014674784340568015,0.12810656120876293,True,3,0.014674784340568015,0.06403653576811941,True,True,0.04552126262989013,0.06586451538331532,0.0750102820939766,0.09797375240947115,0.01348624990956837,0.022594166897657197,0.04251241908082848,0.06148492276022377,0.037064035948982665,0.037064035948982665,0.014674784340568015,0.017965828200065093
occupation,250,7,4,0.0,0.13863041917020938,True,4,0.0,0.09356748636792278,True,True,0.05078319161061336,0.05716257020183472,0.08847431454518542,0.10206014862143764,0.028251725209470058,0.028251725209470058,0.06126061758566831,0.06673751667545635,0.037064035948982665,0.06219595099026387,0.0438409546713695,0.0
occupation,250,8,4,0.009599848080884765,0.12374906690605753,True,4,0.009599848080884765,0.09126454968063447,True,True,0.04334251547853743,0.07134561195594316,0.0817338208562166,0.0943495061535865,0.0271002568658259,0.0271002568658259,0.042234522453034384,0.06316699462687386,0.037064035948982665,0.037064035948982665,0.015224329874893083,0.009599848080884765
occupation,250,9,1,0.037064035948982665,0.11716047560633626,True,1,0.037064035948982665,0.0892972456180412,True,True,0.0400482198286768,0.0765744933327203,0.08348063813665722,0.09791422077808937,0.027712696896907363,0.03731123063873659,0.03731123063873659,0.05633834160482326,0.037064035948982665,0.037064035948982665,0.016218365687923897,0.012193325747422157
occupation,250,10,3,0.014674784340568015,0.1531238106459429,True,3,0.014674784340568015,0.09400937803386689,True,True,0.05802988734848012,0.07035925948855598,0.07612955915257305,0.0845492453714505,0.02847267104244211,0.02847267104244211,0.04530021647292959,0.0587390768667993,0.037064035948982665,0.037064035948982665,0.014674784340568015,0.014674784340568015
occupation,250,11,4,0.015127222666384887,0.14219163704652876,True,4,0.015127222666384887,0.0837614507780069,True,True,0.052563800548773056,0.060673555583199396,0.07090059608312714,0.09127855095667219,0.023348707414512115,0.05353018670763182,0.06000032629753327,0.06000032629753327,0.037064035948982665,0.037064035948982665,0.02118311423682484,0.015127222666384887
occupation,250,12,4,0.014267477378343552,0.13244613501125402,True,4,0.014267477378343552,0.07637739373283126,True,True,0.04769104953113567,0.06990013269587045,0.08997981498481085,0.09303059876447878,0.019656678891924295,0.03301897052776981,0.040317661862359966,0.05924891450427561,0.037064035948982665,0.037064035948982665,0.014945763762114428,0.014267477378343552
occupation,250,13,3,0.016218365687923897,0.1580783902714892,True,1,0.037064035948982665,0.10969455697386132,True,False,0.06050717716125327,0.06557105470211587,0.07333769666764757,0.09246531339272397,0.03631526051243933,0.07682846356094947,0.11306315101596903,0.15769133017087927,0.037064035948982665,0.037064035948982665,0.016218365687923897,0.012193325747422157
occupation,250,14,3,0.014674784340568015,0.14959917626698244,True,1,0.037064035948982665,0.07554603502134516,True,True,0.05626757015899989,0.08282975236368033,0.08991322572617226,0.103242241719873,0.019240999536181247,0.03616593202403767,0.06521640904199588,0.07386068653228173,0.037064035948982665,0.037064035948982665,0.014674784340568015,0.014674784340568015
occupation,250,15,4,0.014267477378343552,0.16701170976570542,True,4,0.014267477378343552,0.10464629534953795,True,True,0.06497383690836138,0.06497383690836138,0.08654222029239404,0.09348076179054976,0.03872916572898977,0.04972336176640163,0.04972336176640163,0.05232314767476898,0.037064035948982665,0.037064035948982665,0.03321430869019393,0.014267477378343552
occupation,250,16,3,0.016218365687923897,0.1322063258484266,True,1,0.037064035948982665,0.08670195086511656,True,False,0.047571144949721964,0.05491732895729505,0.07290593636265112,0.09039799452917528,0.024818957458066948,0.035430558456818584,0.07393397188222983,0.07393397188222983,0.037064035948982665,0.037064035948982665,0.016218365687923897,0.012193325747422157
occupation,250,17,4,0.010231029842038497,0.12768168262723473,True,4,0.010231029842038497,0.11004638294197522,True,True,0.045308823339126024,0.05247878533038023,0.07619954416662827,0.09086390385865888,0.04146860247752082,0.04146860247752082,0.05502319147098761,0.05502319147098761,0.037064035948982665,0.037064035948982665,0.014945763762114428,0.010231029842038497
occupation,250,18,4,0.02703057953908028,0.11513943011846717,True,4,0.02703057953908028,0.15177342154033058,True,False,0.03903769708474225,0.04854630107191658,0.07489543798389856,0.0833339215489597,0.06854931859988128,0.06854931859988128,0.06854931859988128,0.08468181007426184,0.037064035948982665,0.06219595099026387,0.024023156404637036,0.02703057953908028
occupation,250,19,1,0.037064035948982665,0.14501601612567844,True,1,0.037064035948982665,0.09925850002638603,True,True,0.05397599008834789,0.07282250150216446,0.08245152255250206,0.08372872086037778,0.04195474587986986,0.04195474587986986,0.04229185784290901,0.07257599828969652,0.037064035948982665,0.037064035948982665,0.037064035948982665,0.0
occupation,250,20,1,0.037064035948982665,0.12525321429451147,True,4,0.010231029842038497,0.08001826797931155,True,True,0.04409458917276441,0.06288222844996665,0.07345197513287058,0.09957304226785837,0.021477116015164444,0.04712099848922602,0.04943310374906029,0.05260842697331558,0.037064035948982665,0.06219595099026387,0.014674784340568015,0.010231029842038497
occupation,250,21,4,0.0,0.13245195174637286,True,4,0.0,0.04087335531448211,True,True,0.0476939578986951,0.05035409227636435,0.07584848678093187,0.09374828917603638,0.0019046596827497209,0.013489716746081903,0.05669072838024736,0.06562302728520975,0.037064035948982665,0.037064035948982665,0.02118311423682484,0.0
occupation,250,22,3,0.014945763762114428,0.14249968835652527,True,3,0.014945763762114428,0.10765148767716926,True,True,0.05271782620377131,0.05959166923260156,0.08065104758239784,0.09247966424393404,0.04648835166830062,0.04648835166830062,0.04648835166830062,0.08128140716049809,0.037064035948982665,0.06219595099026387,0.014945763762114428,0.010231029842038497
occupation,250,23,4,0.006026996971636889,0.14149929249905782,True,4,0.006026996971636889,0.13900920462942268,True,False,0.05221762827503758,0.0787663318663006,0.08187846950053143,0.09122011224609101,0.050972584340220006,0.0689804342362409,0.0838346610450782,0.0838346610450782,0.037064035948982665,0.037064035948982665,0.04118988078283892,0.006026996971636889
occupation,250,24,4,0.0120237238209141,0.12587186578524276,True,3,0.01715644118999582,0.08758625713729618,True,True,0.04440391491813005,0.06594088099299406,0.08065093812859435,0.09466040097791016,0.029845460126596446,0.029845460126596446,0.03645573639836408,0.0651667957899778,0.037064035948982665,0.037064035948982665,0.01715644118999582,0.0120237238209141
occupation,250,25,4,0.015971090408316346,0.1466223121725901,True,4,0.015971090408316346,0.10198339454670735,True,True,0.054779138111803724,0.06989718817448386,0.0837359325531646,0.08517038683913025,0.03245967929886234,0.0347089229609967,0.048018792586654424,0.05860174513333727,0.037064035948982665,0.037064035948982665,0.016218365687923897,0.015971090408316346
occupation,250,26,3,0.015224329874893083,0.1445474560313515,True,3,0.015224329874893083,0.16037214874093786,True,False,0.053741710041184415,0.07361695882284497,0.09079673157817209,0.10842491157111757,0.0643305421290793,0.07284868220018492,0.07284868220018492,0.094164575049061,0.037064035948982665,0.06219595099026387,0.015224329874893083,0.015224329874893083
occupation,250,27,1,0.037064035948982665,0.13333752385862613,True,3,0.020956339565838422,0.09305879692497643,True,True,0.048136743954821724,0.05520220430828293,0.08069810541082592,0.08242922819824293,0.036579728514188614,0.036579728514188614,0.03919200629220421,0.08144426662622217,0.037064035948982665,0.037064035948982665,0.020956339565838422,0.011888527035420537
occupation,250,28,4,0.0,0.14592290885430004,True,1,0.037064035948982665,0.06527185509978106,True,False,0.05442943645265868,0.065560627199483,0.07583366039791123,0.089538552516474,0.014103909575399198,0.08166638585482422,0.08166638585482422,0.08166638585482422,0.037064035948982665,0.06219595099026387,0.02388763536691485,0.0
occupation,250,29,4,0.0,0.13529563510539322,True,4,0.0,0.1096780346675883,True,True,0.049115799578205284,0.06525167431835095,0.0838616695441755,0.08785718956081533,0.036306999359302816,0.05110352777891014,0.05110352777891014,0.06929192234246628,0.037064035948982665,0.037064035948982665,0.01715644118999582,0.0
occupation,500,0,1,0.037064035948982665,0.08742268578927961,True,3,0.020956339565838422,0.0599694518558459,True,True,0.02517932492014847,0.037108697209345634,0.04779110245724145,0.06255392409589758,0.01743053346485557,0.02007579519162006,0.022647333757638943,0.03013550784361413,0.037064035948982665,0.037064035948982665,0.020956339565838422,0.0
occupation,500,1,4,0.0,0.11382843914148669,True,4,0.0,0.04810234644411615,True,True,0.03838220159625201,0.04381967495747145,0.05381085016002269,0.06775462795385524,0.005519155247566743,0.010872889947797226,0.030002878643748065,0.04929326986256055,0.037064035948982665,0.037064035948982665,0.016218365687923897,0.0
occupation,500,2,3,0.014674784340568015,0.11236107747599092,True,3,0.014674784340568015,0.07256102123797747,True,True,0.037648520763504126,0.04358998308708333,0.06046756331420198,0.06646513888535475,0.02894311844870473,0.02894311844870473,0.02894311844870473,0.04252375716614165,0.037064035948982665,0.037064035948982665,0.014674784340568015,0.014674784340568015
occupation,500,3,3,0.016218365687923897,0.11701001814857082,True,1,0.037064035948982665,0.06430158078541937,True,False,0.04004369989684565,0.04399795840186713,0.0511676169040014,0.07529418159909591,0.01361877241821835,0.04960495610288562,0.04960495610288562,0.04960495610288562,0.037064035948982665,0.037064035948982665,0.016218365687923897,0.0
occupation,500,4,4,0.0,0.09943313667883716,True,3,0.016218365687923897,0.08117589519197099,True,False,0.031184550364927247,0.03873353222271771,0.04588609508768933,0.056783217943993936,0.022055929621494164,0.03310051874642439,0.045482944520320145,0.061219483195123325,0.037064035948982665,0.037064035948982665,0.016218365687923897,0.0
occupation,500,5,3,0.016218365687923897,0.10405746717319164,True,1,0.037064035948982665,0.0737034552622775,True,True,0.03349671561210449,0.041372346617455244,0.05302877961749174,0.07001533801122878,0.01831970965664742,0.02175421302919356,0.042357458129915815,0.06053444923619922,0.037064035948982665,0.037064035948982665,0.016218365687923897,0.0120237238209141
occupation,500,6,3,0.024023156404637036,0.12779446285541318,True,3,0.024023156404637036,0.08001005319494503,True,False,0.045365213453215265,0.052797907137009686,0.057346048449212296,0.07312474286920907,0.021473008622981182,0.053871909099104276,0.06714614746611886,0.06714614746611886,0.037064035948982665,0.06219595099026387,0.024023156404637036,0.024023156404637036
occupation,500,7,3,0.020956339565838422,0.10415017763302285,True,4,0.009599848080884765,0.044733580071486645,True,False,0.033543070842020094,0.04420239692460803,0.054814080004794534,0.06700810094807828,0.0038347720612519898,0.006991819556422918,0.0597587914792026,0.0597587914792026,0.037064035948982665,0.037064035948982665,0.020956339565838422,0.009599848080884765
occupation,500,8,3,0.01715644118999582,0.10628904840274196,True,3,0.01715644118999582,0.0425273595663469,True,True,0.03461250622687965,0.04669058286962192,0.05507222077198719,0.06595699880112682,0.0027316618086821176,0.028115811472972374,0.028115811472972374,0.04333284945952731,0.037064035948982665,0.037064035948982665,0.01715644118999582,0.0
occupation,500,9,4,0.0120237238209141,0.10395954571789338,True,4,0.0120237238209141,0.08914525606070423,True,False,0.03344775488445536,0.0479052991374127,0.06241266955599488,0.07108845372239879,0.037235235860068105,0.037235235860068105,0.037235235860068105,0.052356451864397524,0.037064035948982665,0.037064035948982665,0.015224329874893083,0.0120237238209141
occupation,500,10,3,0.02118311423682484,0.11210604452429689,True,3,0.02118311423682484,0.07586000489558409,True,True,0.03752100428765711,0.04774512859030372,0.05454428169915452,0.06822995042924909,0.01939798447330071,0.01939798447330071,0.03678003055193524,0.05109189963167504,0.037064035948982665,0.037064035948982665,0.02118311423682484,0.02118311423682484
occupation,500,11,4,0.017702404660247195,0.1153882331660977,True,4,0.017702404660247195,0.10634798365763021,True,False,0.039162098608557516,0.04819406576676236,0.05643390426250183,0.062091944547783995,0.045836599658531096,0.045836599658531096,0.045836599658531096,0.05686073051152035,0.037064035948982665,0.037064035948982665,0.015224329874893083,0.017702404660247195
occupation,500,12,3,0.015224329874893083,0.12376944316156968,True,3,0.015224329874893083,0.0832618180119985,True,True,0.04335270360629351,0.04623546248625236,0.05479648863854232,0.06717662010476426,0.023098891031507918,0.026157377537926574,0.044322863865414175,0.054487531159468916,0.037064035948982665,0.037064035948982665,0.015224329874893083,0.010231029842038497
occupation,500,13,4,0.009599848080884765,0.09330666439152234,True,4,0.009599848080884765,0.0684481773526463,True,True,0.028121314221269837,0.03903828634516029,0.05313056904504809,0.06704872664818655,0.015692070701831817,0.016501612149103284,0.04863119610168126,0.04863119610168126,0.037064035948982665,0.037064035948982665,0.014945763762114428,0.009599848080884765
occupation,500,14,3,0.01715644118999582,0.10866904575966163,True,3,0.01715644118999582,0.055903654472036934,True,True,0.03580250490533948,0.04303119845772546,0.05077281487781242,0.06160869769466183,0.009419809261527134,0.02647048386921058,0.04363610839958004,0.04363610839958004,0.037064035948982665,0.037064035948982665,0.01715644118999582,0.01715644118999582
occupation,500,15,4,0.0,0.09325378265263634,True,1,0.037064035948982665,0.047874759905803366,True,False,0.028094873351826834,0.03718192034878067,0.05044204758235272,0.060507146489865146,0.00540536197841035,0.026941795483145903,0.05148174592526478,0.054083581919688095,0.037064035948982665,0.037064035948982665,0.015224329874893083,0.0
occupation,500,16,4,0.012721090753907038,0.12186456733652325,True,4,0.012721090753907038,0.0738076630120652,True,True,0.04240026569377029,0.05155533965183088,0.06333328588549875,0.06899680867859372,0.01837181353154127,0.034551934818289665,0.034551934818289665,0.045783309980263975,0.037064035948982665,0.06219595099026387,0.02060621689422426,0.012721090753907038
occupation,500,17,4,0.006026996971636889,0.13097412151033574,True,4,0.006026996971636889,0.121511552082462,True,False,0.04695504278067654,0.052899491174974604,0.06627299670637453,0.07302990950455188,0.04222375806673967,0.04330805596538684,0.06906629250225893,0.06906629250225893,0.037064035948982665,0.037064035948982665,0.02118311423682484,0.006026996971636889
occupation,500,18,4,0.026100046348630057,0.11844878923881258,True,4,0.026100046348630057,0.12190970075271468,True,False,0.04069237664491496,0.05646180157923277,0.06637914845061253,0.06743836412224057,0.04558028010104426,0.06095485037635734,0.06095485037635734,0.06095485037635734,0.037064035948982665,0.037064035948982665,0.016218365687923897,0.026100046348630057
occupation,500,19,4,0.0,0.1176909849660208,True,4,0.0,0.05519937653180129,True,True,0.04031347450851907,0.05167554617291006,0.06284271445175844,0.0662664027278944,0.009067670291409313,0.012973641841050931,0.03335427827157306,0.04271167173032697,0.037064035948982665,0.037064035948982665,0.016218365687923897,0.0
occupation,500,20,1,0.037064035948982665,0.10730449419762512,True,4,0.0,0.08233272449269546,True,True,0.03512022912432123,0.060800163810528135,0.06552519434786122,0.07318758157525349,0.0226343442718564,0.0226343442718564,0.041531896262712364,0.041531896262712364,0.037064035948982665,0.037064035948982665,0.01715644118999582,0.0
occupation,500,21,3,0.01715644118999582,0.11583003200893743,True,3,0.01715644118999582,0.06270485698753647,True,True,0.039382998029977384,0.041559556548832546,0.051392269549248505,0.06262444429595904,0.018796460908269863,0.018796460908269863,0.02401503632348423,0.039256903383891206,0.037064035948982665,0.037064035948982665,0.01715644118999582,0.0
occupation,500,22,3,0.015224329874893083,0.0942291256174369,True,3,0.015224329874893083,0.12487090838694848,True,False,0.02858254483422712,0.04323628210285272,0.04674496941978925,0.06418413383210655,0.043903436218982905,0.043903436218982905,0.06953599038043556,0.07225135563091617,0.037064035948982665,0.037064035948982665,0.015224329874893083,0.01805707424656877
occupation,500,23,4,0.009599848080884765,0.10905379344189838,True,4,0.009599848080884765,0.063352926923818,True,True,0.035994878746457855,0.04627838444150558,0.057610506017335375,0.06418940546954754,0.013144445487417666,0.038947061997443244,0.04035518966043028,0.04035518966043028,0.037064035948982665,0.037064035948982665,0.02388763536691485,0.009599848080884765
occupation,500,24,3,0.014674784340568015,0.10187831924879756,True,3,0.014674784340568015,0.08656349896224957,True,False,0.03240714164990745,0.04066335539315368,0.05178849095562002,0.06332657160131305,0.024749731506633454,0.03991616471997944,0.05986151152240693,0.05986151152240693,0.037064035948982665,0.037064035948982665,0.014674784340568015,0.014674784340568015
occupation,500,25,4,0.010231029842038497,0.1082950356349905,True,4,0.010231029842038497,0.039778530908787246,True,True,0.03561549984300392,0.04644755900601358,0.05935989557662173,0.06926060869605806,0.0013572474799022904,0.032346277605799556,0.032346277605799556,0.03637215032529628,0.037064035948982665,0.037064035948982665,0.014945763762114428,0.010231029842038497
occupation,500,26,3,0.014945763762114428,0.11956723250301697,True,3,0.014945763762114428,0.05837188968158835,True,True,0.043696508881184114,0.05118172122426939,0.05244622408122448,0.07091868251771118,0.010653926866302843,0.02897598433081655,0.03669658500261613,0.04746530156483908,0.037064035948982665,0.037064035948982665,0.014945763762114428,0.014945763762114428
occupation,500,27,1,0.037064035948982665,0.09257566450588525,True,3,0.01715644118999582,0.12276331406695962,True,False,0.027755814278451293,0.035493566541197966,0.051022759728664,0.05618498279408872,0.042849639058988476,0.05046131392741898,0.05580811225428972,0.06917424775905223,0.037064035948982665,0.037064035948982665,0.01715644118999582,0.0
occupation,500,28,4,0.0,0.10268772709992646,True,1,0.037064035948982665,0.07522655832453262,True,False,0.0328118455754719,0.03738949444129772,0.05505135611024337,0.06148050781097725,0.019081261187774978,0.047258663228012365,0.07463110544647922,0.08041984045957445,0.037064035948982665,0.037064035948982665,0.014945763762114428,0.0
occupation,500,29,4,0.0,0.11868969808383759,True,4,0.0,0.04836061130790381,True,True,0.04081283106742746,0.04298489980070901,0.05561758655927538,0.06565761750157575,0.005648287679460573,0.03225081743201219,0.0326229860695087,0.04400226496776205,0.037064035948982665,0.06219595099026387,0.015224329874893083,0.0
occupation,1000,0,4,0.0,0.08529939182190649,True,4,0.0,0.05115602887230675,True,True,0.024117677936461916,0.03110050598107959,0.041670597339413126,0.04684844733977578,0.007045996461662041,0.02207535120749926,0.02403090238464467,0.03245459179480886,0.037064035948982665,0.037064035948982665,0.02118311423682484,0.0
occupation,1000,1,3,0.02118311423682484,0.07941315665666557,True,4,0.009599848080884765,0.04831956986191566,True,True,0.02117456035384145,0.027401179484095827,0.03259675817580848,0.0472953072834513,0.005627766956466496,0.01987390212718415,0.02393788767476035,0.03366771827776971,0.037064035948982665,0.037064035948982665,0.02118311423682484,0.009599848080884765
occupation,1000,2,4,0.020190976887681455,0.08710508211182219,True,4,0.020190976887681455,0.06814030081216516,True,True,0.02502052308141976,0.04124603900002398,0.043589268048090005,0.05137775494773139,0.015538132431591245,0.035640900172398626,0.035640900172398626,0.035640900172398626,0.037064035948982665,0.037064035948982665,0.015224329874893083,0.020190976887681455
occupation,1000,3,4,0.0,0.0824598818429586,True,4,0.0,0.04861133624300984,True,True,0.022697922946987973,0.035556574576846786,0.03793676854491035,0.04608011620803878,0.005773650147013587,0.014192633790290232,0.02401864794486208,0.03813029835795695,0.037064035948982665,0.037064035948982665,0.02118311423682484,0.0
occupation,1000,4,3,0.014674784340568015,0.1019930337626164,True,3,0.014674784340568015,0.06560927252308113,True,True,0.034988590580030614,0.04080560834261463,0.04365912471102419,0.05923804919862619,0.014272618287049232,0.029427005568089748,0.03541725362644782,0.04098351975292713,0.037064035948982665,0.037064035948982665,0.014674784340568015,0.010231029842038497
occupation,1000,5,4,0.0,0.0829450293072064,True,4,0.0,0.06677620281750474,True,True,0.022940496679111865,0.03767337640331009,0.04596500701349219,0.05100397293032504,0.022495974529068763,0.026904685454607447,0.03306460337429751,0.03338810140875237,0.037064035948982665,0.037064035948982665,0.020956339565838422,0.0
occupation,1000,6,3,0.015224329874893083,0.08812352847877851,True,4,0.0,0.08188990340134061,True,True,0.02879501171177847,0.033719639417442604,0.03672437206910525,0.0477839352933612,0.023531320311400483,0.0336075595303863,0.0336075595303863,0.04163537747475843,0.037064035948982665,0.037064035948982665,0.015224329874893083,0.0
occupation,1000,7,3,0.01715644118999582,0.08807033388417204,True,3,0.01715644118999582,0.06570198272341599,True,True,0.025503148967594685,0.03813292507602852,0.04210689464644321,0.04967978448289201,0.020050675091408232,0.03209919287405488,0.03209919287405488,0.03285099136170799,0.037064035948982665,0.037064035948982665,0.01715644118999582,0.01715644118999582
occupation,1000,8,3,0.014945763762114428,0.08309291421118184,True,3,0.014945763762114428,0.07299271819837361,True,True,0.02572007924418425,0.031898840935397736,0.03420906493530691,0.04624707378314955,0.02560288176522879,0.029158966928902796,0.029158966928902796,0.03895102695899744,0.037064035948982665,0.037064035948982665,0.014945763762114428,0.0
occupation,1000,9,4,0.0,0.08290876892562904,True,4,0.0,0.06277578026200148,True,False,0.027799628536964747,0.027799628536964747,0.03411699229253051,0.04579800396674003,0.012855872156509407,0.03260897612819458,0.03260897612819458,0.040459057745136584,0.037064035948982665,0.037064035948982665,0.014674784340568015,0.0
occupation,1000,10,3,0.020956339565838422,0.08531772493154703,True,3,0.020956339565838422,0.08450914708651103,True,False,0.024126844491282183,0.038196544541123034,0.042643815237373525,0.05018891868941802,0.025645207100152723,0.03433416100643971,0.034917181372971506,0.04647417391805042,0.037064035948982665,0.037064035948982665,0.020956339565838422,0.0
occupation,1000,11,3,0.016218365687923897,0.0900389885513651,True,3,0.016218365687923897,0.06343069293216497,True,True,0.02648747630119122,0.04021969614010863,0.04359366810900827,0.04950344717511577,0.022389556674203503,0.024377954295798476,0.024377954295798476,0.04356031651465858,0.037064035948982665,0.037064035948982665,0.016218365687923897,0.016218365687923897
occupation,1000,12,4,0.0,0.08555334521989784,True,4,0.0,0.04510598396795906,True,True,0.024244654635457587,0.03305330630982512,0.042101270507929334,0.048889907757993435,0.0040209740094881985,0.015043955824487087,0.02019774075040942,0.026424108093800025,0.037064035948982665,0.037064035948982665,0.01715644118999582,0.0
occupation,1000,13,4,0.01883455522764832,0.08277392479900143,True,1,0.037064035948982665,0.05057499965490153,True,False,0.025355002949259384,0.03327741128692358,0.03404957022921671,0.051636722991735454,0.006755481852959433,0.014833869253019272,0.05129317523154753,0.05129317523154753,0.037064035948982665,0.037064035948982665,0.02118311423682484,0.01883455522764832
occupation,1000,14,3,0.01715644118999582,0.08643063271142741,True,4,0.006026996971636889,0.05844894201510886,True,True,0.027179481645613186,0.031622383374670535,0.0358779241854297,0.045134423612291044,0.010692453033063098,0.02747092110243915,0.02747092110243915,0.0347650164255589,0.037064035948982665,0.037064035948982665,0.01715644118999582,0.006026996971636889
occupation,1000,15,4,0.010231029842038497,0.07887701262343721,True,4,0.010231029842038497,0.07875063371005786,True,False,0.020906488337227278,0.03278036056905671,0.0353994400794858,0.04686537005351777,0.020843298880537597,0.02364596718544676,0.04222480045797372,0.04222480045797372,0.037064035948982665,0.037064035948982665,0.014674784340568015,0.010231029842038497
occupation,1000,16,4,0.0,0.088565519311328,True,4,0.0,0.04123728817407479,True,True,0.025750741681172664,0.036637634646502736,0.03865709416593827,0.050088715258667385,0.002086626112546064,0.01459918109186542,0.028496291941356167,0.0340089673075708,0.037064035948982665,0.037064035948982665,0.014945763762114428,0.0
occupation,1000,17,4,0.0,0.08973568311417539,True,4,0.0,0.05497258200563049,True,True,0.02633582358259636,0.028393203760244276,0.040681104144437354,0.04565569173279734,0.008954273028323911,0.011996138655542388,0.0252220557193924,0.03004931513265685,0.037064035948982665,0.037064035948982665,0.024023156404637036,0.0
occupation,1000,18,4,0.0,0.08331133949124188,True,4,0.0,0.09562220981067615,True,False,0.02454710777531318,0.025059671621721152,0.03431827757533693,0.044251010129801566,0.029279086930846743,0.03989931733263752,0.05072418042128535,0.06179254563842751,0.037064035948982665,0.037064035948982665,0.014945763762114428,0.0
occupation,1000,19,4,0.012193325747422157,0.09807105770144213,True,3,0.014674784340568015,0.05450084687343115,True,True,0.030503510876229732,0.03725934244117987,0.045473328081912456,0.05055483567359504,0.01227905481752467,0.01227905481752467,0.01991303126643157,0.04132688999125128,0.037064035948982665,0.037064035948982665,0.014674784340568015,0.012193325747422157
occupation,1000,20,4,0.006026996971636889,0.08857997123381613,True,4,0.006026996971636889,0.06241819997796938,True,True,0.025992621339355582,0.032287489536903254,0.036952593446624056,0.04579232809985347,0.018239213378465957,0.025620804683120946,0.03120909998898469,0.03120909998898469,0.037064035948982665,0.037064035948982665,0.016218365687923897,0.006026996971636889
occupation,1000,21,4,0.0,0.07381231250422945,True,4,0.0,0.0520892747174192,True,True,0.018374138277623398,0.0324220580313388,0.03623147928228403,0.0407116689208083,0.0075126193842182665,0.019306438840053397,0.020592972313437707,0.03754517802427659,0.037064035948982665,0.037064035948982665,0.016218365687923897,0.0
occupation,1000,22,4,0.009599848080884765,0.08934354686967927,True,4,0.009599848080884765,0.06179723995738318,True,False,0.026139755460348302,0.02858856112932328,0.04281679334238797,0.04574465485080554,0.012366602004200256,0.030786015804372513,0.030786015804372513,0.04099407057148824,0.037064035948982665,0.037064035948982665,0.014945763762114428,0.009599848080884765
occupation,1000,23,4,0.011888527035420537,0.07158571640225307,True,4,0.011888527035420537,0.043731141493879355,True,True,0.017260840226635203,0.03435317432148304,0.038495090988704274,0.044896364933714225,0.007546128517195494,0.015344675414851683,0.018255112521508132,0.021865570746939678,0.037064035948982665,0.037064035948982665,0.016218365687923897,0.011888527035420537
occupation,1000,24,4,0.0,0.08775511868013702,True,4,0.0,0.06249015865747998,True,True,0.025345541365577182,0.04315726198953504,0.04509195068250499,0.05061179917870113,0.01843464406484152,0.01897216540420893,0.03124507932873999,0.03124507932873999,0.037064035948982665,0.037064035948982665,0.016218365687923897,0.0
occupation,1000,25,4,0.0,0.0894117348714879,True,4,0.0,0.06320380140486914,True,True,0.026173849461252622,0.03413803263114562,0.03899309326703224,0.046044225633756826,0.013069882727943238,0.015897536989973204,0.026303654189665626,0.03388701853563825,0.037064035948982665,0.037064035948982665,0.014674784340568015,0.0
occupation,1000,26,4,0.012193325747422157,0.0877741246310127,True,4,0.012193325747422157,0.06934016650318842,True,True,0.02535504434101501,0.026440587204384552,0.0395684445592078,0.049918147744194015,0.018599725309671578,0.02071622254941141,0.0273326910813102,0.03702322284397541,0.037064035948982665,0.037064035948982665,0.01715644118999582,0.012193325747422157
occupation,1000,27,3,0.016218365687923897,0.09180066684531002,True,4,0.006026996971636889,0.050702686289032406,True,True,0.02736831544816368,0.02736831544816368,0.038765721997826276,0.0509271724126534,0.00681932517002487,0.0186861301517528,0.027148842978264254,0.03559300547430844,0.037064035948982665,0.037064035948982665,0.016218365687923897,0.006026996971636889
occupation,1000,28,4,0.0,0.08748672182876814,True,4,0.0,0.06202725247421392,True,True,0.025442791513052693,0.03123711325004002,0.03640596874410006,0.045260280496603904,0.017710339862886892,0.017710339862886892,0.024791799141070547,0.03101362623710696,0.037064035948982665,0.037064035948982665,0.015224329874893083,0.0
occupation,1000,29,4,0.010231029842038497,0.08526650428070681,True,3,0.014945763762114428,0.052595732714374344,True,True,0.024101234165862077,0.036257238212470545,0.04318867658423998,0.04649916045609836,0.007765848382695839,0.013449107983197872,0.028340390978358387,0.033108831975858455,0.037064035948982665,0.037064035948982665,0.014945763762114428,0.010231029842038497
