repeat,fold,label_model,method,n_windows,width_minutes,total_minutes,n_train,n_test,ceiling_train,ceiling_test
0,0,indicator_linear,contiguous,1,15.0,15.0,67,17,0.7199434260794679,0.7219625676558171
0,0,indicator_linear,dispersed,1,15.0,15.0,67,17,0.7199434260794679,0.7219625676558171
0,0,indicator_linear,uniform,1,15.0,15.0,67,17,0.6880713506571152,0.472834295178512
0,0,indicator_linear,random,1,15.0,15.0,67,17,0.8801873527422837,0.8125148451544028
0,0,indicator_linear,label_aware,1,15.0,15.0,67,17,0.8800037498468714,0.7966023845786907
0,0,indicator_linear,mutual_information,1,15.0,15.0,67,17,0.6880713506571152,0.472834295178512
0,0,indicator_linear,imse,1,15.0,15.0,67,17,0.8800037498468714,0.7966023845786907
0,0,indicator_linear,kernel_quadrature,1,15.0,15.0,67,17,0.8800037498468714,0.7966023845786907
0,0,indicator_linear,contiguous,2,15.0,30.0,67,17,0.7204434235501519,0.9305697071962746
0,0,indicator_linear,dispersed,2,15.0,30.0,67,17,0.9255557006231465,0.9697184425073908
0,0,indicator_linear,uniform,2,15.0,30.0,67,17,0.9095448094848572,0.8595655992953092
0,0,indicator_linear,random,2,15.0,30.0,67,17,0.9453207901381474,0.9148958269149955
0,0,indicator_linear,label_aware,2,15.0,30.0,67,17,0.9574485400917693,0.9544299866813127
0,0,indicator_linear,mutual_information,2,15.0,30.0,67,17,0.867382100765586,0.8680111227329822
0,0,indicator_linear,imse,2,15.0,30.0,67,17,0.9574485400917693,0.9544299866813127
0,0,indicator_linear,kernel_quadrature,2,15.0,30.0,67,17,0.9574485400917693,0.9544299866813127
0,0,indicator_linear,contiguous,4,15.0,60.0,67,17,0.7503985261567796,0.9637014285577926
0,0,indicator_linear,dispersed,4,15.0,60.0,67,17,0.9855039358010539,0.9965443960710083
0,0,indicator_linear,uniform,4,15.0,60.0,67,17,0.9705885195138476,0.9838596717513447
0,0,indicator_linear,random,4,15.0,60.0,67,17,0.9844037933491636,0.9589344859355678
0,0,indicator_linear,label_aware,4,15.0,60.0,67,17,0.9893909700993333,0.9978054160186821
0,0,indicator_linear,mutual_information,4,15.0,60.0,67,17,0.9523725578200651,0.9439142626024847
0,0,indicator_linear,imse,4,15.0,60.0,67,17,0.982672027592942,0.9894642609117498
0,0,indicator_linear,kernel_quadrature,4,15.0,60.0,67,17,0.9860686386685755,0.998802679066843
0,0,indicator_linear,contiguous,8,15.0,120.0,67,17,0.8471522208699536,0.9794332648816606
0,0,indicator_linear,dispersed,8,15.0,120.0,67,17,0.9968990258808678,0.9988311706833454
0,0,indicator_linear,uniform,8,15.0,120.0,67,17,0.9925062236415165,0.9998783641359351
0,0,indicator_linear,random,8,15.0,120.0,67,17,0.9958553390577888,0.9998053591320321
0,0,indicator_linear,label_aware,8,15.0,120.0,67,17,0.9973865452969916,0.9999863847065535
0,0,indicator_linear,mutual_information,8,15.0,120.0,67,17,0.9914729881788134,0.9996675803696343
0,0,indicator_linear,imse,8,15.0,120.0,67,17,0.9960007615273302,0.9999307627484291
0,0,indicator_linear,kernel_quadrature,8,15.0,120.0,67,17,0.9964248083666294,0.9996746748026593
0,0,indicator_linear,contiguous,16,15.0,240.0,67,17,0.9338607863169393,0.995420821414171
0,0,indicator_linear,dispersed,16,15.0,240.0,67,17,0.9996407776326134,0.9999999998053114
0,0,indicator_linear,uniform,16,15.0,240.0,67,17,0.9993227401370298,1.0
0,0,indicator_linear,random,16,15.0,240.0,67,17,0.9994311586547274,0.9999999986118239
0,0,indicator_linear,label_aware,16,15.0,240.0,67,17,0.9997504581456582,0.9999999975527382
0,0,indicator_linear,mutual_information,16,15.0,240.0,67,17,0.998746583783843,0.9999999989683659
0,0,indicator_linear,imse,16,15.0,240.0,67,17,0.999639575210287,1.0
0,0,indicator_linear,kernel_quadrature,16,15.0,240.0,67,17,0.9996589975071476,0.9999999937587715
0,0,indicator_linear,contiguous,32,15.0,480.0,67,17,0.9884361078512744,0.9954208746977892
0,0,indicator_linear,dispersed,32,15.0,480.0,67,17,0.9999786633544381,1.0
0,0,indicator_linear,uniform,32,15.0,480.0,67,17,0.9998615750741218,0.9999999996631402
0,0,indicator_linear,random,32,15.0,480.0,67,17,0.9999549517870937,1.0
0,0,indicator_linear,label_aware,32,15.0,480.0,67,17,0.9999910891124403,1.0
0,0,indicator_linear,mutual_information,32,15.0,480.0,67,17,0.9999837449181542,0.9999999989674938
0,0,indicator_linear,imse,32,15.0,480.0,67,17,0.999988544080732,0.9999999990109918
0,0,indicator_linear,kernel_quadrature,32,15.0,480.0,67,17,0.9999823579752669,0.9999999998028338
0,1,indicator_linear,contiguous,1,15.0,15.0,67,17,0.7307752885015941,0.6899416064451037
0,1,indicator_linear,dispersed,1,15.0,15.0,67,17,0.7307752885015941,0.6899416064451037
0,1,indicator_linear,uniform,1,15.0,15.0,67,17,0.6579874956131327,0.6511731003719953
0,1,indicator_linear,random,1,15.0,15.0,67,17,0.8929614797246849,0.7650643271754425
0,1,indicator_linear,label_aware,1,15.0,15.0,67,17,0.8948343719335482,0.7650643271754425
0,1,indicator_linear,mutual_information,1,15.0,15.0,67,17,0.6579874956131327,0.6511731003719953
0,1,indicator_linear,imse,1,15.0,15.0,67,17,0.8948343719335482,0.7650643271754425
0,1,indicator_linear,kernel_quadrature,1,15.0,15.0,67,17,0.8948343719335482,0.7650643271754425
0,1,indicator_linear,contiguous,2,15.0,30.0,67,17,0.7383489306159592,0.6922846200929971
0,1,indicator_linear,dispersed,2,15.0,30.0,67,17,0.9411818309921377,0.8848544091951565
0,1,indicator_linear,uniform,2,15.0,30.0,67,17,0.916542125390353,0.8671572817027006
0,1,indicator_linear,random,2,15.0,30.0,67,17,0.9516232475689997,0.9407711896470881
0,1,indicator_linear,label_aware,2,15.0,30.0,67,17,0.9679296017929493,0.9202319830351753
0,1,indicator_linear,mutual_information,2,15.0,30.0,67,17,0.8578132150294433,0.8776544327339548
0,1,indicator_linear,imse,2,15.0,30.0,67,17,0.9632371060096876,0.9318924005929704
0,1,indicator_linear,kernel_quadrature,2,15.0,30.0,67,17,0.9632371060096876,0.9318924005929704
0,1,indicator_linear,contiguous,4,15.0,60.0,67,17,0.7441234702738291,0.9717494802029972
0,1,indicator_linear,dispersed,4,15.0,60.0,67,17,0.9876700619930318,0.9936608209060337
0,1,indicator_linear,uniform,4,15.0,60.0,67,17,0.9743363276794862,0.9782531664250822
0,1,indicator_linear,random,4,15.0,60.0,67,17,0.9848014034203407,0.9840153214727301
0,1,indicator_linear,label_aware,4,15.0,60.0,67,17,0.9923149981068942,0.968887112420628
0,1,indicator_linear,mutual_information,4,15.0,60.0,67,17,0.9683533062893152,0.9584489714258801
0,1,indicator_linear,imse,4,15.0,60.0,67,17,0.9846035947577636,0.9749606028008031
0,1,indicator_linear,kernel_quadrature,4,15.0,60.0,67,17,0.9914484787602471,0.9835648679477422
0,1,indicator_linear,contiguous,8,15.0,120.0,67,17,0.8210957330131875,0.9717494802031478
0,1,indicator_linear,dispersed,8,15.0,120.0,67,17,0.9962323663043695,0.999548585976668
0,1,indicator_linear,uniform,8,15.0,120.0,67,17,0.9938430795813332,0.997372237147241
0,1,indicator_linear,random,8,15.0,120.0,67,17,0.9957828073191141,0.9978394432553396
0,1,indicator_linear,label_aware,8,15.0,120.0,67,17,0.9983526558116229,0.9966641002986844
0,1,indicator_linear,mutual_information,8,15.0,120.0,67,17,0.9899928005346708,0.9851752499914596
0,1,indicator_linear,imse,8,15.0,120.0,67,17,0.9981255713431316,0.9959871192335906
0,1,indicator_linear,kernel_quadrature,8,15.0,120.0,67,17,0.9983799252377709,0.9959871192335922
0,1,indicator_linear,contiguous,16,15.0,240.0,67,17,0.9216844899556842,0.9888567051293568
0,1,indicator_linear,dispersed,16,15.0,240.0,67,17,0.9993284211242088,1.0
0,1,indicator_linear,uniform,16,15.0,240.0,67,17,0.9992188052597701,1.0
0,1,indicator_linear,random,16,15.0,240.0,67,17,0.9992201068264952,1.0
0,1,indicator_linear,label_aware,16,15.0,240.0,67,17,0.9997405153976437,0.9999999999660486
0,1,indicator_linear,mutual_information,16,15.0,240.0,67,17,0.9989822816078074,0.9999999972548748
0,1,indicator_linear,imse,16,15.0,240.0,67,17,0.9996755839702769,0.9999999972547566
0,1,indicator_linear,kernel_quadrature,16,15.0,240.0,67,17,0.9997383319631526,0.9999999972548783
0,1,indicator_linear,contiguous,32,15.0,480.0,67,17,0.9913014855253335,0.9917073798015543
0,1,indicator_linear,dispersed,32,15.0,480.0,67,17,0.9999874979903501,0.999999998452666
0,1,indicator_linear,uniform,32,15.0,480.0,67,17,0.9998856255310292,0.9999999995037359
0,1,indicator_linear,random,32,15.0,480.0,67,17,0.9999696287088509,0.9999999999280021
0,1,indicator_linear,label_aware,32,15.0,480.0,67,17,0.9999805786308134,0.999999999959377
0,1,indicator_linear,mutual_information,32,15.0,480.0,67,17,0.9999818196988596,0.999999999985234
0,1,indicator_linear,imse,32,15.0,480.0,67,17,0.999976307579492,0.9999999999574658
0,1,indicator_linear,kernel_quadrature,32,15.0,480.0,67,17,0.9999901700591945,0.9999999999834666
0,2,indicator_linear,contiguous,1,15.0,15.0,67,17,0.7279515827509917,0.7021354552000391
0,2,indicator_linear,dispersed,1,15.0,15.0,67,17,0.7279515827509917,0.7021354552000391
0,2,indicator_linear,uniform,1,15.0,15.0,67,17,0.6816658323589491,0.5534000039939205
0,2,indicator_linear,random,1,15.0,15.0,67,17,0.8591958174512511,0.6991562386103344
0,2,indicator_linear,label_aware,1,15.0,15.0,67,17,0.8591617254816576,0.9619877427666519
0,2,indicator_linear,mutual_information,1,15.0,15.0,67,17,0.6816658323589491,0.5534000039939205
0,2,indicator_linear,imse,1,15.0,15.0,67,17,0.8591617254816576,0.9619877427666519
0,2,indicator_linear,kernel_quadrature,1,15.0,15.0,67,17,0.8591617254816576,0.9619877427666519
0,2,indicator_linear,contiguous,2,15.0,30.0,67,17,0.7432033648723663,0.704959390934499
0,2,indicator_linear,dispersed,2,15.0,30.0,67,17,0.9226478835799566,0.9843792919747606
0,2,indicator_linear,uniform,2,15.0,30.0,67,17,0.896616232564042,0.9632602885121899
0,2,indicator_linear,random,2,15.0,30.0,67,17,0.9447100635643442,0.9641161612762313
0,2,indicator_linear,label_aware,2,15.0,30.0,67,17,0.9537779909096312,0.9855498500761409
0,2,indicator_linear,mutual_information,2,15.0,30.0,67,17,0.8742967105093126,0.9636357122531124
0,2,indicator_linear,imse,2,15.0,30.0,67,17,0.9479411704482805,0.9774483367936537
0,2,indicator_linear,kernel_quadrature,2,15.0,30.0,67,17,0.9537779909096312,0.9855498500761409
0,2,indicator_linear,contiguous,4,15.0,60.0,67,17,0.761077146961885,0.8921595331521752
0,2,indicator_linear,dispersed,4,15.0,60.0,67,17,0.9878424018268073,0.984882920197641
0,2,indicator_linear,uniform,4,15.0,60.0,67,17,0.9689348212976299,0.9901310399042714
0,2,indicator_linear,random,4,15.0,60.0,67,17,0.9771716234015828,0.9656034146126827
0,2,indicator_linear,label_aware,4,15.0,60.0,67,17,0.9902244185330284,0.9937056038411387
0,2,indicator_linear,mutual_information,4,15.0,60.0,67,17,0.9813653693468124,0.9961968569268559
0,2,indicator_linear,imse,4,15.0,60.0,67,17,0.9874692575794677,0.9862311773886275
0,2,indicator_linear,kernel_quadrature,4,15.0,60.0,67,17,0.9893925162145482,0.9936481093040891
0,2,indicator_linear,contiguous,8,15.0,120.0,67,17,0.816481502706678,0.8948135779461537
0,2,indicator_linear,dispersed,8,15.0,120.0,67,17,0.9959609027106487,0.9995877938431685
0,2,indicator_linear,uniform,8,15.0,120.0,67,17,0.9932193722915913,0.9921987261206501
0,2,indicator_linear,random,8,15.0,120.0,67,17,0.994566645106585,0.9998502809922805
0,2,indicator_linear,label_aware,8,15.0,120.0,67,17,0.9976333841037476,0.9985916978208643
0,2,indicator_linear,mutual_information,8,15.0,120.0,67,17,0.9942016293877619,0.9994325688052546
0,2,indicator_linear,imse,8,15.0,120.0,67,17,0.995616644821231,0.9988997266657113
0,2,indicator_linear,kernel_quadrature,8,15.0,120.0,67,17,0.9974631990149764,0.9999697925573238
0,2,indicator_linear,contiguous,16,15.0,240.0,67,17,0.9277853317619822,0.9995973072532066
0,2,indicator_linear,dispersed,16,15.0,240.0,67,17,0.9994203284136521,0.9999999731791122
0,2,indicator_linear,uniform,16,15.0,240.0,67,17,0.9992992096345892,0.9999999631543353
0,2,indicator_linear,random,16,15.0,240.0,67,17,0.9990315587812043,0.9999999632259022
0,2,indicator_linear,label_aware,16,15.0,240.0,67,17,0.9998162881234708,0.9999999995379439
0,2,indicator_linear,mutual_information,16,15.0,240.0,67,17,0.9982726914744514,0.9999999741428515
0,2,indicator_linear,imse,16,15.0,240.0,67,17,0.9996782021934385,0.9999999736750832
0,2,indicator_linear,kernel_quadrature,16,15.0,240.0,67,17,0.999785858465635,0.9999999804300472
0,2,indicator_linear,contiguous,32,15.0,480.0,67,17,0.9890052946224465,0.9997563600890376
0,2,indicator_linear,dispersed,32,15.0,480.0,67,17,0.9999933099704519,1.0
0,2,indicator_linear,uniform,32,15.0,480.0,67,17,0.9999733659935379,0.999999999737967
0,2,indicator_linear,random,32,15.0,480.0,67,17,0.9999320864934619,0.9999999906954526
0,2,indicator_linear,label_aware,32,15.0,480.0,67,17,0.9999756260916189,0.9999999927021364
0,2,indicator_linear,mutual_information,32,15.0,480.0,67,17,0.9999317045884369,0.9999999671941061
0,2,indicator_linear,imse,32,15.0,480.0,67,17,0.9999869762844033,0.9999999998535753
0,2,indicator_linear,kernel_quadrature,32,15.0,480.0,67,17,0.9999715621733213,1.0
0,3,indicator_linear,contiguous,1,15.0,15.0,67,17,0.721299274286195,0.7567777602516325
0,3,indicator_linear,dispersed,1,15.0,15.0,67,17,0.721299274286195,0.7567777602516325
0,3,indicator_linear,uniform,1,15.0,15.0,67,17,0.6016334940113992,0.8872355517817536
0,3,indicator_linear,random,1,15.0,15.0,67,17,0.9260853402133143,0.7471801542558648
0,3,indicator_linear,label_aware,1,15.0,15.0,67,17,0.9381385603536326,0.7576181129885331
0,3,indicator_linear,mutual_information,1,15.0,15.0,67,17,0.6016334940113992,0.8872355517817536
0,3,indicator_linear,imse,1,15.0,15.0,67,17,0.9381385603536326,0.7576181129885331
0,3,indicator_linear,kernel_quadrature,1,15.0,15.0,67,17,0.9381385603536326,0.7576181129885331
0,3,indicator_linear,contiguous,2,15.0,30.0,67,17,0.7320660065202502,0.7652148998960377
0,3,indicator_linear,dispersed,2,15.0,30.0,67,17,0.9203015214549913,0.9727364903851543
0,3,indicator_linear,uniform,2,15.0,30.0,67,17,0.8892342898803711,0.9494306618150387
0,3,indicator_linear,random,2,15.0,30.0,67,17,0.9551691892179375,0.9060871083347557
0,3,indicator_linear,label_aware,2,15.0,30.0,67,17,0.9760364951421502,0.9617524285316389
0,3,indicator_linear,mutual_information,2,15.0,30.0,67,17,0.8423601417462736,0.9788043222389379
0,3,indicator_linear,imse,2,15.0,30.0,67,17,0.9712004490100844,0.9013231691077453
0,3,indicator_linear,kernel_quadrature,2,15.0,30.0,67,17,0.9760364951421502,0.9617524285316389
0,3,indicator_linear,contiguous,4,15.0,60.0,67,17,0.7749397578822714,0.7753343543206029
0,3,indicator_linear,dispersed,4,15.0,60.0,67,17,0.9866025250203904,0.9962981633339377
0,3,indicator_linear,uniform,4,15.0,60.0,67,17,0.9747015636932972,0.9817776666378428
0,3,indicator_linear,random,4,15.0,60.0,67,17,0.9814912241618865,0.9936028019809686
0,3,indicator_linear,label_aware,4,15.0,60.0,67,17,0.9912535249292602,0.9875577478170531
0,3,indicator_linear,mutual_information,4,15.0,60.0,67,17,0.9443911267443242,0.9928398678012356
0,3,indicator_linear,imse,4,15.0,60.0,67,17,0.9847566545626967,0.9577038399829949
0,3,indicator_linear,kernel_quadrature,4,15.0,60.0,67,17,0.9912535249292602,0.9875577478170531
0,3,indicator_linear,contiguous,8,15.0,120.0,67,17,0.8465440555671079,0.9670783616306715
0,3,indicator_linear,dispersed,8,15.0,120.0,67,17,0.9962728517972133,0.9998964167118688
0,3,indicator_linear,uniform,8,15.0,120.0,67,17,0.9913103589087087,0.9998831166607445
0,3,indicator_linear,random,8,15.0,120.0,67,17,0.9934053991832704,0.9997492932784381
0,3,indicator_linear,label_aware,8,15.0,120.0,67,17,0.9981937152969446,0.9999452015662729
0,3,indicator_linear,mutual_information,8,15.0,120.0,67,17,0.991282461537192,0.999812873480513
0,3,indicator_linear,imse,8,15.0,120.0,67,17,0.9962809824355647,0.9958861979455318
0,3,indicator_linear,kernel_quadrature,8,15.0,120.0,67,17,0.9975453048470398,0.9999454024714878
0,3,indicator_linear,contiguous,16,15.0,240.0,67,17,0.9600582120737277,0.9748037406532595
0,3,indicator_linear,dispersed,16,15.0,240.0,67,17,0.9994629715373025,0.9999997494904463
0,3,indicator_linear,uniform,16,15.0,240.0,67,17,0.9991976819741795,0.9999996639257778
0,3,indicator_linear,random,16,15.0,240.0,67,17,0.9985273645037049,0.999999666389669
0,3,indicator_linear,label_aware,16,15.0,240.0,67,17,0.9998702040281566,0.9999996624487096
0,3,indicator_linear,mutual_information,16,15.0,240.0,67,17,0.9984314496703088,0.9999996623178297
0,3,indicator_linear,imse,16,15.0,240.0,67,17,0.999420049306367,0.9999997514326272
0,3,indicator_linear,kernel_quadrature,16,15.0,240.0,67,17,0.999549251701621,0.9999996008117712
0,3,indicator_linear,contiguous,32,15.0,480.0,67,17,0.9900602185634264,0.9999997528254466
0,3,indicator_linear,dispersed,32,15.0,480.0,67,17,0.9999829179346142,0.9999999997180674
0,3,indicator_linear,uniform,32,15.0,480.0,67,17,0.9999542007692338,0.9999996656404513
0,3,indicator_linear,random,32,15.0,480.0,67,17,0.9999585129759376,0.9999996652486606
0,3,indicator_linear,label_aware,32,15.0,480.0,67,17,0.99996680852242,0.9999997496084977
0,3,indicator_linear,mutual_information,32,15.0,480.0,67,17,0.9999382987304543,0.9999997520552639
0,3,indicator_linear,imse,32,15.0,480.0,67,17,0.9999593669601016,0.9999997496948371
0,3,indicator_linear,kernel_quadrature,32,15.0,480.0,67,17,0.9999750868517453,0.9999997500809866
0,4,indicator_linear,contiguous,1,15.0,15.0,68,16,0.7094210549351956,0.7014069576336236
0,4,indicator_linear,dispersed,1,15.0,15.0,68,16,0.7094210549351956,0.7014069576336236
0,4,indicator_linear,uniform,1,15.0,15.0,68,16,0.6414687461762162,0.607680465737607
0,4,indicator_linear,random,1,15.0,15.0,68,16,0.8641646236969945,0.9290412525125527
0,4,indicator_linear,label_aware,1,15.0,15.0,68,16,0.9174154456864259,0.7015480081623121
0,4,indicator_linear,mutual_information,1,15.0,15.0,68,16,0.6414687461762162,0.607680465737607
0,4,indicator_linear,imse,1,15.0,15.0,68,16,0.9174154456864259,0.7015480081623121
0,4,indicator_linear,kernel_quadrature,1,15.0,15.0,68,16,0.9174154456864259,0.7015480081623121
0,4,indicator_linear,contiguous,2,15.0,30.0,68,16,0.7206982854839828,0.7014813376536381
0,4,indicator_linear,dispersed,2,15.0,30.0,68,16,0.9440455245511156,0.886807935254242
0,4,indicator_linear,uniform,2,15.0,30.0,68,16,0.8806605071991211,0.965332031916579
0,4,indicator_linear,random,2,15.0,30.0,68,16,0.9495978243497766,0.8958418314727054
0,4,indicator_linear,label_aware,2,15.0,30.0,68,16,0.9669864110875686,0.9339415591995928
0,4,indicator_linear,mutual_information,2,15.0,30.0,68,16,0.8625735350772689,0.8452912875894458
0,4,indicator_linear,imse,2,15.0,30.0,68,16,0.9614887010108916,0.8487499429032939
0,4,indicator_linear,kernel_quadrature,2,15.0,30.0,68,16,0.9669864110875686,0.9339415591995928
0,4,indicator_linear,contiguous,4,15.0,60.0,68,16,0.807443221615473,0.712761634371187
0,4,indicator_linear,dispersed,4,15.0,60.0,68,16,0.9882985132495776,0.9827444856173334
0,4,indicator_linear,uniform,4,15.0,60.0,68,16,0.9776693035555026,0.9707442646373774
0,4,indicator_linear,random,4,15.0,60.0,68,16,0.9809780300321727,0.987494902188525
0,4,indicator_linear,label_aware,4,15.0,60.0,68,16,0.9922626853101513,0.9875893108729759
0,4,indicator_linear,mutual_information,4,15.0,60.0,68,16,0.9787874722818487,0.9691239475495267
0,4,indicator_linear,imse,4,15.0,60.0,68,16,0.9899003443327913,0.9627772910475404
0,4,indicator_linear,kernel_quadrature,4,15.0,60.0,68,16,0.9884706567585649,0.986228055578735
0,4,indicator_linear,contiguous,8,15.0,120.0,68,16,0.8631059851077002,0.7183617209941134
0,4,indicator_linear,dispersed,8,15.0,120.0,68,16,0.9970034911467476,0.9985641124262341
0,4,indicator_linear,uniform,8,15.0,120.0,68,16,0.9919211328163828,0.9986170706197565
0,4,indicator_linear,random,8,15.0,120.0,68,16,0.9947271634484252,0.9940364759265329
0,4,indicator_linear,label_aware,8,15.0,120.0,68,16,0.9977363603844606,0.9931012427541458
0,4,indicator_linear,mutual_information,8,15.0,120.0,68,16,0.9906740132412445,0.999441668896646
0,4,indicator_linear,imse,8,15.0,120.0,68,16,0.9973554634290839,0.9968845355894063
0,4,indicator_linear,kernel_quadrature,8,15.0,120.0,68,16,0.997466816871545,0.994492115216322
0,4,indicator_linear,contiguous,16,15.0,240.0,68,16,0.9331442161256212,0.9515383945701157
0,4,indicator_linear,dispersed,16,15.0,240.0,68,16,0.9995703587080025,0.9999999642588556
0,4,indicator_linear,uniform,16,15.0,240.0,68,16,0.9993213541531336,0.9999999994563129
0,4,indicator_linear,random,16,15.0,240.0,68,16,0.9987110772513952,0.9999999858940315
0,4,indicator_linear,label_aware,16,15.0,240.0,68,16,0.9997651511184407,0.9999860551828457
0,4,indicator_linear,mutual_information,16,15.0,240.0,68,16,0.9988772713191741,0.9999603501229026
0,4,indicator_linear,imse,16,15.0,240.0,68,16,0.9995406035215372,0.9999346544437154
0,4,indicator_linear,kernel_quadrature,16,15.0,240.0,68,16,0.9996751391235562,0.9991895115843242
0,4,indicator_linear,contiguous,32,15.0,480.0,68,16,0.9912201805158439,0.9824170085773455
0,4,indicator_linear,dispersed,32,15.0,480.0,68,16,0.9999867735950614,0.999999999999633
0,4,indicator_linear,uniform,32,15.0,480.0,68,16,0.9999623919031789,1.0
0,4,indicator_linear,random,32,15.0,480.0,68,16,0.9999502154041688,1.0
0,4,indicator_linear,label_aware,32,15.0,480.0,68,16,0.9999831183881276,0.9999999999954713
0,4,indicator_linear,mutual_information,32,15.0,480.0,68,16,0.9999880781156455,1.0
0,4,indicator_linear,imse,32,15.0,480.0,68,16,0.9999844774304583,1.0
0,4,indicator_linear,kernel_quadrature,32,15.0,480.0,68,16,0.9999904280844878,1.0
1,0,indicator_linear,contiguous,1,15.0,15.0,67,17,0.8496599786609125,0.19889763796362314
1,0,indicator_linear,dispersed,1,15.0,15.0,67,17,0.8496599786609125,0.19889763796362314
1,0,indicator_linear,uniform,1,15.0,15.0,67,17,0.6863459257933864,0.5803472425396995
1,0,indicator_linear,random,1,15.0,15.0,67,17,0.9083905580032611,0.7324139268342952
1,0,indicator_linear,label_aware,1,15.0,15.0,67,17,0.9256524113894384,0.3618123062742524
1,0,indicator_linear,mutual_information,1,15.0,15.0,67,17,0.6863459257933864,0.5803472425396995
1,0,indicator_linear,imse,1,15.0,15.0,67,17,0.9256524113894384,0.3618123062742524
1,0,indicator_linear,kernel_quadrature,1,15.0,15.0,67,17,0.9256524113894384,0.3618123062742524
1,0,indicator_linear,contiguous,2,15.0,30.0,67,17,0.8538178977757896,0.1999866244300173
1,0,indicator_linear,dispersed,2,15.0,30.0,67,17,0.9266733257808736,0.9710241351989796
1,0,indicator_linear,uniform,2,15.0,30.0,67,17,0.8876273752502933,0.966450702333783
1,0,indicator_linear,random,2,15.0,30.0,67,17,0.9532229842977905,0.9064506746168004
1,0,indicator_linear,label_aware,2,15.0,30.0,67,17,0.9643561693149456,0.8166208798672087
1,0,indicator_linear,mutual_information,2,15.0,30.0,67,17,0.8667471136289682,0.9647019259336042
1,0,indicator_linear,imse,2,15.0,30.0,67,17,0.9633721650167629,0.7111844479798617
1,0,indicator_linear,kernel_quadrature,2,15.0,30.0,67,17,0.9643561693149456,0.8166208798672087
1,0,indicator_linear,contiguous,4,15.0,60.0,67,17,0.8580776638298765,0.4183703473735667
1,0,indicator_linear,dispersed,4,15.0,60.0,67,17,0.9889218753407613,0.9904109732548317
1,0,indicator_linear,uniform,4,15.0,60.0,67,17,0.9733699206574952,0.9838387108035871
1,0,indicator_linear,random,4,15.0,60.0,67,17,0.9860796954342754,0.9753807264848443
1,0,indicator_linear,label_aware,4,15.0,60.0,67,17,0.9936567157967015,0.9852245203874075
1,0,indicator_linear,mutual_information,4,15.0,60.0,67,17,0.9635411459928647,0.9854517063228463
1,0,indicator_linear,imse,4,15.0,60.0,67,17,0.9915884742044732,0.9861891345229159
1,0,indicator_linear,kernel_quadrature,4,15.0,60.0,67,17,0.9916530018808398,0.9902967435529124
1,0,indicator_linear,contiguous,8,15.0,120.0,67,17,0.9297385453150933,0.9837288970948377
1,0,indicator_linear,dispersed,8,15.0,120.0,67,17,0.997573935788497,0.996670016335001
1,0,indicator_linear,uniform,8,15.0,120.0,67,17,0.9935998221008358,0.9965075600539036
1,0,indicator_linear,random,8,15.0,120.0,67,17,0.9956346966961901,0.995319230882783
1,0,indicator_linear,label_aware,8,15.0,120.0,67,17,0.9984463100697999,0.9961305108470527
1,0,indicator_linear,mutual_information,8,15.0,120.0,67,17,0.9936851518036456,0.9973429233044386
1,0,indicator_linear,imse,8,15.0,120.0,67,17,0.9974239381561669,0.9956071264269587
1,0,indicator_linear,kernel_quadrature,8,15.0,120.0,67,17,0.9983970674885163,0.9947582322503465
1,0,indicator_linear,contiguous,16,15.0,240.0,67,17,0.9599199941688338,0.9999999634172814
1,0,indicator_linear,dispersed,16,15.0,240.0,67,17,0.9995022596686376,0.9999999915457698
1,0,indicator_linear,uniform,16,15.0,240.0,67,17,0.9996813887115376,0.9999999637359082
1,0,indicator_linear,random,16,15.0,240.0,67,17,0.9990023518777164,0.9999999992564149
1,0,indicator_linear,label_aware,16,15.0,240.0,67,17,0.9996632888958412,0.9995792590320446
1,0,indicator_linear,mutual_information,16,15.0,240.0,67,17,0.9987485878236938,0.9999999634138044
1,0,indicator_linear,imse,16,15.0,240.0,67,17,0.9996712172303067,0.999999993058069
1,0,indicator_linear,kernel_quadrature,16,15.0,240.0,67,17,0.9996880864280787,0.9999999942474339
1,0,indicator_linear,contiguous,32,15.0,480.0,67,17,0.9908814871037721,0.999999964942986
1,0,indicator_linear,dispersed,32,15.0,480.0,67,17,0.9999899536163956,1.0
1,0,indicator_linear,uniform,32,15.0,480.0,67,17,0.9999710719147302,0.9999999999698314
1,0,indicator_linear,random,32,15.0,480.0,67,17,0.9999649932942877,0.9999999940237138
1,0,indicator_linear,label_aware,32,15.0,480.0,67,17,0.9999766271845246,0.999999999857497
1,0,indicator_linear,mutual_information,32,15.0,480.0,67,17,0.9999472093307431,0.9999999651333861
1,0,indicator_linear,imse,32,15.0,480.0,67,17,0.9999712952496268,1.0
1,0,indicator_linear,kernel_quadrature,32,15.0,480.0,67,17,0.9999862990962487,0.9999999998204201
1,1,indicator_linear,contiguous,1,15.0,15.0,67,17,0.7408857859958732,0.6801580947536189
1,1,indicator_linear,dispersed,1,15.0,15.0,67,17,0.7408857859958732,0.6801580947536189
1,1,indicator_linear,uniform,1,15.0,15.0,67,17,0.6912908498732141,0.5193207076039404
1,1,indicator_linear,random,1,15.0,15.0,67,17,0.9255708668352755,0.6753756881521593
1,1,indicator_linear,label_aware,1,15.0,15.0,67,17,0.9260609792345906,0.4609687762606852
1,1,indicator_linear,mutual_information,1,15.0,15.0,67,17,0.6912908498732141,0.5193207076039404
1,1,indicator_linear,imse,1,15.0,15.0,67,17,0.9260206627814522,0.661946273650736
1,1,indicator_linear,kernel_quadrature,1,15.0,15.0,67,17,0.9260609792345906,0.4609687762606852
1,1,indicator_linear,contiguous,2,15.0,30.0,67,17,0.7459412897499266,0.6801580947536189
1,1,indicator_linear,dispersed,2,15.0,30.0,67,17,0.9471988608316289,0.8555430950526518
1,1,indicator_linear,uniform,2,15.0,30.0,67,17,0.9424802327685186,0.7609349798434264
1,1,indicator_linear,random,2,15.0,30.0,67,17,0.956595237656166,0.9202288247455823
1,1,indicator_linear,label_aware,2,15.0,30.0,67,17,0.9740618923846798,0.793674172616737
1,1,indicator_linear,mutual_information,2,15.0,30.0,67,17,0.88435884236736,0.789521643834911
1,1,indicator_linear,imse,2,15.0,30.0,67,17,0.9740618923846798,0.793674172616737
1,1,indicator_linear,kernel_quadrature,2,15.0,30.0,67,17,0.9734232743203108,0.7710108334614497
1,1,indicator_linear,contiguous,4,15.0,60.0,67,17,0.7758255324719013,0.8424045983096584
1,1,indicator_linear,dispersed,4,15.0,60.0,67,17,0.9918758679688934,0.9834858941843956
1,1,indicator_linear,uniform,4,15.0,60.0,67,17,0.9758022095682359,0.9712541036255296
1,1,indicator_linear,random,4,15.0,60.0,67,17,0.9886070802507456,0.9766474723079476
1,1,indicator_linear,label_aware,4,15.0,60.0,67,17,0.9944460770565101,0.9731332133148346
1,1,indicator_linear,mutual_information,4,15.0,60.0,67,17,0.9659822319797845,0.9097569640425393
1,1,indicator_linear,imse,4,15.0,60.0,67,17,0.9900785320121576,0.9780952077278711
1,1,indicator_linear,kernel_quadrature,4,15.0,60.0,67,17,0.9934141851728356,0.9750378588583182
1,1,indicator_linear,contiguous,8,15.0,120.0,67,17,0.8293644161566666,0.8474204717919002
1,1,indicator_linear,dispersed,8,15.0,120.0,67,17,0.9968583484779793,0.9991840587553242
1,1,indicator_linear,uniform,8,15.0,120.0,67,17,0.993909366187653,0.9907715612141644
1,1,indicator_linear,random,8,15.0,120.0,67,17,0.9960923336243284,0.9887094349934461
1,1,indicator_linear,label_aware,8,15.0,120.0,67,17,0.9987687462842819,0.9884933967965295
1,1,indicator_linear,mutual_information,8,15.0,120.0,67,17,0.9931049510248411,0.9752900811417955
1,1,indicator_linear,imse,8,15.0,120.0,67,17,0.9972295545705274,0.9989470087540405
1,1,indicator_linear,kernel_quadrature,8,15.0,120.0,67,17,0.9987209649154295,0.9898072522232058
1,1,indicator_linear,contiguous,16,15.0,240.0,67,17,0.9402701195822536,0.9761727651664901
1,1,indicator_linear,dispersed,16,15.0,240.0,67,17,0.9993710043339677,0.9999999994222519
1,1,indicator_linear,uniform,16,15.0,240.0,67,17,0.9992222866431066,0.9999934418309693
1,1,indicator_linear,random,16,15.0,240.0,67,17,0.9984993232548781,0.9999231810704142
1,1,indicator_linear,label_aware,16,15.0,240.0,67,17,0.9997786942373859,0.9999999985155646
1,1,indicator_linear,mutual_information,16,15.0,240.0,67,17,0.9989812925357732,0.9997750301804611
1,1,indicator_linear,imse,16,15.0,240.0,67,17,0.9997470522385198,0.9999999975172653
1,1,indicator_linear,kernel_quadrature,16,15.0,240.0,67,17,0.9998257122464113,0.9999999996642526
1,1,indicator_linear,contiguous,32,15.0,480.0,67,17,0.9927021843296161,0.9975038204328742
1,1,indicator_linear,dispersed,32,15.0,480.0,67,17,0.9999898793041766,0.9999999994654616
1,1,indicator_linear,uniform,32,15.0,480.0,67,17,0.9999531773375033,0.9999999997849388
1,1,indicator_linear,random,32,15.0,480.0,67,17,0.9999847099683167,1.0
1,1,indicator_linear,label_aware,32,15.0,480.0,67,17,0.9999711746484743,0.9999999999409789
1,1,indicator_linear,mutual_information,32,15.0,480.0,67,17,0.9999877926521031,0.9999999999109581
1,1,indicator_linear,imse,32,15.0,480.0,67,17,0.9999849060929343,0.9999999999527361
1,1,indicator_linear,kernel_quadrature,32,15.0,480.0,67,17,0.9999858214363938,0.9999999999701854
1,2,indicator_linear,contiguous,1,15.0,15.0,67,17,0.6637716049615577,0.9462398478407518
1,2,indicator_linear,dispersed,1,15.0,15.0,67,17,0.6637716049615577,0.9462398478407518
1,2,indicator_linear,uniform,1,15.0,15.0,67,17,0.6061312152897499,0.8692122727712678
1,2,indicator_linear,random,1,15.0,15.0,67,17,0.864999843631351,0.9566235880745
1,2,indicator_linear,label_aware,1,15.0,15.0,67,17,0.864999843631351,0.9566235880745
1,2,indicator_linear,mutual_information,1,15.0,15.0,67,17,0.6061312152897499,0.8692122727712678
1,2,indicator_linear,imse,1,15.0,15.0,67,17,0.864999843631351,0.9566235880745
1,2,indicator_linear,kernel_quadrature,1,15.0,15.0,67,17,0.864999843631351,0.9566235880745
1,2,indicator_linear,contiguous,2,15.0,30.0,67,17,0.6731986237425829,0.9484559140118669
1,2,indicator_linear,dispersed,2,15.0,30.0,67,17,0.9294416699390659,0.9451358569264061
1,2,indicator_linear,uniform,2,15.0,30.0,67,17,0.8794811545134642,0.96149474562527
1,2,indicator_linear,random,2,15.0,30.0,67,17,0.9453209599177108,0.9672021389448113
1,2,indicator_linear,label_aware,2,15.0,30.0,67,17,0.9595500938088769,0.9584126036421589
1,2,indicator_linear,mutual_information,2,15.0,30.0,67,17,0.8384539186868316,0.9537587349963292
1,2,indicator_linear,imse,2,15.0,30.0,67,17,0.9484227133652556,0.9671948707171402
1,2,indicator_linear,kernel_quadrature,2,15.0,30.0,67,17,0.9595500938088769,0.9584126036421589
1,2,indicator_linear,contiguous,4,15.0,60.0,67,17,0.7009795025665803,0.9670156069190347
1,2,indicator_linear,dispersed,4,15.0,60.0,67,17,0.9855025516627453,0.9964549383343557
1,2,indicator_linear,uniform,4,15.0,60.0,67,17,0.970819520035658,0.9891450847536358
1,2,indicator_linear,random,4,15.0,60.0,67,17,0.9770835637501978,0.9815268109622917
1,2,indicator_linear,label_aware,4,15.0,60.0,67,17,0.9900238125142184,0.9968800776698484
1,2,indicator_linear,mutual_information,4,15.0,60.0,67,17,0.9404342169913438,0.9854244972091959
1,2,indicator_linear,imse,4,15.0,60.0,67,17,0.9841606086708924,0.9945782316415437
1,2,indicator_linear,kernel_quadrature,4,15.0,60.0,67,17,0.9896852479437594,0.996682855669599
1,2,indicator_linear,contiguous,8,15.0,120.0,67,17,0.7948371744097726,0.9720626021540791
1,2,indicator_linear,dispersed,8,15.0,120.0,67,17,0.9958777989698477,0.9992190112846293
1,2,indicator_linear,uniform,8,15.0,120.0,67,17,0.9925261925258804,0.9976478435828322
1,2,indicator_linear,random,8,15.0,120.0,67,17,0.9950645123444279,0.9982407351045857
1,2,indicator_linear,label_aware,8,15.0,120.0,67,17,0.9980720329638533,0.9991769344247347
1,2,indicator_linear,mutual_information,8,15.0,120.0,67,17,0.9897300763837524,0.9997815757229761
1,2,indicator_linear,imse,8,15.0,120.0,67,17,0.9968569512369831,0.9978981585343225
1,2,indicator_linear,kernel_quadrature,8,15.0,120.0,67,17,0.9977919488263255,0.9989428690440465
1,2,indicator_linear,contiguous,16,15.0,240.0,67,17,0.9162390253752662,0.9741053942220657
1,2,indicator_linear,dispersed,16,15.0,240.0,67,17,0.9994501368655164,0.9999999520539451
1,2,indicator_linear,uniform,16,15.0,240.0,67,17,0.9991112142080341,0.9999999514372597
1,2,indicator_linear,random,16,15.0,240.0,67,17,0.9988401625756967,0.9999999452599675
1,2,indicator_linear,label_aware,16,15.0,240.0,67,17,0.9997340563615713,0.9999999524024652
1,2,indicator_linear,mutual_information,16,15.0,240.0,67,17,0.9991544003657723,0.9999999507742667
1,2,indicator_linear,imse,16,15.0,240.0,67,17,0.999461513889652,0.9995728529582858
1,2,indicator_linear,kernel_quadrature,16,15.0,240.0,67,17,0.9996740894187699,1.0
1,2,indicator_linear,contiguous,32,15.0,480.0,67,17,0.9874021425098664,0.9994833575747
1,2,indicator_linear,dispersed,32,15.0,480.0,67,17,0.9999858963135213,1.0
1,2,indicator_linear,uniform,32,15.0,480.0,67,17,0.9999523018463933,1.0
1,2,indicator_linear,random,32,15.0,480.0,67,17,0.999879258994418,1.0
1,2,indicator_linear,label_aware,32,15.0,480.0,67,17,0.9999713357827029,1.0
1,2,indicator_linear,mutual_information,32,15.0,480.0,67,17,0.9999531263794808,1.0
1,2,indicator_linear,imse,32,15.0,480.0,67,17,0.9999840423787548,0.9999999999885334
1,2,indicator_linear,kernel_quadrature,32,15.0,480.0,67,17,0.9999897739475533,1.0
1,3,indicator_linear,contiguous,1,15.0,15.0,67,17,0.6970812143787666,0.8352703066104081
1,3,indicator_linear,dispersed,1,15.0,15.0,67,17,0.6970812143787666,0.8352703066104081
1,3,indicator_linear,uniform,1,15.0,15.0,67,17,0.7147115390582924,0.43782173260438695
1,3,indicator_linear,random,1,15.0,15.0,67,17,0.9447177911844438,0.6751631987518568
1,3,indicator_linear,label_aware,1,15.0,15.0,67,17,0.9447177911844438,0.6751631987518568
1,3,indicator_linear,mutual_information,1,15.0,15.0,67,17,0.7147115390582924,0.43782173260438695
1,3,indicator_linear,imse,1,15.0,15.0,67,17,0.9447177911844438,0.6751631987518568
1,3,indicator_linear,kernel_quadrature,1,15.0,15.0,67,17,0.9447177911844438,0.6751631987518568
1,3,indicator_linear,contiguous,2,15.0,30.0,67,17,0.7024270472094649,0.8450942539127081
1,3,indicator_linear,dispersed,2,15.0,30.0,67,17,0.9273466470687827,0.9427532589528563
1,3,indicator_linear,uniform,2,15.0,30.0,67,17,0.9052659103497801,0.9086090622067091
1,3,indicator_linear,random,2,15.0,30.0,67,17,0.9538928905960989,0.9565333155621233
1,3,indicator_linear,label_aware,2,15.0,30.0,67,17,0.9731307006969689,0.9611737410576656
1,3,indicator_linear,mutual_information,2,15.0,30.0,67,17,0.8669897450280676,0.9128962818050271
1,3,indicator_linear,imse,2,15.0,30.0,67,17,0.970622004244217,0.9641501609152479
1,3,indicator_linear,kernel_quadrature,2,15.0,30.0,67,17,0.9731307006969689,0.9611737410576656
1,3,indicator_linear,contiguous,4,15.0,60.0,67,17,0.7376422335509233,0.8506643504536823
1,3,indicator_linear,dispersed,4,15.0,60.0,67,17,0.9858490509140999,0.9915715023840841
1,3,indicator_linear,uniform,4,15.0,60.0,67,17,0.9764888285587194,0.9812479929015824
1,3,indicator_linear,random,4,15.0,60.0,67,17,0.9815514129731712,0.9799577946712227
1,3,indicator_linear,label_aware,4,15.0,60.0,67,17,0.9899918005732599,0.9922604259543693
1,3,indicator_linear,mutual_information,4,15.0,60.0,67,17,0.9806805534678751,0.9803055608153097
1,3,indicator_linear,imse,4,15.0,60.0,67,17,0.9871086306694531,0.9863047771942105
1,3,indicator_linear,kernel_quadrature,4,15.0,60.0,67,17,0.9877664332114363,0.9855681509551838
1,3,indicator_linear,contiguous,8,15.0,120.0,67,17,0.8097380806925465,0.9673634172352198
1,3,indicator_linear,dispersed,8,15.0,120.0,67,17,0.996708520272677,0.9998970145827542
1,3,indicator_linear,uniform,8,15.0,120.0,67,17,0.992448034784022,0.9998070843386753
1,3,indicator_linear,random,8,15.0,120.0,67,17,0.995201336880328,0.998760305165966
1,3,indicator_linear,label_aware,8,15.0,120.0,67,17,0.9975668171836423,0.9996008491368165
1,3,indicator_linear,mutual_information,8,15.0,120.0,67,17,0.9928891293257376,0.9991209348654246
1,3,indicator_linear,imse,8,15.0,120.0,67,17,0.9954947476646048,0.9998645502496932
1,3,indicator_linear,kernel_quadrature,8,15.0,120.0,67,17,0.9969289677216172,0.9999281531910508
1,3,indicator_linear,contiguous,16,15.0,240.0,67,17,0.9198983442161568,0.9693392011461857
1,3,indicator_linear,dispersed,16,15.0,240.0,67,17,0.9995184907102925,0.9999506120320126
1,3,indicator_linear,uniform,16,15.0,240.0,67,17,0.9991846857031055,0.9999999727444309
1,3,indicator_linear,random,16,15.0,240.0,67,17,0.9981915925671874,0.9999999724719303
1,3,indicator_linear,label_aware,16,15.0,240.0,67,17,0.9997542560026073,0.9999506169200265
1,3,indicator_linear,mutual_information,16,15.0,240.0,67,17,0.9987489962423034,0.9999999948648897
1,3,indicator_linear,imse,16,15.0,240.0,67,17,0.9994270152134473,0.999999971118446
1,3,indicator_linear,kernel_quadrature,16,15.0,240.0,67,17,0.9996758338920123,0.999950612128838
1,3,indicator_linear,contiguous,32,15.0,480.0,67,17,0.9900016895604048,0.999950594726216
1,3,indicator_linear,dispersed,32,15.0,480.0,67,17,0.9999870109035409,0.9999999995564712
1,3,indicator_linear,uniform,32,15.0,480.0,67,17,0.9999412447571757,0.9999999962346678
1,3,indicator_linear,random,32,15.0,480.0,67,17,0.9999789485765254,0.9999999965001478
1,3,indicator_linear,label_aware,32,15.0,480.0,67,17,0.9999820863700368,0.9999999967102223
1,3,indicator_linear,mutual_information,32,15.0,480.0,67,17,0.9999625739545336,0.9999999948693787
1,3,indicator_linear,imse,32,15.0,480.0,67,17,0.9999702596410883,0.9999999956500321
1,3,indicator_linear,kernel_quadrature,32,15.0,480.0,67,17,0.9999838465032639,0.9999999940165284
1,4,indicator_linear,contiguous,1,15.0,15.0,68,16,0.6714196673828358,0.9568666954294459
1,4,indicator_linear,dispersed,1,15.0,15.0,68,16,0.6714196673828358,0.9568666954294459
1,4,indicator_linear,uniform,1,15.0,15.0,68,16,0.583201610207532,0.9819759162332141
1,4,indicator_linear,random,1,15.0,15.0,68,16,0.8618394754491487,0.9609732661133443
1,4,indicator_linear,label_aware,1,15.0,15.0,68,16,0.8618394754491487,0.9609732661133443
1,4,indicator_linear,mutual_information,1,15.0,15.0,68,16,0.583201610207532,0.9819759162332141
1,4,indicator_linear,imse,1,15.0,15.0,68,16,0.8618394754491487,0.9609732661133443
1,4,indicator_linear,kernel_quadrature,1,15.0,15.0,68,16,0.8618394754491487,0.9609732661133443
1,4,indicator_linear,contiguous,2,15.0,30.0,68,16,0.6766541120923817,0.9641336456812749
1,4,indicator_linear,dispersed,2,15.0,30.0,68,16,0.9218694799213369,0.983679529309688
1,4,indicator_linear,uniform,2,15.0,30.0,68,16,0.8779120843474466,0.9827299007607447
1,4,indicator_linear,random,2,15.0,30.0,68,16,0.9408707827760543,0.998070002505362
1,4,indicator_linear,label_aware,2,15.0,30.0,68,16,0.9506604264728975,0.9990263005464657
1,4,indicator_linear,mutual_information,2,15.0,30.0,68,16,0.8386322987528427,0.9825799740682024
1,4,indicator_linear,imse,2,15.0,30.0,68,16,0.9439919648231769,0.9980974525562009
1,4,indicator_linear,kernel_quadrature,2,15.0,30.0,68,16,0.9506604264728975,0.9990263005464657
1,4,indicator_linear,contiguous,4,15.0,60.0,68,16,0.7515209808910757,0.9661061001145347
1,4,indicator_linear,dispersed,4,15.0,60.0,68,16,0.9844865463325342,0.9995388803331621
1,4,indicator_linear,uniform,4,15.0,60.0,68,16,0.9707609945335691,0.9835222683592995
1,4,indicator_linear,random,4,15.0,60.0,68,16,0.9769058482619696,0.9928406574661535
1,4,indicator_linear,label_aware,4,15.0,60.0,68,16,0.9887651883060372,0.9992975202512915
1,4,indicator_linear,mutual_information,4,15.0,60.0,68,16,0.9726219894684607,0.999011809746741
1,4,indicator_linear,imse,4,15.0,60.0,68,16,0.9826592886000273,0.998099473624174
1,4,indicator_linear,kernel_quadrature,4,15.0,60.0,68,16,0.9886524101202333,0.9992975202513907
1,4,indicator_linear,contiguous,8,15.0,120.0,68,16,0.8023915605970465,0.9674998403736343
1,4,indicator_linear,dispersed,8,15.0,120.0,68,16,0.9959220024824481,0.9999621530302555
1,4,indicator_linear,uniform,8,15.0,120.0,68,16,0.9907548804633638,0.9995406146167412
1,4,indicator_linear,random,8,15.0,120.0,68,16,0.9941540915504082,0.9998900303954306
1,4,indicator_linear,label_aware,8,15.0,120.0,68,16,0.9970242571538982,0.9993352612623462
1,4,indicator_linear,mutual_information,8,15.0,120.0,68,16,0.9933072285665485,0.9993203999146159
1,4,indicator_linear,imse,8,15.0,120.0,68,16,0.9946165711841515,0.9993513802056959
1,4,indicator_linear,kernel_quadrature,8,15.0,120.0,68,16,0.9962602066336871,0.9993110003022916
1,4,indicator_linear,contiguous,16,15.0,240.0,68,16,0.9166439611056848,0.9851893866736022
1,4,indicator_linear,dispersed,16,15.0,240.0,68,16,0.9994194673135598,0.9999999999662534
1,4,indicator_linear,uniform,16,15.0,240.0,68,16,0.9991735502542914,0.9999484387093728
1,4,indicator_linear,random,16,15.0,240.0,68,16,0.9986105992354419,0.9999999545451685
1,4,indicator_linear,label_aware,16,15.0,240.0,68,16,0.9997500628634899,0.9999999918035626
1,4,indicator_linear,mutual_information,16,15.0,240.0,68,16,0.9984232646957762,0.9999484389886094
1,4,indicator_linear,imse,16,15.0,240.0,68,16,0.9995001564695297,0.9999600263796192
1,4,indicator_linear,kernel_quadrature,16,15.0,240.0,68,16,0.9995035175579697,0.9999999916677407
1,4,indicator_linear,contiguous,32,15.0,480.0,68,16,0.988761267598046,0.9877086491287954
1,4,indicator_linear,dispersed,32,15.0,480.0,68,16,0.9999827157537997,1.0
1,4,indicator_linear,uniform,32,15.0,480.0,68,16,0.9998017244350307,0.9999999544847349
1,4,indicator_linear,random,32,15.0,480.0,68,16,0.9999560531918625,1.0
1,4,indicator_linear,label_aware,32,15.0,480.0,68,16,0.9999614582956312,0.9999999998732975
1,4,indicator_linear,mutual_information,32,15.0,480.0,68,16,0.9999884207605936,0.999999999088334
1,4,indicator_linear,imse,32,15.0,480.0,68,16,0.9999657614248794,1.0
1,4,indicator_linear,kernel_quadrature,32,15.0,480.0,68,16,0.9999724865673939,0.9999999916050137
2,0,indicator_linear,contiguous,1,15.0,15.0,67,17,0.774149065165954,0.5178128968382678
2,0,indicator_linear,dispersed,1,15.0,15.0,67,17,0.774149065165954,0.5178128968382678
2,0,indicator_linear,uniform,1,15.0,15.0,67,17,0.7098360756554526,0.4540402627727434
2,0,indicator_linear,random,1,15.0,15.0,67,17,0.8649288088046001,0.8216243374115529
2,0,indicator_linear,label_aware,1,15.0,15.0,67,17,0.8770300849265418,0.900190790171348
2,0,indicator_linear,mutual_information,1,15.0,15.0,67,17,0.7098360756554526,0.4540402627727434
2,0,indicator_linear,imse,1,15.0,15.0,67,17,0.8770300849265418,0.900190790171348
2,0,indicator_linear,kernel_quadrature,1,15.0,15.0,67,17,0.8770300849265418,0.900190790171348
2,0,indicator_linear,contiguous,2,15.0,30.0,67,17,0.7860046703186502,0.5516720508351427
2,0,indicator_linear,dispersed,2,15.0,30.0,67,17,0.9315453026794007,0.9441708727309069
2,0,indicator_linear,uniform,2,15.0,30.0,67,17,0.9034964186129206,0.9227425430595195
2,0,indicator_linear,random,2,15.0,30.0,67,17,0.9532177067643509,0.9308782716079207
2,0,indicator_linear,label_aware,2,15.0,30.0,67,17,0.9576803065539669,0.9382185411665476
2,0,indicator_linear,mutual_information,2,15.0,30.0,67,17,0.8754202509200826,0.9362100116593789
2,0,indicator_linear,imse,2,15.0,30.0,67,17,0.9576803065539669,0.9382185411665476
2,0,indicator_linear,kernel_quadrature,2,15.0,30.0,67,17,0.9576803065539669,0.9382185411665476
2,0,indicator_linear,contiguous,4,15.0,60.0,67,17,0.8244296767771155,0.7237609791564718
2,0,indicator_linear,dispersed,4,15.0,60.0,67,17,0.9909870833051166,0.9738806792542141
2,0,indicator_linear,uniform,4,15.0,60.0,67,17,0.9746227463552977,0.9773579340336346
2,0,indicator_linear,random,4,15.0,60.0,67,17,0.9855699029783078,0.9774677276157053
2,0,indicator_linear,label_aware,4,15.0,60.0,67,17,0.9929188899064968,0.9814319403692242
2,0,indicator_linear,mutual_information,4,15.0,60.0,67,17,0.9774472024142815,0.9774662873135324
2,0,indicator_linear,imse,4,15.0,60.0,67,17,0.9888896840051797,0.9511201290257603
2,0,indicator_linear,kernel_quadrature,4,15.0,60.0,67,17,0.992593746633591,0.9806298532401312
2,0,indicator_linear,contiguous,8,15.0,120.0,67,17,0.882604536022019,0.8831479391526099
2,0,indicator_linear,dispersed,8,15.0,120.0,67,17,0.9967366348460054,0.9971060785797677
2,0,indicator_linear,uniform,8,15.0,120.0,67,17,0.9942180983057471,0.9912647117622306
2,0,indicator_linear,random,8,15.0,120.0,67,17,0.996754246062516,0.9947002490109401
2,0,indicator_linear,label_aware,8,15.0,120.0,67,17,0.9987421423962717,0.990107099364585
2,0,indicator_linear,mutual_information,8,15.0,120.0,67,17,0.9947821650704988,0.997171681291799
2,0,indicator_linear,imse,8,15.0,120.0,67,17,0.9969274920509107,0.9958957207297906
2,0,indicator_linear,kernel_quadrature,8,15.0,120.0,67,17,0.9986968111075106,0.9947878927207336
2,0,indicator_linear,contiguous,16,15.0,240.0,67,17,0.9434988678834504,0.9920734937560826
2,0,indicator_linear,dispersed,16,15.0,240.0,67,17,0.9996592385456828,0.999999971653671
2,0,indicator_linear,uniform,16,15.0,240.0,67,17,0.9994410966152834,0.9999998679840819
2,0,indicator_linear,random,16,15.0,240.0,67,17,0.9992089998775754,0.9999878309128626
2,0,indicator_linear,label_aware,16,15.0,240.0,67,17,0.9998293317359207,0.9999999997753793
2,0,indicator_linear,mutual_information,16,15.0,240.0,67,17,0.9989021805074394,0.9999999752423882
2,0,indicator_linear,imse,16,15.0,240.0,67,17,0.9995793388277174,0.9999999551635949
2,0,indicator_linear,kernel_quadrature,16,15.0,240.0,67,17,0.9997329341532836,0.9999993475011897
2,0,indicator_linear,contiguous,32,15.0,480.0,67,17,0.9920100949687529,0.9945915224949415
2,0,indicator_linear,dispersed,32,15.0,480.0,67,17,0.999993471638226,0.9999999989533315
2,0,indicator_linear,uniform,32,15.0,480.0,67,17,0.9999849054003118,0.9999999782222215
2,0,indicator_linear,random,32,15.0,480.0,67,17,0.9999750545417385,0.9999999999830611
2,0,indicator_linear,label_aware,32,15.0,480.0,67,17,0.9999715369907396,0.9999999998992064
2,0,indicator_linear,mutual_information,32,15.0,480.0,67,17,0.9999903964941548,0.9999999740566952
2,0,indicator_linear,imse,32,15.0,480.0,67,17,0.9999920838738805,0.9999999999952217
2,0,indicator_linear,kernel_quadrature,32,15.0,480.0,67,17,0.9999747312983736,1.0
2,1,indicator_linear,contiguous,1,15.0,15.0,67,17,0.7687580643302863,0.5696658617593873
2,1,indicator_linear,dispersed,1,15.0,15.0,67,17,0.7687580643302863,0.5696658617593873
2,1,indicator_linear,uniform,1,15.0,15.0,67,17,0.5938139177354252,0.9138644696304368
2,1,indicator_linear,random,1,15.0,15.0,67,17,0.8898773203215985,0.7992660855039944
2,1,indicator_linear,label_aware,1,15.0,15.0,67,17,0.8901970293082123,0.7843382017833979
2,1,indicator_linear,mutual_information,1,15.0,15.0,67,17,0.5938139177354252,0.9138644696304368
2,1,indicator_linear,imse,1,15.0,15.0,67,17,0.8901970293082123,0.7843382017833979
2,1,indicator_linear,kernel_quadrature,1,15.0,15.0,67,17,0.8901970293082123,0.7843382017833979
2,1,indicator_linear,contiguous,2,15.0,30.0,67,17,0.7692630747827843,0.669279847631816
2,1,indicator_linear,dispersed,2,15.0,30.0,67,17,0.9332894608296022,0.9196858066119481
2,1,indicator_linear,uniform,2,15.0,30.0,67,17,0.8897378866304197,0.9717010012484908
2,1,indicator_linear,random,2,15.0,30.0,67,17,0.9555077731289543,0.9200298189598373
2,1,indicator_linear,label_aware,2,15.0,30.0,67,17,0.9599055526935671,0.9473587025676251
2,1,indicator_linear,mutual_information,2,15.0,30.0,67,17,0.8568397912708479,0.9140490083684202
2,1,indicator_linear,imse,2,15.0,30.0,67,17,0.9599055526935671,0.9473587025676251
2,1,indicator_linear,kernel_quadrature,2,15.0,30.0,67,17,0.9599055526935671,0.9473587025676251
2,1,indicator_linear,contiguous,4,15.0,60.0,67,17,0.7708194606400183,0.8863339968514559
2,1,indicator_linear,dispersed,4,15.0,60.0,67,17,0.9878930173228179,0.9930704313737196
2,1,indicator_linear,uniform,4,15.0,60.0,67,17,0.9727848977986648,0.9844973303539859
2,1,indicator_linear,random,4,15.0,60.0,67,17,0.9804477386545085,0.9735388466421437
2,1,indicator_linear,label_aware,4,15.0,60.0,67,17,0.9927253613058225,0.9774821396354012
2,1,indicator_linear,mutual_information,4,15.0,60.0,67,17,0.9328484198963514,0.9627673694911516
2,1,indicator_linear,imse,4,15.0,60.0,67,17,0.9826985182526738,0.9871405495344123
2,1,indicator_linear,kernel_quadrature,4,15.0,60.0,67,17,0.9890497152642586,0.9775670176012495
2,1,indicator_linear,contiguous,8,15.0,120.0,67,17,0.8430956562506858,0.9977243872929983
2,1,indicator_linear,dispersed,8,15.0,120.0,67,17,0.9964122204628267,0.9983157510356666
2,1,indicator_linear,uniform,8,15.0,120.0,67,17,0.9924389983918629,0.9972695470043998
2,1,indicator_linear,random,8,15.0,120.0,67,17,0.9961075315252392,0.9970371722749771
2,1,indicator_linear,label_aware,8,15.0,120.0,67,17,0.997773111027984,0.9972535851893802
2,1,indicator_linear,mutual_information,8,15.0,120.0,67,17,0.9940025413100515,0.9976210412509667
2,1,indicator_linear,imse,8,15.0,120.0,67,17,0.9964854885191033,0.9985062132080031
2,1,indicator_linear,kernel_quadrature,8,15.0,120.0,67,17,0.9977367315256642,0.9990141156443657
2,1,indicator_linear,contiguous,16,15.0,240.0,67,17,0.9184513435890335,0.9977243777061986
2,1,indicator_linear,dispersed,16,15.0,240.0,67,17,0.9995175035620545,0.9999999378104184
2,1,indicator_linear,uniform,16,15.0,240.0,67,17,0.9993128907309731,0.9999999625007858
2,1,indicator_linear,random,16,15.0,240.0,67,17,0.9986805635849745,0.9999999391193605
2,1,indicator_linear,label_aware,16,15.0,240.0,67,17,0.9998132884156417,0.9999999385693494
2,1,indicator_linear,mutual_information,16,15.0,240.0,67,17,0.9983674749201197,0.9999999386945931
2,1,indicator_linear,imse,16,15.0,240.0,67,17,0.9993858159911191,0.9999999990339702
2,1,indicator_linear,kernel_quadrature,16,15.0,240.0,67,17,0.9996796552806152,0.999999938178613
2,1,indicator_linear,contiguous,32,15.0,480.0,67,17,0.9898613031073895,0.9979519142826908
2,1,indicator_linear,dispersed,32,15.0,480.0,67,17,0.9999856826822138,1.0
2,1,indicator_linear,uniform,32,15.0,480.0,67,17,0.999878972607197,0.9999999996563248
2,1,indicator_linear,random,32,15.0,480.0,67,17,0.9999355649899541,0.9999999978055812
2,1,indicator_linear,label_aware,32,15.0,480.0,67,17,0.9999810063779662,0.9999999994907837
2,1,indicator_linear,mutual_information,32,15.0,480.0,67,17,0.9999926021478671,0.9999999401452666
2,1,indicator_linear,imse,32,15.0,480.0,67,17,0.999987210487115,0.9999999979865566
2,1,indicator_linear,kernel_quadrature,32,15.0,480.0,67,17,0.9999887934853219,0.9999999973802258
2,2,indicator_linear,contiguous,1,15.0,15.0,67,17,0.694361270197348,0.8359455619104446
2,2,indicator_linear,dispersed,1,15.0,15.0,67,17,0.694361270197348,0.8359455619104446
2,2,indicator_linear,uniform,1,15.0,15.0,67,17,0.6531136681144503,0.6672788547063772
2,2,indicator_linear,random,1,15.0,15.0,67,17,0.8790605897763376,0.8354688576539583
2,2,indicator_linear,label_aware,1,15.0,15.0,67,17,0.8883280639294308,0.8363121255444927
2,2,indicator_linear,mutual_information,1,15.0,15.0,67,17,0.6531136681144503,0.6672788547063772
2,2,indicator_linear,imse,1,15.0,15.0,67,17,0.8883280639294308,0.8363121255444927
2,2,indicator_linear,kernel_quadrature,1,15.0,15.0,67,17,0.8883280639294308,0.8363121255444927
2,2,indicator_linear,contiguous,2,15.0,30.0,67,17,0.7071483116655363,0.8363144628311363
2,2,indicator_linear,dispersed,2,15.0,30.0,67,17,0.9222087124785396,0.9694769488426657
2,2,indicator_linear,uniform,2,15.0,30.0,67,17,0.890564152624745,0.9442115025404484
2,2,indicator_linear,random,2,15.0,30.0,67,17,0.9410366800066915,0.9450075231490523
2,2,indicator_linear,label_aware,2,15.0,30.0,67,17,0.9572393573649557,0.968618983030188
2,2,indicator_linear,mutual_information,2,15.0,30.0,67,17,0.8675772401701892,0.8512469577984783
2,2,indicator_linear,imse,2,15.0,30.0,67,17,0.9465632995332943,0.9351433082541453
2,2,indicator_linear,kernel_quadrature,2,15.0,30.0,67,17,0.9529696366440594,0.9817408801320952
2,2,indicator_linear,contiguous,4,15.0,60.0,67,17,0.7369961942264036,0.8391246177062758
2,2,indicator_linear,dispersed,4,15.0,60.0,67,17,0.9850525448354296,0.9964234232617858
2,2,indicator_linear,uniform,4,15.0,60.0,67,17,0.9718451514635532,0.9819921823891743
2,2,indicator_linear,random,4,15.0,60.0,67,17,0.9711195111677855,0.9904527070382616
2,2,indicator_linear,label_aware,4,15.0,60.0,67,17,0.9898590572552021,0.9863327334741411
2,2,indicator_linear,mutual_information,4,15.0,60.0,67,17,0.9793621556244838,0.9853858469569451
2,2,indicator_linear,imse,4,15.0,60.0,67,17,0.9849196136746095,0.9443540131182544
2,2,indicator_linear,kernel_quadrature,4,15.0,60.0,67,17,0.9885584728275726,0.9978210757420782
2,2,indicator_linear,contiguous,8,15.0,120.0,67,17,0.8051277881104513,0.963678070366218
2,2,indicator_linear,dispersed,8,15.0,120.0,67,17,0.9960541993413452,0.9996990318372108
2,2,indicator_linear,uniform,8,15.0,120.0,67,17,0.991863616487318,0.9981543509577917
2,2,indicator_linear,random,8,15.0,120.0,67,17,0.9939475450454237,0.9997991034184287
2,2,indicator_linear,label_aware,8,15.0,120.0,67,17,0.9970186190657814,0.9994259352089007
2,2,indicator_linear,mutual_information,8,15.0,120.0,67,17,0.9909481217795169,0.9997821320883217
2,2,indicator_linear,imse,8,15.0,120.0,67,17,0.9970877158533741,0.9994198758895116
2,2,indicator_linear,kernel_quadrature,8,15.0,120.0,67,17,0.9965693554422179,0.9997651594391935
2,2,indicator_linear,contiguous,16,15.0,240.0,67,17,0.9261111665229411,0.9636781023877095
2,2,indicator_linear,dispersed,16,15.0,240.0,67,17,0.9994054382941108,0.999999997756231
2,2,indicator_linear,uniform,16,15.0,240.0,67,17,0.9994797743694346,0.9999999678641281
2,2,indicator_linear,random,16,15.0,240.0,67,17,0.9989425234940769,0.9999996482707137
2,2,indicator_linear,label_aware,16,15.0,240.0,67,17,0.9997339885201624,0.9999999977551871
2,2,indicator_linear,mutual_information,16,15.0,240.0,67,17,0.9984375854779283,0.9997931612005418
2,2,indicator_linear,imse,16,15.0,240.0,67,17,0.999495758036349,0.9999999660690535
2,2,indicator_linear,kernel_quadrature,16,15.0,240.0,67,17,0.9996356941000653,0.9999999977386689
2,2,indicator_linear,contiguous,32,15.0,480.0,67,17,0.989276675478164,0.9875371929730317
2,2,indicator_linear,dispersed,32,15.0,480.0,67,17,0.9999850573803839,0.9999999977835856
2,2,indicator_linear,uniform,32,15.0,480.0,67,17,0.9999141854698326,0.9999999997142306
2,2,indicator_linear,random,32,15.0,480.0,67,17,0.9999269446422633,0.9999999977611878
2,2,indicator_linear,label_aware,32,15.0,480.0,67,17,0.9999854833466969,0.9999999997018754
2,2,indicator_linear,mutual_information,32,15.0,480.0,67,17,0.9999754365988014,0.9999999996444033
2,2,indicator_linear,imse,32,15.0,480.0,67,17,0.9999756288860265,0.9999999997061938
2,2,indicator_linear,kernel_quadrature,32,15.0,480.0,67,17,0.999964122020547,0.9999999996941864
2,3,indicator_linear,contiguous,1,15.0,15.0,67,17,0.7054773769934207,0.7898768766277533
2,3,indicator_linear,dispersed,1,15.0,15.0,67,17,0.7054773769934207,0.7898768766277533
2,3,indicator_linear,uniform,1,15.0,15.0,67,17,0.6383244445597468,0.7114024022207702
2,3,indicator_linear,random,1,15.0,15.0,67,17,0.9000253995275719,0.8212148677452668
2,3,indicator_linear,label_aware,1,15.0,15.0,67,17,0.9000253995275719,0.8212148677452668
2,3,indicator_linear,mutual_information,1,15.0,15.0,67,17,0.6383244445597468,0.7114024022207702
2,3,indicator_linear,imse,1,15.0,15.0,67,17,0.9000253995275719,0.8212148677452668
2,3,indicator_linear,kernel_quadrature,1,15.0,15.0,67,17,0.9000253995275719,0.8212148677452668
2,3,indicator_linear,contiguous,2,15.0,30.0,67,17,0.714157812278614,0.7899056911149271
2,3,indicator_linear,dispersed,2,15.0,30.0,67,17,0.9270439089795738,0.95929682779624
2,3,indicator_linear,uniform,2,15.0,30.0,67,17,0.9028699840008925,0.8921666181317552
2,3,indicator_linear,random,2,15.0,30.0,67,17,0.9518783764563562,0.9855766616509395
2,3,indicator_linear,label_aware,2,15.0,30.0,67,17,0.9699058829993019,0.9343893565574364
2,3,indicator_linear,mutual_information,2,15.0,30.0,67,17,0.8296905220321843,0.9507771316429421
2,3,indicator_linear,imse,2,15.0,30.0,67,17,0.961374352350229,0.955518221672726
2,3,indicator_linear,kernel_quadrature,2,15.0,30.0,67,17,0.9699058829993019,0.9343893565574364
2,3,indicator_linear,contiguous,4,15.0,60.0,67,17,0.7858913486724414,0.8113324869972222
2,3,indicator_linear,dispersed,4,15.0,60.0,67,17,0.9847913662625594,0.9990429145458036
2,3,indicator_linear,uniform,4,15.0,60.0,67,17,0.9714598930060208,0.9881664728516106
2,3,indicator_linear,random,4,15.0,60.0,67,17,0.9838574378359235,0.9991673014669237
2,3,indicator_linear,label_aware,4,15.0,60.0,67,17,0.9902146726721093,0.9988352995975462
2,3,indicator_linear,mutual_information,4,15.0,60.0,67,17,0.9326900504750232,0.9915452219491633
2,3,indicator_linear,imse,4,15.0,60.0,67,17,0.985295126634471,0.999089212978032
2,3,indicator_linear,kernel_quadrature,4,15.0,60.0,67,17,0.9897415366842046,0.99890351057118
2,3,indicator_linear,contiguous,8,15.0,120.0,67,17,0.8373632324416083,0.9572706279595203
2,3,indicator_linear,dispersed,8,15.0,120.0,67,17,0.9961157081453507,0.9998782431697415
2,3,indicator_linear,uniform,8,15.0,120.0,67,17,0.9910051764875345,0.9999048461420041
2,3,indicator_linear,random,8,15.0,120.0,67,17,0.9951625040727178,0.999934809909385
2,3,indicator_linear,label_aware,8,15.0,120.0,67,17,0.9970631840342856,0.9999771900113997
2,3,indicator_linear,mutual_information,8,15.0,120.0,67,17,0.9865418229215824,0.9999479807725158
2,3,indicator_linear,imse,8,15.0,120.0,67,17,0.9952442090266057,0.9998959576720593
2,3,indicator_linear,kernel_quadrature,8,15.0,120.0,67,17,0.9965672152174387,0.9999878693279162
2,3,indicator_linear,contiguous,16,15.0,240.0,67,17,0.9559053582428567,0.9726319587166133
2,3,indicator_linear,dispersed,16,15.0,240.0,67,17,0.999274564234796,1.0
2,3,indicator_linear,uniform,16,15.0,240.0,67,17,0.9990575815624385,0.9999479851072377
2,3,indicator_linear,random,16,15.0,240.0,67,17,0.9986062983939356,0.9999999973334365
2,3,indicator_linear,label_aware,16,15.0,240.0,67,17,0.9997216463839629,0.9999358453640613
2,3,indicator_linear,mutual_information,16,15.0,240.0,67,17,0.9983629267415218,0.9999479809590252
2,3,indicator_linear,imse,16,15.0,240.0,67,17,0.9992787947690005,0.9999596793214642
2,3,indicator_linear,kernel_quadrature,16,15.0,240.0,67,17,0.9993076702460268,0.9999999981239931
2,3,indicator_linear,contiguous,32,15.0,480.0,67,17,0.9873768789427834,0.9999999994839293
2,3,indicator_linear,dispersed,32,15.0,480.0,67,17,0.9999902604516601,1.0
2,3,indicator_linear,uniform,32,15.0,480.0,67,17,0.9998475460567591,0.999999955361102
2,3,indicator_linear,random,32,15.0,480.0,67,17,0.9999503022417762,0.9999999967982335
2,3,indicator_linear,label_aware,32,15.0,480.0,67,17,0.9999733338028204,0.9999999969961226
2,3,indicator_linear,mutual_information,32,15.0,480.0,67,17,0.9999484611241427,0.9999999999312718
2,3,indicator_linear,imse,32,15.0,480.0,67,17,0.9999754546130171,1.0
2,3,indicator_linear,kernel_quadrature,32,15.0,480.0,67,17,0.9999656485173953,0.9999999997980258
2,4,indicator_linear,contiguous,1,15.0,15.0,68,16,0.6683153698536122,0.9441676658807631
2,4,indicator_linear,dispersed,1,15.0,15.0,68,16,0.6683153698536122,0.9441676658807631
2,4,indicator_linear,uniform,1,15.0,15.0,68,16,0.6809796620724697,0.5391311709213209
2,4,indicator_linear,random,1,15.0,15.0,68,16,0.8956060631880837,0.5711462963419629
2,4,indicator_linear,label_aware,1,15.0,15.0,68,16,0.9177982360188681,0.7350758708797854
2,4,indicator_linear,mutual_information,1,15.0,15.0,68,16,0.6809796620724697,0.5391311709213209
2,4,indicator_linear,imse,1,15.0,15.0,68,16,0.9177982360188681,0.7350758708797854
2,4,indicator_linear,kernel_quadrature,1,15.0,15.0,68,16,0.9177982360188681,0.7350758708797854
2,4,indicator_linear,contiguous,2,15.0,30.0,68,16,0.67563891748045,0.9455221762453722
2,4,indicator_linear,dispersed,2,15.0,30.0,68,16,0.9395191736872104,0.9013108097382051
2,4,indicator_linear,uniform,2,15.0,30.0,68,16,0.9050650171137705,0.8647079051619316
2,4,indicator_linear,random,2,15.0,30.0,68,16,0.9524804933397635,0.9718081009385946
2,4,indicator_linear,label_aware,2,15.0,30.0,68,16,0.968226138372963,0.8958767474180005
2,4,indicator_linear,mutual_information,2,15.0,30.0,68,16,0.8681297021640396,0.8606703255631375
2,4,indicator_linear,imse,2,15.0,30.0,68,16,0.9625755664292509,0.8827368196105714
2,4,indicator_linear,kernel_quadrature,2,15.0,30.0,68,16,0.968226138372963,0.8958767474180005
2,4,indicator_linear,contiguous,4,15.0,60.0,68,16,0.7134423370328086,0.9508011503835183
2,4,indicator_linear,dispersed,4,15.0,60.0,68,16,0.9868872059531685,0.9893366867708747
2,4,indicator_linear,uniform,4,15.0,60.0,68,16,0.9775341490455328,0.981543739068265
2,4,indicator_linear,random,4,15.0,60.0,68,16,0.9817689999309813,0.9914770986320314
2,4,indicator_linear,label_aware,4,15.0,60.0,68,16,0.9919242435754183,0.9908520746947707
2,4,indicator_linear,mutual_information,4,15.0,60.0,68,16,0.9793126727803095,0.9799176586128497
2,4,indicator_linear,imse,4,15.0,60.0,68,16,0.9910350111804281,0.9891194549308737
2,4,indicator_linear,kernel_quadrature,4,15.0,60.0,68,16,0.9897795129169872,0.982052149200131
2,4,indicator_linear,contiguous,8,15.0,120.0,68,16,0.8057155516359372,0.962152145108625
2,4,indicator_linear,dispersed,8,15.0,120.0,68,16,0.9973883799532455,0.9988246253710737
2,4,indicator_linear,uniform,8,15.0,120.0,68,16,0.993090474124828,0.9939106982705115
2,4,indicator_linear,random,8,15.0,120.0,68,16,0.9952919628260419,0.9992821700059941
2,4,indicator_linear,label_aware,8,15.0,120.0,68,16,0.9986284384478346,0.9990207819438846
2,4,indicator_linear,mutual_information,8,15.0,120.0,68,16,0.994237093381382,0.994084666245591
2,4,indicator_linear,imse,8,15.0,120.0,68,16,0.9969764958645109,0.9995910738082109
2,4,indicator_linear,kernel_quadrature,8,15.0,120.0,68,16,0.9976394867772387,0.9972522905078669
2,4,indicator_linear,contiguous,16,15.0,240.0,68,16,0.9210205805219392,0.9875265269522447
2,4,indicator_linear,dispersed,16,15.0,240.0,68,16,0.9995860598266431,0.9999443229373093
2,4,indicator_linear,uniform,16,15.0,240.0,68,16,0.9993043276603262,0.9999999851359131
2,4,indicator_linear,random,16,15.0,240.0,68,16,0.9994083743376154,0.9994132570335201
2,4,indicator_linear,label_aware,16,15.0,240.0,68,16,0.9998102087081282,0.9994132728963966
2,4,indicator_linear,mutual_information,16,15.0,240.0,68,16,0.9987839190374392,0.9999977569215431
2,4,indicator_linear,imse,16,15.0,240.0,68,16,0.9996333710542923,0.9999999806247118
2,4,indicator_linear,kernel_quadrature,16,15.0,240.0,68,16,0.9997266091823533,0.9994046018761741
2,4,indicator_linear,contiguous,32,15.0,480.0,68,16,0.9883567019093854,0.9994045904266758
2,4,indicator_linear,dispersed,32,15.0,480.0,68,16,0.9999805761814026,1.0
2,4,indicator_linear,uniform,32,15.0,480.0,68,16,0.9999752780637472,0.9999999998233805
2,4,indicator_linear,random,32,15.0,480.0,68,16,0.9999688353683336,0.9999443249010953
2,4,indicator_linear,label_aware,32,15.0,480.0,68,16,0.9999929095925597,1.0
2,4,indicator_linear,mutual_information,32,15.0,480.0,68,16,0.9999310877102977,0.9999999999057948
2,4,indicator_linear,imse,32,15.0,480.0,68,16,0.9999875571334937,0.9999999997839908
2,4,indicator_linear,kernel_quadrature,32,15.0,480.0,68,16,0.9999897408146634,1.0
3,0,indicator_linear,contiguous,1,15.0,15.0,67,17,0.7099843829025543,0.7605095492124975
3,0,indicator_linear,dispersed,1,15.0,15.0,67,17,0.7099843829025543,0.7605095492124975
3,0,indicator_linear,uniform,1,15.0,15.0,67,17,0.6763370347562618,0.5555554572305837
3,0,indicator_linear,random,1,15.0,15.0,67,17,0.9068873554743825,0.719909560243816
3,0,indicator_linear,label_aware,1,15.0,15.0,67,17,0.9155321450203081,0.7559345579576724
3,0,indicator_linear,mutual_information,1,15.0,15.0,67,17,0.6763370347562618,0.5555554572305837
3,0,indicator_linear,imse,1,15.0,15.0,67,17,0.9155321450203081,0.7559345579576724
3,0,indicator_linear,kernel_quadrature,1,15.0,15.0,67,17,0.9155321450203081,0.7559345579576724
3,0,indicator_linear,contiguous,2,15.0,30.0,67,17,0.7239353547964447,0.7934688460711026
3,0,indicator_linear,dispersed,2,15.0,30.0,67,17,0.935576845397194,0.946026410243825
3,0,indicator_linear,uniform,2,15.0,30.0,67,17,0.9071825716175673,0.8534732385245127
3,0,indicator_linear,random,2,15.0,30.0,67,17,0.9640710001885057,0.9397617660930982
3,0,indicator_linear,label_aware,2,15.0,30.0,67,17,0.9727015158261365,0.9154703937527381
3,0,indicator_linear,mutual_information,2,15.0,30.0,67,17,0.8442672679603517,0.9334599041689083
3,0,indicator_linear,imse,2,15.0,30.0,67,17,0.9655450608487325,0.854764727913911
3,0,indicator_linear,kernel_quadrature,2,15.0,30.0,67,17,0.9727015158261365,0.9154703937527381
3,0,indicator_linear,contiguous,4,15.0,60.0,67,17,0.7663682115951385,0.8196086397370131
3,0,indicator_linear,dispersed,4,15.0,60.0,67,17,0.9860837370551514,0.9915576896341796
3,0,indicator_linear,uniform,4,15.0,60.0,67,17,0.9795548377532862,0.9706186584747845
3,0,indicator_linear,random,4,15.0,60.0,67,17,0.9808923039562195,0.9795697681817765
3,0,indicator_linear,label_aware,4,15.0,60.0,67,17,0.9910281148256097,0.9884276284299104
3,0,indicator_linear,mutual_information,4,15.0,60.0,67,17,0.962881652239035,0.9657975965227857
3,0,indicator_linear,imse,4,15.0,60.0,67,17,0.9834632353481692,0.9812128454798478
3,0,indicator_linear,kernel_quadrature,4,15.0,60.0,67,17,0.9885612955221632,0.9919785192137104
3,0,indicator_linear,contiguous,8,15.0,120.0,67,17,0.8632430678547862,0.9426179798260825
3,0,indicator_linear,dispersed,8,15.0,120.0,67,17,0.9969090783625699,0.9998799951653945
3,0,indicator_linear,uniform,8,15.0,120.0,67,17,0.9913887131358913,0.9980000074977676
3,0,indicator_linear,random,8,15.0,120.0,67,17,0.9948533024964892,0.9932681952000898
3,0,indicator_linear,label_aware,8,15.0,120.0,67,17,0.9981588636007994,0.9996433574676797
3,0,indicator_linear,mutual_information,8,15.0,120.0,67,17,0.9920077875787773,0.9996725031620549
3,0,indicator_linear,imse,8,15.0,120.0,67,17,0.996493195940169,0.9923904797216266
3,0,indicator_linear,kernel_quadrature,8,15.0,120.0,67,17,0.9963629672144727,0.9998174532524874
3,0,indicator_linear,contiguous,16,15.0,240.0,67,17,0.9293908770381929,0.9591596133496683
3,0,indicator_linear,dispersed,16,15.0,240.0,67,17,0.9993036890224211,0.9999496638494546
3,0,indicator_linear,uniform,16,15.0,240.0,67,17,0.9991892939171733,0.9999997293899275
3,0,indicator_linear,random,16,15.0,240.0,67,17,0.9990055725470541,0.9999307682942947
3,0,indicator_linear,label_aware,16,15.0,240.0,67,17,0.9998036365685647,0.9999298711860107
3,0,indicator_linear,mutual_information,16,15.0,240.0,67,17,0.998387394502522,0.9996725119240583
3,0,indicator_linear,imse,16,15.0,240.0,67,17,0.9994553584213458,0.9999996912509139
3,0,indicator_linear,kernel_quadrature,16,15.0,240.0,67,17,0.999657288120401,0.9999260438015269
3,0,indicator_linear,contiguous,32,15.0,480.0,67,17,0.9935025905324834,0.9853492902410622
3,0,indicator_linear,dispersed,32,15.0,480.0,67,17,0.9999820191791271,1.0
3,0,indicator_linear,uniform,32,15.0,480.0,67,17,0.9998889226440633,0.9999997293338148
3,0,indicator_linear,random,32,15.0,480.0,67,17,0.9999729084157404,0.999999691263249
3,0,indicator_linear,label_aware,32,15.0,480.0,67,17,0.9999894662607073,0.9999374338400286
3,0,indicator_linear,mutual_information,32,15.0,480.0,67,17,0.9999656235678284,0.9999997293875319
3,0,indicator_linear,imse,32,15.0,480.0,67,17,0.9999949052546406,0.9999996912591844
3,0,indicator_linear,kernel_quadrature,32,15.0,480.0,67,17,0.9999897324574994,0.9999996912613238
3,1,indicator_linear,contiguous,1,15.0,15.0,67,17,0.7133945701263689,0.7613081855968247
3,1,indicator_linear,dispersed,1,15.0,15.0,67,17,0.7133945701263689,0.7613081855968247
3,1,indicator_linear,uniform,1,15.0,15.0,67,17,0.5829176869152812,0.9866820542851034
3,1,indicator_linear,random,1,15.0,15.0,67,17,0.8413241578983058,0.9752229169233031
3,1,indicator_linear,label_aware,1,15.0,15.0,67,17,0.8743567626857554,0.7853715949267738
3,1,indicator_linear,mutual_information,1,15.0,15.0,67,17,0.5829176869152812,0.9866820542851034
3,1,indicator_linear,imse,1,15.0,15.0,67,17,0.8743567626857554,0.7853715949267738
3,1,indicator_linear,kernel_quadrature,1,15.0,15.0,67,17,0.8743567626857554,0.7853715949267738
3,1,indicator_linear,contiguous,2,15.0,30.0,67,17,0.7133951698110993,0.8433100775877538
3,1,indicator_linear,dispersed,2,15.0,30.0,67,17,0.9435147053206804,0.9219144395231036
3,1,indicator_linear,uniform,2,15.0,30.0,67,17,0.8723013067328095,0.9935248503570658
3,1,indicator_linear,random,2,15.0,30.0,67,17,0.9453957732507333,0.9887632182861613
3,1,indicator_linear,label_aware,2,15.0,30.0,67,17,0.9542822000534248,0.9090098026717105
3,1,indicator_linear,mutual_information,2,15.0,30.0,67,17,0.8476259600684503,0.9918515435173959
3,1,indicator_linear,imse,2,15.0,30.0,67,17,0.9505668602051507,0.935577765071115
3,1,indicator_linear,kernel_quadrature,2,15.0,30.0,67,17,0.9505668602051507,0.935577765071115
3,1,indicator_linear,contiguous,4,15.0,60.0,67,17,0.7852589872127825,0.8922300743532235
3,1,indicator_linear,dispersed,4,15.0,60.0,67,17,0.9858445024693524,0.9969075233392424
3,1,indicator_linear,uniform,4,15.0,60.0,67,17,0.971161956130212,0.9936419461459377
3,1,indicator_linear,random,4,15.0,60.0,67,17,0.980524743357616,0.9970702005865631
3,1,indicator_linear,label_aware,4,15.0,60.0,67,17,0.9895085482570117,0.9972699753948041
3,1,indicator_linear,mutual_information,4,15.0,60.0,67,17,0.9477530629458711,0.9957578113211307
3,1,indicator_linear,imse,4,15.0,60.0,67,17,0.9840267932446918,0.9807771833386365
3,1,indicator_linear,kernel_quadrature,4,15.0,60.0,67,17,0.9890454736594917,0.9941859084699849
3,1,indicator_linear,contiguous,8,15.0,120.0,67,17,0.8410656646978797,0.9788201149658633
3,1,indicator_linear,dispersed,8,15.0,120.0,67,17,0.996651841145203,0.9984459199895195
3,1,indicator_linear,uniform,8,15.0,120.0,67,17,0.9932524373569461,0.9981630181233847
3,1,indicator_linear,random,8,15.0,120.0,67,17,0.9957215635052127,0.9999440748515014
3,1,indicator_linear,label_aware,8,15.0,120.0,67,17,0.9976716708704108,0.9990897215328318
3,1,indicator_linear,mutual_information,8,15.0,120.0,67,17,0.990293400362662,0.9999624150725899
3,1,indicator_linear,imse,8,15.0,120.0,67,17,0.9949995930871662,0.9995427849130268
3,1,indicator_linear,kernel_quadrature,8,15.0,120.0,67,17,0.9971305730926261,0.9997889589109542
3,1,indicator_linear,contiguous,16,15.0,240.0,67,17,0.9178756261135589,0.9984278196350981
3,1,indicator_linear,dispersed,16,15.0,240.0,67,17,0.9996679493324767,0.999999994976744
3,1,indicator_linear,uniform,16,15.0,240.0,67,17,0.9992217047466456,0.9999598433137371
3,1,indicator_linear,random,16,15.0,240.0,67,17,0.998969110959447,0.9999999988689738
3,1,indicator_linear,label_aware,16,15.0,240.0,67,17,0.9995519547994864,0.9999999956923211
3,1,indicator_linear,mutual_information,16,15.0,240.0,67,17,0.9992207696244033,0.9999999978588112
3,1,indicator_linear,imse,16,15.0,240.0,67,17,0.9995042132552238,0.9999999957595115
3,1,indicator_linear,kernel_quadrature,16,15.0,240.0,67,17,0.9994078252752695,0.9999999956928208
3,1,indicator_linear,contiguous,32,15.0,480.0,67,17,0.9870108770306708,0.9999999980566722
3,1,indicator_linear,dispersed,32,15.0,480.0,67,17,0.9999822953454329,0.9999999984410017
3,1,indicator_linear,uniform,32,15.0,480.0,67,17,0.9998515150600794,0.9999999996727016
3,1,indicator_linear,random,32,15.0,480.0,67,17,0.9999527804719837,0.9999999997821536
3,1,indicator_linear,label_aware,32,15.0,480.0,67,17,0.9999751351516187,1.0
3,1,indicator_linear,mutual_information,32,15.0,480.0,67,17,0.9999615525790406,0.9999999998719294
3,1,indicator_linear,imse,32,15.0,480.0,67,17,0.9999514723595507,0.9999999956787697
3,1,indicator_linear,kernel_quadrature,32,15.0,480.0,67,17,0.9999670408993807,0.9999999957234817
3,2,indicator_linear,contiguous,1,15.0,15.0,67,17,0.6684460055653251,0.9766294502539946
3,2,indicator_linear,dispersed,1,15.0,15.0,67,17,0.6684460055653251,0.9766294502539946
3,2,indicator_linear,uniform,1,15.0,15.0,67,17,0.5891165021246653,0.9597857928290557
3,2,indicator_linear,random,1,15.0,15.0,67,17,0.8560689638436658,0.9764250271270858
3,2,indicator_linear,label_aware,1,15.0,15.0,67,17,0.8555716456454131,0.9763464042482777
3,2,indicator_linear,mutual_information,1,15.0,15.0,67,17,0.5891165021246653,0.9597857928290557
3,2,indicator_linear,imse,1,15.0,15.0,67,17,0.8555716456454131,0.9763464042482777
3,2,indicator_linear,kernel_quadrature,1,15.0,15.0,67,17,0.8555716456454131,0.9763464042482777
3,2,indicator_linear,contiguous,2,15.0,30.0,67,17,0.6743063398661963,0.9844992032238588
3,2,indicator_linear,dispersed,2,15.0,30.0,67,17,0.9259322291594534,0.9778632246373273
3,2,indicator_linear,uniform,2,15.0,30.0,67,17,0.8902007972905828,0.9704455927062623
3,2,indicator_linear,random,2,15.0,30.0,67,17,0.9459639782305845,0.9844321655494289
3,2,indicator_linear,label_aware,2,15.0,30.0,67,17,0.9529254759578373,0.98622450971352
3,2,indicator_linear,mutual_information,2,15.0,30.0,67,17,0.8368347281184045,0.9844173384012561
3,2,indicator_linear,imse,2,15.0,30.0,67,17,0.9493193729484544,0.9826869506694547
3,2,indicator_linear,kernel_quadrature,2,15.0,30.0,67,17,0.9529254759578373,0.98622450971352
3,2,indicator_linear,contiguous,4,15.0,60.0,67,17,0.7068762087220084,0.9951952218514718
3,2,indicator_linear,dispersed,4,15.0,60.0,67,17,0.9866953192142647,0.9957137054231676
3,2,indicator_linear,uniform,4,15.0,60.0,67,17,0.9725005615925857,0.9864381181756976
3,2,indicator_linear,random,4,15.0,60.0,67,17,0.9771269890596869,0.9955149371549593
3,2,indicator_linear,label_aware,4,15.0,60.0,67,17,0.989926936176102,0.9906371954645082
3,2,indicator_linear,mutual_information,4,15.0,60.0,67,17,0.9763933728590243,0.9981252606168354
3,2,indicator_linear,imse,4,15.0,60.0,67,17,0.9877773162955149,0.9828568341752734
3,2,indicator_linear,kernel_quadrature,4,15.0,60.0,67,17,0.9895899061246201,0.9908822084834137
3,2,indicator_linear,contiguous,8,15.0,120.0,67,17,0.7961201226543286,0.9952319714939366
3,2,indicator_linear,dispersed,8,15.0,120.0,67,17,0.9961212530056325,0.9999918129071657
3,2,indicator_linear,uniform,8,15.0,120.0,67,17,0.9912012972933405,0.9999999263198617
3,2,indicator_linear,random,8,15.0,120.0,67,17,0.9948825617389699,0.9999999979982648
3,2,indicator_linear,label_aware,8,15.0,120.0,67,17,0.9975985166281619,0.9999999593041565
3,2,indicator_linear,mutual_information,8,15.0,120.0,67,17,0.9945138439304542,0.9983046125160157
3,2,indicator_linear,imse,8,15.0,120.0,67,17,0.9970415378887837,0.9991636615319306
3,2,indicator_linear,kernel_quadrature,8,15.0,120.0,67,17,0.9973350046419182,0.9972736828454485
3,2,indicator_linear,contiguous,16,15.0,240.0,67,17,0.9108416183908529,0.9952319716302472
3,2,indicator_linear,dispersed,16,15.0,240.0,67,17,0.9993760284318676,1.0
3,2,indicator_linear,uniform,16,15.0,240.0,67,17,0.9992679145487279,0.9999999608004989
3,2,indicator_linear,random,16,15.0,240.0,67,17,0.9983577294445494,0.9999999992837802
3,2,indicator_linear,label_aware,16,15.0,240.0,67,17,0.9996888245880196,0.9999999987782555
3,2,indicator_linear,mutual_information,16,15.0,240.0,67,17,0.9984430585396415,0.9999999605399753
3,2,indicator_linear,imse,16,15.0,240.0,67,17,0.9995975403479479,0.9999999998185686
3,2,indicator_linear,kernel_quadrature,16,15.0,240.0,67,17,0.9994336640427539,0.9999999981854097
3,2,indicator_linear,contiguous,32,15.0,480.0,67,17,0.9903141375630656,0.996216696348115
3,2,indicator_linear,dispersed,32,15.0,480.0,67,17,0.9999786038138081,0.9999999989413085
3,2,indicator_linear,uniform,32,15.0,480.0,67,17,0.9999418909788297,0.9999999996009248
3,2,indicator_linear,random,32,15.0,480.0,67,17,0.9999195658156323,0.9999999603859868
3,2,indicator_linear,label_aware,32,15.0,480.0,67,17,0.9999622021111145,0.9999999992050437
3,2,indicator_linear,mutual_information,32,15.0,480.0,67,17,0.999980661873756,0.9999999601415495
3,2,indicator_linear,imse,32,15.0,480.0,67,17,0.9999645881839351,0.9999999995262524
3,2,indicator_linear,kernel_quadrature,32,15.0,480.0,67,17,0.9999674275580942,0.9999999988759783
3,3,indicator_linear,contiguous,1,15.0,15.0,67,17,0.7727047875648851,0.5279428916022538
3,3,indicator_linear,dispersed,1,15.0,15.0,67,17,0.7727047875648851,0.5279428916022538
3,3,indicator_linear,uniform,1,15.0,15.0,67,17,0.7907815316340708,0.2178730328874488
3,3,indicator_linear,random,1,15.0,15.0,67,17,0.9095550595460794,0.7346057760245179
3,3,indicator_linear,label_aware,1,15.0,15.0,67,17,0.9207081851573846,0.7247689237630117
3,3,indicator_linear,mutual_information,1,15.0,15.0,67,17,0.7907815316340708,0.2178730328874488
3,3,indicator_linear,imse,1,15.0,15.0,67,17,0.9207081851573846,0.7247689237630117
3,3,indicator_linear,kernel_quadrature,1,15.0,15.0,67,17,0.9207081851573846,0.7247689237630117
3,3,indicator_linear,contiguous,2,15.0,30.0,67,17,0.7817910757880888,0.5283304510932544
3,3,indicator_linear,dispersed,2,15.0,30.0,67,17,0.9302364781988697,0.9647903857992297
3,3,indicator_linear,uniform,2,15.0,30.0,67,17,0.9255575631261107,0.8913515509025998
3,3,indicator_linear,random,2,15.0,30.0,67,17,0.9605675758436435,0.9355126930923161
3,3,indicator_linear,label_aware,2,15.0,30.0,67,17,0.9641105782469671,0.9604827997002116
3,3,indicator_linear,mutual_information,2,15.0,30.0,67,17,0.90713001013719,0.9097294279723421
3,3,indicator_linear,imse,2,15.0,30.0,67,17,0.9634666511264119,0.933970266149074
3,3,indicator_linear,kernel_quadrature,2,15.0,30.0,67,17,0.9645215515595478,0.9208963548654302
3,3,indicator_linear,contiguous,4,15.0,60.0,67,17,0.8095246750446119,0.7069641617143739
3,3,indicator_linear,dispersed,4,15.0,60.0,67,17,0.9900521353224389,0.9878946089730407
3,3,indicator_linear,uniform,4,15.0,60.0,67,17,0.9773288174112941,0.9718744656374053
3,3,indicator_linear,random,4,15.0,60.0,67,17,0.9774052605211088,0.9769873925905046
3,3,indicator_linear,label_aware,4,15.0,60.0,67,17,0.9901927907795958,0.9893328201072673
3,3,indicator_linear,mutual_information,4,15.0,60.0,67,17,0.9817432439893633,0.9920525822306605
3,3,indicator_linear,imse,4,15.0,60.0,67,17,0.9904706052243332,0.9809259821340242
3,3,indicator_linear,kernel_quadrature,4,15.0,60.0,67,17,0.9909668361070236,0.9881523341780362
3,3,indicator_linear,contiguous,8,15.0,120.0,67,17,0.8650197344988438,0.8491432356701615
3,3,indicator_linear,dispersed,8,15.0,120.0,67,17,0.9963079388944572,0.9997802614476113
3,3,indicator_linear,uniform,8,15.0,120.0,67,17,0.9947145079654718,0.988206730603295
3,3,indicator_linear,random,8,15.0,120.0,67,17,0.9944287079006738,0.9996081094719507
3,3,indicator_linear,label_aware,8,15.0,120.0,67,17,0.9983444900977156,0.9982887739020551
3,3,indicator_linear,mutual_information,8,15.0,120.0,67,17,0.9936670769117539,0.9987725101992989
3,3,indicator_linear,imse,8,15.0,120.0,67,17,0.9959209943330294,0.9958309044194011
3,3,indicator_linear,kernel_quadrature,8,15.0,120.0,67,17,0.9976405958333716,0.9988842890602493
3,3,indicator_linear,contiguous,16,15.0,240.0,67,17,0.9642772167817983,0.9656130341304165
3,3,indicator_linear,dispersed,16,15.0,240.0,67,17,0.9994946693772329,0.9999999474450882
3,3,indicator_linear,uniform,16,15.0,240.0,67,17,0.9993555649271147,0.9999999616721291
3,3,indicator_linear,random,16,15.0,240.0,67,17,0.9987925124946306,0.9999999698177813
3,3,indicator_linear,label_aware,16,15.0,240.0,67,17,0.9998051075526657,0.9999999999933528
3,3,indicator_linear,mutual_information,16,15.0,240.0,67,17,0.9991472616327471,0.999999978304832
3,3,indicator_linear,imse,16,15.0,240.0,67,17,0.9997360021655852,0.9999999783310878
3,3,indicator_linear,kernel_quadrature,16,15.0,240.0,67,17,0.9998151455032526,0.9999999999985135
3,3,indicator_linear,contiguous,32,15.0,480.0,67,17,0.9889682991938468,0.9999217902576396
3,3,indicator_linear,dispersed,32,15.0,480.0,67,17,0.999997553022649,1.0
3,3,indicator_linear,uniform,32,15.0,480.0,67,17,0.9999863424985814,1.0
3,3,indicator_linear,random,32,15.0,480.0,67,17,0.999943821427285,0.9999999999916437
3,3,indicator_linear,label_aware,32,15.0,480.0,67,17,0.9999823203195544,0.9999999999477327
3,3,indicator_linear,mutual_information,32,15.0,480.0,67,17,0.999980712608625,0.9999999998176726
3,3,indicator_linear,imse,32,15.0,480.0,67,17,0.9999891032297462,0.9999999999978688
3,3,indicator_linear,kernel_quadrature,32,15.0,480.0,67,17,0.9999826388582778,0.999999999703629
3,4,indicator_linear,contiguous,1,15.0,15.0,68,16,0.7465641708670155,0.6399132607915219
3,4,indicator_linear,dispersed,1,15.0,15.0,68,16,0.7465641708670155,0.6399132607915219
3,4,indicator_linear,uniform,1,15.0,15.0,68,16,0.6404120089436753,0.712427523722299
3,4,indicator_linear,random,1,15.0,15.0,68,16,0.8982518597701863,0.4910324364723458
3,4,indicator_linear,label_aware,1,15.0,15.0,68,16,0.9030968720434294,0.5047389837051045
3,4,indicator_linear,mutual_information,1,15.0,15.0,68,16,0.6404120089436753,0.712427523722299
3,4,indicator_linear,imse,1,15.0,15.0,68,16,0.9030968720434294,0.5047389837051045
3,4,indicator_linear,kernel_quadrature,1,15.0,15.0,68,16,0.9030968720434294,0.5047389837051045
3,4,indicator_linear,contiguous,2,15.0,30.0,68,16,0.7557839189635117,0.640520590767365
3,4,indicator_linear,dispersed,2,15.0,30.0,68,16,0.9220102569518116,0.9755255298661264
3,4,indicator_linear,uniform,2,15.0,30.0,68,16,0.8983034068948117,0.8984799967581307
3,4,indicator_linear,random,2,15.0,30.0,68,16,0.9558065279201834,0.8529511877448674
3,4,indicator_linear,label_aware,2,15.0,30.0,68,16,0.9652951990688676,0.8317732824234201
3,4,indicator_linear,mutual_information,2,15.0,30.0,68,16,0.852632222540922,0.9298826854601889
3,4,indicator_linear,imse,2,15.0,30.0,68,16,0.9558065279201835,0.8529511877448672
3,4,indicator_linear,kernel_quadrature,2,15.0,30.0,68,16,0.9652951990688676,0.8317732824234201
3,4,indicator_linear,contiguous,4,15.0,60.0,68,16,0.7653070263903269,0.8521756084899365
3,4,indicator_linear,dispersed,4,15.0,60.0,68,16,0.9865015623898392,0.9883602556958175
3,4,indicator_linear,uniform,4,15.0,60.0,68,16,0.9682221369815723,0.9955559089382106
3,4,indicator_linear,random,4,15.0,60.0,68,16,0.9861881121340482,0.9825161451354268
3,4,indicator_linear,label_aware,4,15.0,60.0,68,16,0.9923974598619033,0.9784543955153381
3,4,indicator_linear,mutual_information,4,15.0,60.0,68,16,0.9787179585313973,0.9839179215410475
3,4,indicator_linear,imse,4,15.0,60.0,68,16,0.9903357359311175,0.9860558605845992
3,4,indicator_linear,kernel_quadrature,4,15.0,60.0,68,16,0.9892361841015717,0.9783828240368869
3,4,indicator_linear,contiguous,8,15.0,120.0,68,16,0.824023667299346,0.9914868734467324
3,4,indicator_linear,dispersed,8,15.0,120.0,68,16,0.9969158912721734,0.9962743544226232
3,4,indicator_linear,uniform,8,15.0,120.0,68,16,0.9918038688029072,0.9987001187470724
3,4,indicator_linear,random,8,15.0,120.0,68,16,0.9958091017994033,0.9946752157753179
3,4,indicator_linear,label_aware,8,15.0,120.0,68,16,0.9980798379403989,0.9977678963659423
3,4,indicator_linear,mutual_information,8,15.0,120.0,68,16,0.9933770166159648,0.9930942847848208
3,4,indicator_linear,imse,8,15.0,120.0,68,16,0.997514298475512,0.9974953680845782
3,4,indicator_linear,kernel_quadrature,8,15.0,120.0,68,16,0.9976816853680671,0.9977024525091419
3,4,indicator_linear,contiguous,16,15.0,240.0,68,16,0.9260922311248813,0.9939814418656522
3,4,indicator_linear,dispersed,16,15.0,240.0,68,16,0.9994697359835346,0.9999999998724208
3,4,indicator_linear,uniform,16,15.0,240.0,68,16,0.9992147047735442,0.9999958105801836
3,4,indicator_linear,random,16,15.0,240.0,68,16,0.9991302629747602,0.9999703035439742
3,4,indicator_linear,label_aware,16,15.0,240.0,68,16,0.9997340026879545,0.9999999998512533
3,4,indicator_linear,mutual_information,16,15.0,240.0,68,16,0.9985823797384723,0.9999990889576864
3,4,indicator_linear,imse,16,15.0,240.0,68,16,0.9996977310193653,1.0
3,4,indicator_linear,kernel_quadrature,16,15.0,240.0,68,16,0.9998398258885384,0.9999999998289322
3,4,indicator_linear,contiguous,32,15.0,480.0,68,16,0.9891669899510488,0.9939814418656368
3,4,indicator_linear,dispersed,32,15.0,480.0,68,16,0.9999880979835901,0.999999999622717
3,4,indicator_linear,uniform,32,15.0,480.0,68,16,0.9999420597506823,0.9999999999135287
3,4,indicator_linear,random,32,15.0,480.0,68,16,0.9999470890742319,0.9999999998093207
3,4,indicator_linear,label_aware,32,15.0,480.0,68,16,0.999989927110044,0.9999999998044118
3,4,indicator_linear,mutual_information,32,15.0,480.0,68,16,0.999981394926897,0.9999999998149065
3,4,indicator_linear,imse,32,15.0,480.0,68,16,0.9999929952597515,0.9999999998220236
3,4,indicator_linear,kernel_quadrature,32,15.0,480.0,68,16,0.9999935333088492,0.9999999997653427
4,0,indicator_linear,contiguous,1,15.0,15.0,67,17,0.6801914627320288,0.8894160357540167
4,0,indicator_linear,dispersed,1,15.0,15.0,67,17,0.6801914627320288,0.8894160357540167
4,0,indicator_linear,uniform,1,15.0,15.0,67,17,0.7308030888770857,0.401035601630687
4,0,indicator_linear,random,1,15.0,15.0,67,17,0.8688268370396525,0.8899733091273595
4,0,indicator_linear,label_aware,1,15.0,15.0,67,17,0.8992778839213492,0.6800189653354521
4,0,indicator_linear,mutual_information,1,15.0,15.0,67,17,0.7308030888770857,0.401035601630687
4,0,indicator_linear,imse,1,15.0,15.0,67,17,0.8992778839213492,0.6800189653354521
4,0,indicator_linear,kernel_quadrature,1,15.0,15.0,67,17,0.8992778839213492,0.6800189653354521
4,0,indicator_linear,contiguous,2,15.0,30.0,67,17,0.6947260640626243,0.8901686852410332
4,0,indicator_linear,dispersed,2,15.0,30.0,67,17,0.9216714216913663,0.972901463926356
4,0,indicator_linear,uniform,2,15.0,30.0,67,17,0.9054855777699445,0.8761911143079327
4,0,indicator_linear,random,2,15.0,30.0,67,17,0.9474240408597348,0.970447003165862
4,0,indicator_linear,label_aware,2,15.0,30.0,67,17,0.9558651832205176,0.9675660415713038
4,0,indicator_linear,mutual_information,2,15.0,30.0,67,17,0.8748378621456409,0.8722227162195304
4,0,indicator_linear,imse,2,15.0,30.0,67,17,0.9526492800947731,0.9573572569916167
4,0,indicator_linear,kernel_quadrature,2,15.0,30.0,67,17,0.9558651832205176,0.9675660415713038
4,0,indicator_linear,contiguous,4,15.0,60.0,67,17,0.7175292551836736,0.9381376580817158
4,0,indicator_linear,dispersed,4,15.0,60.0,67,17,0.9860258394110016,0.9919208635882667
4,0,indicator_linear,uniform,4,15.0,60.0,67,17,0.9733449892824856,0.9890525237116279
4,0,indicator_linear,random,4,15.0,60.0,67,17,0.9832326601310873,0.9961432920781568
4,0,indicator_linear,label_aware,4,15.0,60.0,67,17,0.9913875364609417,0.9740023350173054
4,0,indicator_linear,mutual_information,4,15.0,60.0,67,17,0.980596965822379,0.9838670020127647
4,0,indicator_linear,imse,4,15.0,60.0,67,17,0.9837937610943168,0.9863405652196711
4,0,indicator_linear,kernel_quadrature,4,15.0,60.0,67,17,0.9914862591129928,0.9739888335152063
4,0,indicator_linear,contiguous,8,15.0,120.0,67,17,0.8202582941172706,0.9557937089919262
4,0,indicator_linear,dispersed,8,15.0,120.0,67,17,0.9965982419837224,0.9999038390079089
4,0,indicator_linear,uniform,8,15.0,120.0,67,17,0.9913749880033091,0.9980109105423791
4,0,indicator_linear,random,8,15.0,120.0,67,17,0.9926137884542879,0.9996692201450963
4,0,indicator_linear,label_aware,8,15.0,120.0,67,17,0.9980339916581435,0.9986889810862638
4,0,indicator_linear,mutual_information,8,15.0,120.0,67,17,0.9924232236908982,0.999992006628827
4,0,indicator_linear,imse,8,15.0,120.0,67,17,0.9961983342791138,0.997060577592876
4,0,indicator_linear,kernel_quadrature,8,15.0,120.0,67,17,0.9974362053425201,0.9999358791922904
4,0,indicator_linear,contiguous,16,15.0,240.0,67,17,0.9232674519534919,0.955793711488077
4,0,indicator_linear,dispersed,16,15.0,240.0,67,17,0.9993734415650288,0.9999592849659479
4,0,indicator_linear,uniform,16,15.0,240.0,67,17,0.9995799729755108,0.9999998791773143
4,0,indicator_linear,random,16,15.0,240.0,67,17,0.9991210428507248,0.9999459799757111
4,0,indicator_linear,label_aware,16,15.0,240.0,67,17,0.9997346890869965,0.9999366214593585
4,0,indicator_linear,mutual_information,16,15.0,240.0,67,17,0.998242456888766,0.999999874970143
4,0,indicator_linear,imse,16,15.0,240.0,67,17,0.9994404686399261,0.9999366240595042
4,0,indicator_linear,kernel_quadrature,16,15.0,240.0,67,17,0.9997197178005064,0.9999432709405782
4,0,indicator_linear,contiguous,32,15.0,480.0,67,17,0.9895663675732448,0.9999452359724588
4,0,indicator_linear,dispersed,32,15.0,480.0,67,17,0.999987023489475,0.9999999988301872
4,0,indicator_linear,uniform,32,15.0,480.0,67,17,0.99995345968055,0.9999999999464787
4,0,indicator_linear,random,32,15.0,480.0,67,17,0.9999081468647342,0.9999999984518861
4,0,indicator_linear,label_aware,32,15.0,480.0,67,17,0.9999737624336169,0.9999594963457167
4,0,indicator_linear,mutual_information,32,15.0,480.0,67,17,0.9999623061964625,1.0
4,0,indicator_linear,imse,32,15.0,480.0,67,17,0.9999813325373322,0.999999994116962
4,0,indicator_linear,kernel_quadrature,32,15.0,480.0,67,17,0.9999821216821975,0.9999999998558389
4,1,indicator_linear,contiguous,1,15.0,15.0,67,17,0.8411242223671163,0.4035284536888523
4,1,indicator_linear,dispersed,1,15.0,15.0,67,17,0.8411242223671163,0.4035284536888523
4,1,indicator_linear,uniform,1,15.0,15.0,67,17,0.6544258935315931,0.6278182988811678
4,1,indicator_linear,random,1,15.0,15.0,67,17,0.9028478766838012,0.7625928514345675
4,1,indicator_linear,label_aware,1,15.0,15.0,67,17,0.9187483573428453,0.4947817523600686
4,1,indicator_linear,mutual_information,1,15.0,15.0,67,17,0.6544258935315931,0.6278182988811678
4,1,indicator_linear,imse,1,15.0,15.0,67,17,0.9187483573428453,0.4947817523600686
4,1,indicator_linear,kernel_quadrature,1,15.0,15.0,67,17,0.9187483573428453,0.4947817523600686
4,1,indicator_linear,contiguous,2,15.0,30.0,67,17,0.8427172070183591,0.45411842169129973
4,1,indicator_linear,dispersed,2,15.0,30.0,67,17,0.9431901017387277,0.9639855075744608
4,1,indicator_linear,uniform,2,15.0,30.0,67,17,0.8864983612358377,0.9567878274783377
4,1,indicator_linear,random,2,15.0,30.0,67,17,0.9577598184833612,0.9323404152217817
4,1,indicator_linear,label_aware,2,15.0,30.0,67,17,0.966545304122016,0.939971840152876
4,1,indicator_linear,mutual_information,2,15.0,30.0,67,17,0.8599160068262208,0.9567640913523278
4,1,indicator_linear,imse,2,15.0,30.0,67,17,0.9564940250415256,0.9400906833174817
4,1,indicator_linear,kernel_quadrature,2,15.0,30.0,67,17,0.966545304122016,0.939971840152876
4,1,indicator_linear,contiguous,4,15.0,60.0,67,17,0.8749936673713878,0.7901023680667157
4,1,indicator_linear,dispersed,4,15.0,60.0,67,17,0.9877195575739806,0.988487834154779
4,1,indicator_linear,uniform,4,15.0,60.0,67,17,0.9771803376439859,0.9700684583071941
4,1,indicator_linear,random,4,15.0,60.0,67,17,0.9830411692956001,0.990158366379471
4,1,indicator_linear,label_aware,4,15.0,60.0,67,17,0.9922343727819692,0.9917465009375512
4,1,indicator_linear,mutual_information,4,15.0,60.0,67,17,0.9675815840921186,0.9853278589898982
4,1,indicator_linear,imse,4,15.0,60.0,67,17,0.989974813578756,0.9894325576643446
4,1,indicator_linear,kernel_quadrature,4,15.0,60.0,67,17,0.9922343727819692,0.9917465009375512
4,1,indicator_linear,contiguous,8,15.0,120.0,67,17,0.9372534793489737,0.9547675795362316
4,1,indicator_linear,dispersed,8,15.0,120.0,67,17,0.9973532838103464,0.996642468182534
4,1,indicator_linear,uniform,8,15.0,120.0,67,17,0.9925519091439017,0.997594523412253
4,1,indicator_linear,random,8,15.0,120.0,67,17,0.9937710040816976,0.9992373710546528
4,1,indicator_linear,label_aware,8,15.0,120.0,67,17,0.9981880495679586,0.9992193297245647
4,1,indicator_linear,mutual_information,8,15.0,120.0,67,17,0.9921093905688775,0.9976709351465299
4,1,indicator_linear,imse,8,15.0,120.0,67,17,0.996942133281156,0.9948869056676383
4,1,indicator_linear,kernel_quadrature,8,15.0,120.0,67,17,0.9981876541325768,0.9968728154004531
4,1,indicator_linear,contiguous,16,15.0,240.0,67,17,0.9660052165436432,0.9836602092276289
4,1,indicator_linear,dispersed,16,15.0,240.0,67,17,0.9994954005033938,0.9999933590436643
4,1,indicator_linear,uniform,16,15.0,240.0,67,17,0.9992165387974241,0.9999346432802274
4,1,indicator_linear,random,16,15.0,240.0,67,17,0.9994034388504525,0.9999347726685535
4,1,indicator_linear,label_aware,16,15.0,240.0,67,17,0.9997026297065872,0.999998859194308
4,1,indicator_linear,mutual_information,16,15.0,240.0,67,17,0.9988420783403367,0.9999333831168242
4,1,indicator_linear,imse,16,15.0,240.0,67,17,0.9994481481923777,0.9995176621598949
4,1,indicator_linear,kernel_quadrature,16,15.0,240.0,67,17,0.9997069284003803,0.9999833170569161
4,1,indicator_linear,contiguous,32,15.0,480.0,67,17,0.9944992729466294,0.9887747778447262
4,1,indicator_linear,dispersed,32,15.0,480.0,67,17,0.9999858303659563,0.9999999997808453
4,1,indicator_linear,uniform,32,15.0,480.0,67,17,0.9999020559030971,0.9999999117553483
4,1,indicator_linear,random,32,15.0,480.0,67,17,0.9999502070806833,0.9999999027649149
4,1,indicator_linear,label_aware,32,15.0,480.0,67,17,0.999996012449718,0.99999990967233
4,1,indicator_linear,mutual_information,32,15.0,480.0,67,17,0.9999878782715959,0.9999999106864472
4,1,indicator_linear,imse,32,15.0,480.0,67,17,0.9999944284950562,0.9999998896065342
4,1,indicator_linear,kernel_quadrature,32,15.0,480.0,67,17,0.9999886596202084,0.9999999096716542
4,2,indicator_linear,contiguous,1,15.0,15.0,67,17,0.7233773654994203,0.6986717297147974
4,2,indicator_linear,dispersed,1,15.0,15.0,67,17,0.7233773654994203,0.6986717297147974
4,2,indicator_linear,uniform,1,15.0,15.0,67,17,0.6588736255241956,0.5479150471769202
4,2,indicator_linear,random,1,15.0,15.0,67,17,0.872558176177684,0.8913327989121527
4,2,indicator_linear,label_aware,1,15.0,15.0,67,17,0.872558176177684,0.8913327989121527
4,2,indicator_linear,mutual_information,1,15.0,15.0,67,17,0.6588736255241956,0.5479150471769202
4,2,indicator_linear,imse,1,15.0,15.0,67,17,0.872558176177684,0.8913327989121527
4,2,indicator_linear,kernel_quadrature,1,15.0,15.0,67,17,0.872558176177684,0.8913327989121527
4,2,indicator_linear,contiguous,2,15.0,30.0,67,17,0.729124707533703,0.7221382454984849
4,2,indicator_linear,dispersed,2,15.0,30.0,67,17,0.9279194539441756,0.9498203726039213
4,2,indicator_linear,uniform,2,15.0,30.0,67,17,0.896927386202311,0.8718896608622729
4,2,indicator_linear,random,2,15.0,30.0,67,17,0.9564161939342031,0.9537641711003118
4,2,indicator_linear,label_aware,2,15.0,30.0,67,17,0.9623245235851737,0.9313159523295997
4,2,indicator_linear,mutual_information,2,15.0,30.0,67,17,0.8557066848313839,0.9120947691255348
4,2,indicator_linear,imse,2,15.0,30.0,67,17,0.9509082690319454,0.9487655750174817
4,2,indicator_linear,kernel_quadrature,2,15.0,30.0,67,17,0.9623245235851737,0.9313159523295997
4,2,indicator_linear,contiguous,4,15.0,60.0,67,17,0.7557068899884671,0.8850304724537448
4,2,indicator_linear,dispersed,4,15.0,60.0,67,17,0.987473991113405,0.9838789171252519
4,2,indicator_linear,uniform,4,15.0,60.0,67,17,0.9732520860128077,0.9808790306549744
4,2,indicator_linear,random,4,15.0,60.0,67,17,0.9808346554366166,0.9752220683333158
4,2,indicator_linear,label_aware,4,15.0,60.0,67,17,0.9897878328210848,0.9962444727106974
4,2,indicator_linear,mutual_information,4,15.0,60.0,67,17,0.9753243032463206,0.9854889050934348
4,2,indicator_linear,imse,4,15.0,60.0,67,17,0.9872317097552431,0.9839393838881713
4,2,indicator_linear,kernel_quadrature,4,15.0,60.0,67,17,0.9896974458103888,0.9972283769008405
4,2,indicator_linear,contiguous,8,15.0,120.0,67,17,0.8130510081401389,0.9585384987192673
4,2,indicator_linear,dispersed,8,15.0,120.0,67,17,0.9957701867283627,0.9999400901831087
4,2,indicator_linear,uniform,8,15.0,120.0,67,17,0.9948841151915293,0.9897567911260542
4,2,indicator_linear,random,8,15.0,120.0,67,17,0.9940916144967155,0.99821622967273
4,2,indicator_linear,label_aware,8,15.0,120.0,67,17,0.9975935129139997,0.9992872370055316
4,2,indicator_linear,mutual_information,8,15.0,120.0,67,17,0.9893734475672267,0.9997290039004694
4,2,indicator_linear,imse,8,15.0,120.0,67,17,0.9949624471499284,0.9997864150933038
4,2,indicator_linear,kernel_quadrature,8,15.0,120.0,67,17,0.9970006146901067,0.9998326642525304
4,2,indicator_linear,contiguous,16,15.0,240.0,67,17,0.9272166580841831,0.9624146840298488
4,2,indicator_linear,dispersed,16,15.0,240.0,67,17,0.9994624176735182,0.9999999992842774
4,2,indicator_linear,uniform,16,15.0,240.0,67,17,0.999160665862168,0.9999999634456184
4,2,indicator_linear,random,16,15.0,240.0,67,17,0.9985131514031844,0.9999999634746353
4,2,indicator_linear,label_aware,16,15.0,240.0,67,17,0.9997821665456511,0.9999999634665071
4,2,indicator_linear,mutual_information,16,15.0,240.0,67,17,0.9991593203023738,0.9999999634626342
4,2,indicator_linear,imse,16,15.0,240.0,67,17,0.9996745922672206,1.0
4,2,indicator_linear,kernel_quadrature,16,15.0,240.0,67,17,0.9996775893170438,0.999999963467239
4,2,indicator_linear,contiguous,32,15.0,480.0,67,17,0.9879807363238221,0.9999999634665927
4,2,indicator_linear,dispersed,32,15.0,480.0,67,17,0.9999863992472732,0.9999999992631554
4,2,indicator_linear,uniform,32,15.0,480.0,67,17,0.9999762266314469,0.9999999999197355
4,2,indicator_linear,random,32,15.0,480.0,67,17,0.9999681243276802,0.999999963587515
4,2,indicator_linear,label_aware,32,15.0,480.0,67,17,0.9999950304089178,0.9999999992639506
4,2,indicator_linear,mutual_information,32,15.0,480.0,67,17,0.9999891981961282,0.9999999635801357
4,2,indicator_linear,imse,32,15.0,480.0,67,17,0.9999921154761977,0.9999999999643411
4,2,indicator_linear,kernel_quadrature,32,15.0,480.0,67,17,0.9999864788166382,0.9999999992547269
4,3,indicator_linear,contiguous,1,15.0,15.0,67,17,0.6976537050862857,0.8096591781917525
4,3,indicator_linear,dispersed,1,15.0,15.0,67,17,0.6976537050862857,0.8096591781917525
4,3,indicator_linear,uniform,1,15.0,15.0,67,17,0.6364077831764314,0.7043482862390872
4,3,indicator_linear,random,1,15.0,15.0,67,17,0.8616917285073817,0.8116556735401972
4,3,indicator_linear,label_aware,1,15.0,15.0,67,17,0.8852623049171353,0.8624195723503674
4,3,indicator_linear,mutual_information,1,15.0,15.0,67,17,0.6364077831764314,0.7043482862390872
4,3,indicator_linear,imse,1,15.0,15.0,67,17,0.8852623049171353,0.8624195723503674
4,3,indicator_linear,kernel_quadrature,1,15.0,15.0,67,17,0.8852623049171353,0.8624195723503674
4,3,indicator_linear,contiguous,2,15.0,30.0,67,17,0.7062140141387977,0.8108336106354425
4,3,indicator_linear,dispersed,2,15.0,30.0,67,17,0.9230356884719048,0.955448362304283
4,3,indicator_linear,uniform,2,15.0,30.0,67,17,0.8958569082198824,0.9307674849922576
4,3,indicator_linear,random,2,15.0,30.0,67,17,0.9520892271237263,0.9473787770782194
4,3,indicator_linear,label_aware,2,15.0,30.0,67,17,0.9561712980392232,0.9678123225094698
4,3,indicator_linear,mutual_information,2,15.0,30.0,67,17,0.8848738170962206,0.8266069680654262
4,3,indicator_linear,imse,2,15.0,30.0,67,17,0.9511106004827281,0.9058980725357437
4,3,indicator_linear,kernel_quadrature,2,15.0,30.0,67,17,0.9521966053478317,0.981468575836437
4,3,indicator_linear,contiguous,4,15.0,60.0,67,17,0.7438629719059818,0.8113356690653215
4,3,indicator_linear,dispersed,4,15.0,60.0,67,17,0.9870747809620279,0.9937682140968079
4,3,indicator_linear,uniform,4,15.0,60.0,67,17,0.9677221249766831,0.9946289056188332
4,3,indicator_linear,random,4,15.0,60.0,67,17,0.9830843385597354,0.9957510636374621
4,3,indicator_linear,label_aware,4,15.0,60.0,67,17,0.9923205900333661,0.9879546078985604
4,3,indicator_linear,mutual_information,4,15.0,60.0,67,17,0.9814619352711859,0.9712674842482993
4,3,indicator_linear,imse,4,15.0,60.0,67,17,0.9880723325800035,0.9953522661454633
4,3,indicator_linear,kernel_quadrature,4,15.0,60.0,67,17,0.98901940985698,0.9952377815066186
4,3,indicator_linear,contiguous,8,15.0,120.0,67,17,0.8167706209216234,0.8903998436936915
4,3,indicator_linear,dispersed,8,15.0,120.0,67,17,0.9960531547088608,0.9995143383373968
4,3,indicator_linear,uniform,8,15.0,120.0,67,17,0.9922301705483352,0.9972513016218446
4,3,indicator_linear,random,8,15.0,120.0,67,17,0.9948202056807489,0.9996788860079848
4,3,indicator_linear,label_aware,8,15.0,120.0,67,17,0.9985581958905958,0.999518955470953
4,3,indicator_linear,mutual_information,8,15.0,120.0,67,17,0.9927362478033139,0.9896524869756469
4,3,indicator_linear,imse,8,15.0,120.0,67,17,0.9976325929447486,0.9969315180089258
4,3,indicator_linear,kernel_quadrature,8,15.0,120.0,67,17,0.9967035849600786,0.9999414309363182
4,3,indicator_linear,contiguous,16,15.0,240.0,67,17,0.9305275841589371,0.9962532798130429
4,3,indicator_linear,dispersed,16,15.0,240.0,67,17,0.9994812339551578,0.9999998726987507
4,3,indicator_linear,uniform,16,15.0,240.0,67,17,0.9991404785617932,0.9999999804798586
4,3,indicator_linear,random,16,15.0,240.0,67,17,0.9990851430068951,0.9999999814846523
4,3,indicator_linear,label_aware,16,15.0,240.0,67,17,0.9997505240201849,0.9999999999487983
4,3,indicator_linear,mutual_information,16,15.0,240.0,67,17,0.998682698353023,0.9999999992971774
4,3,indicator_linear,imse,16,15.0,240.0,67,17,0.9995932716826448,0.9999999996998343
4,3,indicator_linear,kernel_quadrature,16,15.0,240.0,67,17,0.9997397652648972,0.9999999811314753
4,3,indicator_linear,contiguous,32,15.0,480.0,67,17,0.9857944782989148,0.9974978709843173
4,3,indicator_linear,dispersed,32,15.0,480.0,67,17,0.9999953747762815,1.0
4,3,indicator_linear,uniform,32,15.0,480.0,67,17,0.9999679515638512,0.9999999996971797
4,3,indicator_linear,random,32,15.0,480.0,67,17,0.9999756458676533,0.999999999763642
4,3,indicator_linear,label_aware,32,15.0,480.0,67,17,0.9999833410315134,0.9999999997419469
4,3,indicator_linear,mutual_information,32,15.0,480.0,67,17,0.9999763593882987,1.0
4,3,indicator_linear,imse,32,15.0,480.0,67,17,0.9999856474686625,1.0
4,3,indicator_linear,kernel_quadrature,32,15.0,480.0,67,17,0.9999930391534597,0.9999999997730067
4,4,indicator_linear,contiguous,1,15.0,15.0,68,16,0.6806720188046635,0.9828082887792717
4,4,indicator_linear,dispersed,1,15.0,15.0,68,16,0.6806720188046635,0.9828082887792717
4,4,indicator_linear,uniform,1,15.0,15.0,68,16,0.5931298112655494,0.9820640602544018
4,4,indicator_linear,random,1,15.0,15.0,68,16,0.9169178252161158,0.6611651841466635
4,4,indicator_linear,label_aware,1,15.0,15.0,68,16,0.9169178252161158,0.6611651841466635
4,4,indicator_linear,mutual_information,1,15.0,15.0,68,16,0.5931298112655494,0.9820640602544018
4,4,indicator_linear,imse,1,15.0,15.0,68,16,0.9169178252161158,0.6611651841466635
4,4,indicator_linear,kernel_quadrature,1,15.0,15.0,68,16,0.9169178252161158,0.6611651841466635
4,4,indicator_linear,contiguous,2,15.0,30.0,68,16,0.6858054424957661,0.9829028932559615
4,4,indicator_linear,dispersed,2,15.0,30.0,68,16,0.9393606559001583,0.9246104833948307
4,4,indicator_linear,uniform,2,15.0,30.0,68,16,0.9046476851295856,0.9887802101347046
4,4,indicator_linear,random,2,15.0,30.0,68,16,0.9614031210459705,0.9351187172722916
4,4,indicator_linear,label_aware,2,15.0,30.0,68,16,0.9724884009029149,0.9370670934410511
4,4,indicator_linear,mutual_information,2,15.0,30.0,68,16,0.8483303943808649,0.9827349681004248
4,4,indicator_linear,imse,2,15.0,30.0,68,16,0.9592526311017088,0.932158026732955
4,4,indicator_linear,kernel_quadrature,2,15.0,30.0,68,16,0.9648963637092497,0.9674660137805757
4,4,indicator_linear,contiguous,4,15.0,60.0,68,16,0.7191104442574652,0.9829798316459061
4,4,indicator_linear,dispersed,4,15.0,60.0,68,16,0.9868740628776866,0.9948965364739242
4,4,indicator_linear,uniform,4,15.0,60.0,68,16,0.9767045201114686,0.9888322677917446
4,4,indicator_linear,random,4,15.0,60.0,68,16,0.9794773783350624,0.9913657505595347
4,4,indicator_linear,label_aware,4,15.0,60.0,68,16,0.9907292868691584,0.995777085830539
4,4,indicator_linear,mutual_information,4,15.0,60.0,68,16,0.9744632008050788,0.9903461449265696
4,4,indicator_linear,imse,4,15.0,60.0,68,16,0.9834910588383314,0.9973994936275852
4,4,indicator_linear,kernel_quadrature,4,15.0,60.0,68,16,0.9885702260132908,0.9972968376087123
4,4,indicator_linear,contiguous,8,15.0,120.0,68,16,0.8051919645116054,0.9852744160647142
4,4,indicator_linear,dispersed,8,15.0,120.0,68,16,0.996867174648715,0.9999805889598528
4,4,indicator_linear,uniform,8,15.0,120.0,68,16,0.991619421362113,0.9999893350902351
4,4,indicator_linear,random,8,15.0,120.0,68,16,0.9943953833217627,0.9993468830778536
4,4,indicator_linear,label_aware,8,15.0,120.0,68,16,0.998433069584249,0.9999918661550001
4,4,indicator_linear,mutual_information,8,15.0,120.0,68,16,0.9919737305961543,0.9993744944696048
4,4,indicator_linear,imse,8,15.0,120.0,68,16,0.9967057714219559,0.9996602702497294
4,4,indicator_linear,kernel_quadrature,8,15.0,120.0,68,16,0.9974763434004132,0.9978720625113842
4,4,indicator_linear,contiguous,16,15.0,240.0,68,16,0.917990606745633,0.9913240759299459
4,4,indicator_linear,dispersed,16,15.0,240.0,68,16,0.9994881574425069,0.9999999295638086
4,4,indicator_linear,uniform,16,15.0,240.0,68,16,0.9992587509550658,0.999999998964221
4,4,indicator_linear,random,16,15.0,240.0,68,16,0.9991086946762723,0.9999999991094425
4,4,indicator_linear,label_aware,16,15.0,240.0,68,16,0.9997807943225889,0.9999999987984208
4,4,indicator_linear,mutual_information,16,15.0,240.0,68,16,0.9984277594831336,0.9999999273036345
4,4,indicator_linear,imse,16,15.0,240.0,68,16,0.9996773688610877,0.9999999989713428
4,4,indicator_linear,kernel_quadrature,16,15.0,240.0,68,16,0.9996783179485483,1.0
4,4,indicator_linear,contiguous,32,15.0,480.0,68,16,0.9903004836292751,0.9913299672617925
4,4,indicator_linear,dispersed,32,15.0,480.0,68,16,0.9999842352660395,0.9999999973648254
4,4,indicator_linear,uniform,32,15.0,480.0,68,16,0.9998771390581148,0.9999999995933916
4,4,indicator_linear,random,32,15.0,480.0,68,16,0.9999899624437328,0.9999999289275616
4,4,indicator_linear,label_aware,32,15.0,480.0,68,16,0.9999713774296638,0.9999999987085396
4,4,indicator_linear,mutual_information,32,15.0,480.0,68,16,0.9999855229167993,0.9999999284039319
4,4,indicator_linear,imse,32,15.0,480.0,68,16,0.999993043859313,0.9999999992190273
4,4,indicator_linear,kernel_quadrature,32,15.0,480.0,68,16,0.999978611732765,0.9999999999461288
