alpha,label,protocol,model,n_train,n_seeds,is_reference,ceiling,label_variance,ceiling_best_linear,ceiling_state_channel,approximation_gap_exact_linear,r2_test_mean,r2_test_sd,r2_class_reference_mean,r2_class_reference_sd,r2_bayes_test_mean,r2_bayes_test_sd,r2_best_linear_test_mean,r2_best_linear_test_sd,protocol_gap_mean,protocol_gap_sd,approximation_gap_mean,approximation_gap_sd,estimation_gap_mean,estimation_gap_sd,protocol_gap_paired_mean,protocol_gap_paired_sd,approximation_gap_paired_mean,approximation_gap_paired_sd,ceiling_utilization_mean,ceiling_utilization_sd,absolute_gap_mean,absolute_gap_sd,protocol_share_of_residual_mean,protocol_share_of_residual_sd
0.0,mean,dispersed,gp,100,10,0,0.36242539370674215,0.09521352791540096,0.3624253937235382,0.36242539370674215,nan,0.2769831028183532,0.08259050855997166,0.3511031193572002,0.006979358550377921,0.36666221466775684,0.004965976000313716,0.3666622146679766,0.004965976000507382,0.6375746062932579,0.0,0.01132227434954195,0.006979358550377921,0.07412001653884699,0.08132053005768246,0.6333377853322433,0.004965976000313716,0.01555909531055658,0.003705035787074325,0.7642486084804396,0.22788278634471204,0.08544229088838892,0.08259050855997167,0.8902957975495877,0.08273609756962771
0.0,mean,dispersed,gp,250,10,0,0.36242539370674215,0.09521352791540096,0.3624253937235382,0.36242539370674215,nan,0.31908580212691967,0.025451224580515644,0.3511031193572002,0.006979358550377921,0.36666221466775684,0.004965976000313716,0.3666622146679766,0.004965976000507382,0.6375746062932579,0.0,0.01132227434954195,0.006979358550377921,0.03201731723028055,0.025143452864618863,0.6333377853322433,0.004965976000313716,0.01555909531055658,0.003705035787074325,0.8804178947381075,0.07022472768867181,0.0433395915798225,0.02545122458051564,0.9374498608465978,0.03268828526346153
0.0,mean,dispersed,gp,500,10,0,0.36242539370674215,0.09521352791540096,0.3624253937235382,0.36242539370674215,nan,0.337062369666727,0.005228096258236724,0.3511031193572002,0.006979358550377921,0.36666221466775684,0.004965976000313716,0.3666622146679766,0.004965976000507382,0.6375746062932579,0.0,0.01132227434954195,0.006979358550377921,0.014040749690473264,0.00701502748729769,0.6333377853322433,0.004965976000313716,0.01555909531055658,0.003705035787074325,0.9300186342336216,0.014425303383865704,0.025363024040015215,0.005228096258236724,0.9617955171085162,0.0076161164037346785
0.0,mean,dispersed,gp,1000,10,0,0.36242539370674215,0.09521352791540096,0.3624253937235382,0.36242539370674215,nan,0.3455163528695402,0.00901880502769919,0.3511031193572002,0.006979358550377921,0.36666221466775684,0.004965976000313716,0.3666622146679766,0.004965976000507382,0.6375746062932579,0.0,0.01132227434954195,0.006979358550377921,0.005586766487660033,0.008464455553518439,0.6333377853322433,0.004965976000313716,0.01555909531055658,0.003705035787074325,0.9533447679693106,0.024884583653089126,0.01690904083720198,0.00901880502769919,0.9743318503291407,0.013510377212388394
0.0,mean,dispersed,gp,2500,10,0,0.36242539370674215,0.09521352791540096,0.3624253937235382,0.36242539370674215,nan,0.34901210766945695,0.007331804582524746,0.3511031193572002,0.006979358550377921,0.36666221466775684,0.004965976000313716,0.3666622146679766,0.004965976000507382,0.6375746062932579,0.0,0.01132227434954195,0.006979358550377921,0.0020910116877432714,0.0048020156933565265,0.6333377853322433,0.004965976000313716,0.01555909531055658,0.003705035787074325,0.9629902146201748,0.02022983132483621,0.013413286037285222,0.007331804582524745,0.9795071467797308,0.011016049283090681
0.0,mean,dispersed,gp,5000,10,0,0.36242539370674215,0.09521352791540096,0.3624253937235382,0.36242539370674215,nan,0.3506841741370968,0.0052749220960016385,0.3511031193572002,0.006979358550377921,0.36666221466775684,0.004965976000313716,0.3666622146679766,0.004965976000507382,0.6375746062932579,0.0,0.01132227434954195,0.006979358550377921,0.00041894522010341715,0.005680137511914847,0.6333377853322433,0.004965976000313716,0.01555909531055658,0.003705035787074325,0.9676037612884659,0.014554504699717224,0.011741219569645366,0.0052749220960016385,0.9819759738252376,0.00799085225787627
0.0,mean,dispersed,gp,20000,10,1,0.36242539370674215,0.09521352791540096,0.3624253937235382,0.36242539370674215,nan,0.3511031193572002,0.006979358550377921,0.3511031193572002,0.006979358550377921,0.36666221466775684,0.004965976000313716,0.3666622146679766,0.004965976000507382,0.6375746062932579,0.0,0.01132227434954195,0.006979358550377921,0.0,0.0,0.6333377853322433,0.004965976000313716,0.01555909531055658,0.003705035787074325,0.9687597101468464,0.01925736626508376,0.01132227434954195,0.006979358550377921,0.9826538369723006,0.010571882126716965
0.0,mean,dispersed,mlp,100,10,0,0.36242539370674215,0.09521352791540096,0.3624253937235382,0.36242539370674215,nan,0.21075864025848592,0.10496774133600967,0.36586278842206255,0.004864256087930328,0.36666221466775684,0.004965976000313716,0.3666622146679766,0.004965976000507382,0.6375746062932579,0.0,-0.0034373947153203853,0.004864256087930329,0.15510414816357665,0.10344792866292003,0.6333377853322433,0.004965976000313716,0.0007994262456942458,0.0003535851532720834,0.5815228290240115,0.28962579101436997,0.15166675344825625,0.10496774133600967,0.8213322191768718,0.113161139521798
0.0,mean,dispersed,mlp,250,10,0,0.36242539370674215,0.09521352791540096,0.3624253937235382,0.36242539370674215,nan,0.34841643273292344,0.009260853694124523,0.36586278842206255,0.004864256087930328,0.36666221466775684,0.004965976000313716,0.3666622146679766,0.004965976000507382,0.6375746062932579,0.0,-0.0034373947153203853,0.004864256087930329,0.01744635568913907,0.005822972647303801,0.6333377853322433,0.004965976000313716,0.0007994262456942458,0.0003535851532720834,0.9613466351500908,0.025552441564340195,0.014008960973818685,0.009260853694124525,0.9786787234675375,0.013963043169728784
0.0,mean,dispersed,mlp,500,10,0,0.36242539370674215,0.09521352791540096,0.3624253937235382,0.36242539370674215,nan,0.3532023021411221,0.006652071110803532,0.36586278842206255,0.004864256087930328,0.36666221466775684,0.004965976000313716,0.3666622146679766,0.004965976000507382,0.6375746062932579,0.0,-0.0034373947153203853,0.004864256087930329,0.012660486280940441,0.0029406771422278628,0.6333377853322433,0.004965976000313716,0.0007994262456942458,0.0003535851532720834,0.9745517512686129,0.018354318506131163,0.009223091565620057,0.006652071110803532,0.9858339569719268,0.010110636252931024
0.0,mean,dispersed,mlp,1000,10,0,0.36242539370674215,0.09521352791540096,0.3624253937235382,0.36242539370674215,nan,0.3595639451168485,0.006777724630974791,0.36586278842206255,0.004864256087930328,0.36666221466775684,0.004965976000313716,0.3666622146679766,0.004965976000507382,0.6375746062932579,0.0,-0.0034373947153203853,0.004864256087930329,0.006298843305213975,0.003423150574291411,0.6333377853322433,0.004965976000313716,0.0007994262456942458,0.0003535851532720834,0.9921047237870727,0.018701020261452806,0.002861448589893589,0.006777724630974791,0.9956324422459042,0.010542601668763502
0.0,mean,dispersed,mlp,2500,10,0,0.36242539370674215,0.09521352791540096,0.3624253937235382,0.36242539370674215,nan,0.36172374344393365,0.005623986806934612,0.36586278842206255,0.004864256087930328,0.36666221466775684,0.004965976000313716,0.3666622146679766,0.004965976000507382,0.6375746062932579,0.0,-0.0034373947153203853,0.004864256087930329,0.0041390449781288806,0.0015021420248579735,0.6333377853322433,0.004965976000313716,0.0007994262456942458,0.0003535851532720834,0.9980640146220654,0.01551764005666028,0.0007016502628084953,0.005623986806934612,0.998970462225522,0.008796020471630037
0.0,mean,dispersed,mlp,5000,10,0,0.36242539370674215,0.09521352791540096,0.3624253937235382,0.36242539370674215,nan,0.36406796273376674,0.004363097190348581,0.36586278842206255,0.004864256087930328,0.36666221466775684,0.004965976000313716,0.3666622146679766,0.004965976000507382,0.6375746062932579,0.0,-0.0034373947153203853,0.004864256087930329,0.0017948256882958091,0.0011514411251866532,0.6333377853322433,0.004965976000313716,0.0007994262456942458,0.0003535851532720834,1.00453215766761,0.01203860785174175,-0.0016425690270245763,0.0043630971903485805,1.002625413173719,0.006879990090292655
0.0,mean,dispersed,mlp,20000,10,1,0.36242539370674215,0.09521352791540096,0.3624253937235382,0.36242539370674215,nan,0.36586278842206255,0.004864256087930328,0.36586278842206255,0.004864256087930328,0.36666221466775684,0.004965976000313716,0.3666622146679766,0.004965976000507382,0.6375746062932579,0.0,-0.0034373947153203853,0.004864256087930329,0.0,0.0,0.6333377853322433,0.004965976000313716,0.0007994262456942458,0.0003535851532720834,1.0094844201731124,0.013421399748457657,-0.0034373947153203853,0.004864256087930329,1.0054737949103223,0.00770775336907433
0.0,mean,dispersed,ridge,100,10,0,0.36242539370674215,0.09521352791540096,0.3624253937235382,0.36242539370674215,-1.6796064539192912e-11,0.3201163529940021,0.03233410106674946,0.36621459608779505,0.004943701414038179,0.36666221466775684,0.004965976000313716,0.3666622146679766,0.004965976000507382,0.6375746062932579,0.0,-0.003789202381052903,0.004943701414038179,0.04609824309379297,0.029887199568085953,0.6333377853322433,0.004965976000313716,0.00044761857996172827,0.00020391578100211017,0.8832613789005783,0.08921588174616901,0.04230904071274007,0.03233410106674945,0.939612189790858,0.04307968782998833
0.0,mean,dispersed,ridge,250,10,0,0.36242539370674215,0.09521352791540096,0.3624253937235382,0.36242539370674215,-1.6796064539192912e-11,0.34802353489575133,0.010459673461306373,0.36621459608779505,0.004943701414038179,0.36666221466775684,0.004965976000313716,0.3666622146679766,0.004965976000507382,0.6375746062932579,0.0,-0.003789202381052903,0.004943701414038179,0.018191061192043723,0.007454914895692399,0.6333377853322433,0.004965976000313716,0.00044761857996172827,0.00020391578100211017,0.9602625559327,0.028860211350890775,0.01440185881099082,0.010459673461306373,0.9781381055022228,0.015767682859762957
0.0,mean,dispersed,ridge,500,10,0,0.36242539370674215,0.09521352791540096,0.3624253937235382,0.36242539370674215,-1.6796064539192912e-11,0.3547735915460889,0.0079357052600938,0.36621459608779505,0.004943701414038179,0.36666221466775684,0.004965976000313716,0.3666622146679766,0.004965976000507382,0.6375746062932579,0.0,-0.003789202381052903,0.004943701414038179,0.011441004541706202,0.0050586248966999385,0.6333377853322433,0.004965976000313716,0.00044761857996172827,0.00020391578100211017,0.978887235018513,0.021896107165479153,0.007651802160653298,0.0079357052600938,0.9882753111099202,0.012144009699544807
0.0,mean,dispersed,ridge,1000,10,0,0.36242539370674215,0.09521352791540096,0.3624253937235382,0.36242539370674215,-1.6796064539192912e-11,0.3615560547308864,0.006396917384675714,0.36621459608779505,0.004943701414038179,0.36666221466775684,0.004965976000313716,0.3666622146679766,0.004965976000507382,0.6375746062932579,0.0,-0.003789202381052903,0.004943701414038179,0.004658541356908652,0.0020321180974778807,0.6333377853322433,0.004965976000313716,0.00044761857996172827,0.00020391578100211017,0.9976013298434623,0.017650301264076986,0.0008693389758557491,0.006396917384675713,0.9987284743145157,0.009994990843008948
0.0,mean,dispersed,ridge,2500,10,0,0.36242539370674215,0.09521352791540096,0.3624253937235382,0.36242539370674215,-1.6796064539192912e-11,0.36463146984983724,0.005326635826663285,0.36621459608779505,0.004943701414038179,0.36666221466775684,0.004965976000313716,0.3666622146679766,0.004965976000507382,0.6375746062932579,0.0,-0.003789202381052903,0.004943701414038179,0.0015831262379578104,0.0008367126875540075,0.6333377853322433,0.004965976000313716,0.00044761857996172827,0.00020391578100211017,1.0060869800554877,0.01469719263372964,-0.0022060761430950926,0.005326635826663285,1.003535433665368,0.008391429343961743
0.0,mean,dispersed,ridge,5000,10,0,0.36242539370674215,0.09521352791540096,0.3624253937235382,0.36242539370674215,-1.6796064539192912e-11,0.36580211480685143,0.004931344775012245,0.36621459608779505,0.004943701414038179,0.36666221466775684,0.004965976000313716,0.3666622146679766,0.004965976000507382,0.6375746062932579,0.0,-0.003789202381052903,0.004943701414038179,0.0004124812809436662,0.0006764475252060766,0.6333377853322433,0.004965976000313716,0.00044761857996172827,0.00020391578100211017,1.0093170102281561,0.01360651008632818,-0.003376721100109237,0.004931344775012245,1.0053790596585341,0.007811252039364356
0.0,mean,dispersed,ridge,20000,10,1,0.36242539370674215,0.09521352791540096,0.3624253937235382,0.36242539370674215,-1.6796064539192912e-11,0.36621459608779505,0.004943701414038179,0.36621459608779505,0.004943701414038179,0.36666221466775684,0.004965976000313716,0.3666622146679766,0.004965976000507382,0.6375746062932579,0.0,-0.003789202381052903,0.004943701414038179,0.0,0.0,0.6333377853322433,0.004965976000313716,0.00044761857996172827,0.00020391578100211017,1.0104551238595576,0.013640604383362799,-0.003789202381052903,0.004943701414038179,1.0060337178147443,0.007839569283133098
0.0,mean,same_time,gp,100,10,0,0.09372900828046571,0.09521352791540096,0.09372900828879718,0.09372900828046571,nan,0.013558709111125033,0.059240132835575145,0.08471806013903113,0.003757614596423239,0.09074596602913818,0.003230928626138718,0.09074596602892962,0.003230928626418512,0.9062709917195344,1.1702778228589004e-16,0.009010948141434572,0.003757614596423239,0.0711593510279061,0.060875327918651315,0.9092540339708618,0.003230928626138718,0.006027905890107032,0.003260339907391642,0.14465862127286414,0.6320362705461542,0.08017029916934068,0.059240132835575145,0.9214503295143244,0.0504727981151877
0.0,mean,same_time,gp,250,10,0,0.09372900828046571,0.09521352791540096,0.09372900828879718,0.09372900828046571,nan,0.06294244419833021,0.01601704862177424,0.08471806013903113,0.003757614596423239,0.09074596602913818,0.003230928626138718,0.09074596602892962,0.003230928626418512,0.9062709917195344,1.1702778228589004e-16,0.009010948141434572,0.003757614596423239,0.02177561594070092,0.015361145949126298,0.9092540339708618,0.003230928626138718,0.006027905890107032,0.003260339907391642,0.6715364362971522,0.1708867821778969,0.030786564082135492,0.01601704862177424,0.967400968436106,0.016608563828106996
0.0,mean,same_time,gp,500,10,0,0.09372900828046571,0.09521352791540096,0.09372900828879718,0.09372900828046571,nan,0.06839463716727665,0.016819598373461916,0.08471806013903113,0.003757614596423239,0.09074596602913818,0.003230928626138718,0.09074596602892962,0.003230928626418512,0.9062709917195344,1.1702778228589004e-16,0.009010948141434572,0.003757614596423239,0.016323422971754497,0.01609326441872368,0.9092540339708618,0.003230928626138718,0.006027905890107032,0.003260339907391642,0.7297061861853811,0.17944923009462088,0.02533437111318907,0.016819598373461916,0.9730838404707889,0.017120603619935098
0.0,mean,same_time,gp,1000,10,0,0.09372900828046571,0.09521352791540096,0.09372900828879718,0.09372900828046571,nan,0.08200860565218557,0.0052169475621906035,0.08471806013903113,0.003757614596423239,0.09074596602913818,0.003230928626138718,0.09074596602892962,0.003230928626418512,0.9062709917195344,1.1702778228589004e-16,0.009010948141434572,0.003757614596423239,0.002709454486845564,0.005970354860081885,0.9092540339708618,0.003230928626138718,0.006027905890107032,0.003260339907391642,0.8749543727891677,0.05565990356560597,0.011720402628280136,0.0052169475621906035,0.9872612515964396,0.0056102399182364525
0.0,mean,same_time,gp,2500,10,0,0.09372900828046571,0.09521352791540096,0.09372900828879718,0.09372900828046571,nan,0.08333395415114528,0.005213395474427341,0.08471806013903113,0.003757614596423239,0.09074596602913818,0.003230928626138718,0.09074596602892962,0.003230928626418512,0.9062709917195344,1.1702778228589004e-16,0.009010948141434572,0.003757614596423239,0.001384105987885853,0.0071649445214145985,0.9092540339708618,0.003230928626138718,0.006027905890107032,0.003260339907391642,0.8890945896043704,0.05562200614378931,0.010395054129320425,0.005213395474427341,0.9886885718507876,0.00559510813393221
0.0,mean,same_time,gp,5000,10,0,0.09372900828046571,0.09521352791540096,0.09372900828879718,0.09372900828046571,nan,0.08352190332869809,0.00600694925082008,0.08471806013903113,0.003757614596423239,0.09074596602913818,0.003230928626138718,0.09074596602892962,0.003230928626418512,0.9062709917195344,1.1702778228589004e-16,0.009010948141434572,0.003757614596423239,0.0011961568103330488,0.005165477525454858,0.9092540339708618,0.003230928626138718,0.006027905890107032,0.003260339907391642,0.8910998298282976,0.06408847549998033,0.010207104951767621,0.00600694925082008,0.9889006768514392,0.006440457291649963
0.0,mean,same_time,gp,20000,10,1,0.09372900828046571,0.09521352791540096,0.09372900828879718,0.09372900828046571,nan,0.08471806013903113,0.003757614596423239,0.08471806013903113,0.003757614596423239,0.09074596602913818,0.003230928626138718,0.09074596602892962,0.003230928626418512,0.9062709917195344,1.1702778228589004e-16,0.009010948141434572,0.003757614596423239,0.0,0.0,0.9092540339708618,0.003230928626138718,0.006027905890107032,0.003260339907391642,0.9038616933354179,0.04009019902546406,0.009010948141434572,0.003757614596423239,0.9901700201413842,0.004064383387103513
0.0,mean,same_time,mlp,100,10,0,0.09372900828046571,0.09521352791540096,0.09372900828879718,0.09372900828046571,nan,0.066705325197003,0.021003083999760832,0.09013677540395101,0.003164210185249149,0.09074596602913818,0.003230928626138718,0.09074596602892962,0.003230928626418512,0.9062709917195344,1.1702778228589004e-16,0.0035922328765146893,0.0031642101852491487,0.023431450206948024,0.022226773742329328,0.9092540339708618,0.003230928626138718,0.0006091906251871504,0.0005199257287406066,0.7116828228609905,0.2240830708131811,0.027023683083462712,0.021003083999760832,0.9714772195494057,0.021349176981508785
0.0,mean,same_time,mlp,250,10,0,0.09372900828046571,0.09521352791540096,0.09372900828879718,0.09372900828046571,nan,0.07352458089047423,0.008119486063786357,0.09013677540395101,0.003164210185249149,0.09074596602913818,0.003230928626138718,0.09074596602892962,0.003230928626418512,0.9062709917195344,1.1702778228589004e-16,0.0035922328765146893,0.0031642101852491487,0.016612194513476786,0.007712556205978633,0.9092540339708618,0.003230928626138718,0.0006091906251871504,0.0005199257287406066,0.7844378409559858,0.08662724819930222,0.020204427389991474,0.008119486063786357,0.9782602016960645,0.008626907489409027
0.0,mean,same_time,mlp,500,10,0,0.09372900828046571,0.09521352791540096,0.09372900828879718,0.09372900828046571,nan,0.07952161404391242,0.005553017807600182,0.09013677540395101,0.003164210185249149,0.09074596602913818,0.003230928626138718,0.09074596602892962,0.003230928626418512,0.9062709917195344,1.1702778228589004e-16,0.0035922328765146893,0.0031642101852491487,0.010615161360038605,0.005142329954383238,0.9092540339708618,0.003230928626138718,0.0006091906251871504,0.0005199257287406066,0.8484205210617353,0.05924545569695844,0.014207394236553294,0.005553017807600182,0.9845974186190898,0.005933037176492427
0.0,mean,same_time,mlp,1000,10,0,0.09372900828046571,0.09521352791540096,0.09372900828879718,0.09372900828046571,nan,0.08449385323345224,0.004596790631660474,0.09013677540395101,0.003164210185249149,0.09074596602913818,0.003230928626138718,0.09074596602892962,0.003230928626418512,0.9062709917195344,1.1702778228589004e-16,0.0035922328765146893,0.0031642101852491487,0.005642922170498776,0.004647695134351694,0.9092540339708618,0.003230928626138718,0.0006091906251871504,0.0005199257287406066,0.9014696173955125,0.049043414797535,0.009235155047013466,0.004596790631660473,0.9899349843541552,0.004972446264479926
0.0,mean,same_time,mlp,2500,10,0,0.09372900828046571,0.09521352791540096,0.09372900828879718,0.09372900828046571,nan,0.08828008067911779,0.0036861335501704243,0.09013677540395101,0.003164210185249149,0.09074596602913818,0.003230928626138718,0.09074596602892962,0.003230928626418512,0.9062709917195344,1.1702778228589004e-16,0.0035922328765146893,0.0031642101852491487,0.00185669472483323,0.0014098183451114223,0.9092540339708618,0.003230928626138718,0.0006091906251871504,0.0005199257287406066,0.9418650885002104,0.03932756376916304,0.0054489276013479195,0.0036861335501704243,0.9940380447133567,0.004007292416248945
0.0,mean,same_time,mlp,5000,10,0,0.09372900828046571,0.09521352791540096,0.09372900828879718,0.09372900828046571,nan,0.08929197168612714,0.0028125673415034637,0.09013677540395101,0.003164210185249149,0.09074596602913818,0.003230928626138718,0.09074596602892962,0.003230928626418512,0.9062709917195344,1.1702778228589004e-16,0.0035922328765146893,0.0031642101852491487,0.0008448037178238832,0.001063061626944175,0.9092540339708618,0.003230928626138718,0.0006091906251871504,0.0005199257287406066,0.9526610099078228,0.030007437324925133,0.004437036594338572,0.0028125673415034637,0.995136462930506,0.003071279013678854
0.0,mean,same_time,mlp,20000,10,1,0.09372900828046571,0.09521352791540096,0.09372900828879718,0.09372900828046571,nan,0.09013677540395101,0.003164210185249149,0.09013677540395101,0.003164210185249149,0.09074596602913818,0.003230928626138718,0.09074596602892962,0.003230928626418512,0.9062709917195344,1.1702778228589004e-16,0.0035922328765146893,0.0031642101852491487,0.0,0.0,0.9092540339708618,0.003230928626138718,0.0006091906251871504,0.0005199257287406066,0.961674267738269,0.033759134373649496,0.0035922328765146893,0.0031642101852491487,0.9960627241149582,0.0034589532776582283
0.0,mean,same_time,ridge,100,10,0,0.09372900828046571,0.09521352791540096,0.09372900828879718,0.09372900828046571,-8.331474399270178e-12,0.0771204429470672,0.009564812379628728,0.090531803654265,0.0031751351750309315,0.09074596602913818,0.003230928626138718,0.09074596602892962,0.003230928626418512,0.9062709917195344,1.1702778228589004e-16,0.0031972046262007114,0.0031751351750309315,0.013411360707197794,0.011495202878496175,0.9092540339708618,0.003230928626138718,0.00021416237487317246,0.0002583817719974172,0.822802293141728,0.10204751501272581,0.016608565333398505,0.009564812379628727,0.9820975222563572,0.010076029017804014
0.0,mean,same_time,ridge,250,10,0,0.09372900828046571,0.09521352791540096,0.09372900828879718,0.09372900828046571,-8.331474399270178e-12,0.08303676505009736,0.006799566647157507,0.090531803654265,0.0031751351750309315,0.09074596602913818,0.003230928626138718,0.09074596602892962,0.003230928626418512,0.9062709917195344,1.1702778228589004e-16,0.0031972046262007114,0.0031751351750309315,0.007495038604167637,0.006024002035456266,0.9092540339708618,0.003230928626138718,0.00021416237487317246,0.0002583817719974172,0.885923862563723,0.07254495456530528,0.010692243230368348,0.006799566647157507,0.9883883470510378,0.007318281090106871
0.0,mean,same_time,ridge,500,10,0,0.09372900828046571,0.09521352791540096,0.09372900828879718,0.09372900828046571,-8.331474399270178e-12,0.08533830942631078,0.005228925679433692,0.090531803654265,0.0031751351750309315,0.09074596602913818,0.003230928626138718,0.09074596602892962,0.003230928626418512,0.9062709917195344,1.1702778228589004e-16,0.0031972046262007114,0.0031751351750309315,0.0051934942279542205,0.004722452458877261,0.9092540339708618,0.003230928626138718,0.00021416237487317246,0.0002583817719974172,0.9104791674627837,0.05578769876436923,0.008390698854154933,0.005228925679433691,0.9908554837686558,0.005643922505662478
0.0,mean,same_time,ridge,1000,10,0,0.09372900828046571,0.09521352791540096,0.09372900828879718,0.09372900828046571,-8.331474399270178e-12,0.08872039700332016,0.0039157088766004905,0.090531803654265,0.0031751351750309315,0.09074596602913818,0.003230928626138718,0.09074596602892962,0.003230928626418512,0.9062709917195344,1.1702778228589004e-16,0.0031972046262007114,0.0031751351750309315,0.0018114066509448356,0.0026372704019593162,0.9092540339708618,0.003230928626138718,0.00021416237487317246,0.0002583817719974172,0.946562847841532,0.04177691568957499,0.0050086112771455474,0.0039157088766004905,0.9945202738394489,0.004270168535805066
0.0,mean,same_time,ridge,2500,10,0,0.09372900828046571,0.09521352791540096,0.09372900828879718,0.09372900828046571,-8.331474399270178e-12,0.08985132327941349,0.0030362898877525557,0.090531803654265,0.0031751351750309315,0.09074596602913818,0.003230928626138718,0.09074596602892962,0.003230928626418512,0.9062709917195344,1.1702778228589004e-16,0.0031972046262007114,0.0031751351750309315,0.000680480374851511,0.0009895207399051526,0.9092540339708618,0.003230928626138718,0.00021416237487317246,0.0002583817719974172,0.9586287631525023,0.03239434560821396,0.003877685001052222,0.0030362898877525557,0.995749469997681,0.003319392279749717
0.0,mean,same_time,ridge,5000,10,0,0.09372900828046571,0.09521352791540096,0.09372900828879718,0.09372900828046571,-8.331474399270178e-12,0.0900964572056452,0.0032513132190001466,0.090531803654265,0.0031751351750309315,0.09074596602913818,0.003230928626138718,0.09074596602892962,0.003230928626418512,0.9062709917195344,1.1702778228589004e-16,0.0031972046262007114,0.0031751351750309315,0.0004353464486198,0.0008268010069347071,0.9092540339708618,0.003230928626138718,0.00021416237487317246,0.0002583817719974172,0.9612441106391436,0.03468844148303832,0.0036325510748205113,0.0032513132190001466,0.996019201942509,0.003557146171306961
0.0,mean,same_time,ridge,20000,10,1,0.09372900828046571,0.09521352791540096,0.09372900828879718,0.09372900828046571,-8.331474399270178e-12,0.090531803654265,0.0031751351750309315,0.090531803654265,0.0031751351750309315,0.09074596602913818,0.003230928626138718,0.09074596602892962,0.003230928626418512,0.9062709917195344,1.1702778228589004e-16,0.0031972046262007114,0.0031751351750309315,0.0,0.0,0.9092540339708618,0.003230928626138718,0.00021416237487317246,0.0002583817719974172,0.9658888461015855,0.03387569369698185,0.0031972046262007114,0.0031751351750309315,0.9964954460237336,0.00347291315912551
0.0,occupation,dispersed,gp,100,10,0,0.3288284538097061,0.016804686944287432,0.3268187630006054,0.3288284538097061,nan,0.18077846061499284,0.20700217370746024,0.3162922958311388,0.007501981130750178,0.3312335415445256,0.003367579057230176,0.3291976005213111,0.0032632954952281474,0.6711715461902938,0.0,0.01253615797856723,0.007501981130750176,0.13551383521614604,0.20689085510751082,0.6687664584554744,0.003367579057230176,0.014941245713386741,0.006602701928832462,0.5497652606413732,0.6295141777093687,0.1480499931947133,0.20700217370746027,0.8501776807783459,0.13698329268412784
0.0,occupation,dispersed,gp,250,10,0,0.3288284538097061,0.016804686944287432,0.3268187630006054,0.3288284538097061,nan,0.27945427291637986,0.02651124333328633,0.3162922958311388,0.007501981130750178,0.3312335415445256,0.003367579057230176,0.3291976005213111,0.0032632954952281474,0.6711715461902938,0.0,0.01253615797856723,0.007501981130750176,0.03683802291475904,0.02659421846148065,0.6687664584554744,0.003367579057230176,0.014941245713386741,0.006602701928832462,0.8498482101494197,0.08062332509895405,0.04937418089332627,0.026511243333286333,0.9325519360579229,0.03248502367917846
0.0,occupation,dispersed,gp,500,10,0,0.3288284538097061,0.016804686944287432,0.3268187630006054,0.3288284538097061,nan,0.3026360521356886,0.009775010134020037,0.3162922958311388,0.007501981130750178,0.3312335415445256,0.003367579057230176,0.3291976005213111,0.0032632954952281474,0.6711715461902938,0.0,0.01253615797856723,0.007501981130750176,0.013656243695450298,0.01138907556377897,0.6687664584554744,0.003367579057230176,0.014941245713386741,0.006602701928832462,0.9203463040665723,0.029726777049764865,0.02619240167401753,0.009775010134020039,0.9626089403008875,0.013326551795826478
0.0,occupation,dispersed,gp,1000,10,0,0.3288284538097061,0.016804686944287432,0.3268187630006054,0.3288284538097061,nan,0.31457044194370704,0.006459261162092774,0.3162922958311388,0.007501981130750178,0.3312335415445256,0.003367579057230176,0.3291976005213111,0.0032632954952281474,0.6711715461902938,0.0,0.01253615797856723,0.007501981130750176,0.0017218538874317901,0.010332610030908336,0.6687664584554744,0.003367579057230176,0.014941245713386741,0.006602701928832462,0.9566399692581038,0.01964325497765703,0.01425801186599902,0.006459261162092774,0.9792769178035812,0.009254809972961665
0.0,occupation,dispersed,gp,2500,10,0,0.3288284538097061,0.016804686944287432,0.3268187630006054,0.3288284538097061,nan,0.31687844608436466,0.0033256113237010144,0.3162922958311388,0.007501981130750178,0.3312335415445256,0.003367579057230176,0.3291976005213111,0.0032632954952281474,0.6711715461902938,0.0,0.01253615797856723,0.007501981130750176,-0.0005861502532257257,0.005463262404488669,0.6687664584554744,0.003367579057230176,0.014941245713386741,0.006602701928832462,0.9636588391701132,0.010113514463762165,0.011950007725341504,0.0033256113237010144,0.9825277534395518,0.004791008068785296
0.0,occupation,dispersed,gp,5000,10,0,0.3288284538097061,0.016804686944287432,0.3268187630006054,0.3288284538097061,nan,0.3156534589552858,0.006671355318877766,0.3162922958311388,0.007501981130750178,0.3312335415445256,0.003367579057230176,0.3291976005213111,0.0032632954952281474,0.6711715461902938,0.0,0.01253615797856723,0.007501981130750176,0.0006388368758530772,0.00708193979639211,0.6687664584554744,0.003367579057230176,0.014941245713386741,0.006602701928832462,0.9599335315974672,0.020288254381837928,0.013174994854420308,0.006671355318877766,0.9808320972689044,0.009578304909796945
0.0,occupation,dispersed,gp,20000,10,1,0.3288284538097061,0.016804686944287432,0.3268187630006054,0.3288284538097061,nan,0.3162922958311388,0.007501981130750178,0.3162922958311388,0.007501981130750178,0.3312335415445256,0.003367579057230176,0.3291976005213111,0.0032632954952281474,0.6711715461902938,0.0,0.01253615797856723,0.007501981130750176,0.0,0.0,0.6687664584554744,0.003367579057230176,0.014941245713386741,0.006602701928832462,0.961876298010932,0.022814270005635198,0.01253615797856723,0.007501981130750176,0.9817704370402274,0.010733625608723636
0.0,occupation,dispersed,mlp,100,10,0,0.3288284538097061,0.016804686944287432,0.3268187630006054,0.3288284538097061,nan,0.19141641526070238,0.0918126429671361,0.3285804058121487,0.003531831384336458,0.3312335415445256,0.003367579057230176,0.3291976005213111,0.0032632954952281474,0.6711715461902938,0.0,0.0002480479975573879,0.0035318313843364585,0.1371639905514463,0.0906587217892799,0.6687664584554744,0.003367579057230176,0.0026531357323768988,0.0010191005742246342,0.5821163376922229,0.2792113696470693,0.1374120385490037,0.0918126429671361,0.839783023577745,0.09528982547999411
0.0,occupation,dispersed,mlp,250,10,0,0.3288284538097061,0.016804686944287432,0.3268187630006054,0.3288284538097061,nan,0.3021532717988249,0.010092027529306056,0.3285804058121487,0.003531831384336458,0.3312335415445256,0.003367579057230176,0.3291976005213111,0.0032632954952281474,0.6711715461902938,0.0,0.0002480479975573879,0.0035318313843364585,0.026427134013323816,0.009736064617699491,0.6687664584554744,0.003367579057230176,0.0026531357323768988,0.0010191005742246342,0.9188781210937476,0.030690858447263027,0.026675182010881204,0.010092027529306056,0.9619549897773323,0.013830409619238527
0.0,occupation,dispersed,mlp,500,10,0,0.3288284538097061,0.016804686944287432,0.3268187630006054,0.3288284538097061,nan,0.315049180999066,0.0063095045628539775,0.3285804058121487,0.003531831384336458,0.3312335415445256,0.003367579057230176,0.3291976005213111,0.0032632954952281474,0.6711715461902938,0.0,0.0002480479975573879,0.0035318313843364585,0.01353122481308272,0.005974279915870623,0.6687664584554744,0.003367579057230176,0.0026531357323768988,0.0010191005742246342,0.9580958622923361,0.019187830279752183,0.01377927281064011,0.006309504562853977,0.979957142817892,0.008964120018365444
0.0,occupation,dispersed,mlp,1000,10,0,0.3288284538097061,0.016804686944287432,0.3268187630006054,0.3288284538097061,nan,0.31934098993602095,0.007808246004823168,0.3285804058121487,0.003531831384336458,0.3312335415445256,0.003367579057230176,0.3291976005213111,0.0032632954952281474,0.6711715461902938,0.0,0.0002480479975573879,0.0035318313843364585,0.0092394158761278,0.00860000920626691,0.6687664584554744,0.003367579057230176,0.0026531357323768988,0.0010191005742246342,0.9711476796981333,0.023745651917768132,0.009487463873685186,0.0078082460048231675,0.9861770021705765,0.011202149516717117
0.0,occupation,dispersed,mlp,2500,10,0,0.3288284538097061,0.016804686944287432,0.3268187630006054,0.3288284538097061,nan,0.3238812079318882,0.004010342685391075,0.3285804058121487,0.003531831384336458,0.3312335415445256,0.003367579057230176,0.3291976005213111,0.0032632954952281474,0.6711715461902938,0.0,0.0002480479975573879,0.0035318313843364585,0.004699197880260475,0.0024098229931617332,0.6687664584554744,0.003367579057230176,0.0026531357323768988,0.0010191005742246342,0.9849549337336821,0.012195850568673283,0.004947245877817863,0.004010342685391075,0.9927143851501615,0.005902846914713089
0.0,occupation,dispersed,mlp,5000,10,0,0.3288284538097061,0.016804686944287432,0.3268187630006054,0.3288284538097061,nan,0.32703419336862194,0.003596437629368324,0.3285804058121487,0.003531831384336458,0.3312335415445256,0.003367579057230176,0.3291976005213111,0.0032632954952281474,0.6711715461902938,0.0,0.0002480479975573879,0.0035318313843364585,0.0015462124435268066,0.001337021094045538,0.6687664584554744,0.003367579057230176,0.0026531357323768988,0.0010191005742246342,0.9945434757232945,0.010937124168243606,0.0017942604410841946,0.003596437629368324,0.9973594792221145,0.005338824830723844
0.0,occupation,dispersed,mlp,20000,10,1,0.3288284538097061,0.016804686944287432,0.3268187630006054,0.3288284538097061,nan,0.3285804058121487,0.003531831384336458,0.3285804058121487,0.003531831384336458,0.3312335415445256,0.003367579057230176,0.3291976005213111,0.0032632954952281474,0.6711715461902938,0.0,0.0002480479975573879,0.0035318313843364585,0.0,0.0,0.6687664584554744,0.003367579057230176,0.0026531357323768988,0.0010191005742246342,0.9992456613937037,0.010740650157909799,0.0002480479975573879,0.0035318313843364585,0.9996554388763801,0.005254840136809973
0.0,occupation,dispersed,ridge,100,10,0,0.3288284538097061,0.016804686944287432,0.3268187630006054,0.3288284538097061,0.0020096908091006838,0.2790037576054323,0.02045109182480509,0.3288279380610316,0.0033183484728873808,0.3312335415445256,0.003367579057230176,0.3291976005213111,0.0032632954952281474,0.6711715461902938,0.0,5.157486744677975e-07,0.0033183484728873808,0.049824180455599346,0.020430395074140177,0.6687664584554744,0.003367579057230176,0.002405603483493979,0.0005108579746821898,0.8484781483262166,0.06219380223294239,0.04982469620427381,0.02045109182480509,0.9315517775143285,0.025756938198300248
0.0,occupation,dispersed,ridge,250,10,0,0.3288284538097061,0.016804686944287432,0.3268187630006054,0.3288284538097061,0.0020096908091006838,0.3028194578215751,0.008761230147587491,0.3288279380610316,0.0033183484728873808,0.3312335415445256,0.003367579057230176,0.3291976005213111,0.0032632954952281474,0.6711715461902938,0.0,5.157486744677975e-07,0.0033183484728873808,0.026008480239456566,0.007973371505889084,0.6687664584554744,0.003367579057230176,0.002405603483493979,0.0005108579746821898,0.9209040589803019,0.026643771383171234,0.026008995988131035,0.008761230147587493,0.9628311199241771,0.012122895333839671
0.0,occupation,dispersed,ridge,500,10,0,0.3288284538097061,0.016804686944287432,0.3268187630006054,0.3288284538097061,0.0020096908091006838,0.31695795248757064,0.005697590686754375,0.3288279380610316,0.0033183484728873808,0.3312335415445256,0.003367579057230176,0.3291976005213111,0.0032632954952281474,0.6711715461902938,0.0,5.157486744677975e-07,0.0033183484728873808,0.011869985573461018,0.0039339099431793985,0.6687664584554744,0.003367579057230176,0.002405603483493979,0.0005108579746821898,0.963900626041915,0.017326939383571657,0.011870501322135485,0.005697590686754375,0.9826824011612103,0.008162180306284255
0.0,occupation,dispersed,ridge,1000,10,0,0.3288284538097061,0.016804686944287432,0.3268187630006054,0.3288284538097061,0.0020096908091006838,0.3244464341366499,0.004509574058237223,0.3288279380610316,0.0033183484728873808,0.3312335415445256,0.003367579057230176,0.3291976005213111,0.0032632954952281474,0.6711715461902938,0.0,5.157486744677975e-07,0.0033183484728873808,0.004381503924381691,0.002742881098147281,0.6687664584554744,0.003367579057230176,0.002405603483493979,0.0005108579746821898,0.9866738427824984,0.01371406277647408,0.004382019673056159,0.004509574058237223,0.9935532665344603,0.006629446938986786
0.0,occupation,dispersed,ridge,2500,10,0,0.3288284538097061,0.016804686944287432,0.3268187630006054,0.3288284538097061,0.0020096908091006838,0.3268238381746042,0.003360268294000434,0.3288279380610316,0.0033183484728873808,0.3312335415445256,0.003367579057230176,0.3291976005213111,0.0032632954952281474,0.6711715461902938,0.0,5.157486744677975e-07,0.0033183484728873808,0.0020040998864274016,0.0008340348734354503,0.6687664584554744,0.003367579057230176,0.002405603483493979,0.0005108579746821898,0.99390376467767,0.010218909753913898,0.0020046156351018695,0.0033602682940004343,0.9970444548900975,0.004964354492578312
0.0,occupation,dispersed,ridge,5000,10,0,0.3288284538097061,0.016804686944287432,0.3268187630006054,0.3288284538097061,0.0020096908091006838,0.32766238862420954,0.0035372830920220276,0.3288279380610316,0.0033183484728873808,0.3312335415445256,0.003367579057230176,0.3291976005213111,0.0032632954952281474,0.6711715461902938,0.0,5.157486744677975e-07,0.0033183484728873808,0.0011655494368220665,0.0006905739503747047,0.6687664584554744,0.003367579057230176,0.002405603483493979,0.0005108579746821898,0.9964538799121948,0.010757229342656154,0.0011660651854965343,0.003537283092022027,0.9982904796472262,0.005242828230368742
0.0,occupation,dispersed,ridge,20000,10,1,0.3288284538097061,0.016804686944287432,0.3268187630006054,0.3288284538097061,0.0020096908091006838,0.3288279380610316,0.0033183484728873808,0.3288279380610316,0.0033183484728873808,0.3312335415445256,0.003367579057230176,0.3291976005213111,0.0032632954952281474,0.6711715461902938,0.0,5.157486744677975e-07,0.0033183484728873808,0.0,0.0,0.6687664584554744,0.003367579057230176,0.002405603483493979,0.0005108579746821898,0.9999984315570367,0.010091427412810583,5.157486744677975e-07,0.0033183484728873808,1.0000211789065214,0.004932456576805549
0.0,occupation,same_time,gp,100,10,0,0.0860502626123045,0.016804686944287432,0.08452056361587312,0.0860502626123045,nan,0.0342299656135032,0.034335000726255525,0.07451914551954239,0.009605791272947636,0.08354436428056722,0.0032083180501414326,0.08185070315487969,0.0032801339565941873,0.9139497373876957,2.340555645717801e-16,0.011531117092762106,0.009605791272947636,0.040289179906039196,0.02914206863485401,0.9164556357194329,0.0032083180501414326,0.009025218761024823,0.009041271294861904,0.3977903677961418,0.3990109929234068,0.05182029699880131,0.03433500072625553,0.9473640021590569,0.031927825607691036
0.0,occupation,same_time,gp,250,10,0,0.0860502626123045,0.016804686944287432,0.08452056361587312,0.0860502626123045,nan,0.033640995854315923,0.093302307974321,0.07451914551954239,0.009605791272947636,0.08354436428056722,0.0032083180501414326,0.08185070315487969,0.0032801339565941873,0.9139497373876957,2.340555645717801e-16,0.011531117092762106,0.009605791272947636,0.040878149665226474,0.09294465487327239,0.9164556357194329,0.0032083180501414326,0.009025218761024823,0.009041271294861904,0.3909458824766623,1.084276853339661,0.052409266757988585,0.09330230797432101,0.9522248105567177,0.07437213643814064
0.0,occupation,same_time,gp,500,10,0,0.0860502626123045,0.016804686944287432,0.08452056361587312,0.0860502626123045,nan,0.04592758628520405,0.06767376890169044,0.07451914551954239,0.009605791272947636,0.08354436428056722,0.0032083180501414326,0.08185070315487969,0.0032801339565941873,0.9139497373876957,2.340555645717801e-16,0.011531117092762106,0.009605791272947636,0.02859155923433835,0.07104886848737484,0.9164556357194329,0.0032083180501414326,0.009025218761024823,0.009041271294861904,0.5337297631749094,0.7864446527791725,0.04012267632710046,0.06767376890169044,0.9616868132273494,0.05864626451913474
0.0,occupation,same_time,gp,1000,10,0,0.0860502626123045,0.016804686944287432,0.08452056361587312,0.0860502626123045,nan,0.07559625321530596,0.009516704035883073,0.07451914551954239,0.009605791272947636,0.08354436428056722,0.0032083180501414326,0.08185070315487969,0.0032801339565941873,0.9139497373876957,2.340555645717801e-16,0.011531117092762106,0.009605791272947636,-0.0010771076957635573,0.015079750135329006,0.9164556357194329,0.0032083180501414326,0.009025218761024823,0.009041271294861904,0.8785127542945614,0.11059471228763292,0.010454009396998549,0.009516704035883073,0.9887840270047835,0.01003242724807603
0.0,occupation,same_time,gp,2500,10,0,0.0860502626123045,0.016804686944287432,0.08452056361587312,0.0860502626123045,nan,0.07780954333477189,0.0035437156549305584,0.07451914551954239,0.009605791272947636,0.08354436428056722,0.0032083180501414326,0.08185070315487969,0.0032801339565941873,0.9139497373876957,2.340555645717801e-16,0.011531117092762106,0.009605791272947636,-0.0032903978152294955,0.007606930603151777,0.9164556357194329,0.0032083180501414326,0.009025218761024823,0.009041271294861904,0.9042336533630257,0.04118192725217595,0.00824071927753261,0.0035437156549305584,0.991077128623151,0.003804098269175914
0.0,occupation,same_time,gp,5000,10,0,0.0860502626123045,0.016804686944287432,0.08452056361587312,0.0860502626123045,nan,0.07872908661122288,0.006229787696109449,0.07451914551954239,0.009605791272947636,0.08354436428056722,0.0032083180501414326,0.08185070315487969,0.0032801339565941873,0.9139497373876957,2.340555645717801e-16,0.011531117092762106,0.009605791272947636,-0.00420994109168048,0.010417422096476872,0.9164556357194329,0.0032083180501414326,0.009025218761024823,0.009041271294861904,0.9149197715518099,0.07239707941598587,0.007321176001081625,0.006229787696109449,0.9920937080754282,0.006659750292160617
0.0,occupation,same_time,gp,20000,10,1,0.0860502626123045,0.016804686944287432,0.08452056361587312,0.0860502626123045,nan,0.07451914551954239,0.009605791272947636,0.07451914551954239,0.009605791272947636,0.08354436428056722,0.0032083180501414326,0.08185070315487969,0.0032801339565941873,0.9139497373876957,2.340555645717801e-16,0.011531117092762106,0.009605791272947636,0.0,0.0,0.9164556357194329,0.0032083180501414326,0.009025218761024823,0.009041271294861904,0.8659955618646391,0.11163000531707946,0.011531117092762106,0.009605791272947636,0.9876354923561189,0.010179603808928326
0.0,occupation,same_time,mlp,100,10,0,0.0860502626123045,0.016804686944287432,0.08452056361587312,0.0860502626123045,nan,0.04981041398499399,0.05170095505301642,0.0830233323177196,0.0029944586535051022,0.08354436428056722,0.0032083180501414326,0.08185070315487969,0.0032801339565941873,0.9139497373876957,2.340555645717801e-16,0.0030269302945848896,0.0029944586535051022,0.033212918332725626,0.05242083602481405,0.9164556357194329,0.0032083180501414326,0.0005210319628476068,0.00036579742846,0.5788525505077481,0.6008227457242368,0.03623984862731052,0.051700955053016424,0.9641589527677986,0.04697345577128664
0.0,occupation,same_time,mlp,250,10,0,0.0860502626123045,0.016804686944287432,0.08452056361587312,0.0860502626123045,nan,0.0677055909772952,0.012136825689531863,0.0830233323177196,0.0029944586535051022,0.08354436428056722,0.0032083180501414326,0.08185070315487969,0.0032801339565941873,0.9139497373876957,2.340555645717801e-16,0.0030269302945848896,0.0029944586535051022,0.015317741340424407,0.010813494294397024,0.9164556357194329,0.0032083180501414326,0.0005210319628476068,0.00036579742846,0.7868144607802028,0.1410434474118199,0.018344671635009295,0.01213682568953186,0.9804706794774324,0.012597414776075642
0.0,occupation,same_time,mlp,500,10,0,0.0860502626123045,0.016804686944287432,0.08452056361587312,0.0860502626123045,nan,0.07559657096533012,0.006791563878637806,0.0830233323177196,0.0029944586535051022,0.08354436428056722,0.0032083180501414326,0.08185070315487969,0.0032801339565941873,0.9139497373876957,2.340555645717801e-16,0.0030269302945848896,0.0029944586535051022,0.007426761352389488,0.005345639752527276,0.9164556357194329,0.0032083180501414326,0.0005210319628476068,0.00036579742846,0.8785164469041424,0.07892554505309164,0.010453691646974378,0.006791563878637806,0.9887389908986378,0.007194785060664502
0.0,occupation,same_time,mlp,1000,10,0,0.0860502626123045,0.016804686944287432,0.08452056361587312,0.0860502626123045,nan,0.0805371576136299,0.004019817122756201,0.0830233323177196,0.0029944586535051022,0.08354436428056722,0.0032083180501414326,0.08185070315487969,0.0032801339565941873,0.9139497373876957,2.340555645717801e-16,0.0030269302945848896,0.0029944586535051022,0.0024861747040897165,0.0022707600616046104,0.9164556357194329,0.0032083180501414326,0.0005210319628476068,0.00036579742846,0.9359315726494218,0.04671475717473754,0.005513104998674606,0.004019817122756201,0.9940210760351382,0.00434144892766585
0.0,occupation,same_time,mlp,2500,10,0,0.0860502626123045,0.016804686944287432,0.08452056361587312,0.0860502626123045,nan,0.08177016997153205,0.003162525092481518,0.0830233323177196,0.0029944586535051022,0.08354436428056722,0.0032083180501414326,0.08185070315487969,0.0032801339565941873,0.9139497373876957,2.340555645717801e-16,0.0030269302945848896,0.0029944586535051022,0.001253162346187553,0.0013850571706301887,0.9164556357194329,0.0032083180501414326,0.0005210319628476068,0.00036579742846,0.9502605510914451,0.03675206787839951,0.004280092640772443,0.003162525092481518,0.9953493568915436,0.0034197160301004154
0.0,occupation,same_time,mlp,5000,10,0,0.0860502626123045,0.016804686944287432,0.08452056361587312,0.0860502626123045,nan,0.08192062350748225,0.0032374456667916083,0.0830233323177196,0.0029944586535051022,0.08354436428056722,0.0032083180501414326,0.08185070315487969,0.0032801339565941873,0.9139497373876957,2.340555645717801e-16,0.0030269302945848896,0.0029944586535051022,0.0011027088102373629,0.0010755404275992328,0.9164556357194329,0.0032083180501414326,0.0005210319628476068,0.00036579742846,0.952008988939079,0.03762272849041461,0.0041296391048222525,0.0032374456667916083,0.9955130051013837,0.003508159698794855
0.0,occupation,same_time,mlp,20000,10,1,0.0860502626123045,0.016804686944287432,0.08452056361587312,0.0860502626123045,nan,0.0830233323177196,0.0029944586535051022,0.0830233323177196,0.0029944586535051022,0.08354436428056722,0.0032083180501414326,0.08185070315487969,0.0032801339565941873,0.9139497373876957,2.340555645717801e-16,0.0030269302945848896,0.0029944586535051022,0.0,0.0,0.9164556357194329,0.0032083180501414326,0.0005210319628476068,0.00036579742846,0.9648236948651443,0.03479894845872228,0.0030269302945848896,0.0029944586535051022,0.9967085612016231,0.00324961778372706
0.0,occupation,same_time,ridge,100,10,0,0.0860502626123045,0.016804686944287432,0.08452056361587312,0.0860502626123045,0.0015296989964313779,0.06662549304636851,0.020792237954055874,0.08166158441537777,0.003283758289008408,0.08354436428056722,0.0032083180501414326,0.08185070315487969,0.0032801339565941873,0.9139497373876957,2.340555645717801e-16,0.004388678196926737,0.003283758289008408,0.015036091369009252,0.021114684580423017,0.9164556357194329,0.0032083180501414326,0.0018827798651894546,0.0003116920479525866,0.7742625184834891,0.24162898895189133,0.01942476956593599,0.020792237954055874,0.9796085681884954,0.020948132683424336
0.0,occupation,same_time,ridge,250,10,0,0.0860502626123045,0.016804686944287432,0.08452056361587312,0.0860502626123045,0.0015296989964313779,0.07439194609678658,0.009777379825736614,0.08166158441537777,0.003283758289008408,0.08354436428056722,0.0032083180501414326,0.08185070315487969,0.0032801339565941873,0.9139497373876957,2.340555645717801e-16,0.004388678196926737,0.003283758289008408,0.007269638318591187,0.007533763577698207,0.9164556357194329,0.0032083180501414326,0.0018827798651894546,0.0003116920479525866,0.8645173627413094,0.1136240556265139,0.011658316515517925,0.009777379825736615,0.9875020658120481,0.010242935752661698
0.0,occupation,same_time,ridge,500,10,0,0.0860502626123045,0.016804686944287432,0.08452056361587312,0.0860502626123045,0.0015296989964313779,0.07754068991541409,0.004978425928978273,0.08166158441537777,0.003283758289008408,0.08354436428056722,0.0032083180501414326,0.08185070315487969,0.0032801339565941873,0.9139497373876957,2.340555645717801e-16,0.004388678196926737,0.003283758289008408,0.004120894499963679,0.0036456848074206856,0.9164556357194329,0.0032083180501414326,0.0018827798651894546,0.0003116920479525866,0.90110927685102,0.0578548603786178,0.008509572696890417,0.004978425928978273,0.9908009744696666,0.005322135824920208
0.0,occupation,same_time,ridge,1000,10,0,0.0860502626123045,0.016804686944287432,0.08452056361587312,0.0860502626123045,0.0015296989964313779,0.07990131893606225,0.004337011400571031,0.08166158441537777,0.003283758289008408,0.08354436428056722,0.0032083180501414326,0.08185070315487969,0.0032801339565941873,0.9139497373876957,2.340555645717801e-16,0.004388678196926737,0.003283758289008408,0.0017602654793155148,0.0024543508719508268,0.9164556357194329,0.0032083180501414326,0.0018827798651894546,0.0003116920479525866,0.9285424182382102,0.050400908363420545,0.006148943676242252,0.004337011400571031,0.9933369040673303,0.004672445072797239
0.0,occupation,same_time,ridge,2500,10,0,0.0860502626123045,0.016804686944287432,0.08452056361587312,0.0860502626123045,0.0015296989964313779,0.08102490452303088,0.0034240734692028343,0.08166158441537777,0.003283758289008408,0.08354436428056722,0.0032083180501414326,0.08185070315487969,0.0032801339565941873,0.9139497373876957,2.340555645717801e-16,0.004388678196926737,0.003283758289008408,0.0006366798923468809,0.001101926594663597,0.9164556357194329,0.0032083180501414326,0.0018827798651894546,0.0003116920479525866,0.9415997355880814,0.039791551649642716,0.005025358089273619,0.0034240734692028343,0.9945439584261088,0.003696638585205993
0.0,occupation,same_time,ridge,5000,10,0,0.0860502626123045,0.016804686944287432,0.08452056361587312,0.0860502626123045,0.0015296989964313779,0.08117208326776046,0.0034910777806245828,0.08166158441537777,0.003283758289008408,0.08354436428056722,0.0032083180501414326,0.08185070315487969,0.0032801339565941873,0.9139497373876957,2.340555645717801e-16,0.004388678196926737,0.003283758289008408,0.0004895011476172995,0.000920623135781367,0.9164556357194329,0.0032083180501414326,0.0018827798651894546,0.0003116920479525866,0.9433101167102482,0.04057021646004119,0.004878179344544037,0.0034910777806245828,0.9947037735489689,0.003774284489621956
0.0,occupation,same_time,ridge,20000,10,1,0.0860502626123045,0.016804686944287432,0.08452056361587312,0.0860502626123045,0.0015296989964313779,0.08166158441537777,0.003283758289008408,0.08166158441537777,0.003283758289008408,0.08354436428056722,0.0032083180501414326,0.08185070315487969,0.0032801339565941873,0.9139497373876957,2.340555645717801e-16,0.004388678196926737,0.003283758289008408,0.0,0.0,0.9164556357194329,0.0032083180501414326,0.0018827798651894546,0.0003116920479525866,0.9489986658530061,0.038160932800440486,0.004388678196926737,0.003283758289008408,0.9952324901371039,0.003549730222120244
0.35,mean,dispersed,gp,100,10,0,0.726640120027032,0.4118887931450079,0.7266401200429997,0.36242539370674215,nan,0.6481951397845929,0.026768063835939646,0.7126434518729412,0.002410670397070361,0.726995231238073,0.003019120224313607,0.7269952312380942,0.0030191202243228547,0.27335987997296796,0.0,0.013996668154090897,0.002410670397070361,0.06444831208834825,0.028237140067142286,0.27300476876192714,0.003019120224313607,0.014351779365131767,0.002263608323048911,0.892044248479535,0.03683813086861185,0.07844498024243915,0.026768063835939646,0.7811164658906162,0.06000984936408955
0.35,mean,dispersed,gp,250,10,0,0.726640120027032,0.4118887931450079,0.7266401200429997,0.36242539370674215,nan,0.6837923654050396,0.006584608867994121,0.7126434518729412,0.002410670397070361,0.726995231238073,0.003019120224313607,0.7269952312380942,0.0030191202243228547,0.27335987997296796,0.0,0.013996668154090897,0.002410670397070361,0.028851086467901577,0.0075614678445016705,0.27300476876192714,0.003019120224313607,0.014351779365131767,0.002263608323048911,0.941033045876412,0.009061719393844049,0.04284775462199247,0.00658460886799412,0.8648320878979294,0.01799633963036632
0.35,mean,dispersed,gp,500,10,0,0.726640120027032,0.4118887931450079,0.7266401200429997,0.36242539370674215,nan,0.6979450129440041,0.005175643819530542,0.7126434518729412,0.002410670397070361,0.726995231238073,0.003019120224313607,0.7269952312380942,0.0030191202243228547,0.27335987997296796,0.0,0.013996668154090897,0.002410670397070361,0.014698438928937041,0.006186187710965007,0.27300476876192714,0.003019120224313607,0.014351779365131767,0.002263608323048911,0.9605098778719231,0.007122705830415729,0.028695107083027936,0.005175643819530542,0.905241463498953,0.015635276614893754
0.35,mean,dispersed,gp,1000,10,0,0.726640120027032,0.4118887931450079,0.7266401200429997,0.36242539370674215,nan,0.7048837400520673,0.005626050468299757,0.7126434518729412,0.002410670397070361,0.726995231238073,0.003019120224313607,0.7269952312380942,0.0030191202243228547,0.27335987997296796,0.0,0.013996668154090897,0.002410670397070361,0.0077597118208738046,0.006762772120565176,0.27300476876192714,0.003019120224313607,0.014351779365131767,0.002263608323048911,0.9700589337481731,0.007742554138203182,0.021756379974964702,0.005626050468299758,0.9265782507084401,0.017465365727333124
0.35,mean,dispersed,gp,2500,10,0,0.726640120027032,0.4118887931450079,0.7266401200429997,0.36242539370674215,nan,0.7114682226340909,0.0035385120603878633,0.7126434518729412,0.002410670397070361,0.726995231238073,0.003019120224313607,0.7269952312380942,0.0030191202243228547,0.27335987997296796,0.0,0.013996668154090897,0.002410670397070361,0.0011752292388502283,0.004389389554687001,0.27300476876192714,0.003019120224313607,0.014351779365131767,0.002263608323048911,0.9791204793476354,0.004869689909574802,0.015171897392941124,0.0035385120603878633,0.947545335421988,0.011637865034701197
0.35,mean,dispersed,gp,5000,10,0,0.726640120027032,0.4118887931450079,0.7266401200429997,0.36242539370674215,nan,0.7132599624427527,0.0035451064889316353,0.7126434518729412,0.002410670397070361,0.726995231238073,0.003019120224313607,0.7269952312380942,0.0030191202243228547,0.27335987997296796,0.0,0.013996668154090897,0.002410670397070361,-0.0006165105698115014,0.0035568902046486466,0.27300476876192714,0.003019120224313607,0.014351779365131767,0.002263608323048911,0.981586266412345,0.004878765142777615,0.013380157584279396,0.0035451064889316353,0.9534690832710915,0.011873300684097522
0.35,mean,dispersed,gp,20000,10,1,0.726640120027032,0.4118887931450079,0.7266401200429997,0.36242539370674215,nan,0.7126434518729412,0.002410670397070361,0.7126434518729412,0.002410670397070361,0.726995231238073,0.003019120224313607,0.7269952312380942,0.0030191202243228547,0.27335987997296796,0.0,0.013996668154090897,0.002410670397070361,0.0,0.0,0.27300476876192714,0.003019120224313607,0.014351779365131767,0.002263608323048911,0.9807378263760468,0.0033175575234968917,0.013996668154090897,0.002410670397070361,0.9513520892712647,0.00800728344848429
0.35,mean,dispersed,mlp,100,10,0,0.726640120027032,0.4118887931450079,0.7266401200429997,0.36242539370674215,nan,0.7022241663658532,0.010635830178540718,0.7258282249581516,0.0030469005329221595,0.726995231238073,0.003019120224313607,0.7269952312380942,0.0030191202243228547,0.27335987997296796,0.0,0.0008118950688803861,0.0030469005329221595,0.023604058592298482,0.010117998796766392,0.27300476876192714,0.003019120224313607,0.0011670062799212567,0.0005212215724129871,0.9663988362488564,0.014636998268338188,0.02441595366117887,0.010635830178540718,0.9190208965709818,0.03161155875532553
0.35,mean,dispersed,mlp,250,10,0,0.726640120027032,0.4118887931450079,0.7266401200429997,0.36242539370674215,nan,0.7163241970395886,0.004095844456004804,0.7258282249581516,0.0030469005329221595,0.726995231238073,0.003019120224313607,0.7269952312380942,0.0030191202243228547,0.27335987997296796,0.0,0.0008118950688803861,0.0030469005329221595,0.009504027918563085,0.0030725509724802776,0.27300476876192714,0.003019120224313607,0.0011670062799212567,0.0005212215724129871,0.9858032570689055,0.005636689116274547,0.01031592298744347,0.004095844456004804,0.9638172188494567,0.014038422475416397
0.35,mean,dispersed,mlp,500,10,0,0.726640120027032,0.4118887931450079,0.7266401200429997,0.36242539370674215,nan,0.7200692777079156,0.003329652789041608,0.7258282249581516,0.0030469005329221595,0.726995231238073,0.003019120224313607,0.7269952312380942,0.0030191202243228547,0.27335987997296796,0.0,0.0008118950688803861,0.0030469005329221595,0.005758947250236068,0.0027501217566519133,0.27300476876192714,0.003019120224313607,0.0011670062799212567,0.0005212215724129871,0.9909572260903072,0.004582258393491586,0.006570842319116454,0.0033296527890416074,0.9766508992943436,0.011584046146528953
0.35,mean,dispersed,mlp,1000,10,0,0.726640120027032,0.4118887931450079,0.7266401200429997,0.36242539370674215,nan,0.7202580687368835,0.0033817856521515146,0.7258282249581516,0.0030469005329221595,0.726995231238073,0.003019120224313607,0.7269952312380942,0.0030191202243228547,0.27335987997296796,0.0,0.0008118950688803861,0.0030469005329221595,0.005570156221268186,0.003072470451217181,0.27300476876192714,0.003019120224313607,0.0011670062799212567,0.0005212215724129871,0.9912170397501434,0.004654003486658153,0.0063820512901485715,0.0033817856521515146,0.9773157529276567,0.011932379983974398
0.35,mean,dispersed,mlp,2500,10,0,0.726640120027032,0.4118887931450079,0.7266401200429997,0.36242539370674215,nan,0.7242344337960096,0.0032597672158280384,0.7258282249581516,0.0030469005329221595,0.726995231238073,0.003019120224313607,0.7269952312380942,0.0030191202243228547,0.27335987997296796,0.0,0.0008118950688803861,0.0030469005329221595,0.001593791162142011,0.0011398415732628599,0.27300476876192714,0.003019120224313607,0.0011670062799212567,0.0005212215724129871,0.9966893016711864,0.004486082072796584,0.002405686231022397,0.003259767215828039,0.9914014440735637,0.011760321766832423
0.35,mean,dispersed,mlp,5000,10,0,0.726640120027032,0.4118887931450079,0.7266401200429997,0.36242539370674215,nan,0.7255728403249057,0.003039871231471894,0.7258282249581516,0.0030469005329221595,0.726995231238073,0.003019120224313607,0.7269952312380942,0.0030191202243228547,0.27335987997296796,0.0,0.0008118950688803861,0.0030469005329221595,0.0002553846332460141,0.000807493527054647,0.27300476876192714,0.003019120224313607,0.0011670062799212567,0.0005212215724129871,0.9985312128071229,0.004183461864669443,0.0010672797021264002,0.003039871231471894,0.9962213454067858,0.011080800635038525
0.35,mean,dispersed,mlp,20000,10,1,0.726640120027032,0.4118887931450079,0.7266401200429997,0.36242539370674215,nan,0.7258282249581516,0.0030469005329221595,0.7258282249581516,0.0030469005329221595,0.726995231238073,0.003019120224313607,0.7269952312380942,0.0030191202243228547,0.27335987997296796,0.0,0.0008118950688803861,0.0030469005329221595,0.0,0.0,0.27300476876192714,0.003019120224313607,0.0011670062799212567,0.0005212215724129871,0.998882672389669,0.004193135568689498,0.0008118950688803861,0.0030469005329221595,0.9971500507587958,0.011129993648897031
0.35,mean,dispersed,ridge,100,10,0,0.726640120027032,0.4118887931450079,0.7266401200429997,0.36242539370674215,-1.596767162936885e-11,0.7033273192935002,0.01070795208367667,0.7269030934127639,0.0030142773297085214,0.726995231238073,0.003019120224313607,0.7269952312380942,0.0030191202243228547,0.27335987997296796,0.0,-0.00026297338573185727,0.0030142773297085214,0.02357577411926366,0.010135192879305978,0.27300476876192714,0.003019120224313607,9.213782530901327e-05,6.953726286014684e-05,0.9679169920693829,0.014736252222459596,0.023312800733531803,0.01070795208367667,0.9224512924567296,0.031801335726738905
0.35,mean,dispersed,ridge,250,10,0,0.726640120027032,0.4118887931450079,0.7266401200429997,0.36242539370674215,-1.596767162936885e-11,0.7178693697419127,0.00475735236942333,0.7269030934127639,0.0030142773297085214,0.726995231238073,0.003019120224313607,0.7269952312380942,0.0030191202243228547,0.27335987997296796,0.0,-0.00026297338573185727,0.0030142773297085214,0.009033723670851156,0.003717714874701109,0.27300476876192714,0.003019120224313607,9.213782530901327e-05,6.953726286014684e-05,0.987929719205715,0.006547054364747087,0.0087707502851193,0.004757352369423331,0.9691612881763725,0.016398870382306596
0.35,mean,dispersed,ridge,500,10,0,0.726640120027032,0.4118887931450079,0.7266401200429997,0.36242539370674215,-1.596767162936885e-11,0.7220345488485695,0.003275398544713504,0.7269030934127639,0.0030142773297085214,0.726995231238073,0.003019120224313607,0.7269952312380942,0.0030191202243228547,0.27335987997296796,0.0,-0.00026297338573185727,0.0030142773297085214,0.004868544564194388,0.0027268141228022867,0.27300476876192714,0.003019120224313607,9.213782530901327e-05,6.953726286014684e-05,0.9936618264646727,0.004507593861720262,0.0046055711784625305,0.0032753985447135044,0.983553917180445,0.011578060420368404
0.35,mean,dispersed,ridge,1000,10,0,0.726640120027032,0.4118887931450079,0.7266401200429997,0.36242539370674215,-1.596767162936885e-11,0.7238806508013726,0.0032877975766825726,0.7269030934127639,0.0030142773297085214,0.726995231238073,0.003019120224313607,0.7269952312380942,0.0030191202243228547,0.27335987997296796,0.0,-0.00026297338573185727,0.0030142773297085214,0.0030224426113913292,0.002229765812898339,0.27300476876192714,0.003019120224313607,9.213782530901327e-05,6.953726286014684e-05,0.9962024265525597,0.004524657373116509,0.002759469225659472,0.003287797576682573,0.9901335562852079,0.011880631312628748
0.35,mean,dispersed,ridge,2500,10,0,0.726640120027032,0.4118887931450079,0.7266401200429997,0.36242539370674215,-1.596767162936885e-11,0.7261780804925243,0.003082601090732001,0.7269030934127639,0.0030142773297085214,0.726995231238073,0.003019120224313607,0.7269952312380942,0.0030191202243228547,0.27335987997296796,0.0,-0.00026297338573185727,0.0030142773297085214,0.0007250129202395539,0.0004802698174871545,0.27300476876192714,0.003019120224313607,9.213782530901327e-05,6.953726286014684e-05,0.9993641425490096,0.004242266571542097,0.00046203953450769665,0.0030826010907320013,0.9984273102561291,0.011319541604234165
0.35,mean,dispersed,ridge,5000,10,0,0.726640120027032,0.4118887931450079,0.7266401200429997,0.36242539370674215,-1.596767162936885e-11,0.7265647151925556,0.003025540807497458,0.7269030934127639,0.0030142773297085214,0.726995231238073,0.003019120224313607,0.7269952312380942,0.0030191202243228547,0.27335987997296796,0.0,-0.00026297338573185727,0.0030142773297085214,0.0003383782202082797,0.00023396475230361635,0.27300476876192714,0.003019120224313607,9.213782530901327e-05,6.953726286014684e-05,0.999896228088158,0.004163740377265321,7.540483447642244e-05,0.0030255408074974584,0.9998349943648032,0.011123178994442156
0.35,mean,dispersed,ridge,20000,10,1,0.726640120027032,0.4118887931450079,0.7266401200429997,0.36242539370674215,-1.596767162936885e-11,0.7269030934127639,0.0030142773297085214,0.7269030934127639,0.0030142773297085214,0.726995231238073,0.003019120224313607,0.7269952312380942,0.0030191202243228547,0.27335987997296796,0.0,-0.00026297338573185727,0.0030142773297085214,0.0,0.0,0.27300476876192714,0.003019120224313607,9.213782530901327e-05,6.953726286014684e-05,1.000361903201439,0.004148239612198101,-0.00026297338573185727,0.0030142773297085214,1.0010732113738654,0.011102243655596686
0.35,mean,same_time,gp,100,10,0,0.37190681274750936,0.4118887931450079,0.37190681278056786,0.0937290082804657,nan,0.2961755469377966,0.025758606605150842,0.3664230440424736,0.004535625922878565,0.3719157138422252,0.005403675089787945,0.37191571384204847,0.005403675090334817,0.6280931872524906,0.0,0.005483768705035741,0.004535625922878565,0.07024749710467706,0.0253199727952629,0.6280842861577748,0.005403675089787945,0.005492669799751615,0.003043667918124757,0.7963703185477073,0.0692609162355909,0.0757312658097128,0.025758606605150842,0.8934900939333014,0.033110977440334845
0.35,mean,same_time,gp,250,10,0,0.37190681274750936,0.4118887931450079,0.37190681278056786,0.0937290082804657,nan,0.3302684152039085,0.023278562371047726,0.3664230440424736,0.004535625922878565,0.3719157138422252,0.005403675089787945,0.37191571384204847,0.005403675090334817,0.6280931872524906,0.0,0.005483768705035741,0.004535625922878565,0.036154628838565114,0.0255290747346924,0.6280842861577748,0.005403675089787945,0.005492669799751615,0.003043667918124757,0.8880407776453682,0.06259246018935324,0.04163839754360086,0.023278562371047723,0.9388270226643696,0.03195753210560444
0.35,mean,same_time,gp,500,10,0,0.37190681274750936,0.4118887931450079,0.37190681278056786,0.0937290082804657,nan,0.35220638665926335,0.017261598461482452,0.3664230440424736,0.004535625922878565,0.3719157138422252,0.005403675089787945,0.37191571384204847,0.005403675090334817,0.6280931872524906,0.0,0.005483768705035741,0.004535625922878565,0.014216657383210308,0.015588901680518581,0.6280842861577748,0.005403675089787945,0.005492669799751615,0.003043667918124757,0.9470285958390849,0.046413773208294234,0.01970042608824605,0.017261598461482452,0.9701831834308676,0.02481326364854957
0.35,mean,same_time,gp,1000,10,0,0.37190681274750936,0.4118887931450079,0.37190681278056786,0.0937290082804657,nan,0.3622961760805344,0.008372341598226953,0.3664230440424736,0.004535625922878565,0.3719157138422252,0.005403675089787945,0.37191571384204847,0.005403675090334817,0.6280931872524906,0.0,0.005483768705035741,0.004535625922878565,0.0041268679619392845,0.007104439306280936,0.6280842861577748,0.005403675089787945,0.005492669799751615,0.003043667918124757,0.9741584818089908,0.02251193393413582,0.009610636666975026,0.008372341598226953,0.9850807895519529,0.012820816098542617
0.35,mean,same_time,gp,2500,10,0,0.37190681274750936,0.4118887931450079,0.37190681278056786,0.0937290082804657,nan,0.36362913975108996,0.015515845858972407,0.3664230440424736,0.004535625922878565,0.3719157138422252,0.005403675089787945,0.37191571384204847,0.005403675090334817,0.6280931872524906,0.0,0.005483768705035741,0.004535625922878565,0.0027939042913835976,0.01407850636860568,0.6280842861577748,0.005403675089787945,0.005492669799751615,0.003043667918124757,0.9777426153200397,0.041719713990574954,0.00827767299641934,0.015515845858972407,0.987493027872582,0.022818556203306105
0.35,mean,same_time,gp,5000,10,0,0.37190681274750936,0.4118887931450079,0.37190681278056786,0.0937290082804657,nan,0.3675214737110669,0.007121016991085525,0.3664230440424736,0.004535625922878565,0.3719157138422252,0.005403675089787945,0.37191571384204847,0.005403675090334817,0.6280931872524906,0.0,0.005483768705035741,0.004535625922878565,-0.0010984296685932816,0.0048758817325547125,0.6280842861577748,0.005403675089787945,0.005492669799751615,0.003043667918124757,0.9882085003927591,0.019147315260180618,0.0043853390364424595,0.007121016991085525,0.9931791943704484,0.01112974319850208
0.35,mean,same_time,gp,20000,10,1,0.37190681274750936,0.4118887931450079,0.37190681278056786,0.0937290082804657,nan,0.3664230440424736,0.004535625922878565,0.3664230440424736,0.004535625922878565,0.3719157138422252,0.005403675089787945,0.37191571384204847,0.005403675090334817,0.6280931872524906,0.0,0.005483768705035741,0.004535625922878565,0.0,0.0,0.6280842861577748,0.005403675089787945,0.005492669799751615,0.003043667918124757,0.9852549926027876,0.012195597841757866,0.005483768705035741,0.004535625922878565,0.9913906537120052,0.007125280136562001
0.35,mean,same_time,mlp,100,10,0,0.37190681274750936,0.4118887931450079,0.37190681278056786,0.0937290082804657,nan,0.33934589041728114,0.01992556229694654,0.3713813015280613,0.00536853573572698,0.3719157138422252,0.005403675089787945,0.37191571384204847,0.005403675090334817,0.6280931872524906,0.0,0.0005255112194480493,0.00536853573572698,0.03203541111078016,0.01761819348696586,0.6280842861577748,0.005403675089787945,0.0005344123141639235,0.0003353957888480049,0.912448707003563,0.053576760666856016,0.03256092233022821,0.019925562296946538,0.9514784055070011,0.028164727934298264
0.35,mean,same_time,mlp,250,10,0,0.37190681274750936,0.4118887931450079,0.37190681278056786,0.0937290082804657,nan,0.35370436449197823,0.008162447646174582,0.3713813015280613,0.00536853573572698,0.3719157138422252,0.005403675089787945,0.37191571384204847,0.005403675090334817,0.6280931872524906,0.0,0.0005255112194480493,0.00536853573572698,0.017676937036083105,0.0069447674305389935,0.6280842861577748,0.005403675089787945,0.0005344123141639235,0.0003353957888480049,0.9510564269552949,0.021947561503037415,0.018202448255531155,0.008162447646174582,0.9719747813332237,0.012234676454280021
0.35,mean,same_time,mlp,500,10,0,0.37190681274750936,0.4118887931450079,0.37190681278056786,0.0937290082804657,nan,0.3626178389661338,0.006735483603374483,0.3713813015280613,0.00536853573572698,0.3719157138422252,0.005403675089787945,0.37191571384204847,0.005403675090334817,0.6280931872524906,0.0,0.0005255112194480493,0.00536853573572698,0.008763462561927471,0.0070882543610372994,0.6280842861577748,0.005403675089787945,0.0005344123141639235,0.0003353957888480049,0.9750233836461557,0.01811067550393935,0.00928897378137552,0.006735483603374483,0.9855256089252686,0.010435932077105145
0.35,mean,same_time,mlp,1000,10,0,0.37190681274750936,0.4118887931450079,0.37190681278056786,0.0937290082804657,nan,0.3647544756634604,0.007865236603011123,0.3713813015280613,0.00536853573572698,0.3719157138422252,0.005403675089787945,0.37191571384204847,0.005403675090334817,0.6280931872524906,0.0,0.0005255112194480493,0.00536853573572698,0.006626825864600861,0.006550093373570939,0.6280842861577748,0.005403675089787945,0.0005344123141639235,0.0003353957888480049,0.980768469845416,0.02114840689501137,0.00715233708404891,0.007865236603011123,0.9888760489897089,0.012135829920076124
0.35,mean,same_time,mlp,2500,10,0,0.37190681274750936,0.4118887931450079,0.37190681278056786,0.0937290082804657,nan,0.3696208514569741,0.0058738377865614035,0.3713813015280613,0.00536853573572698,0.3719157138422252,0.005403675089787945,0.37191571384204847,0.005403675090334817,0.6280931872524906,0.0,0.0005255112194480493,0.00536853573572698,0.001760450071087194,0.0017450651766901715,0.6280842861577748,0.005403675089787945,0.0005344123141639235,0.0003353957888480049,0.993853403024141,0.01579384293384592,0.0022859612905352434,0.005873837786561404,0.9964513610695944,0.009264169149545446
0.35,mean,same_time,mlp,5000,10,0,0.37190681274750936,0.4118887931450079,0.37190681278056786,0.0937290082804657,nan,0.3706757740628947,0.005400326981009545,0.3713813015280613,0.00536853573572698,0.3719157138422252,0.005403675089787945,0.37191571384204847,0.005403675090334817,0.6280931872524906,0.0,0.0005255112194480493,0.00536853573572698,0.0007055274651666221,0.0010841689187952096,0.6280842861577748,0.005403675089787945,0.0005344123141639235,0.0003353957888480049,0.9966899270397329,0.014520645484049988,0.0012310386846146714,0.005400326981009545,0.9981099685140455,0.008558439736240485
0.35,mean,same_time,mlp,20000,10,1,0.37190681274750936,0.4118887931450079,0.37190681278056786,0.0937290082804657,nan,0.3713813015280613,0.00536853573572698,0.3713813015280613,0.00536853573572698,0.3719157138422252,0.005403675089787945,0.37191571384204847,0.005403675090334817,0.6280931872524906,0.0,0.0005255112194480493,0.00536853573572698,0.0,0.0,0.6280842861577748,0.005403675089787945,0.0005344123141639235,0.0003353957888480049,0.998586981465691,0.014435163733802665,0.0005255112194480493,0.00536853573572698,0.999229590560352,0.008530815819429535
0.35,mean,same_time,ridge,100,10,0,0.37190681274750936,0.4118887931450079,0.37190681278056786,0.0937290082804657,-3.305850038159974e-11,0.35660709719673617,0.023642883468596276,0.37190344320736557,0.005424842024291287,0.3719157138422252,0.005403675089787945,0.37191571384204847,0.005403675090334817,0.6280931872524906,0.0,3.36954014379387e-06,0.005424842024291287,0.015296346010629468,0.019923374422689214,0.6280842861577748,0.005403675089787945,1.227063485966795e-05,8.834299399169278e-05,0.9588614270393577,0.0635720633723578,0.015299715550773262,0.023642883468596273,0.9773418384986462,0.03393709224500002
0.35,mean,same_time,ridge,250,10,0,0.37190681274750936,0.4118887931450079,0.37190681278056786,0.0937290082804657,-3.305850038159974e-11,0.3684644631887938,0.006062216047036214,0.37190344320736557,0.005424842024291287,0.3719157138422252,0.005403675089787945,0.37191571384204847,0.005403675090334817,0.6280931872524906,0.0,3.36954014379387e-06,0.005424842024291287,0.0034389800185718354,0.003168269526624417,0.6280842861577748,0.005403675089787945,1.227063485966795e-05,8.834299399169278e-05,0.9907440535082301,0.01630036299214529,0.0034423495587156292,0.006062216047036214,0.9946319009839131,0.009568785960099867
0.35,mean,same_time,ridge,500,10,0,0.37190681274750936,0.4118887931450079,0.37190681278056786,0.0937290082804657,-3.305850038159974e-11,0.3699445529754679,0.00600760591459331,0.37190344320736557,0.005424842024291287,0.3719157138422252,0.005403675089787945,0.37191571384204847,0.005403675090334817,0.6280931872524906,0.0,3.36954014379387e-06,0.005424842024291287,0.0019588902318976253,0.0015693804424944315,0.6280842861577748,0.005403675089787945,1.227063485966795e-05,8.834299399169278e-05,0.9947237864304098,0.01615352477737996,0.001962259772041419,0.006007605914593309,0.996966996380556,0.009487974079534446
0.35,mean,same_time,ridge,1000,10,0,0.37190681274750936,0.4118887931450079,0.37190681278056786,0.0937290082804657,-3.305850038159974e-11,0.3711264122726087,0.005386625635324596,0.37190344320736557,0.005424842024291287,0.3719157138422252,0.005403675089787945,0.37191571384204847,0.005403675090334817,0.6280931872524906,0.0,3.36954014379387e-06,0.005424842024291287,0.0007770309347568727,0.0006392100340665704,0.6280842861577748,0.005403675089787945,1.227063485966795e-05,8.834299399169278e-05,0.9979016236106691,0.014483804680882856,0.0007804004749006665,0.005386625635324597,0.9988249480558065,0.008548288689926117
0.35,mean,same_time,ridge,2500,10,0,0.37190681274750936,0.4118887931450079,0.37190681278056786,0.0937290082804657,-3.305850038159974e-11,0.3714436325619556,0.005296064406144183,0.37190344320736557,0.005424842024291287,0.3719157138422252,0.005403675089787945,0.37191571384204847,0.005403675090334817,0.6280931872524906,0.0,3.36954014379387e-06,0.005424842024291287,0.00045981064540989713,0.0005269993813098533,0.6280842861577748,0.005403675089787945,1.227063485966795e-05,8.834299399169278e-05,0.9987545799924128,0.014240299517556086,0.000463180185553691,0.005296064406144183,0.9993269170467902,0.008415062228658853
0.35,mean,same_time,ridge,5000,10,0,0.37190681274750936,0.4118887931450079,0.37190681278056786,0.0937290082804657,-3.305850038159974e-11,0.3718024815868208,0.005319276626191672,0.37190344320736557,0.005424842024291287,0.3719157138422252,0.005403675089787945,0.37191571384204847,0.005403675090334817,0.6280931872524906,0.0,3.36954014379387e-06,0.005424842024291287,0.00010096162054475943,0.0002450362604581366,0.6280842861577748,0.005403675089787945,1.227063485966795e-05,8.834299399169278e-05,0.9997194696168167,0.01430271359348014,0.0001043311606885533,0.005319276626191672,0.9998984024812761,0.008461554551422057
0.35,mean,same_time,ridge,20000,10,1,0.37190681274750936,0.4118887931450079,0.37190681278056786,0.0937290082804657,-3.305850038159974e-11,0.37190344320736557,0.005424842024291287,0.37190344320736557,0.005424842024291287,0.3719157138422252,0.005403675089787945,0.37191571384204847,0.005403675090334817,0.6280931872524906,0.0,3.36954014379387e-06,0.005424842024291287,0.0,0.0,0.6280842861577748,0.005403675089787945,1.227063485966795e-05,8.834299399169278e-05,0.9999909398267839,0.014586562650505305,3.36954014379387e-06,0.005424842024291287,1.0000617351216738,0.008632267752387497
0.35,occupation,dispersed,gp,100,10,0,0.6989454202527748,0.06927111337998818,0.6876497860293475,0.32882845380970616,nan,0.6477947226317754,0.024636463938122334,0.6902408929210506,0.003657658619414984,0.6987914715371846,0.002966493066804679,0.6875635525952691,0.0029724959385534055,0.30105457974722516,0.0,0.008704527331724232,0.003657658619414984,0.042446170289275297,0.024291259491110054,0.3012085284628154,0.002966493066804679,0.008550578616134041,0.0019168510097052848,0.9268173220127819,0.03524805117002198,0.05115069762099953,0.024636463938122334,0.8584031037329233,0.057783997937923534
0.35,occupation,dispersed,gp,250,10,0,0.6989454202527748,0.06927111337998818,0.6876497860293475,0.32882845380970616,nan,0.6727091075229497,0.008229574127184749,0.6902408929210506,0.003657658619414984,0.6987914715371846,0.002966493066804679,0.6875635525952691,0.0029724959385534055,0.30105457974722516,0.0,0.008704527331724232,0.003657658619414984,0.017531785398100942,0.00949009124289711,0.3012085284628154,0.002966493066804679,0.008550578616134041,0.0019168510097052848,0.9624630021606885,0.011774272909905488,0.026236312729825174,0.008229574127184749,0.9203637857818686,0.02323995688238538
0.35,occupation,dispersed,gp,500,10,0,0.6989454202527748,0.06927111337998818,0.6876497860293475,0.32882845380970616,nan,0.6803957844871039,0.01148592171332744,0.6902408929210506,0.003657658619414984,0.6987914715371846,0.002966493066804679,0.6875635525952691,0.0029724959385534055,0.30105457974722516,0.0,0.008704527331724232,0.003657658619414984,0.009845108433946792,0.01135242149984292,0.3012085284628154,0.002966493066804679,0.008550578616134041,0.0019168510097052848,0.9734605375066876,0.016433216930119593,0.018549635765671025,0.01148592171332744,0.943000135874383,0.032169341519759455
0.35,occupation,dispersed,gp,1000,10,0,0.6989454202527748,0.06927111337998818,0.6876497860293475,0.32882845380970616,nan,0.6905645702095475,0.0035805800600383596,0.6902408929210506,0.003657658619414984,0.6987914715371846,0.002966493066804679,0.6875635525952691,0.0029724959385534055,0.30105457974722516,0.0,0.008704527331724232,0.003657658619414984,-0.00032367728849702626,0.0027697452422356327,0.3012085284628154,0.002966493066804679,0.008550578616134041,0.0019168510097052848,0.9880092925708043,0.005122832135796017,0.008380850043227205,0.00358058006003836,0.9730336228797715,0.011326779404137885
0.35,occupation,dispersed,gp,2500,10,0,0.6989454202527748,0.06927111337998818,0.6876497860293475,0.32882845380970616,nan,0.6911291630690589,0.004234550820376329,0.6902408929210506,0.003657658619414984,0.6987914715371846,0.002966493066804679,0.6875635525952691,0.0029724959385534055,0.30105457974722516,0.0,0.008704527331724232,0.003657658619414984,-0.0008882701480082856,0.0033941498752862722,0.3012085284628154,0.002966493066804679,0.008550578616134041,0.0019168510097052848,0.9888170707508331,0.006058485680963335,0.007816257183715947,0.004234550820376328,0.974859470823872,0.013404876168269462
0.35,occupation,dispersed,gp,5000,10,0,0.6989454202527748,0.06927111337998818,0.6876497860293475,0.32882845380970616,nan,0.6904775519886779,0.004478890669000439,0.6902408929210506,0.003657658619414984,0.6987914715371846,0.002966493066804679,0.6875635525952691,0.0029724959385534055,0.30105457974722516,0.0,0.008704527331724232,0.003657658619414984,-0.00023665906762728727,0.0026289320899944768,0.3012085284628154,0.002966493066804679,0.008550578616134041,0.0019168510097052848,0.987884793263207,0.006408069270102173,0.008467868264096946,0.004478890669000439,0.9728255090427383,0.014082026154828309
0.35,occupation,dispersed,gp,20000,10,1,0.6989454202527748,0.06927111337998818,0.6876497860293475,0.32882845380970616,nan,0.6902408929210506,0.003657658619414984,0.6902408929210506,0.003657658619414984,0.6987914715371846,0.002966493066804679,0.6875635525952691,0.0029724959385534055,0.30105457974722516,0.0,0.008704527331724232,0.003657658619414984,0.0,0.0,0.3012085284628154,0.002966493066804679,0.008550578616134041,0.0019168510097052848,0.9875461987738954,0.005233110502522751,0.008704527331724232,0.003657658619414984,0.9720210105306005,0.011477718069406345
0.35,occupation,dispersed,mlp,100,10,0,0.6989454202527748,0.06927111337998818,0.6876497860293475,0.32882845380970616,nan,0.6509416180009107,0.051908487822395565,0.6972334205775321,0.003235267537051854,0.6987914715371846,0.002966493066804679,0.6875635525952691,0.0029724959385534055,0.30105457974722516,0.0,0.0017119996752426592,0.003235267537051854,0.04629180257662154,0.05360522169892584,0.3012085284628154,0.002966493066804679,0.0015580509596524682,0.0005053044823519942,0.9313196698041122,0.07426686879731291,0.0480038022518642,0.05190848782239555,0.8769869938415521,0.10852070896259464
0.35,occupation,dispersed,mlp,250,10,0,0.6989454202527748,0.06927111337998818,0.6876497860293475,0.32882845380970616,nan,0.6788120979436904,0.012547457860281693,0.6972334205775321,0.003235267537051854,0.6987914715371846,0.002966493066804679,0.6875635525952691,0.0029724959385534055,0.30105457974722516,0.0,0.0017119996752426592,0.003235267537051854,0.018421322633841896,0.013131338495248997,0.3012085284628154,0.002966493066804679,0.0015580509596524682,0.0005053044823519942,0.9711947146004573,0.017951985229038174,0.020133322309084555,0.012547457860281691,0.9385284779528498,0.03449822154018129
0.35,occupation,dispersed,mlp,500,10,0,0.6989454202527748,0.06927111337998818,0.6876497860293475,0.32882845380970616,nan,0.6887032378301755,0.004840303639280653,0.6972334205775321,0.003235267537051854,0.6987914715371846,0.002966493066804679,0.6875635525952691,0.0029724959385534055,0.30105457974722516,0.0,0.0017119996752426592,0.003235267537051854,0.008530182747356629,0.0029057277660767974,0.3012085284628154,0.002966493066804679,0.0015580509596524682,0.0005053044823519942,0.9853462343041105,0.006925152521251425,0.010242182422599288,0.004840303639280653,0.9673066775197874,0.014893295034406178
0.35,occupation,dispersed,mlp,1000,10,0,0.6989454202527748,0.06927111337998818,0.6876497860293475,0.32882845380970616,nan,0.6926849488901876,0.0027975892966913304,0.6972334205775321,0.003235267537051854,0.6987914715371846,0.002966493066804679,0.6875635525952691,0.0029724959385534055,0.30105457974722516,0.0,0.0017119996752426592,0.003235267537051854,0.004548471687344624,0.0017004714720568305,0.3012085284628154,0.002966493066804679,0.0015580509596524682,0.0005053044823519942,0.9910429753437355,0.004002586204341368,0.006260471362587283,0.0027975892966913304,0.9797017955181253,0.008947618704697619
0.35,occupation,dispersed,mlp,2500,10,0,0.6989454202527748,0.06927111337998818,0.6876497860293475,0.32882845380970616,nan,0.6955383106653411,0.0040403479955838685,0.6972334205775321,0.003235267537051854,0.6987914715371846,0.002966493066804679,0.6875635525952691,0.0029724959385534055,0.30105457974722516,0.0,0.0017119996752426592,0.003235267537051854,0.0016951099121910618,0.0017578450625237484,0.3012085284628154,0.002966493066804679,0.0015580509596524682,0.0005053044823519942,0.9951253567321444,0.005780634479474328,0.0034071095874337208,0.004040347995583868,0.98896585145911,0.01310112530072955
0.35,occupation,dispersed,mlp,5000,10,0,0.6989454202527748,0.06927111337998818,0.6876497860293475,0.32882845380970616,nan,0.6966908735436766,0.0031640274909925676,0.6972334205775321,0.003235267537051854,0.6987914715371846,0.002966493066804679,0.6875635525952691,0.0029724959385534055,0.30105457974722516,0.0,0.0017119996752426592,0.003235267537051854,0.0005425470338555116,0.0007688668638748026,0.3012085284628154,0.002966493066804679,0.0015580509596524682,0.0005053044823519942,0.9967743594223956,0.004526859178572637,0.002254546709098171,0.0031640274909925676,0.9926638980328623,0.010339194401147332
0.35,occupation,dispersed,mlp,20000,10,1,0.6989454202527748,0.06927111337998818,0.6876497860293475,0.32882845380970616,nan,0.6972334205775321,0.003235267537051854,0.6972334205775321,0.003235267537051854,0.6987914715371846,0.002966493066804679,0.6875635525952691,0.0029724959385534055,0.30105457974722516,0.0,0.0017119996752426592,0.003235267537051854,0.0,0.0,0.3012085284628154,0.002966493066804679,0.0015580509596524682,0.0005053044823519942,0.9975505960470799,0.004628784227360425,0.0017119996752426592,0.003235267537051854,0.9944478852998395,0.010648862697640005
0.35,occupation,dispersed,ridge,100,10,0,0.6989454202527748,0.06927111337998818,0.6876497860293475,0.32882845380970616,0.011295634223427387,0.6704082045267654,0.008747149536771146,0.687370687743902,0.003030390355330391,0.6987914715371846,0.002966493066804679,0.6875635525952691,0.0029724959385534055,0.30105457974722516,0.0,0.011574732508872875,0.003030390355330391,0.016962483217136524,0.0089380085660079,0.3012085284628154,0.002966493066804679,0.011420783793282685,0.00045874446631605497,0.95917103839712,0.012514781960525212,0.028537215726009403,0.008747149536771148,0.9139940617308924,0.02418536887798983
0.35,occupation,dispersed,ridge,250,10,0,0.6989454202527748,0.06927111337998818,0.6876497860293475,0.32882845380970616,0.011295634223427387,0.6768698332026427,0.006536937675453634,0.687370687743902,0.003030390355330391,0.6987914715371846,0.002966493066804679,0.6875635525952691,0.0029724959385534055,0.30105457974722516,0.0,0.011574732508872875,0.003030390355330391,0.010500854541259163,0.005808137842721678,0.3012085284628154,0.002966493066804679,0.011420783793282685,0.00045874446631605497,0.9684158642284995,0.009352572441335307,0.022075587050132038,0.006536937675453634,0.9320175295284656,0.018428152244634385
0.35,occupation,dispersed,ridge,500,10,0,0.6989454202527748,0.06927111337998818,0.6876497860293475,0.32882845380970616,0.011295634223427387,0.682580553407442,0.00419506730233404,0.687370687743902,0.003030390355330391,0.6987914715371846,0.002966493066804679,0.6875635525952691,0.0029724959385534055,0.30105457974722516,0.0,0.011574732508872875,0.003030390355330391,0.0047901343364600505,0.0026292482201713398,0.3012085284628154,0.002966493066804679,0.011420783793282685,0.00045874446631605497,0.9765863451263268,0.006001995550406318,0.016364866845332927,0.004195067302334039,0.9485939730630033,0.01260810150916155
0.35,occupation,dispersed,ridge,1000,10,0,0.6989454202527748,0.06927111337998818,0.6876497860293475,0.32882845380970616,0.011295634223427387,0.6854633354773922,0.0035651675097997182,0.687370687743902,0.003030390355330391,0.6987914715371846,0.002966493066804679,0.6875635525952691,0.0029724959385534055,0.30105457974722516,0.0,0.011574732508872875,0.003030390355330391,0.0019073522665096875,0.0011166683533841589,0.3012085284628154,0.002966493066804679,0.011420783793282685,0.00045874446631605497,0.9807108189213019,0.005100780985889261,0.013482084775382564,0.0035651675097997182,0.9572473285577032,0.010847008173120226
0.35,occupation,dispersed,ridge,2500,10,0,0.6989454202527748,0.06927111337998818,0.6876497860293475,0.32882845380970616,0.011295634223427387,0.686713512858649,0.003390685602401498,0.687370687743902,0.003030390355330391,0.6987914715371846,0.002966493066804679,0.6875635525952691,0.0029724959385534055,0.30105457974722516,0.0,0.011574732508872875,0.003030390355330391,0.0006571748852529757,0.0005459048369690788,0.3012085284628154,0.002966493066804679,0.011420783793282685,0.00045874446631605497,0.9824994813047031,0.004851145031002936,0.012231907394125852,0.003390685602401498,0.9610575624231199,0.010410833095108199
0.35,occupation,dispersed,ridge,5000,10,0,0.6989454202527748,0.06927111337998818,0.6876497860293475,0.32882845380970616,0.011295634223427387,0.6870668984201964,0.0031682805738227466,0.687370687743902,0.003030390355330391,0.6987914715371846,0.002966493066804679,0.6875635525952691,0.0029724959385534055,0.30105457974722516,0.0,0.011574732508872875,0.003030390355330391,0.0003037893237055722,0.00025090018173368634,0.3012085284628154,0.002966493066804679,0.011420783793282685,0.00045874446631605497,0.9830050795264065,0.0045329441784981465,0.011878521832578448,0.003168280573822746,0.9621302666829425,0.009760002733191107
0.35,occupation,dispersed,ridge,20000,10,1,0.6989454202527748,0.06927111337998818,0.6876497860293475,0.32882845380970616,0.011295634223427387,0.687370687743902,0.003030390355330391,0.687370687743902,0.003030390355330391,0.6987914715371846,0.002966493066804679,0.6875635525952691,0.0029724959385534055,0.30105457974722516,0.0,0.011574732508872875,0.003030390355330391,0.0,0.0,0.3012085284628154,0.002966493066804679,0.011420783793282685,0.00045874446631605497,0.9834397190775113,0.0043356609364926515,0.011574732508872875,0.003030390355330391,0.9630577886892595,0.009355412316271189
0.35,occupation,same_time,gp,100,10,0,0.35476938326909135,0.06927111337998818,0.3519508945037059,0.08605026261230452,nan,0.28381952573577046,0.06138433036637033,0.3508916730242485,0.005077402701384843,0.35529453391149113,0.00475113603111503,0.3525904722933959,0.004949552794884758,0.6452306167309086,0.0,0.0038777102448429137,0.005077402701384844,0.06707214728847798,0.05833540266686541,0.6447054660885089,0.00475113603111503,0.004402860887242721,0.003601459544531456,0.8000113288256736,0.17302600861644965,0.07094985753332089,0.06138433036637033,0.9065590832000863,0.0730442470178548
0.35,occupation,same_time,gp,250,10,0,0.35476938326909135,0.06927111337998818,0.3519508945037059,0.08605026261230452,nan,0.3300962058968213,0.018108808333235693,0.3508916730242485,0.005077402701384843,0.35529453391149113,0.00475113603111503,0.3525904722933959,0.004949552794884758,0.6452306167309086,0.0,0.0038777102448429137,0.005077402701384844,0.020795467127427136,0.01897916370711932,0.6447054660885089,0.00475113603111503,0.004402860887242721,0.003601459544531456,0.9304529124105517,0.05104388706367097,0.02467317737227005,0.018108808333235693,0.9637757404945407,0.02494272729074789
0.35,occupation,same_time,gp,500,10,0,0.35476938326909135,0.06927111337998818,0.3519508945037059,0.08605026261230452,nan,0.3201413899763283,0.08672664277481534,0.3508916730242485,0.005077402701384843,0.35529453391149113,0.00475113603111503,0.3525904722933959,0.004949552794884758,0.6452306167309086,0.0,0.0038777102448429137,0.005077402701384844,0.030750283047920192,0.08659769946147644,0.6447054660885089,0.00475113603111503,0.004402860887242721,0.003601459544531456,0.9023929489808935,0.24445920889693423,0.0346279932927631,0.08672664277481533,0.9597409815888176,0.09304058450243752
0.35,occupation,same_time,gp,1000,10,0,0.35476938326909135,0.06927111337998818,0.3519508945037059,0.08605026261230452,nan,0.3494399146543584,0.005694070187511412,0.3508916730242485,0.005077402701384843,0.35529453391149113,0.00475113603111503,0.3525904722933959,0.004949552794884758,0.6452306167309086,0.0,0.0038777102448429137,0.005077402701384844,0.0014517583698900772,0.005870374861047592,0.6447054660885089,0.00475113603111503,0.004402860887242721,0.003601459544531456,0.9849776534670959,0.016050060845280094,0.005329468614732991,0.005694070187511412,0.9918766252748226,0.008727801955860834
0.35,occupation,same_time,gp,2500,10,0,0.35476938326909135,0.06927111337998818,0.3519508945037059,0.08605026261230452,nan,0.35251798057828865,0.005064417157901101,0.3508916730242485,0.005077402701384843,0.35529453391149113,0.00475113603111503,0.3525904722933959,0.004949552794884758,0.6452306167309086,0.0,0.0038777102448429137,0.005077402701384844,-0.0016263075540401961,0.0036333375493323126,0.6447054660885089,0.00475113603111503,0.004402860887242721,0.003601459544531456,0.9936538980053555,0.014275237370356034,0.0022514026908027176,0.005064417157901101,0.9965779476618104,0.007829401709762988
0.35,occupation,same_time,gp,5000,10,0,0.35476938326909135,0.06927111337998818,0.3519508945037059,0.08605026261230452,nan,0.350922047421173,0.006017962192093429,0.3508916730242485,0.005077402701384843,0.35529453391149113,0.00475113603111503,0.3525904722933959,0.004949552794884758,0.6452306167309086,0.0,0.0038777102448429137,0.005077402701384844,-3.0374396924548464e-05,0.0029832504447772266,0.6447054660885089,0.00475113603111503,0.004402860887242721,0.003601459544531456,0.9891553893053953,0.01696302577364414,0.003847335847918365,0.006017962192093428,0.9941497875081566,0.009248828601371235
0.35,occupation,same_time,gp,20000,10,1,0.35476938326909135,0.06927111337998818,0.3519508945037059,0.08605026261230452,nan,0.3508916730242485,0.005077402701384843,0.3508916730242485,0.005077402701384843,0.35529453391149113,0.00475113603111503,0.3525904722933959,0.004949552794884758,0.6452306167309086,0.0,0.0038777102448429137,0.005077402701384844,0.0,0.0,0.6447054660885089,0.00475113603111503,0.004402860887242721,0.003601459544531456,0.9890697720048133,0.014311840144146973,0.0038777102448429137,0.005077402701384844,0.9940806309043765,0.007746811431278945
0.35,occupation,same_time,mlp,100,10,0,0.35476938326909135,0.06927111337998818,0.3519508945037059,0.08605026261230452,nan,0.3328812553404655,0.018730477995725303,0.35518260604872254,0.0047406825181070325,0.35529453391149113,0.00475113603111503,0.3525904722933959,0.004949552794884758,0.6452306167309086,0.0,-0.0004132227796311505,0.0047406825181070325,0.02230135070825705,0.015842780308696486,0.6447054660885089,0.00475113603111503,0.00011192786276865707,7.953424472641111e-05,0.9383032218650508,0.05279620756202149,0.0218881279286259,0.0187304779957253,0.9678700616621642,0.026918406246526853
0.35,occupation,same_time,mlp,250,10,0,0.35476938326909135,0.06927111337998818,0.3519508945037059,0.08605026261230452,nan,0.34613850154305315,0.008586850614855382,0.35518260604872254,0.0047406825181070325,0.35529453391149113,0.00475113603111503,0.3525904722933959,0.004949552794884758,0.6452306167309086,0.0,-0.0004132227796311505,0.0047406825181070325,0.009044104505669314,0.007060181517828117,0.6447054660885089,0.00475113603111503,0.00011192786276865707,7.953424472641111e-05,0.9756718529470969,0.024204035127637493,0.008630881726038164,0.008586850614855384,0.9869532166633854,0.012953113553605579
0.35,occupation,same_time,mlp,500,10,0,0.35476938326909135,0.06927111337998818,0.3519508945037059,0.08605026261230452,nan,0.3504457372331092,0.007053474188662294,0.35518260604872254,0.0047406825181070325,0.35529453391149113,0.00475113603111503,0.3525904722933959,0.004949552794884758,0.6452306167309086,0.0,-0.0004132227796311505,0.0047406825181070325,0.004736868815613282,0.003835548210130238,0.6447054660885089,0.00475113603111503,0.00011192786276865707,7.953424472641111e-05,0.9878127982856327,0.01988185711987513,0.004323646035982132,0.007053474188662294,0.9934487624215773,0.010753888461473668
0.35,occupation,same_time,mlp,1000,10,0,0.35476938326909135,0.06927111337998818,0.3519508945037059,0.08605026261230452,nan,0.35056599259703336,0.005999430610350837,0.35518260604872254,0.0047406825181070325,0.35529453391149113,0.00475113603111503,0.3525904722933959,0.004949552794884758,0.6452306167309086,0.0,-0.0004132227796311505,0.0047406825181070325,0.004616613451689111,0.0044738939905997884,0.6447054660885089,0.00475113603111503,0.00011192786276865707,7.953424472641111e-05,0.9881517659914026,0.016910790201420216,0.004203390672057961,0.005999430610350837,0.9936041898225577,0.009211274117664264
0.35,occupation,same_time,mlp,2500,10,0,0.35476938326909135,0.06927111337998818,0.3519508945037059,0.08605026261230452,nan,0.354247410058476,0.004711583952273647,0.35518260604872254,0.0047406825181070325,0.35529453391149113,0.00475113603111503,0.3525904722933959,0.004949552794884758,0.6452306167309086,0.0,-0.0004132227796311505,0.0047406825181070325,0.0009351959902465067,0.0007150988799858171,0.6447054660885089,0.00475113603111503,0.00011192786276865707,7.953424472641111e-05,0.9985286971333165,0.013280694937251453,0.0005219732106153563,0.004711583952273647,0.9992397455784972,0.007319428527350096
0.35,occupation,same_time,mlp,5000,10,0,0.35476938326909135,0.06927111337998818,0.3519508945037059,0.08605026261230452,nan,0.35461851832486213,0.004572498043933044,0.35518260604872254,0.0047406825181070325,0.35529453391149113,0.00475113603111503,0.3525904722933959,0.004949552794884758,0.6452306167309086,0.0,-0.0004132227796311505,0.0047406825181070325,0.0005640877238603514,0.0006128539700704085,0.6447054660885089,0.00475113603111503,0.00011192786276865707,7.953424472641111e-05,0.999574752074604,0.012888648963444578,0.00015086494422920094,0.004572498043933044,0.9998115714011915,0.0071094403547224665
0.35,occupation,same_time,mlp,20000,10,1,0.35476938326909135,0.06927111337998818,0.3519508945037059,0.08605026261230452,nan,0.35518260604872254,0.0047406825181070325,0.35518260604872254,0.0047406825181070325,0.35529453391149113,0.00475113603111503,0.3525904722933959,0.004949552794884758,0.6452306167309086,0.0,-0.0004132227796311505,0.0047406825181070325,0.0,0.0,0.6447054660885089,0.00475113603111503,0.00011192786276865707,7.953424472641111e-05,1.0011647644896056,0.013362716011238321,-0.0004132227796311505,0.0047406825181070325,1.0006897515856363,0.007392633361147933
0.35,occupation,same_time,ridge,100,10,0,0.35476938326909135,0.06927111337998818,0.3519508945037059,0.08605026261230452,0.0028184887653854296,0.33889800577513773,0.016712416292457077,0.35259268712210196,0.004947174724762864,0.35529453391149113,0.00475113603111503,0.3525904722933959,0.004949552794884758,0.6452306167309086,0.0,0.0021766961469894207,0.004947174724762864,0.013694681346964287,0.01360965994902362,0.6447054660885089,0.00475113603111503,0.0027018467893892284,0.0005700154038616174,0.9552628320186376,0.04710783139868854,0.01587137749395371,0.016712416292457077,0.9765461598064089,0.024340399035249368
0.35,occupation,same_time,ridge,250,10,0,0.35476938326909135,0.06927111337998818,0.3519508945037059,0.08605026261230452,0.0028184887653854296,0.34957039618959806,0.0065677640627175,0.35259268712210196,0.004947174724762864,0.35529453391149113,0.00475113603111503,0.3525904722933959,0.004949552794884758,0.6452306167309086,0.0,0.0021766961469894207,0.004947174724762864,0.0030222909325038684,0.00308384803610917,0.6447054660885089,0.00475113603111503,0.0027018467893892284,0.0005700154038616174,0.9853454460145737,0.018512770189461035,0.005198987079493289,0.0065677640627175,0.9920984294604249,0.010078388742763655
0.35,occupation,same_time,ridge,500,10,0,0.35476938326909135,0.06927111337998818,0.3519508945037059,0.08605026261230452,0.0028184887653854296,0.35126608398439574,0.005494805027981764,0.35259268712210196,0.004947174724762864,0.35529453391149113,0.00475113603111503,0.3525904722933959,0.004949552794884758,0.6452306167309086,0.0,0.0021766961469894207,0.004947174724762864,0.001326603137706206,0.0008845154757595111,0.6447054660885089,0.00475113603111503,0.0027018467893892284,0.0005700154038616174,0.9901251363564301,0.0154883856587308,0.003503299284695627,0.005494805027981764,0.9946642719940705,0.008458993264532751
0.35,occupation,same_time,ridge,1000,10,0,0.35476938326909135,0.06927111337998818,0.3519508945037059,0.08605026261230452,0.0028184887653854296,0.3522335891743199,0.005071723482989379,0.35259268712210196,0.004947174724762864,0.35529453391149113,0.00475113603111503,0.3525904722933959,0.004949552794884758,0.6452306167309086,0.0,0.0021766961469894207,0.004947174724762864,0.00035909794778198333,0.0005185471208911107,0.6447054660885089,0.00475113603111503,0.0027018467893892284,0.0005700154038616174,0.9928522747047538,0.014295831946531005,0.0025357940947714043,0.005071723482989379,0.9961404085639876,0.007817008664335559
0.35,occupation,same_time,ridge,2500,10,0,0.35476938326909135,0.06927111337998818,0.3519508945037059,0.08605026261230452,0.0028184887653854296,0.3523928187773615,0.004830030751731492,0.35259268712210196,0.004947174724762864,0.35529453391149113,0.00475113603111503,0.3525904722933959,0.004949552794884758,0.6452306167309086,0.0,0.0021766961469894207,0.004947174724762864,0.00019986834474040595,0.00036013948323317726,0.6447054660885089,0.00475113603111503,0.0027018467893892284,0.0005700154038616174,0.9933011003660164,0.013614564783534113,0.002376564491729827,0.004830030751731492,0.9963802479409385,0.007450500406290576
0.35,occupation,same_time,ridge,5000,10,0,0.35476938326909135,0.06927111337998818,0.3519508945037059,0.08605026261230452,0.0028184887653854296,0.3525248655843563,0.004960261367109027,0.35259268712210196,0.004947174724762864,0.35529453391149113,0.00475113603111503,0.3525904722933959,0.004949552794884758,0.6452306167309086,0.0,0.0021766961469894207,0.004947174724762864,6.782153774563815e-05,0.00011738265663602234,0.6447054660885089,0.00475113603111503,0.0027018467893892284,0.0005700154038616174,0.9936733049959032,0.013981650055034997,0.002244517684735059,0.004960261367109027,0.9965862488463497,0.007660713010514159
0.35,occupation,same_time,ridge,20000,10,1,0.35476938326909135,0.06927111337998818,0.3519508945037059,0.08605026261230452,0.0028184887653854296,0.35259268712210196,0.004947174724762864,0.35259268712210196,0.004947174724762864,0.35529453391149113,0.00475113603111503,0.3525904722933959,0.004949552794884758,0.6452306167309086,0.0,0.0021766961469894207,0.004947174724762864,0.0,0.0,0.6447054660885089,0.00475113603111503,0.0027018467893892284,0.0005700154038616174,0.993864475770339,0.013944762310592211,0.0021766961469894207,0.004947174724762864,0.9966903934132695,0.007643680124271239
