label,budget,method,fold,cols,times
REM,4,consecutive,0,62;63;64;65,0.48828;0.49609;0.50391;0.51172
REM,4,uniform,0,0;42;85;127,0.00391;0.33203;0.66797;0.99609
REM,4,imse,0,22;38;109;114,0.17578;0.30078;0.85547;0.89453
REM,4,kernel_quadrature,0,20;38;29;116,0.16016;0.30078;0.23047;0.91016
REM,4,label_aware,0,17;29;96;108,0.13672;0.23047;0.75391;0.84766
REM,8,consecutive,0,60;61;62;63;64;65;66;67,0.47266;0.48047;0.48828;0.49609;0.50391;0.51172;0.51953;0.52734
REM,8,uniform,0,0;18;36;54;73;91;109;127,0.00391;0.14453;0.28516;0.42578;0.57422;0.71484;0.85547;0.99609
REM,8,imse,0,22;38;109;114;120;127;27;103,0.17578;0.30078;0.85547;0.89453;0.94141;0.99609;0.21484;0.80859
REM,8,kernel_quadrature,0,20;38;29;116;103;26;87;71,0.16016;0.30078;0.23047;0.91016;0.80859;0.20703;0.68359;0.55859
REM,8,label_aware,0,17;29;68;72;96;103;108;114,0.13672;0.23047;0.53516;0.56641;0.75391;0.80859;0.84766;0.89453
REM,16,consecutive,0,56;57;58;59;60;61;62;63;64;65;66;67;68;69;70;71,0.44141;0.44922;0.45703;0.46484;0.47266;0.48047;0.48828;0.49609;0.50391;0.51172;0.51953;0.52734;0.53516;0.54297;0.55078;0.55859
REM,16,uniform,0,0;8;17;25;34;42;51;59;68;76;85;93;102;110;119;127,0.00391;0.06641;0.13672;0.19922;0.26953;0.33203;0.40234;0.46484;0.53516;0.59766;0.66797;0.73047;0.80078;0.86328;0.93359;0.99609
REM,16,imse,0,22;38;109;114;120;127;27;103;24;91;17;42;100;53;75;63,0.17578;0.30078;0.85547;0.89453;0.94141;0.99609;0.21484;0.80859;0.19141;0.71484;0.13672;0.33203;0.78516;0.41797;0.58984;0.49609
REM,16,kernel_quadrature,0,20;38;29;116;103;26;87;71;93;107;121;83;96;23;32;108,0.16016;0.30078;0.23047;0.91016;0.80859;0.20703;0.68359;0.55859;0.73047;0.83984;0.94922;0.65234;0.75391;0.18359;0.25391;0.84766
REM,16,label_aware,0,17;29;35;52;62;68;72;74;78;85;88;96;100;103;108;114,0.13672;0.23047;0.27734;0.41016;0.48828;0.53516;0.56641;0.58203;0.61328;0.66797;0.69141;0.75391;0.78516;0.80859;0.84766;0.89453
REM,32,consecutive,0,48;49;50;51;52;53;54;55;56;57;58;59;60;61;62;63;64;65;66;67;68;69;70;71;72;73;74;75;76;77;78;79,0.37891;0.38672;0.39453;0.40234;0.41016;0.41797;0.42578;0.43359;0.44141;0.44922;0.45703;0.46484;0.47266;0.48047;0.48828;0.49609;0.50391;0.51172;0.51953;0.52734;0.53516;0.54297;0.55078;0.55859;0.56641;0.57422;0.58203;0.58984;0.59766;0.60547;0.61328;0.62109
REM,32,uniform,0,0;4;8;12;16;20;25;29;33;37;41;45;49;53;57;61;66;70;74;78;82;86;90;94;98;102;107;111;115;119;123;127,0.00391;0.03516;0.06641;0.09766;0.12891;0.16016;0.19922;0.23047;0.26172;0.29297;0.32422;0.35547;0.38672;0.41797;0.44922;0.48047;0.51953;0.55078;0.58203;0.61328;0.64453;0.67578;0.70703;0.73828;0.76953;0.80078;0.83984;0.87109;0.90234;0.93359;0.96484;0.99609
REM,32,imse,0,22;38;109;114;120;127;27;103;24;91;17;42;100;53;75;63;84;60;79;124;87;72;70;48;81;77;93;32;66;57;51;45,0.17578;0.30078;0.85547;0.89453;0.94141;0.99609;0.21484;0.80859;0.19141;0.71484;0.13672;0.33203;0.78516;0.41797;0.58984;0.49609;0.66016;0.47266;0.62109;0.97266;0.68359;0.56641;0.55078;0.37891;0.63672;0.60547;0.73047;0.25391;0.51953;0.44922;0.40234;0.35547
REM,32,kernel_quadrature,0,20;38;29;116;103;26;87;71;93;107;121;83;96;23;32;108;52;65;49;77;43;74;57;45;78;63;9;80;84;55;100;19,0.16016;0.30078;0.23047;0.91016;0.80859;0.20703;0.68359;0.55859;0.73047;0.83984;0.94922;0.65234;0.75391;0.18359;0.25391;0.84766;0.41016;0.51172;0.38672;0.60547;0.33984;0.58203;0.44922;0.35547;0.61328;0.49609;0.07422;0.62891;0.66016;0.43359;0.78516;0.15234
REM,32,label_aware,0,17;23;29;35;43;44;46;49;51;54;55;58;62;63;67;68;70;72;74;75;78;82;85;88;90;92;96;100;103;108;114;126,0.13672;0.18359;0.23047;0.27734;0.33984;0.34766;0.36328;0.38672;0.40234;0.42578;0.43359;0.45703;0.48828;0.49609;0.52734;0.53516;0.55078;0.56641;0.58203;0.58984;0.61328;0.64453;0.66797;0.69141;0.70703;0.72266;0.75391;0.78516;0.80859;0.84766;0.89453;0.98828
REM,64,consecutive,0,32;33;34;35;36;37;38;39;40;41;42;43;44;45;46;47;48;49;50;51;52;53;54;55;56;57;58;59;60;61;62;63;64;65;66;67;68;69;70;71;72;73;74;75;76;77;78;79;80;81;82;83;84;85;86;87;88;89;90;91;92;93;94;95,0.25391;0.26172;0.26953;0.27734;0.28516;0.29297;0.30078;0.30859;0.31641;0.32422;0.33203;0.33984;0.34766;0.35547;0.36328;0.37109;0.37891;0.38672;0.39453;0.40234;0.41016;0.41797;0.42578;0.43359;0.44141;0.44922;0.45703;0.46484;0.47266;0.48047;0.48828;0.49609;0.50391;0.51172;0.51953;0.52734;0.53516;0.54297;0.55078;0.55859;0.56641;0.57422;0.58203;0.58984;0.59766;0.60547;0.61328;0.62109;0.62891;0.63672;0.64453;0.65234;0.66016;0.66797;0.67578;0.68359;0.69141;0.69922;0.70703;0.71484;0.72266;0.73047;0.73828;0.74609
REM,64,uniform,0,0;2;4;6;8;10;12;14;16;18;20;22;24;26;28;30;32;34;36;38;40;42;44;46;48;50;52;54;56;58;60;62;65;67;69;71;73;75;77;79;81;83;85;87;89;91;93;95;97;99;101;103;105;107;109;111;113;115;117;119;121;123;125;127,0.00391;0.01953;0.03516;0.05078;0.06641;0.08203;0.09766;0.11328;0.12891;0.14453;0.16016;0.17578;0.19141;0.20703;0.22266;0.23828;0.25391;0.26953;0.28516;0.30078;0.31641;0.33203;0.34766;0.36328;0.37891;0.39453;0.41016;0.42578;0.44141;0.45703;0.47266;0.48828;0.51172;0.52734;0.54297;0.55859;0.57422;0.58984;0.60547;0.62109;0.63672;0.65234;0.66797;0.68359;0.69922;0.71484;0.73047;0.74609;0.76172;0.77734;0.79297;0.80859;0.82422;0.83984;0.85547;0.87109;0.88672;0.90234;0.91797;0.93359;0.94922;0.96484;0.98047;0.99609
REM,64,imse,0,22;38;109;114;120;127;27;103;24;91;17;42;100;53;75;63;84;60;79;124;87;72;70;48;81;77;93;32;66;57;51;45;104;55;118;46;68;89;9;73;96;106;111;62;65;40;58;98;74;56;97;71;36;83;67;95;113;78;76;64;90;122;59;86,0.17578;0.30078;0.85547;0.89453;0.94141;0.99609;0.21484;0.80859;0.19141;0.71484;0.13672;0.33203;0.78516;0.41797;0.58984;0.49609;0.66016;0.47266;0.62109;0.97266;0.68359;0.56641;0.55078;0.37891;0.63672;0.60547;0.73047;0.25391;0.51953;0.44922;0.40234;0.35547;0.81641;0.43359;0.92578;0.36328;0.53516;0.69922;0.07422;0.57422;0.75391;0.83203;0.87109;0.48828;0.51172;0.31641;0.45703;0.76953;0.58203;0.44141;0.76172;0.55859;0.28516;0.65234;0.52734;0.74609;0.88672;0.61328;0.59766;0.50391;0.70703;0.95703;0.46484;0.67578
REM,64,kernel_quadrature,0,20;38;29;116;103;26;87;71;93;107;121;83;96;23;32;108;52;65;49;77;43;74;57;45;78;63;9;80;84;55;100;19;35;61;66;48;68;53;89;51;75;59;82;126;22;119;90;41;105;99;97;72;94;16;112;56;127;28;124;73;88;69;50;67,0.16016;0.30078;0.23047;0.91016;0.80859;0.20703;0.68359;0.55859;0.73047;0.83984;0.94922;0.65234;0.75391;0.18359;0.25391;0.84766;0.41016;0.51172;0.38672;0.60547;0.33984;0.58203;0.44922;0.35547;0.61328;0.49609;0.07422;0.62891;0.66016;0.43359;0.78516;0.15234;0.27734;0.48047;0.51953;0.37891;0.53516;0.41797;0.69922;0.40234;0.58984;0.46484;0.64453;0.98828;0.17578;0.93359;0.70703;0.32422;0.82422;0.77734;0.76172;0.56641;0.73828;0.12891;0.87891;0.44141;0.99609;0.22266;0.97266;0.57422;0.69141;0.54297;0.39453;0.52734
REM,64,label_aware,0,17;22;23;27;29;35;38;40;43;44;46;47;49;51;52;53;54;55;56;57;58;59;60;61;62;63;65;66;67;68;69;70;72;73;74;75;76;77;78;79;80;82;83;84;85;87;88;90;94;95;96;97;100;101;103;106;109;112;116;117;121;122;123;126,0.13672;0.17578;0.18359;0.21484;0.23047;0.27734;0.30078;0.31641;0.33984;0.34766;0.36328;0.37109;0.38672;0.40234;0.41016;0.41797;0.42578;0.43359;0.44141;0.44922;0.45703;0.46484;0.47266;0.48047;0.48828;0.49609;0.51172;0.51953;0.52734;0.53516;0.54297;0.55078;0.56641;0.57422;0.58203;0.58984;0.59766;0.60547;0.61328;0.62109;0.62891;0.64453;0.65234;0.66016;0.66797;0.68359;0.69141;0.70703;0.73828;0.74609;0.75391;0.76172;0.78516;0.79297;0.80859;0.83203;0.85547;0.87891;0.91016;0.91797;0.94922;0.95703;0.96484;0.98828
REM,4,consecutive,1,62;63;64;65,0.48828;0.49609;0.50391;0.51172
REM,4,uniform,1,0;42;85;127,0.00391;0.33203;0.66797;0.99609
REM,4,imse,1,100;19;40;109,0.78516;0.15234;0.31641;0.85547
REM,4,kernel_quadrature,1,124;99;105;94,0.97266;0.77734;0.82422;0.73828
REM,4,label_aware,1,20;75;96;108,0.16016;0.58984;0.75391;0.84766
REM,8,consecutive,1,60;61;62;63;64;65;66;67,0.47266;0.48047;0.48828;0.49609;0.50391;0.51172;0.51953;0.52734
REM,8,uniform,1,0;18;36;54;73;91;109;127,0.00391;0.14453;0.28516;0.42578;0.57422;0.71484;0.85547;0.99609
REM,8,imse,1,100;19;40;109;114;28;122;24,0.78516;0.15234;0.31641;0.85547;0.89453;0.22266;0.95703;0.19141
REM,8,kernel_quadrature,1,124;99;105;94;108;43;111;52,0.97266;0.77734;0.82422;0.73828;0.84766;0.33984;0.87109;0.41016
REM,8,label_aware,1,20;39;74;78;85;96;108;121,0.16016;0.30859;0.58203;0.61328;0.66797;0.75391;0.84766;0.94922
REM,16,consecutive,1,56;57;58;59;60;61;62;63;64;65;66;67;68;69;70;71,0.44141;0.44922;0.45703;0.46484;0.47266;0.48047;0.48828;0.49609;0.50391;0.51172;0.51953;0.52734;0.53516;0.54297;0.55078;0.55859
REM,16,uniform,1,0;8;17;25;34;42;51;59;68;76;85;93;102;110;119;127,0.00391;0.06641;0.13672;0.19922;0.26953;0.33203;0.40234;0.46484;0.53516;0.59766;0.66797;0.73047;0.80078;0.86328;0.93359;0.99609
REM,16,imse,1,100;19;40;109;114;28;122;24;29;86;21;37;53;32;75;106,0.78516;0.15234;0.31641;0.85547;0.89453;0.22266;0.95703;0.19141;0.23047;0.67578;0.16797;0.29297;0.41797;0.25391;0.58984;0.83203
REM,16,kernel_quadrature,1,124;99;105;94;108;43;111;52;89;66;71;117;78;74;61;57,0.97266;0.77734;0.82422;0.73828;0.84766;0.33984;0.87109;0.41016;0.69922;0.51953;0.55859;0.91797;0.61328;0.58203;0.48047;0.44922
REM,16,label_aware,1,20;23;44;49;52;57;62;69;74;78;85;88;92;96;108;121,0.16016;0.18359;0.34766;0.38672;0.41016;0.44922;0.48828;0.54297;0.58203;0.61328;0.66797;0.69141;0.72266;0.75391;0.84766;0.94922
REM,32,consecutive,1,48;49;50;51;52;53;54;55;56;57;58;59;60;61;62;63;64;65;66;67;68;69;70;71;72;73;74;75;76;77;78;79,0.37891;0.38672;0.39453;0.40234;0.41016;0.41797;0.42578;0.43359;0.44141;0.44922;0.45703;0.46484;0.47266;0.48047;0.48828;0.49609;0.50391;0.51172;0.51953;0.52734;0.53516;0.54297;0.55078;0.55859;0.56641;0.57422;0.58203;0.58984;0.59766;0.60547;0.61328;0.62109
REM,32,uniform,1,0;4;8;12;16;20;25;29;33;37;41;45;49;53;57;61;66;70;74;78;82;86;90;94;98;102;107;111;115;119;123;127,0.00391;0.03516;0.06641;0.09766;0.12891;0.16016;0.19922;0.23047;0.26172;0.29297;0.32422;0.35547;0.38672;0.41797;0.44922;0.48047;0.51953;0.55078;0.58203;0.61328;0.64453;0.67578;0.70703;0.73828;0.76953;0.80078;0.83984;0.87109;0.90234;0.93359;0.96484;0.99609
REM,32,imse,1,100;19;40;109;114;28;122;24;29;86;21;37;53;32;75;106;65;92;61;68;84;96;48;81;71;77;38;57;44;119;51;18,0.78516;0.15234;0.31641;0.85547;0.89453;0.22266;0.95703;0.19141;0.23047;0.67578;0.16797;0.29297;0.41797;0.25391;0.58984;0.83203;0.51172;0.72266;0.48047;0.53516;0.66016;0.75391;0.37891;0.63672;0.55859;0.60547;0.30078;0.44922;0.34766;0.93359;0.40234;0.14453
REM,32,kernel_quadrature,1,124;99;105;94;108;43;111;52;89;66;71;117;78;74;61;57;48;40;110;87;101;64;96;45;84;121;19;32;93;51;68;59,0.97266;0.77734;0.82422;0.73828;0.84766;0.33984;0.87109;0.41016;0.69922;0.51953;0.55859;0.91797;0.61328;0.58203;0.48047;0.44922;0.37891;0.31641;0.86328;0.68359;0.79297;0.50391;0.75391;0.35547;0.66016;0.94922;0.15234;0.25391;0.73047;0.40234;0.53516;0.46484
REM,32,label_aware,1,20;23;40;43;44;46;49;51;52;53;57;60;62;65;67;68;69;71;74;75;78;81;84;85;88;90;92;94;96;108;121;125,0.16016;0.18359;0.31641;0.33984;0.34766;0.36328;0.38672;0.40234;0.41016;0.41797;0.44922;0.47266;0.48828;0.51172;0.52734;0.53516;0.54297;0.55859;0.58203;0.58984;0.61328;0.63672;0.66016;0.66797;0.69141;0.70703;0.72266;0.73828;0.75391;0.84766;0.94922;0.98047
REM,64,consecutive,1,32;33;34;35;36;37;38;39;40;41;42;43;44;45;46;47;48;49;50;51;52;53;54;55;56;57;58;59;60;61;62;63;64;65;66;67;68;69;70;71;72;73;74;75;76;77;78;79;80;81;82;83;84;85;86;87;88;89;90;91;92;93;94;95,0.25391;0.26172;0.26953;0.27734;0.28516;0.29297;0.30078;0.30859;0.31641;0.32422;0.33203;0.33984;0.34766;0.35547;0.36328;0.37109;0.37891;0.38672;0.39453;0.40234;0.41016;0.41797;0.42578;0.43359;0.44141;0.44922;0.45703;0.46484;0.47266;0.48047;0.48828;0.49609;0.50391;0.51172;0.51953;0.52734;0.53516;0.54297;0.55078;0.55859;0.56641;0.57422;0.58203;0.58984;0.59766;0.60547;0.61328;0.62109;0.62891;0.63672;0.64453;0.65234;0.66016;0.66797;0.67578;0.68359;0.69141;0.69922;0.70703;0.71484;0.72266;0.73047;0.73828;0.74609
REM,64,uniform,1,0;2;4;6;8;10;12;14;16;18;20;22;24;26;28;30;32;34;36;38;40;42;44;46;48;50;52;54;56;58;60;62;65;67;69;71;73;75;77;79;81;83;85;87;89;91;93;95;97;99;101;103;105;107;109;111;113;115;117;119;121;123;125;127,0.00391;0.01953;0.03516;0.05078;0.06641;0.08203;0.09766;0.11328;0.12891;0.14453;0.16016;0.17578;0.19141;0.20703;0.22266;0.23828;0.25391;0.26953;0.28516;0.30078;0.31641;0.33203;0.34766;0.36328;0.37891;0.39453;0.41016;0.42578;0.44141;0.45703;0.47266;0.48828;0.51172;0.52734;0.54297;0.55859;0.57422;0.58984;0.60547;0.62109;0.63672;0.65234;0.66797;0.68359;0.69922;0.71484;0.73047;0.74609;0.76172;0.77734;0.79297;0.80859;0.82422;0.83984;0.85547;0.87109;0.88672;0.90234;0.91797;0.93359;0.94922;0.96484;0.98047;0.99609
REM,64,imse,1,100;19;40;109;114;28;122;24;29;86;21;37;53;32;75;106;65;92;61;68;84;96;48;81;71;77;38;57;44;119;51;18;90;59;118;70;102;113;63;66;55;73;82;46;9;88;79;98;31;43;112;56;74;72;78;104;83;64;67;58;110;60;62;76,0.78516;0.15234;0.31641;0.85547;0.89453;0.22266;0.95703;0.19141;0.23047;0.67578;0.16797;0.29297;0.41797;0.25391;0.58984;0.83203;0.51172;0.72266;0.48047;0.53516;0.66016;0.75391;0.37891;0.63672;0.55859;0.60547;0.30078;0.44922;0.34766;0.93359;0.40234;0.14453;0.70703;0.46484;0.92578;0.55078;0.80078;0.88672;0.49609;0.51953;0.43359;0.57422;0.64453;0.36328;0.07422;0.69141;0.62109;0.76953;0.24609;0.33984;0.87891;0.44141;0.58203;0.56641;0.61328;0.81641;0.65234;0.50391;0.52734;0.45703;0.86328;0.47266;0.48828;0.59766
REM,64,kernel_quadrature,1,124;99;105;94;108;43;111;52;89;66;71;117;78;74;61;57;48;40;110;87;101;64;96;45;84;121;19;32;93;51;68;59;54;119;37;81;106;92;56;29;63;55;35;75;83;72;113;18;97;46;79;44;24;125;82;39;9;31;85;70;62;58;123;23,0.97266;0.77734;0.82422;0.73828;0.84766;0.33984;0.87109;0.41016;0.69922;0.51953;0.55859;0.91797;0.61328;0.58203;0.48047;0.44922;0.37891;0.31641;0.86328;0.68359;0.79297;0.50391;0.75391;0.35547;0.66016;0.94922;0.15234;0.25391;0.73047;0.40234;0.53516;0.46484;0.42578;0.93359;0.29297;0.63672;0.83203;0.72266;0.44141;0.23047;0.49609;0.43359;0.27734;0.58984;0.65234;0.56641;0.88672;0.14453;0.76172;0.36328;0.62109;0.34766;0.19141;0.98047;0.64453;0.30859;0.07422;0.24609;0.66797;0.55078;0.48828;0.45703;0.96484;0.18359
REM,64,label_aware,1,17;20;21;23;27;33;38;40;43;44;45;46;48;49;51;52;53;55;56;57;59;60;62;63;64;65;67;68;69;70;71;72;73;74;75;76;77;79;80;81;82;83;84;85;87;88;90;91;92;93;94;96;97;101;104;105;107;108;112;117;119;121;124;125,0.13672;0.16016;0.16797;0.18359;0.21484;0.26172;0.30078;0.31641;0.33984;0.34766;0.35547;0.36328;0.37891;0.38672;0.40234;0.41016;0.41797;0.43359;0.44141;0.44922;0.46484;0.47266;0.48828;0.49609;0.50391;0.51172;0.52734;0.53516;0.54297;0.55078;0.55859;0.56641;0.57422;0.58203;0.58984;0.59766;0.60547;0.62109;0.62891;0.63672;0.64453;0.65234;0.66016;0.66797;0.68359;0.69141;0.70703;0.71484;0.72266;0.73047;0.73828;0.75391;0.76172;0.79297;0.81641;0.82422;0.83984;0.84766;0.87891;0.91797;0.93359;0.94922;0.97266;0.98047
REM,4,consecutive,2,62;63;64;65,0.48828;0.49609;0.50391;0.51172
REM,4,uniform,2,0;42;85;127,0.00391;0.33203;0.66797;0.99609
REM,4,imse,2,100;19;109;35,0.78516;0.15234;0.85547;0.27734
REM,4,kernel_quadrature,2,19;32;99;86,0.15234;0.25391;0.77734;0.67578
REM,4,label_aware,2,78;85;99;114,0.61328;0.66797;0.77734;0.89453
REM,8,consecutive,2,60;61;62;63;64;65;66;67,0.47266;0.48047;0.48828;0.49609;0.50391;0.51172;0.51953;0.52734
REM,8,uniform,2,0;18;36;54;73;91;109;127,0.00391;0.14453;0.28516;0.42578;0.57422;0.71484;0.85547;0.99609
REM,8,imse,2,100;19;109;35;117;40;24;30,0.78516;0.15234;0.85547;0.27734;0.91797;0.31641;0.19141;0.23828
REM,8,kernel_quadrature,2,19;32;99;86;116;35;27;43,0.15234;0.25391;0.77734;0.67578;0.91016;0.27734;0.21484;0.33984
REM,8,label_aware,2,17;32;53;75;79;85;99;114,0.13672;0.25391;0.41797;0.58984;0.62109;0.66797;0.77734;0.89453
REM,16,consecutive,2,56;57;58;59;60;61;62;63;64;65;66;67;68;69;70;71,0.44141;0.44922;0.45703;0.46484;0.47266;0.48047;0.48828;0.49609;0.50391;0.51172;0.51953;0.52734;0.53516;0.54297;0.55078;0.55859
REM,16,uniform,2,0;8;17;25;34;42;51;59;68;76;85;93;102;110;119;127,0.00391;0.06641;0.13672;0.19922;0.26953;0.33203;0.40234;0.46484;0.53516;0.59766;0.66797;0.73047;0.80078;0.86328;0.93359;0.99609
REM,16,imse,2,100;19;109;35;117;40;24;30;124;91;105;27;53;75;64;85,0.78516;0.15234;0.85547;0.27734;0.91797;0.31641;0.19141;0.23828;0.97266;0.71484;0.82422;0.21484;0.41797;0.58984;0.50391;0.66797
REM,16,kernel_quadrature,2,19;32;99;86;116;35;27;43;79;94;75;53;119;105;91;83,0.15234;0.25391;0.77734;0.67578;0.91016;0.27734;0.21484;0.33984;0.62109;0.73828;0.58984;0.41797;0.93359;0.82422;0.71484;0.65234
REM,16,label_aware,2,17;32;53;55;63;68;75;78;81;84;87;92;99;104;114;119,0.13672;0.25391;0.41797;0.43359;0.49609;0.53516;0.58984;0.61328;0.63672;0.66016;0.68359;0.72266;0.77734;0.81641;0.89453;0.93359
REM,32,consecutive,2,48;49;50;51;52;53;54;55;56;57;58;59;60;61;62;63;64;65;66;67;68;69;70;71;72;73;74;75;76;77;78;79,0.37891;0.38672;0.39453;0.40234;0.41016;0.41797;0.42578;0.43359;0.44141;0.44922;0.45703;0.46484;0.47266;0.48047;0.48828;0.49609;0.50391;0.51172;0.51953;0.52734;0.53516;0.54297;0.55078;0.55859;0.56641;0.57422;0.58203;0.58984;0.59766;0.60547;0.61328;0.62109
REM,32,uniform,2,0;4;8;12;16;20;25;29;33;37;41;45;49;53;57;61;66;70;74;78;82;86;90;94;98;102;107;111;115;119;123;127,0.00391;0.03516;0.06641;0.09766;0.12891;0.16016;0.19922;0.23047;0.26172;0.29297;0.32422;0.35547;0.38672;0.41797;0.44922;0.48047;0.51953;0.55078;0.58203;0.61328;0.64453;0.67578;0.70703;0.73828;0.76953;0.80078;0.83984;0.87109;0.90234;0.93359;0.96484;0.99609
REM,32,imse,2,100;19;109;35;117;40;24;30;124;91;105;27;53;75;64;85;120;60;77;113;80;23;69;72;66;95;57;89;47;62;127;83,0.78516;0.15234;0.85547;0.27734;0.91797;0.31641;0.19141;0.23828;0.97266;0.71484;0.82422;0.21484;0.41797;0.58984;0.50391;0.66797;0.94141;0.47266;0.60547;0.88672;0.62891;0.18359;0.54297;0.56641;0.51953;0.74609;0.44922;0.69922;0.37109;0.48828;0.99609;0.65234
REM,32,kernel_quadrature,2,19;32;99;86;116;35;27;43;79;94;75;53;119;105;91;83;66;71;17;104;88;51;92;76;81;110;55;124;69;73;112;37,0.15234;0.25391;0.77734;0.67578;0.91016;0.27734;0.21484;0.33984;0.62109;0.73828;0.58984;0.41797;0.93359;0.82422;0.71484;0.65234;0.51953;0.55859;0.13672;0.81641;0.69141;0.40234;0.72266;0.59766;0.63672;0.86328;0.43359;0.97266;0.54297;0.57422;0.87891;0.29297
REM,32,label_aware,2,16;17;25;28;32;35;41;48;50;53;55;57;59;61;63;67;69;71;72;75;76;78;79;81;84;85;87;92;99;104;114;119,0.12891;0.13672;0.19922;0.22266;0.25391;0.27734;0.32422;0.37891;0.39453;0.41797;0.43359;0.44922;0.46484;0.48047;0.49609;0.52734;0.54297;0.55859;0.56641;0.58984;0.59766;0.61328;0.62109;0.63672;0.66016;0.66797;0.68359;0.72266;0.77734;0.81641;0.89453;0.93359
REM,64,consecutive,2,32;33;34;35;36;37;38;39;40;41;42;43;44;45;46;47;48;49;50;51;52;53;54;55;56;57;58;59;60;61;62;63;64;65;66;67;68;69;70;71;72;73;74;75;76;77;78;79;80;81;82;83;84;85;86;87;88;89;90;91;92;93;94;95,0.25391;0.26172;0.26953;0.27734;0.28516;0.29297;0.30078;0.30859;0.31641;0.32422;0.33203;0.33984;0.34766;0.35547;0.36328;0.37109;0.37891;0.38672;0.39453;0.40234;0.41016;0.41797;0.42578;0.43359;0.44141;0.44922;0.45703;0.46484;0.47266;0.48047;0.48828;0.49609;0.50391;0.51172;0.51953;0.52734;0.53516;0.54297;0.55078;0.55859;0.56641;0.57422;0.58203;0.58984;0.59766;0.60547;0.61328;0.62109;0.62891;0.63672;0.64453;0.65234;0.66016;0.66797;0.67578;0.68359;0.69141;0.69922;0.70703;0.71484;0.72266;0.73047;0.73828;0.74609
REM,64,uniform,2,0;2;4;6;8;10;12;14;16;18;20;22;24;26;28;30;32;34;36;38;40;42;44;46;48;50;52;54;56;58;60;62;65;67;69;71;73;75;77;79;81;83;85;87;89;91;93;95;97;99;101;103;105;107;109;111;113;115;117;119;121;123;125;127,0.00391;0.01953;0.03516;0.05078;0.06641;0.08203;0.09766;0.11328;0.12891;0.14453;0.16016;0.17578;0.19141;0.20703;0.22266;0.23828;0.25391;0.26953;0.28516;0.30078;0.31641;0.33203;0.34766;0.36328;0.37891;0.39453;0.41016;0.42578;0.44141;0.45703;0.47266;0.48828;0.51172;0.52734;0.54297;0.55859;0.57422;0.58984;0.60547;0.62109;0.63672;0.65234;0.66797;0.68359;0.69922;0.71484;0.73047;0.74609;0.76172;0.77734;0.79297;0.80859;0.82422;0.83984;0.85547;0.87109;0.88672;0.90234;0.91797;0.93359;0.94922;0.96484;0.98047;0.99609
REM,64,imse,2,100;19;109;35;117;40;24;30;124;91;105;27;53;75;64;85;120;60;77;113;80;23;69;72;66;95;57;89;47;62;127;83;55;51;43;9;102;98;111;73;93;82;67;16;49;71;56;44;79;88;104;58;90;37;46;76;63;59;54;112;94;74;50;65,0.78516;0.15234;0.85547;0.27734;0.91797;0.31641;0.19141;0.23828;0.97266;0.71484;0.82422;0.21484;0.41797;0.58984;0.50391;0.66797;0.94141;0.47266;0.60547;0.88672;0.62891;0.18359;0.54297;0.56641;0.51953;0.74609;0.44922;0.69922;0.37109;0.48828;0.99609;0.65234;0.43359;0.40234;0.33984;0.07422;0.80078;0.76953;0.87109;0.57422;0.73047;0.64453;0.52734;0.12891;0.38672;0.55859;0.44141;0.34766;0.62109;0.69141;0.81641;0.45703;0.70703;0.29297;0.36328;0.59766;0.49609;0.46484;0.42578;0.87891;0.73828;0.58203;0.39453;0.51172
REM,64,kernel_quadrature,2,19;32;99;86;116;35;27;43;79;94;75;53;119;105;91;83;66;71;17;104;88;51;92;76;81;110;55;124;69;73;112;37;67;61;54;48;59;72;40;64;22;107;98;101;33;122;49;77;57;70;62;45;87;29;126;18;95;26;68;23;16;114;109;106,0.15234;0.25391;0.77734;0.67578;0.91016;0.27734;0.21484;0.33984;0.62109;0.73828;0.58984;0.41797;0.93359;0.82422;0.71484;0.65234;0.51953;0.55859;0.13672;0.81641;0.69141;0.40234;0.72266;0.59766;0.63672;0.86328;0.43359;0.97266;0.54297;0.57422;0.87891;0.29297;0.52734;0.48047;0.42578;0.37891;0.46484;0.56641;0.31641;0.50391;0.17578;0.83984;0.76953;0.79297;0.26172;0.95703;0.38672;0.60547;0.44922;0.55078;0.48828;0.35547;0.68359;0.23047;0.98828;0.14453;0.74609;0.20703;0.53516;0.18359;0.12891;0.89453;0.85547;0.83203
REM,64,label_aware,2,16;17;18;21;25;28;32;35;37;38;40;42;44;46;47;48;49;50;51;53;54;55;57;59;60;61;62;63;64;67;68;69;70;72;73;74;75;76;78;79;80;81;82;83;84;85;86;87;90;92;93;94;98;99;101;104;107;110;111;114;116;119;122;125,0.12891;0.13672;0.14453;0.16797;0.19922;0.22266;0.25391;0.27734;0.29297;0.30078;0.31641;0.33203;0.34766;0.36328;0.37109;0.37891;0.38672;0.39453;0.40234;0.41797;0.42578;0.43359;0.44922;0.46484;0.47266;0.48047;0.48828;0.49609;0.50391;0.52734;0.53516;0.54297;0.55078;0.56641;0.57422;0.58203;0.58984;0.59766;0.61328;0.62109;0.62891;0.63672;0.64453;0.65234;0.66016;0.66797;0.67578;0.68359;0.70703;0.72266;0.73047;0.73828;0.76953;0.77734;0.79297;0.81641;0.83984;0.86328;0.87109;0.89453;0.91016;0.93359;0.95703;0.98047
REM,4,consecutive,3,62;63;64;65,0.48828;0.49609;0.50391;0.51172
REM,4,uniform,3,0;42;85;127,0.00391;0.33203;0.66797;0.99609
REM,4,imse,3,100;19;106;36,0.78516;0.15234;0.83203;0.28516
REM,4,kernel_quadrature,3,19;94;31;112,0.15234;0.73828;0.24609;0.87891
REM,4,label_aware,3,19;52;94;109,0.15234;0.41016;0.73828;0.85547
REM,8,consecutive,3,60;61;62;63;64;65;66;67,0.47266;0.48047;0.48828;0.49609;0.50391;0.51172;0.51953;0.52734
REM,8,uniform,3,0;18;36;54;73;91;109;127,0.00391;0.14453;0.28516;0.42578;0.57422;0.71484;0.85547;0.99609
REM,8,imse,3,100;19;106;36;114;41;124;30,0.78516;0.15234;0.83203;0.28516;0.89453;0.32422;0.97266;0.23828
REM,8,kernel_quadrature,3,19;94;31;112;124;39;52;102,0.15234;0.73828;0.24609;0.87891;0.97266;0.30859;0.41016;0.80078
REM,8,label_aware,3,17;29;52;85;100;101;109;114,0.13672;0.23047;0.41016;0.66797;0.78516;0.79297;0.85547;0.89453
REM,16,consecutive,3,56;57;58;59;60;61;62;63;64;65;66;67;68;69;70;71,0.44141;0.44922;0.45703;0.46484;0.47266;0.48047;0.48828;0.49609;0.50391;0.51172;0.51953;0.52734;0.53516;0.54297;0.55078;0.55859
REM,16,uniform,3,0;8;17;25;34;42;51;59;68;76;85;93;102;110;119;127,0.00391;0.06641;0.13672;0.19922;0.26953;0.33203;0.40234;0.46484;0.53516;0.59766;0.66797;0.73047;0.80078;0.86328;0.93359;0.99609
REM,16,imse,3,100;19;106;36;114;41;124;30;109;120;25;89;27;84;70;60,0.78516;0.15234;0.83203;0.28516;0.89453;0.32422;0.97266;0.23828;0.85547;0.94141;0.19922;0.69922;0.21484;0.66016;0.55078;0.47266
REM,16,kernel_quadrature,3,19;94;31;112;124;39;52;102;86;81;45;96;83;27;53;78,0.15234;0.73828;0.24609;0.87891;0.97266;0.30859;0.41016;0.80078;0.67578;0.63672;0.35547;0.75391;0.65234;0.21484;0.41797;0.61328
REM,16,label_aware,3,17;29;37;44;52;61;74;78;80;83;85;87;100;101;109;114,0.13672;0.23047;0.29297;0.34766;0.41016;0.48047;0.58203;0.61328;0.62891;0.65234;0.66797;0.68359;0.78516;0.79297;0.85547;0.89453
REM,32,consecutive,3,48;49;50;51;52;53;54;55;56;57;58;59;60;61;62;63;64;65;66;67;68;69;70;71;72;73;74;75;76;77;78;79,0.37891;0.38672;0.39453;0.40234;0.41016;0.41797;0.42578;0.43359;0.44141;0.44922;0.45703;0.46484;0.47266;0.48047;0.48828;0.49609;0.50391;0.51172;0.51953;0.52734;0.53516;0.54297;0.55078;0.55859;0.56641;0.57422;0.58203;0.58984;0.59766;0.60547;0.61328;0.62109
REM,32,uniform,3,0;4;8;12;16;20;25;29;33;37;41;45;49;53;57;61;66;70;74;78;82;86;90;94;98;102;107;111;115;119;123;127,0.00391;0.03516;0.06641;0.09766;0.12891;0.16016;0.19922;0.23047;0.26172;0.29297;0.32422;0.35547;0.38672;0.41797;0.44922;0.48047;0.51953;0.55078;0.58203;0.61328;0.64453;0.67578;0.70703;0.73828;0.76953;0.80078;0.83984;0.87109;0.90234;0.93359;0.96484;0.99609
REM,32,imse,3,100;19;106;36;114;41;124;30;109;120;25;89;27;84;70;60;21;68;81;96;53;33;63;74;48;78;72;103;57;65;50;92,0.78516;0.15234;0.83203;0.28516;0.89453;0.32422;0.97266;0.23828;0.85547;0.94141;0.19922;0.69922;0.21484;0.66016;0.55078;0.47266;0.16797;0.53516;0.63672;0.75391;0.41797;0.26172;0.49609;0.58203;0.37891;0.61328;0.56641;0.80859;0.44922;0.51172;0.39453;0.72266
REM,32,kernel_quadrature,3,19;94;31;112;124;39;52;102;86;81;45;96;83;27;53;78;49;43;106;36;85;58;88;121;63;115;66;100;92;25;40;56,0.15234;0.73828;0.24609;0.87891;0.97266;0.30859;0.41016;0.80078;0.67578;0.63672;0.35547;0.75391;0.65234;0.21484;0.41797;0.61328;0.38672;0.33984;0.83203;0.28516;0.66797;0.45703;0.69141;0.94922;0.49609;0.90234;0.51953;0.78516;0.72266;0.19922;0.31641;0.44141
REM,32,label_aware,3,19;26;29;37;40;43;47;50;52;54;57;61;64;67;71;74;77;78;80;82;83;85;87;93;96;100;101;104;109;112;114;119,0.15234;0.20703;0.23047;0.29297;0.31641;0.33984;0.37109;0.39453;0.41016;0.42578;0.44922;0.48047;0.50391;0.52734;0.55859;0.58203;0.60547;0.61328;0.62891;0.64453;0.65234;0.66797;0.68359;0.73047;0.75391;0.78516;0.79297;0.81641;0.85547;0.87891;0.89453;0.93359
REM,64,consecutive,3,32;33;34;35;36;37;38;39;40;41;42;43;44;45;46;47;48;49;50;51;52;53;54;55;56;57;58;59;60;61;62;63;64;65;66;67;68;69;70;71;72;73;74;75;76;77;78;79;80;81;82;83;84;85;86;87;88;89;90;91;92;93;94;95,0.25391;0.26172;0.26953;0.27734;0.28516;0.29297;0.30078;0.30859;0.31641;0.32422;0.33203;0.33984;0.34766;0.35547;0.36328;0.37109;0.37891;0.38672;0.39453;0.40234;0.41016;0.41797;0.42578;0.43359;0.44141;0.44922;0.45703;0.46484;0.47266;0.48047;0.48828;0.49609;0.50391;0.51172;0.51953;0.52734;0.53516;0.54297;0.55078;0.55859;0.56641;0.57422;0.58203;0.58984;0.59766;0.60547;0.61328;0.62109;0.62891;0.63672;0.64453;0.65234;0.66016;0.66797;0.67578;0.68359;0.69141;0.69922;0.70703;0.71484;0.72266;0.73047;0.73828;0.74609
REM,64,uniform,3,0;2;4;6;8;10;12;14;16;18;20;22;24;26;28;30;32;34;36;38;40;42;44;46;48;50;52;54;56;58;60;62;65;67;69;71;73;75;77;79;81;83;85;87;89;91;93;95;97;99;101;103;105;107;109;111;113;115;117;119;121;123;125;127,0.00391;0.01953;0.03516;0.05078;0.06641;0.08203;0.09766;0.11328;0.12891;0.14453;0.16016;0.17578;0.19141;0.20703;0.22266;0.23828;0.25391;0.26953;0.28516;0.30078;0.31641;0.33203;0.34766;0.36328;0.37891;0.39453;0.41016;0.42578;0.44141;0.45703;0.47266;0.48828;0.51172;0.52734;0.54297;0.55859;0.57422;0.58984;0.60547;0.62109;0.63672;0.65234;0.66797;0.68359;0.69922;0.71484;0.73047;0.74609;0.76172;0.77734;0.79297;0.80859;0.82422;0.83984;0.85547;0.87109;0.88672;0.90234;0.91797;0.93359;0.94922;0.96484;0.98047;0.99609
REM,64,imse,3,100;19;106;36;114;41;124;30;109;120;25;89;27;84;70;60;21;68;81;96;53;33;63;74;48;78;72;103;57;65;50;92;126;55;76;45;66;94;88;83;111;46;43;62;122;73;26;58;90;77;52;39;71;67;16;56;112;86;54;49;64;69;80;75,0.78516;0.15234;0.83203;0.28516;0.89453;0.32422;0.97266;0.23828;0.85547;0.94141;0.19922;0.69922;0.21484;0.66016;0.55078;0.47266;0.16797;0.53516;0.63672;0.75391;0.41797;0.26172;0.49609;0.58203;0.37891;0.61328;0.56641;0.80859;0.44922;0.51172;0.39453;0.72266;0.98828;0.43359;0.59766;0.35547;0.51953;0.73828;0.69141;0.65234;0.87109;0.36328;0.33984;0.48828;0.95703;0.57422;0.20703;0.45703;0.70703;0.60547;0.41016;0.30859;0.55859;0.52734;0.12891;0.44141;0.87891;0.67578;0.42578;0.38672;0.50391;0.54297;0.62891;0.58984
REM,64,kernel_quadrature,3,19;94;31;112;124;39;52;102;86;81;45;96;83;27;53;78;49;43;106;36;85;58;88;121;63;115;66;100;92;25;40;56;125;108;93;21;46;44;71;32;75;68;20;48;55;17;79;87;82;60;65;80;90;51;35;84;72;70;119;41;73;76;62;57,0.15234;0.73828;0.24609;0.87891;0.97266;0.30859;0.41016;0.80078;0.67578;0.63672;0.35547;0.75391;0.65234;0.21484;0.41797;0.61328;0.38672;0.33984;0.83203;0.28516;0.66797;0.45703;0.69141;0.94922;0.49609;0.90234;0.51953;0.78516;0.72266;0.19922;0.31641;0.44141;0.98047;0.84766;0.73047;0.16797;0.36328;0.34766;0.55859;0.25391;0.58984;0.53516;0.16016;0.37891;0.43359;0.13672;0.62109;0.68359;0.64453;0.47266;0.51172;0.62891;0.70703;0.40234;0.27734;0.66016;0.56641;0.55078;0.93359;0.32422;0.57422;0.59766;0.48828;0.44922
REM,64,label_aware,3,18;20;22;24;25;26;29;37;39;40;43;44;46;47;50;51;52;54;56;57;58;60;61;62;63;64;67;68;69;70;71;72;73;74;76;77;78;79;80;82;83;85;87;88;90;93;95;96;98;100;101;104;107;108;109;110;112;113;114;115;118;119;121;125,0.14453;0.16016;0.17578;0.19141;0.19922;0.20703;0.23047;0.29297;0.30859;0.31641;0.33984;0.34766;0.36328;0.37109;0.39453;0.40234;0.41016;0.42578;0.44141;0.44922;0.45703;0.47266;0.48047;0.48828;0.49609;0.50391;0.52734;0.53516;0.54297;0.55078;0.55859;0.56641;0.57422;0.58203;0.59766;0.60547;0.61328;0.62109;0.62891;0.64453;0.65234;0.66797;0.68359;0.69141;0.70703;0.73047;0.74609;0.75391;0.76953;0.78516;0.79297;0.81641;0.83984;0.84766;0.85547;0.86328;0.87891;0.88672;0.89453;0.90234;0.92578;0.93359;0.94922;0.98047
REM,4,consecutive,4,62;63;64;65,0.48828;0.49609;0.50391;0.51172
REM,4,uniform,4,0;42;85;127,0.00391;0.33203;0.66797;0.99609
REM,4,imse,4,19;125;31;109,0.15234;0.98047;0.24609;0.85547
REM,4,kernel_quadrature,4,19;29;101;108,0.15234;0.23047;0.79297;0.84766
REM,4,label_aware,4,17;29;101;107,0.13672;0.23047;0.79297;0.83984
REM,8,consecutive,4,60;61;62;63;64;65;66;67,0.47266;0.48047;0.48828;0.49609;0.50391;0.51172;0.51953;0.52734
REM,8,uniform,4,0;18;36;54;73;91;109;127,0.00391;0.14453;0.28516;0.42578;0.57422;0.71484;0.85547;0.99609
REM,8,imse,4,19;125;31;109;121;104;116;24,0.15234;0.98047;0.24609;0.85547;0.94922;0.81641;0.91016;0.19141
REM,8,kernel_quadrature,4,19;29;101;108;114;125;38;118,0.15234;0.23047;0.79297;0.84766;0.89453;0.98047;0.30078;0.92578
REM,8,label_aware,4,17;29;53;68;75;101;107;114,0.13672;0.23047;0.41797;0.53516;0.58984;0.79297;0.83984;0.89453
REM,16,consecutive,4,56;57;58;59;60;61;62;63;64;65;66;67;68;69;70;71,0.44141;0.44922;0.45703;0.46484;0.47266;0.48047;0.48828;0.49609;0.50391;0.51172;0.51953;0.52734;0.53516;0.54297;0.55078;0.55859
REM,16,uniform,4,0;8;17;25;34;42;51;59;68;76;85;93;102;110;119;127,0.00391;0.06641;0.13672;0.19922;0.26953;0.33203;0.40234;0.46484;0.53516;0.59766;0.66797;0.73047;0.80078;0.86328;0.93359;0.99609
REM,16,imse,4,19;125;31;109;121;104;116;24;40;100;86;53;27;92;65;61,0.15234;0.98047;0.24609;0.85547;0.94922;0.81641;0.91016;0.19141;0.31641;0.78516;0.67578;0.41797;0.21484;0.72266;0.51172;0.48047
REM,16,kernel_quadrature,4,19;29;101;108;114;125;38;118;85;43;78;9;102;74;69;63,0.15234;0.23047;0.79297;0.84766;0.89453;0.98047;0.30078;0.92578;0.66797;0.33984;0.61328;0.07422;0.80078;0.58203;0.54297;0.49609
REM,16,label_aware,4,17;26;29;53;55;61;68;72;75;82;86;101;107;114;125;126,0.13672;0.20703;0.23047;0.41797;0.43359;0.48047;0.53516;0.56641;0.58984;0.64453;0.67578;0.79297;0.83984;0.89453;0.98047;0.98828
REM,32,consecutive,4,48;49;50;51;52;53;54;55;56;57;58;59;60;61;62;63;64;65;66;67;68;69;70;71;72;73;74;75;76;77;78;79,0.37891;0.38672;0.39453;0.40234;0.41016;0.41797;0.42578;0.43359;0.44141;0.44922;0.45703;0.46484;0.47266;0.48047;0.48828;0.49609;0.50391;0.51172;0.51953;0.52734;0.53516;0.54297;0.55078;0.55859;0.56641;0.57422;0.58203;0.58984;0.59766;0.60547;0.61328;0.62109
REM,32,uniform,4,0;4;8;12;16;20;25;29;33;37;41;45;49;53;57;61;66;70;74;78;82;86;90;94;98;102;107;111;115;119;123;127,0.00391;0.03516;0.06641;0.09766;0.12891;0.16016;0.19922;0.23047;0.26172;0.29297;0.32422;0.35547;0.38672;0.41797;0.44922;0.48047;0.51953;0.55078;0.58203;0.61328;0.64453;0.67578;0.70703;0.73828;0.76953;0.80078;0.83984;0.87109;0.90234;0.93359;0.96484;0.99609
REM,32,imse,4,19;125;31;109;121;104;116;24;40;100;86;53;27;92;65;61;75;78;35;113;82;58;68;96;48;56;72;63;84;90;70;103,0.15234;0.98047;0.24609;0.85547;0.94922;0.81641;0.91016;0.19141;0.31641;0.78516;0.67578;0.41797;0.21484;0.72266;0.51172;0.48047;0.58984;0.61328;0.27734;0.88672;0.64453;0.45703;0.53516;0.75391;0.37891;0.44141;0.56641;0.49609;0.66016;0.70703;0.55078;0.80859
REM,32,kernel_quadrature,4,19;29;101;108;114;125;38;118;85;43;78;9;102;74;69;63;90;17;95;107;67;71;76;81;48;88;45;58;92;121;98;72,0.15234;0.23047;0.79297;0.84766;0.89453;0.98047;0.30078;0.92578;0.66797;0.33984;0.61328;0.07422;0.80078;0.58203;0.54297;0.49609;0.70703;0.13672;0.74609;0.83984;0.52734;0.55859;0.59766;0.63672;0.37891;0.69141;0.35547;0.45703;0.72266;0.94922;0.76953;0.56641
REM,32,label_aware,4,16;18;26;29;35;41;44;46;52;53;55;58;61;62;68;71;72;75;79;81;82;84;86;88;95;101;106;107;115;119;125;126,0.12891;0.14453;0.20703;0.23047;0.27734;0.32422;0.34766;0.36328;0.41016;0.41797;0.43359;0.45703;0.48047;0.48828;0.53516;0.55859;0.56641;0.58984;0.62109;0.63672;0.64453;0.66016;0.67578;0.69141;0.74609;0.79297;0.83203;0.83984;0.90234;0.93359;0.98047;0.98828
REM,64,consecutive,4,32;33;34;35;36;37;38;39;40;41;42;43;44;45;46;47;48;49;50;51;52;53;54;55;56;57;58;59;60;61;62;63;64;65;66;67;68;69;70;71;72;73;74;75;76;77;78;79;80;81;82;83;84;85;86;87;88;89;90;91;92;93;94;95,0.25391;0.26172;0.26953;0.27734;0.28516;0.29297;0.30078;0.30859;0.31641;0.32422;0.33203;0.33984;0.34766;0.35547;0.36328;0.37109;0.37891;0.38672;0.39453;0.40234;0.41016;0.41797;0.42578;0.43359;0.44141;0.44922;0.45703;0.46484;0.47266;0.48047;0.48828;0.49609;0.50391;0.51172;0.51953;0.52734;0.53516;0.54297;0.55078;0.55859;0.56641;0.57422;0.58203;0.58984;0.59766;0.60547;0.61328;0.62109;0.62891;0.63672;0.64453;0.65234;0.66016;0.66797;0.67578;0.68359;0.69141;0.69922;0.70703;0.71484;0.72266;0.73047;0.73828;0.74609
REM,64,uniform,4,0;2;4;6;8;10;12;14;16;18;20;22;24;26;28;30;32;34;36;38;40;42;44;46;48;50;52;54;56;58;60;62;65;67;69;71;73;75;77;79;81;83;85;87;89;91;93;95;97;99;101;103;105;107;109;111;113;115;117;119;121;123;125;127,0.00391;0.01953;0.03516;0.05078;0.06641;0.08203;0.09766;0.11328;0.12891;0.14453;0.16016;0.17578;0.19141;0.20703;0.22266;0.23828;0.25391;0.26953;0.28516;0.30078;0.31641;0.33203;0.34766;0.36328;0.37891;0.39453;0.41016;0.42578;0.44141;0.45703;0.47266;0.48828;0.51172;0.52734;0.54297;0.55859;0.57422;0.58984;0.60547;0.62109;0.63672;0.65234;0.66797;0.68359;0.69922;0.71484;0.73047;0.74609;0.76172;0.77734;0.79297;0.80859;0.82422;0.83984;0.85547;0.87109;0.88672;0.90234;0.91797;0.93359;0.94922;0.96484;0.98047;0.99609
REM,64,imse,4,19;125;31;109;121;104;116;24;40;100;86;53;27;92;65;61;75;78;35;113;82;58;68;96;48;56;72;63;84;90;70;103;43;26;50;18;47;80;59;9;76;67;120;88;94;55;127;45;74;97;38;36;16;71;23;57;64;77;29;110;51;73;79;98,0.15234;0.98047;0.24609;0.85547;0.94922;0.81641;0.91016;0.19141;0.31641;0.78516;0.67578;0.41797;0.21484;0.72266;0.51172;0.48047;0.58984;0.61328;0.27734;0.88672;0.64453;0.45703;0.53516;0.75391;0.37891;0.44141;0.56641;0.49609;0.66016;0.70703;0.55078;0.80859;0.33984;0.20703;0.39453;0.14453;0.37109;0.62891;0.46484;0.07422;0.59766;0.52734;0.94141;0.69141;0.73828;0.43359;0.99609;0.35547;0.58203;0.76172;0.30078;0.28516;0.12891;0.55859;0.18359;0.44922;0.50391;0.60547;0.23047;0.86328;0.40234;0.57422;0.62109;0.76953
REM,64,kernel_quadrature,4,19;29;101;108;114;125;38;118;85;43;78;9;102;74;69;63;90;17;95;107;67;71;76;81;48;88;45;58;92;121;98;72;82;65;61;83;37;47;21;55;94;27;126;16;89;77;51;124;40;35;105;122;86;70;68;73;34;111;24;84;52;79;87;64,0.15234;0.23047;0.79297;0.84766;0.89453;0.98047;0.30078;0.92578;0.66797;0.33984;0.61328;0.07422;0.80078;0.58203;0.54297;0.49609;0.70703;0.13672;0.74609;0.83984;0.52734;0.55859;0.59766;0.63672;0.37891;0.69141;0.35547;0.45703;0.72266;0.94922;0.76953;0.56641;0.64453;0.51172;0.48047;0.65234;0.29297;0.37109;0.16797;0.43359;0.73828;0.21484;0.98828;0.12891;0.69922;0.60547;0.40234;0.97266;0.31641;0.27734;0.82422;0.95703;0.67578;0.55078;0.53516;0.57422;0.26953;0.87109;0.19141;0.66016;0.41016;0.62109;0.68359;0.50391
REM,64,label_aware,4,16;17;18;21;23;24;25;26;28;31;35;39;41;43;44;45;46;48;49;50;51;52;53;54;55;56;58;59;61;62;64;65;66;68;70;71;72;73;75;77;78;79;80;81;82;84;85;86;87;88;90;95;100;101;106;107;110;115;117;119;121;123;125;126,0.12891;0.13672;0.14453;0.16797;0.18359;0.19141;0.19922;0.20703;0.22266;0.24609;0.27734;0.30859;0.32422;0.33984;0.34766;0.35547;0.36328;0.37891;0.38672;0.39453;0.40234;0.41016;0.41797;0.42578;0.43359;0.44141;0.45703;0.46484;0.48047;0.48828;0.50391;0.51172;0.51953;0.53516;0.55078;0.55859;0.56641;0.57422;0.58984;0.60547;0.61328;0.62109;0.62891;0.63672;0.64453;0.66016;0.66797;0.67578;0.68359;0.69141;0.70703;0.74609;0.78516;0.79297;0.83203;0.83984;0.86328;0.90234;0.91797;0.93359;0.94922;0.96484;0.98047;0.98828
N3,4,consecutive,0,62;63;64;65,0.48828;0.49609;0.50391;0.51172
N3,4,uniform,0,0;42;85;127,0.00391;0.33203;0.66797;0.99609
N3,4,imse,0,95;14;22;33,0.74609;0.11328;0.17578;0.26172
N3,4,kernel_quadrature,0,14;95;33;77,0.11328;0.74609;0.26172;0.60547
N3,4,label_aware,0,14;45;48;63,0.11328;0.35547;0.37891;0.49609
N3,8,consecutive,0,60;61;62;63;64;65;66;67,0.47266;0.48047;0.48828;0.49609;0.50391;0.51172;0.51953;0.52734
N3,8,uniform,0,0;18;36;54;73;91;109;127,0.00391;0.14453;0.28516;0.42578;0.57422;0.71484;0.85547;0.99609
N3,8,imse,0,95;14;22;33;126;108;40;104,0.74609;0.11328;0.17578;0.26172;0.98828;0.84766;0.31641;0.81641
N3,8,kernel_quadrature,0,14;95;33;77;74;24;64;11,0.11328;0.74609;0.26172;0.60547;0.58203;0.19141;0.50391;0.08984
N3,8,label_aware,0,14;17;32;45;52;65;77;101,0.11328;0.13672;0.25391;0.35547;0.41016;0.51172;0.60547;0.79297
N3,16,consecutive,0,56;57;58;59;60;61;62;63;64;65;66;67;68;69;70;71,0.44141;0.44922;0.45703;0.46484;0.47266;0.48047;0.48828;0.49609;0.50391;0.51172;0.51953;0.52734;0.53516;0.54297;0.55078;0.55859
N3,16,uniform,0,0;8;17;25;34;42;51;59;68;76;85;93;102;110;119;127,0.00391;0.06641;0.13672;0.19922;0.26953;0.33203;0.40234;0.46484;0.53516;0.59766;0.66797;0.73047;0.80078;0.86328;0.93359;0.99609
N3,16,imse,0,95;14;22;33;126;108;40;104;64;49;29;27;52;84;118;89,0.74609;0.11328;0.17578;0.26172;0.98828;0.84766;0.31641;0.81641;0.50391;0.38672;0.23047;0.21484;0.41016;0.66016;0.92578;0.69922
N3,16,kernel_quadrature,0,14;95;33;77;74;24;64;11;53;41;63;49;23;86;45;125,0.11328;0.74609;0.26172;0.60547;0.58203;0.19141;0.50391;0.08984;0.41797;0.32422;0.49609;0.38672;0.18359;0.67578;0.35547;0.98047
N3,16,label_aware,0,4;14;23;33;40;45;49;52;56;59;62;65;70;75;77;101,0.03516;0.11328;0.18359;0.26172;0.31641;0.35547;0.38672;0.41016;0.44141;0.46484;0.48828;0.51172;0.55078;0.58984;0.60547;0.79297
N3,32,consecutive,0,48;49;50;51;52;53;54;55;56;57;58;59;60;61;62;63;64;65;66;67;68;69;70;71;72;73;74;75;76;77;78;79,0.37891;0.38672;0.39453;0.40234;0.41016;0.41797;0.42578;0.43359;0.44141;0.44922;0.45703;0.46484;0.47266;0.48047;0.48828;0.49609;0.50391;0.51172;0.51953;0.52734;0.53516;0.54297;0.55078;0.55859;0.56641;0.57422;0.58203;0.58984;0.59766;0.60547;0.61328;0.62109
N3,32,uniform,0,0;4;8;12;16;20;25;29;33;37;41;45;49;53;57;61;66;70;74;78;82;86;90;94;98;102;107;111;115;119;123;127,0.00391;0.03516;0.06641;0.09766;0.12891;0.16016;0.19922;0.23047;0.26172;0.29297;0.32422;0.35547;0.38672;0.41797;0.44922;0.48047;0.51953;0.55078;0.58203;0.61328;0.64453;0.67578;0.70703;0.73828;0.76953;0.80078;0.83984;0.87109;0.90234;0.93359;0.96484;0.99609
N3,32,imse,0,95;14;22;33;126;108;40;104;64;49;29;27;52;84;118;89;6;82;113;45;32;72;88;59;76;106;16;93;4;62;67;78,0.74609;0.11328;0.17578;0.26172;0.98828;0.84766;0.31641;0.81641;0.50391;0.38672;0.23047;0.21484;0.41016;0.66016;0.92578;0.69922;0.05078;0.64453;0.88672;0.35547;0.25391;0.56641;0.69141;0.46484;0.59766;0.83203;0.12891;0.73047;0.03516;0.48828;0.52734;0.61328
N3,32,kernel_quadrature,0,14;95;33;77;74;24;64;11;53;41;63;49;23;86;45;125;101;81;108;102;69;66;56;38;84;87;50;72;75;15;32;79,0.11328;0.74609;0.26172;0.60547;0.58203;0.19141;0.50391;0.08984;0.41797;0.32422;0.49609;0.38672;0.18359;0.67578;0.35547;0.98047;0.79297;0.63672;0.84766;0.80078;0.54297;0.51953;0.44141;0.30078;0.66016;0.68359;0.39453;0.56641;0.58984;0.12109;0.25391;0.62109
N3,32,label_aware,0,4;7;14;21;23;26;33;36;40;42;45;47;49;52;54;56;59;62;63;65;67;70;71;74;75;76;77;80;84;87;101;125,0.03516;0.05859;0.11328;0.16797;0.18359;0.20703;0.26172;0.28516;0.31641;0.33203;0.35547;0.37109;0.38672;0.41016;0.42578;0.44141;0.46484;0.48828;0.49609;0.51172;0.52734;0.55078;0.55859;0.58203;0.58984;0.59766;0.60547;0.62891;0.66016;0.68359;0.79297;0.98047
N3,64,consecutive,0,32;33;34;35;36;37;38;39;40;41;42;43;44;45;46;47;48;49;50;51;52;53;54;55;56;57;58;59;60;61;62;63;64;65;66;67;68;69;70;71;72;73;74;75;76;77;78;79;80;81;82;83;84;85;86;87;88;89;90;91;92;93;94;95,0.25391;0.26172;0.26953;0.27734;0.28516;0.29297;0.30078;0.30859;0.31641;0.32422;0.33203;0.33984;0.34766;0.35547;0.36328;0.37109;0.37891;0.38672;0.39453;0.40234;0.41016;0.41797;0.42578;0.43359;0.44141;0.44922;0.45703;0.46484;0.47266;0.48047;0.48828;0.49609;0.50391;0.51172;0.51953;0.52734;0.53516;0.54297;0.55078;0.55859;0.56641;0.57422;0.58203;0.58984;0.59766;0.60547;0.61328;0.62109;0.62891;0.63672;0.64453;0.65234;0.66016;0.66797;0.67578;0.68359;0.69141;0.69922;0.70703;0.71484;0.72266;0.73047;0.73828;0.74609
N3,64,uniform,0,0;2;4;6;8;10;12;14;16;18;20;22;24;26;28;30;32;34;36;38;40;42;44;46;48;50;52;54;56;58;60;62;65;67;69;71;73;75;77;79;81;83;85;87;89;91;93;95;97;99;101;103;105;107;109;111;113;115;117;119;121;123;125;127,0.00391;0.01953;0.03516;0.05078;0.06641;0.08203;0.09766;0.11328;0.12891;0.14453;0.16016;0.17578;0.19141;0.20703;0.22266;0.23828;0.25391;0.26953;0.28516;0.30078;0.31641;0.33203;0.34766;0.36328;0.37891;0.39453;0.41016;0.42578;0.44141;0.45703;0.47266;0.48828;0.51172;0.52734;0.54297;0.55859;0.57422;0.58984;0.60547;0.62109;0.63672;0.65234;0.66797;0.68359;0.69922;0.71484;0.73047;0.74609;0.76172;0.77734;0.79297;0.80859;0.82422;0.83984;0.85547;0.87109;0.88672;0.90234;0.91797;0.93359;0.94922;0.96484;0.98047;0.99609
N3,64,imse,0,95;14;22;33;126;108;40;104;64;49;29;27;52;84;118;89;6;82;113;45;32;72;88;59;76;106;16;93;4;62;67;78;42;94;73;28;56;36;87;57;20;79;83;47;70;25;51;60;54;68;102;74;97;90;38;69;46;7;71;86;10;55;80;61,0.74609;0.11328;0.17578;0.26172;0.98828;0.84766;0.31641;0.81641;0.50391;0.38672;0.23047;0.21484;0.41016;0.66016;0.92578;0.69922;0.05078;0.64453;0.88672;0.35547;0.25391;0.56641;0.69141;0.46484;0.59766;0.83203;0.12891;0.73047;0.03516;0.48828;0.52734;0.61328;0.33203;0.73828;0.57422;0.22266;0.44141;0.28516;0.68359;0.44922;0.16016;0.62109;0.65234;0.37109;0.55078;0.19922;0.40234;0.47266;0.42578;0.53516;0.80078;0.58203;0.76172;0.70703;0.30078;0.54297;0.36328;0.05859;0.55859;0.67578;0.08203;0.43359;0.62891;0.48047
N3,64,kernel_quadrature,0,14;95;33;77;74;24;64;11;53;41;63;49;23;86;45;125;101;81;108;102;69;66;56;38;84;87;50;72;75;15;32;79;59;54;46;97;83;107;91;57;29;119;10;39;70;58;6;21;43;48;61;16;44;92;37;96;90;109;80;67;94;89;78;20,0.11328;0.74609;0.26172;0.60547;0.58203;0.19141;0.50391;0.08984;0.41797;0.32422;0.49609;0.38672;0.18359;0.67578;0.35547;0.98047;0.79297;0.63672;0.84766;0.80078;0.54297;0.51953;0.44141;0.30078;0.66016;0.68359;0.39453;0.56641;0.58984;0.12109;0.25391;0.62109;0.46484;0.42578;0.36328;0.76172;0.65234;0.83984;0.71484;0.44922;0.23047;0.93359;0.08203;0.30859;0.55078;0.45703;0.05078;0.16797;0.33984;0.37891;0.48047;0.12891;0.34766;0.72266;0.29297;0.75391;0.70703;0.85547;0.62891;0.52734;0.73828;0.69922;0.61328;0.16016
N3,64,label_aware,0,4;7;8;10;11;12;13;16;17;19;21;22;23;26;28;30;31;33;35;36;38;40;42;43;45;47;49;50;52;54;56;58;59;60;61;62;63;65;67;68;69;70;71;73;74;75;76;77;78;80;81;82;83;84;87;88;90;94;96;101;104;105;119;125,0.03516;0.05859;0.06641;0.08203;0.08984;0.09766;0.10547;0.12891;0.13672;0.15234;0.16797;0.17578;0.18359;0.20703;0.22266;0.23828;0.24609;0.26172;0.27734;0.28516;0.30078;0.31641;0.33203;0.33984;0.35547;0.37109;0.38672;0.39453;0.41016;0.42578;0.44141;0.45703;0.46484;0.47266;0.48047;0.48828;0.49609;0.51172;0.52734;0.53516;0.54297;0.55078;0.55859;0.57422;0.58203;0.58984;0.59766;0.60547;0.61328;0.62891;0.63672;0.64453;0.65234;0.66016;0.68359;0.69141;0.70703;0.73828;0.75391;0.79297;0.81641;0.82422;0.93359;0.98047
N3,4,consecutive,1,62;63;64;65,0.48828;0.49609;0.50391;0.51172
N3,4,uniform,1,0;42;85;127,0.00391;0.33203;0.66797;0.99609
N3,4,imse,1,89;14;22;33,0.69922;0.11328;0.17578;0.26172
N3,4,kernel_quadrature,1,17;101;33;43,0.13672;0.79297;0.26172;0.33984
N3,4,label_aware,1,24;36;49;64,0.19141;0.28516;0.38672;0.50391
N3,8,consecutive,1,60;61;62;63;64;65;66;67,0.47266;0.48047;0.48828;0.49609;0.50391;0.51172;0.51953;0.52734
N3,8,uniform,1,0;18;36;54;73;91;109;127,0.00391;0.14453;0.28516;0.42578;0.57422;0.71484;0.85547;0.99609
N3,8,imse,1,89;14;22;33;108;95;118;111,0.69922;0.11328;0.17578;0.26172;0.84766;0.74609;0.92578;0.87109
N3,8,kernel_quadrature,1,17;101;33;43;47;11;63;86,0.13672;0.79297;0.26172;0.33984;0.37109;0.08984;0.49609;0.67578
N3,8,label_aware,1,14;17;24;36;49;64;67;71,0.11328;0.13672;0.19141;0.28516;0.38672;0.50391;0.52734;0.55859
N3,16,consecutive,1,56;57;58;59;60;61;62;63;64;65;66;67;68;69;70;71,0.44141;0.44922;0.45703;0.46484;0.47266;0.48047;0.48828;0.49609;0.50391;0.51172;0.51953;0.52734;0.53516;0.54297;0.55078;0.55859
N3,16,uniform,1,0;8;17;25;34;42;51;59;68;76;85;93;102;110;119;127,0.00391;0.06641;0.13672;0.19922;0.26953;0.33203;0.40234;0.46484;0.53516;0.59766;0.66797;0.73047;0.80078;0.86328;0.93359;0.99609
N3,16,imse,1,89;14;22;33;108;95;118;111;50;7;84;29;25;82;41;70,0.69922;0.11328;0.17578;0.26172;0.84766;0.74609;0.92578;0.87109;0.39453;0.05859;0.66016;0.23047;0.19922;0.64453;0.32422;0.55078
N3,16,kernel_quadrature,1,17;101;33;43;47;11;63;86;81;40;50;93;27;70;51;26,0.13672;0.79297;0.26172;0.33984;0.37109;0.08984;0.49609;0.67578;0.63672;0.31641;0.39453;0.73047;0.21484;0.55078;0.40234;0.20703
N3,16,label_aware,1,5;11;19;21;33;36;43;47;49;52;57;62;64;67;71;96,0.04297;0.08984;0.15234;0.16797;0.26172;0.28516;0.33984;0.37109;0.38672;0.41016;0.44922;0.48828;0.50391;0.52734;0.55859;0.75391
N3,32,consecutive,1,48;49;50;51;52;53;54;55;56;57;58;59;60;61;62;63;64;65;66;67;68;69;70;71;72;73;74;75;76;77;78;79,0.37891;0.38672;0.39453;0.40234;0.41016;0.41797;0.42578;0.43359;0.44141;0.44922;0.45703;0.46484;0.47266;0.48047;0.48828;0.49609;0.50391;0.51172;0.51953;0.52734;0.53516;0.54297;0.55078;0.55859;0.56641;0.57422;0.58203;0.58984;0.59766;0.60547;0.61328;0.62109
N3,32,uniform,1,0;4;8;12;16;20;25;29;33;37;41;45;49;53;57;61;66;70;74;78;82;86;90;94;98;102;107;111;115;119;123;127,0.00391;0.03516;0.06641;0.09766;0.12891;0.16016;0.19922;0.23047;0.26172;0.29297;0.32422;0.35547;0.38672;0.41797;0.44922;0.48047;0.51953;0.55078;0.58203;0.61328;0.64453;0.67578;0.70703;0.73828;0.76953;0.80078;0.83984;0.87109;0.90234;0.93359;0.96484;0.99609
N3,32,imse,1,89;14;22;33;108;95;118;111;50;7;84;29;25;82;41;70;76;58;45;64;110;53;48;79;62;112;72;116;98;39;67;55,0.69922;0.11328;0.17578;0.26172;0.84766;0.74609;0.92578;0.87109;0.39453;0.05859;0.66016;0.23047;0.19922;0.64453;0.32422;0.55078;0.59766;0.45703;0.35547;0.50391;0.86328;0.41797;0.37891;0.62109;0.48828;0.87891;0.56641;0.91016;0.76953;0.30859;0.52734;0.43359
N3,32,kernel_quadrature,1,17;101;33;43;47;11;63;86;81;40;50;93;27;70;51;26;4;106;84;104;79;116;65;60;91;42;97;58;71;62;19;96,0.13672;0.79297;0.26172;0.33984;0.37109;0.08984;0.49609;0.67578;0.63672;0.31641;0.39453;0.73047;0.21484;0.55078;0.40234;0.20703;0.03516;0.83203;0.66016;0.81641;0.62109;0.91016;0.51172;0.47266;0.71484;0.33203;0.76172;0.45703;0.55859;0.48828;0.15234;0.75391
N3,32,label_aware,1,7;8;11;14;16;20;21;24;33;36;40;42;43;45;47;49;52;54;56;57;59;62;64;67;71;74;80;81;85;87;96;119,0.05859;0.06641;0.08984;0.11328;0.12891;0.16016;0.16797;0.19141;0.26172;0.28516;0.31641;0.33203;0.33984;0.35547;0.37109;0.38672;0.41016;0.42578;0.44141;0.44922;0.46484;0.48828;0.50391;0.52734;0.55859;0.58203;0.62891;0.63672;0.66797;0.68359;0.75391;0.93359
N3,64,consecutive,1,32;33;34;35;36;37;38;39;40;41;42;43;44;45;46;47;48;49;50;51;52;53;54;55;56;57;58;59;60;61;62;63;64;65;66;67;68;69;70;71;72;73;74;75;76;77;78;79;80;81;82;83;84;85;86;87;88;89;90;91;92;93;94;95,0.25391;0.26172;0.26953;0.27734;0.28516;0.29297;0.30078;0.30859;0.31641;0.32422;0.33203;0.33984;0.34766;0.35547;0.36328;0.37109;0.37891;0.38672;0.39453;0.40234;0.41016;0.41797;0.42578;0.43359;0.44141;0.44922;0.45703;0.46484;0.47266;0.48047;0.48828;0.49609;0.50391;0.51172;0.51953;0.52734;0.53516;0.54297;0.55078;0.55859;0.56641;0.57422;0.58203;0.58984;0.59766;0.60547;0.61328;0.62109;0.62891;0.63672;0.64453;0.65234;0.66016;0.66797;0.67578;0.68359;0.69141;0.69922;0.70703;0.71484;0.72266;0.73047;0.73828;0.74609
N3,64,uniform,1,0;2;4;6;8;10;12;14;16;18;20;22;24;26;28;30;32;34;36;38;40;42;44;46;48;50;52;54;56;58;60;62;65;67;69;71;73;75;77;79;81;83;85;87;89;91;93;95;97;99;101;103;105;107;109;111;113;115;117;119;121;123;125;127,0.00391;0.01953;0.03516;0.05078;0.06641;0.08203;0.09766;0.11328;0.12891;0.14453;0.16016;0.17578;0.19141;0.20703;0.22266;0.23828;0.25391;0.26953;0.28516;0.30078;0.31641;0.33203;0.34766;0.36328;0.37891;0.39453;0.41016;0.42578;0.44141;0.45703;0.47266;0.48828;0.51172;0.52734;0.54297;0.55859;0.57422;0.58984;0.60547;0.62109;0.63672;0.65234;0.66797;0.68359;0.69922;0.71484;0.73047;0.74609;0.76172;0.77734;0.79297;0.80859;0.82422;0.83984;0.85547;0.87109;0.88672;0.90234;0.91797;0.93359;0.94922;0.96484;0.98047;0.99609
N3,64,imse,1,89;14;22;33;108;95;118;111;50;7;84;29;25;82;41;70;76;58;45;64;110;53;48;79;62;112;72;116;98;39;67;55;113;77;91;35;60;83;6;43;75;81;99;17;56;68;73;54;8;94;78;30;51;66;61;85;44;69;97;90;59;20;57;63,0.69922;0.11328;0.17578;0.26172;0.84766;0.74609;0.92578;0.87109;0.39453;0.05859;0.66016;0.23047;0.19922;0.64453;0.32422;0.55078;0.59766;0.45703;0.35547;0.50391;0.86328;0.41797;0.37891;0.62109;0.48828;0.87891;0.56641;0.91016;0.76953;0.30859;0.52734;0.43359;0.88672;0.60547;0.71484;0.27734;0.47266;0.65234;0.05078;0.33984;0.58984;0.63672;0.77734;0.13672;0.44141;0.53516;0.57422;0.42578;0.06641;0.73828;0.61328;0.23828;0.40234;0.51953;0.48047;0.66797;0.34766;0.54297;0.76172;0.70703;0.46484;0.16016;0.44922;0.49609
N3,64,kernel_quadrature,1,17;101;33;43;47;11;63;86;81;40;50;93;27;70;51;26;4;106;84;104;79;116;65;60;91;42;97;58;71;62;19;96;113;36;48;45;12;66;78;125;105;74;28;24;31;69;55;72;49;64;67;126;9;44;87;83;57;124;38;8;76;20;52;95,0.13672;0.79297;0.26172;0.33984;0.37109;0.08984;0.49609;0.67578;0.63672;0.31641;0.39453;0.73047;0.21484;0.55078;0.40234;0.20703;0.03516;0.83203;0.66016;0.81641;0.62109;0.91016;0.51172;0.47266;0.71484;0.33203;0.76172;0.45703;0.55859;0.48828;0.15234;0.75391;0.88672;0.28516;0.37891;0.35547;0.09766;0.51953;0.61328;0.98047;0.82422;0.58203;0.22266;0.19141;0.24609;0.54297;0.43359;0.56641;0.38672;0.50391;0.52734;0.98828;0.07422;0.34766;0.68359;0.65234;0.44922;0.97266;0.30078;0.06641;0.59766;0.16016;0.41016;0.74609
N3,64,label_aware,1,5;7;8;11;14;16;17;19;20;21;24;26;28;31;33;36;38;40;42;43;44;45;47;49;51;52;53;54;55;56;57;58;59;60;61;62;63;64;65;67;68;69;71;72;74;76;77;78;79;80;81;83;84;85;87;88;90;93;94;97;99;103;104;119,0.04297;0.05859;0.06641;0.08984;0.11328;0.12891;0.13672;0.15234;0.16016;0.16797;0.19141;0.20703;0.22266;0.24609;0.26172;0.28516;0.30078;0.31641;0.33203;0.33984;0.34766;0.35547;0.37109;0.38672;0.40234;0.41016;0.41797;0.42578;0.43359;0.44141;0.44922;0.45703;0.46484;0.47266;0.48047;0.48828;0.49609;0.50391;0.51172;0.52734;0.53516;0.54297;0.55859;0.56641;0.58203;0.59766;0.60547;0.61328;0.62109;0.62891;0.63672;0.65234;0.66016;0.66797;0.68359;0.69141;0.70703;0.73047;0.73828;0.76172;0.77734;0.80859;0.81641;0.93359
N3,4,consecutive,2,62;63;64;65,0.48828;0.49609;0.50391;0.51172
N3,4,uniform,2,0;42;85;127,0.00391;0.33203;0.66797;0.99609
N3,4,imse,2,91;100;14;20,0.71484;0.78516;0.11328;0.16016
N3,4,kernel_quadrature,2,17;125;66;36,0.13672;0.98047;0.51953;0.28516
N3,4,label_aware,2,17;36;49;66,0.13672;0.28516;0.38672;0.51953
N3,8,consecutive,2,60;61;62;63;64;65;66;67,0.47266;0.48047;0.48828;0.49609;0.50391;0.51172;0.51953;0.52734
N3,8,uniform,2,0;18;36;54;73;91;109;127,0.00391;0.14453;0.28516;0.42578;0.57422;0.71484;0.85547;0.99609
N3,8,imse,2,91;100;14;20;33;39;107;123,0.71484;0.78516;0.11328;0.16016;0.26172;0.30859;0.83984;0.96484
N3,8,kernel_quadrature,2,17;125;66;36;49;26;95;71,0.13672;0.98047;0.51953;0.28516;0.38672;0.20703;0.74609;0.55859
N3,8,label_aware,2,14;17;26;36;45;49;66;71,0.11328;0.13672;0.20703;0.28516;0.35547;0.38672;0.51953;0.55859
N3,16,consecutive,2,56;57;58;59;60;61;62;63;64;65;66;67;68;69;70;71,0.44141;0.44922;0.45703;0.46484;0.47266;0.48047;0.48828;0.49609;0.50391;0.51172;0.51953;0.52734;0.53516;0.54297;0.55078;0.55859
N3,16,uniform,2,0;8;17;25;34;42;51;59;68;76;85;93;102;110;119;127,0.00391;0.06641;0.13672;0.19922;0.26953;0.33203;0.40234;0.46484;0.53516;0.59766;0.66797;0.73047;0.80078;0.86328;0.93359;0.99609
N3,16,imse,2,91;100;14;20;33;39;107;123;27;86;84;105;64;52;24;77,0.71484;0.78516;0.11328;0.16016;0.26172;0.30859;0.83984;0.96484;0.21484;0.67578;0.66016;0.82422;0.50391;0.41016;0.19141;0.60547
N3,16,kernel_quadrature,2,17;125;66;36;49;26;95;71;89;45;9;101;15;81;74;51,0.13672;0.98047;0.51953;0.28516;0.38672;0.20703;0.74609;0.55859;0.69922;0.35547;0.07422;0.79297;0.12109;0.63672;0.58203;0.40234
N3,16,label_aware,2,14;17;25;26;36;43;44;47;49;51;60;62;66;70;71;125,0.11328;0.13672;0.19922;0.20703;0.28516;0.33984;0.34766;0.37109;0.38672;0.40234;0.47266;0.48828;0.51953;0.55078;0.55859;0.98047
N3,32,consecutive,2,48;49;50;51;52;53;54;55;56;57;58;59;60;61;62;63;64;65;66;67;68;69;70;71;72;73;74;75;76;77;78;79,0.37891;0.38672;0.39453;0.40234;0.41016;0.41797;0.42578;0.43359;0.44141;0.44922;0.45703;0.46484;0.47266;0.48047;0.48828;0.49609;0.50391;0.51172;0.51953;0.52734;0.53516;0.54297;0.55078;0.55859;0.56641;0.57422;0.58203;0.58984;0.59766;0.60547;0.61328;0.62109
N3,32,uniform,2,0;4;8;12;16;20;25;29;33;37;41;45;49;53;57;61;66;70;74;78;82;86;90;94;98;102;107;111;115;119;123;127,0.00391;0.03516;0.06641;0.09766;0.12891;0.16016;0.19922;0.23047;0.26172;0.29297;0.32422;0.35547;0.38672;0.41797;0.44922;0.48047;0.51953;0.55078;0.58203;0.61328;0.64453;0.67578;0.70703;0.73828;0.76953;0.80078;0.83984;0.87109;0.90234;0.93359;0.96484;0.99609
N3,32,imse,2,91;100;14;20;33;39;107;123;27;86;84;105;64;52;24;77;59;82;6;118;30;47;17;42;29;72;73;55;69;22;78;44,0.71484;0.78516;0.11328;0.16016;0.26172;0.30859;0.83984;0.96484;0.21484;0.67578;0.66016;0.82422;0.50391;0.41016;0.19141;0.60547;0.46484;0.64453;0.05078;0.92578;0.23828;0.37109;0.13672;0.33203;0.23047;0.56641;0.57422;0.43359;0.54297;0.17578;0.61328;0.34766
N3,32,kernel_quadrature,2,17;125;66;36;49;26;95;71;89;45;9;101;15;81;74;51;47;64;69;40;28;106;13;113;16;60;67;78;97;38;52;126,0.13672;0.98047;0.51953;0.28516;0.38672;0.20703;0.74609;0.55859;0.69922;0.35547;0.07422;0.79297;0.12109;0.63672;0.58203;0.40234;0.37109;0.50391;0.54297;0.31641;0.22266;0.83203;0.10547;0.88672;0.12891;0.47266;0.52734;0.61328;0.76172;0.30078;0.41016;0.98828
N3,32,label_aware,2,8;14;17;23;25;26;33;36;40;43;45;47;49;51;52;55;56;59;60;62;64;65;67;70;71;76;78;80;89;103;118;125,0.06641;0.11328;0.13672;0.18359;0.19922;0.20703;0.26172;0.28516;0.31641;0.33984;0.35547;0.37109;0.38672;0.40234;0.41016;0.43359;0.44141;0.46484;0.47266;0.48828;0.50391;0.51172;0.52734;0.55078;0.55859;0.59766;0.61328;0.62891;0.69922;0.80859;0.92578;0.98047
N3,64,consecutive,2,32;33;34;35;36;37;38;39;40;41;42;43;44;45;46;47;48;49;50;51;52;53;54;55;56;57;58;59;60;61;62;63;64;65;66;67;68;69;70;71;72;73;74;75;76;77;78;79;80;81;82;83;84;85;86;87;88;89;90;91;92;93;94;95,0.25391;0.26172;0.26953;0.27734;0.28516;0.29297;0.30078;0.30859;0.31641;0.32422;0.33203;0.33984;0.34766;0.35547;0.36328;0.37109;0.37891;0.38672;0.39453;0.40234;0.41016;0.41797;0.42578;0.43359;0.44141;0.44922;0.45703;0.46484;0.47266;0.48047;0.48828;0.49609;0.50391;0.51172;0.51953;0.52734;0.53516;0.54297;0.55078;0.55859;0.56641;0.57422;0.58203;0.58984;0.59766;0.60547;0.61328;0.62109;0.62891;0.63672;0.64453;0.65234;0.66016;0.66797;0.67578;0.68359;0.69141;0.69922;0.70703;0.71484;0.72266;0.73047;0.73828;0.74609
N3,64,uniform,2,0;2;4;6;8;10;12;14;16;18;20;22;24;26;28;30;32;34;36;38;40;42;44;46;48;50;52;54;56;58;60;62;65;67;69;71;73;75;77;79;81;83;85;87;89;91;93;95;97;99;101;103;105;107;109;111;113;115;117;119;121;123;125;127,0.00391;0.01953;0.03516;0.05078;0.06641;0.08203;0.09766;0.11328;0.12891;0.14453;0.16016;0.17578;0.19141;0.20703;0.22266;0.23828;0.25391;0.26953;0.28516;0.30078;0.31641;0.33203;0.34766;0.36328;0.37891;0.39453;0.41016;0.42578;0.44141;0.45703;0.47266;0.48828;0.51172;0.52734;0.54297;0.55859;0.57422;0.58984;0.60547;0.62109;0.63672;0.65234;0.66797;0.68359;0.69922;0.71484;0.73047;0.74609;0.76172;0.77734;0.79297;0.80859;0.82422;0.83984;0.85547;0.87109;0.88672;0.90234;0.91797;0.93359;0.94922;0.96484;0.98047;0.99609
N3,64,imse,2,91;100;14;20;33;39;107;123;27;86;84;105;64;52;24;77;59;82;6;118;30;47;17;42;29;72;73;55;69;22;78;44;62;25;94;57;83;116;75;50;97;79;67;90;54;7;68;99;46;48;16;61;36;60;56;63;70;51;74;53;26;58;43;13,0.71484;0.78516;0.11328;0.16016;0.26172;0.30859;0.83984;0.96484;0.21484;0.67578;0.66016;0.82422;0.50391;0.41016;0.19141;0.60547;0.46484;0.64453;0.05078;0.92578;0.23828;0.37109;0.13672;0.33203;0.23047;0.56641;0.57422;0.43359;0.54297;0.17578;0.61328;0.34766;0.48828;0.19922;0.73828;0.44922;0.65234;0.91016;0.58984;0.39453;0.76172;0.62109;0.52734;0.70703;0.42578;0.05859;0.53516;0.77734;0.36328;0.37891;0.12891;0.48047;0.28516;0.47266;0.44141;0.49609;0.55078;0.40234;0.58203;0.41797;0.20703;0.45703;0.33984;0.10547
N3,64,kernel_quadrature,2,17;125;66;36;49;26;95;71;89;45;9;101;15;81;74;51;47;64;69;40;28;106;13;113;16;60;67;78;97;38;52;126;8;58;68;19;54;86;90;42;105;31;83;100;14;55;76;93;80;73;20;107;24;104;63;112;56;37;32;77;65;59;122;94,0.13672;0.98047;0.51953;0.28516;0.38672;0.20703;0.74609;0.55859;0.69922;0.35547;0.07422;0.79297;0.12109;0.63672;0.58203;0.40234;0.37109;0.50391;0.54297;0.31641;0.22266;0.83203;0.10547;0.88672;0.12891;0.47266;0.52734;0.61328;0.76172;0.30078;0.41016;0.98828;0.06641;0.45703;0.53516;0.15234;0.42578;0.67578;0.70703;0.33203;0.82422;0.24609;0.65234;0.78516;0.11328;0.43359;0.59766;0.73047;0.62891;0.57422;0.16016;0.83984;0.19141;0.81641;0.49609;0.87891;0.44141;0.29297;0.25391;0.60547;0.51172;0.46484;0.95703;0.73828
N3,64,label_aware,2,6;7;10;12;14;15;17;19;22;23;25;26;28;30;31;32;33;36;38;40;43;44;45;46;47;48;49;51;52;54;55;56;57;58;59;60;61;62;63;64;65;67;69;70;71;74;76;78;79;80;81;83;86;89;90;97;102;103;105;107;109;118;119;125,0.05078;0.05859;0.08203;0.09766;0.11328;0.12109;0.13672;0.15234;0.17578;0.18359;0.19922;0.20703;0.22266;0.23828;0.24609;0.25391;0.26172;0.28516;0.30078;0.31641;0.33984;0.34766;0.35547;0.36328;0.37109;0.37891;0.38672;0.40234;0.41016;0.42578;0.43359;0.44141;0.44922;0.45703;0.46484;0.47266;0.48047;0.48828;0.49609;0.50391;0.51172;0.52734;0.54297;0.55078;0.55859;0.58203;0.59766;0.61328;0.62109;0.62891;0.63672;0.65234;0.67578;0.69922;0.70703;0.76172;0.80078;0.80859;0.82422;0.83984;0.85547;0.92578;0.93359;0.98047
N3,4,consecutive,3,62;63;64;65,0.48828;0.49609;0.50391;0.51172
N3,4,uniform,3,0;42;85;127,0.00391;0.33203;0.66797;0.99609
N3,4,imse,3,126;19;14;100,0.98828;0.15234;0.11328;0.78516
N3,4,kernel_quadrature,3,17;125;32;24,0.13672;0.98047;0.25391;0.19141
N3,4,label_aware,3,17;25;37;49,0.13672;0.19922;0.29297;0.38672
N3,8,consecutive,3,60;61;62;63;64;65;66;67,0.47266;0.48047;0.48828;0.49609;0.50391;0.51172;0.51953;0.52734
N3,8,uniform,3,0;18;36;54;73;91;109;127,0.00391;0.14453;0.28516;0.42578;0.57422;0.71484;0.85547;0.99609
N3,8,imse,3,126;19;14;100;33;101;39;107,0.98828;0.15234;0.11328;0.78516;0.26172;0.79297;0.30859;0.83984
N3,8,kernel_quadrature,3,17;125;32;24;76;43;49;62,0.13672;0.98047;0.25391;0.19141;0.59766;0.33984;0.38672;0.48828
N3,8,label_aware,3,17;25;32;39;49;52;64;77,0.13672;0.19922;0.25391;0.30859;0.38672;0.41016;0.50391;0.60547
N3,16,consecutive,3,56;57;58;59;60;61;62;63;64;65;66;67;68;69;70;71,0.44141;0.44922;0.45703;0.46484;0.47266;0.48047;0.48828;0.49609;0.50391;0.51172;0.51953;0.52734;0.53516;0.54297;0.55078;0.55859
N3,16,uniform,3,0;8;17;25;34;42;51;59;68;76;85;93;102;110;119;127,0.00391;0.06641;0.13672;0.19922;0.26953;0.33203;0.40234;0.46484;0.53516;0.59766;0.66797;0.73047;0.80078;0.86328;0.93359;0.99609
N3,16,imse,3,126;19;14;100;33;101;39;107;25;31;85;52;111;64;110;49,0.98828;0.15234;0.11328;0.78516;0.26172;0.79297;0.30859;0.83984;0.19922;0.24609;0.66797;0.41016;0.87109;0.50391;0.86328;0.38672
N3,16,kernel_quadrature,3,17;125;32;24;76;43;49;62;27;47;37;65;66;86;81;40,0.13672;0.98047;0.25391;0.19141;0.59766;0.33984;0.38672;0.48828;0.21484;0.37109;0.29297;0.51172;0.51953;0.67578;0.63672;0.31641
N3,16,label_aware,3,4;14;20;32;37;43;47;49;52;59;62;64;65;77;81;101,0.03516;0.11328;0.16016;0.25391;0.29297;0.33984;0.37109;0.38672;0.41016;0.46484;0.48828;0.50391;0.51172;0.60547;0.63672;0.79297
N3,32,consecutive,3,48;49;50;51;52;53;54;55;56;57;58;59;60;61;62;63;64;65;66;67;68;69;70;71;72;73;74;75;76;77;78;79,0.37891;0.38672;0.39453;0.40234;0.41016;0.41797;0.42578;0.43359;0.44141;0.44922;0.45703;0.46484;0.47266;0.48047;0.48828;0.49609;0.50391;0.51172;0.51953;0.52734;0.53516;0.54297;0.55078;0.55859;0.56641;0.57422;0.58203;0.58984;0.59766;0.60547;0.61328;0.62109
N3,32,uniform,3,0;4;8;12;16;20;25;29;33;37;41;45;49;53;57;61;66;70;74;78;82;86;90;94;98;102;107;111;115;119;123;127,0.00391;0.03516;0.06641;0.09766;0.12891;0.16016;0.19922;0.23047;0.26172;0.29297;0.32422;0.35547;0.38672;0.41797;0.44922;0.48047;0.51953;0.55078;0.58203;0.61328;0.64453;0.67578;0.70703;0.73828;0.76953;0.80078;0.83984;0.87109;0.90234;0.93359;0.96484;0.99609
N3,32,imse,3,126;19;14;100;33;101;39;107;25;31;85;52;111;64;110;49;7;72;59;118;28;89;62;36;81;6;55;79;75;45;70;41,0.98828;0.15234;0.11328;0.78516;0.26172;0.79297;0.30859;0.83984;0.19922;0.24609;0.66797;0.41016;0.87109;0.50391;0.86328;0.38672;0.05859;0.56641;0.46484;0.92578;0.22266;0.69922;0.48828;0.28516;0.63672;0.05078;0.43359;0.62109;0.58984;0.35547;0.55078;0.32422
N3,32,kernel_quadrature,3,17;125;32;24;76;43;49;62;27;47;37;65;66;86;81;40;51;97;77;34;44;92;12;103;19;69;96;26;74;60;90;36,0.13672;0.98047;0.25391;0.19141;0.59766;0.33984;0.38672;0.48828;0.21484;0.37109;0.29297;0.51172;0.51953;0.67578;0.63672;0.31641;0.40234;0.76172;0.60547;0.26953;0.34766;0.72266;0.09766;0.80859;0.15234;0.54297;0.75391;0.20703;0.58203;0.47266;0.70703;0.28516
N3,32,label_aware,3,10;14;17;20;26;32;37;39;43;45;47;49;52;54;55;57;59;62;64;65;66;67;69;71;74;77;81;87;101;103;119;125,0.08203;0.11328;0.13672;0.16016;0.20703;0.25391;0.29297;0.30859;0.33984;0.35547;0.37109;0.38672;0.41016;0.42578;0.43359;0.44922;0.46484;0.48828;0.50391;0.51172;0.51953;0.52734;0.54297;0.55859;0.58203;0.60547;0.63672;0.68359;0.79297;0.80859;0.93359;0.98047
N3,64,consecutive,3,32;33;34;35;36;37;38;39;40;41;42;43;44;45;46;47;48;49;50;51;52;53;54;55;56;57;58;59;60;61;62;63;64;65;66;67;68;69;70;71;72;73;74;75;76;77;78;79;80;81;82;83;84;85;86;87;88;89;90;91;92;93;94;95,0.25391;0.26172;0.26953;0.27734;0.28516;0.29297;0.30078;0.30859;0.31641;0.32422;0.33203;0.33984;0.34766;0.35547;0.36328;0.37109;0.37891;0.38672;0.39453;0.40234;0.41016;0.41797;0.42578;0.43359;0.44141;0.44922;0.45703;0.46484;0.47266;0.48047;0.48828;0.49609;0.50391;0.51172;0.51953;0.52734;0.53516;0.54297;0.55078;0.55859;0.56641;0.57422;0.58203;0.58984;0.59766;0.60547;0.61328;0.62109;0.62891;0.63672;0.64453;0.65234;0.66016;0.66797;0.67578;0.68359;0.69141;0.69922;0.70703;0.71484;0.72266;0.73047;0.73828;0.74609
N3,64,uniform,3,0;2;4;6;8;10;12;14;16;18;20;22;24;26;28;30;32;34;36;38;40;42;44;46;48;50;52;54;56;58;60;62;65;67;69;71;73;75;77;79;81;83;85;87;89;91;93;95;97;99;101;103;105;107;109;111;113;115;117;119;121;123;125;127,0.00391;0.01953;0.03516;0.05078;0.06641;0.08203;0.09766;0.11328;0.12891;0.14453;0.16016;0.17578;0.19141;0.20703;0.22266;0.23828;0.25391;0.26953;0.28516;0.30078;0.31641;0.33203;0.34766;0.36328;0.37891;0.39453;0.41016;0.42578;0.44141;0.45703;0.47266;0.48828;0.51172;0.52734;0.54297;0.55859;0.57422;0.58984;0.60547;0.62109;0.63672;0.65234;0.66797;0.68359;0.69922;0.71484;0.73047;0.74609;0.76172;0.77734;0.79297;0.80859;0.82422;0.83984;0.85547;0.87109;0.88672;0.90234;0.91797;0.93359;0.94922;0.96484;0.98047;0.99609
N3,64,imse,3,126;19;14;100;33;101;39;107;25;31;85;52;111;64;110;49;7;72;59;118;28;89;62;36;81;6;55;79;75;45;70;41;73;29;47;88;68;93;67;94;8;77;10;83;57;43;56;105;60;13;54;69;17;51;80;61;66;78;86;44;53;102;71;58,0.98828;0.15234;0.11328;0.78516;0.26172;0.79297;0.30859;0.83984;0.19922;0.24609;0.66797;0.41016;0.87109;0.50391;0.86328;0.38672;0.05859;0.56641;0.46484;0.92578;0.22266;0.69922;0.48828;0.28516;0.63672;0.05078;0.43359;0.62109;0.58984;0.35547;0.55078;0.32422;0.57422;0.23047;0.37109;0.69141;0.53516;0.73047;0.52734;0.73828;0.06641;0.60547;0.08203;0.65234;0.44922;0.33984;0.44141;0.82422;0.47266;0.10547;0.42578;0.54297;0.13672;0.40234;0.62891;0.48047;0.51953;0.61328;0.67578;0.34766;0.41797;0.80078;0.55859;0.45703
N3,64,kernel_quadrature,3,17;125;32;24;76;43;49;62;27;47;37;65;66;86;81;40;51;97;77;34;44;92;12;103;19;69;96;26;74;60;90;36;52;61;78;68;83;42;46;56;58;127;91;99;119;9;39;93;13;105;28;89;70;48;33;22;85;72;95;54;111;59;118;64,0.13672;0.98047;0.25391;0.19141;0.59766;0.33984;0.38672;0.48828;0.21484;0.37109;0.29297;0.51172;0.51953;0.67578;0.63672;0.31641;0.40234;0.76172;0.60547;0.26953;0.34766;0.72266;0.09766;0.80859;0.15234;0.54297;0.75391;0.20703;0.58203;0.47266;0.70703;0.28516;0.41016;0.48047;0.61328;0.53516;0.65234;0.33203;0.36328;0.44141;0.45703;0.99609;0.71484;0.77734;0.93359;0.07422;0.30859;0.73047;0.10547;0.82422;0.22266;0.69922;0.55078;0.37891;0.26172;0.17578;0.66797;0.56641;0.74609;0.42578;0.87109;0.46484;0.92578;0.50391
N3,64,label_aware,3,6;7;9;10;11;14;16;20;21;25;26;27;30;32;34;35;36;38;39;40;43;44;45;46;47;49;52;54;55;56;57;58;59;60;62;64;65;66;67;69;70;71;74;75;77;78;80;81;83;84;87;88;89;97;99;101;103;104;110;119;123;125;126;127,0.05078;0.05859;0.07422;0.08203;0.08984;0.11328;0.12891;0.16016;0.16797;0.19922;0.20703;0.21484;0.23828;0.25391;0.26953;0.27734;0.28516;0.30078;0.30859;0.31641;0.33984;0.34766;0.35547;0.36328;0.37109;0.38672;0.41016;0.42578;0.43359;0.44141;0.44922;0.45703;0.46484;0.47266;0.48828;0.50391;0.51172;0.51953;0.52734;0.54297;0.55078;0.55859;0.58203;0.58984;0.60547;0.61328;0.62891;0.63672;0.65234;0.66016;0.68359;0.69141;0.69922;0.76172;0.77734;0.79297;0.80859;0.81641;0.86328;0.93359;0.96484;0.98047;0.98828;0.99609
N3,4,consecutive,4,62;63;64;65,0.48828;0.49609;0.50391;0.51172
N3,4,uniform,4,0;42;85;127,0.00391;0.33203;0.66797;0.99609
N3,4,imse,4,124;14;22;100,0.97266;0.11328;0.17578;0.78516
N3,4,kernel_quadrature,4,38;92;66;10,0.30078;0.72266;0.51953;0.08203
N3,4,label_aware,4,24;38;50;66,0.19141;0.30078;0.39453;0.51953
N3,8,consecutive,4,60;61;62;63;64;65;66;67,0.47266;0.48047;0.48828;0.49609;0.50391;0.51172;0.51953;0.52734
N3,8,uniform,4,0;18;36;54;73;91;109;127,0.00391;0.14453;0.28516;0.42578;0.57422;0.71484;0.85547;0.99609
N3,8,imse,4,124;14;22;100;33;108;101;40,0.97266;0.11328;0.17578;0.78516;0.26172;0.84766;0.79297;0.31641
N3,8,kernel_quadrature,4,38;92;66;10;45;23;70;63,0.30078;0.72266;0.51953;0.08203;0.35547;0.18359;0.55078;0.49609
N3,8,label_aware,4,24;33;38;49;52;57;61;66,0.19141;0.26172;0.30078;0.38672;0.41016;0.44922;0.48047;0.51953
N3,16,consecutive,4,56;57;58;59;60;61;62;63;64;65;66;67;68;69;70;71,0.44141;0.44922;0.45703;0.46484;0.47266;0.48047;0.48828;0.49609;0.50391;0.51172;0.51953;0.52734;0.53516;0.54297;0.55078;0.55859
N3,16,uniform,4,0;8;17;25;34;42;51;59;68;76;85;93;102;110;119;127,0.00391;0.06641;0.13672;0.19922;0.26953;0.33203;0.40234;0.46484;0.53516;0.59766;0.66797;0.73047;0.80078;0.86328;0.93359;0.99609
N3,16,imse,4,124;14;22;100;33;108;101;40;27;86;53;58;113;6;64;92,0.97266;0.11328;0.17578;0.78516;0.26172;0.84766;0.79297;0.31641;0.21484;0.67578;0.41797;0.45703;0.88672;0.05078;0.50391;0.72266
N3,16,kernel_quadrature,4,38;92;66;10;45;23;70;63;37;87;43;47;27;82;34;39,0.30078;0.72266;0.51953;0.08203;0.35547;0.18359;0.55078;0.49609;0.29297;0.68359;0.33984;0.37109;0.21484;0.64453;0.26953;0.30859
N3,16,label_aware,4,7;17;24;32;34;39;43;46;49;52;57;61;62;65;77;100,0.05859;0.13672;0.19141;0.25391;0.26953;0.30859;0.33984;0.36328;0.38672;0.41016;0.44922;0.48047;0.48828;0.51172;0.60547;0.78516
N3,32,consecutive,4,48;49;50;51;52;53;54;55;56;57;58;59;60;61;62;63;64;65;66;67;68;69;70;71;72;73;74;75;76;77;78;79,0.37891;0.38672;0.39453;0.40234;0.41016;0.41797;0.42578;0.43359;0.44141;0.44922;0.45703;0.46484;0.47266;0.48047;0.48828;0.49609;0.50391;0.51172;0.51953;0.52734;0.53516;0.54297;0.55078;0.55859;0.56641;0.57422;0.58203;0.58984;0.59766;0.60547;0.61328;0.62109
N3,32,uniform,4,0;4;8;12;16;20;25;29;33;37;41;45;49;53;57;61;66;70;74;78;82;86;90;94;98;102;107;111;115;119;123;127,0.00391;0.03516;0.06641;0.09766;0.12891;0.16016;0.19922;0.23047;0.26172;0.29297;0.32422;0.35547;0.38672;0.41797;0.44922;0.48047;0.51953;0.55078;0.58203;0.61328;0.64453;0.67578;0.70703;0.73828;0.76953;0.80078;0.83984;0.87109;0.90234;0.93359;0.96484;0.99609
N3,32,imse,4,124;14;22;100;33;108;101;40;27;86;53;58;113;6;64;92;82;28;72;48;45;77;106;73;93;17;31;62;111;69;55;36,0.97266;0.11328;0.17578;0.78516;0.26172;0.84766;0.79297;0.31641;0.21484;0.67578;0.41797;0.45703;0.88672;0.05078;0.50391;0.72266;0.64453;0.22266;0.56641;0.37891;0.35547;0.60547;0.83203;0.57422;0.73047;0.13672;0.24609;0.48828;0.87109;0.54297;0.43359;0.28516
N3,32,kernel_quadrature,4,38;92;66;10;45;23;70;63;37;87;43;47;27;82;34;39;96;65;52;108;13;75;58;17;84;81;74;36;93;69;60;78,0.30078;0.72266;0.51953;0.08203;0.35547;0.18359;0.55078;0.49609;0.29297;0.68359;0.33984;0.37109;0.21484;0.64453;0.26953;0.30859;0.75391;0.51172;0.41016;0.84766;0.10547;0.58984;0.45703;0.13672;0.66016;0.63672;0.58203;0.28516;0.73047;0.54297;0.47266;0.61328
N3,32,label_aware,4,7;10;12;15;17;20;24;26;32;34;37;39;43;46;49;52;54;56;57;58;61;62;65;66;67;69;77;81;86;97;100;110,0.05859;0.08203;0.09766;0.12109;0.13672;0.16016;0.19141;0.20703;0.25391;0.26953;0.29297;0.30859;0.33984;0.36328;0.38672;0.41016;0.42578;0.44141;0.44922;0.45703;0.48047;0.48828;0.51172;0.51953;0.52734;0.54297;0.60547;0.63672;0.67578;0.76172;0.78516;0.86328
N3,64,consecutive,4,32;33;34;35;36;37;38;39;40;41;42;43;44;45;46;47;48;49;50;51;52;53;54;55;56;57;58;59;60;61;62;63;64;65;66;67;68;69;70;71;72;73;74;75;76;77;78;79;80;81;82;83;84;85;86;87;88;89;90;91;92;93;94;95,0.25391;0.26172;0.26953;0.27734;0.28516;0.29297;0.30078;0.30859;0.31641;0.32422;0.33203;0.33984;0.34766;0.35547;0.36328;0.37109;0.37891;0.38672;0.39453;0.40234;0.41016;0.41797;0.42578;0.43359;0.44141;0.44922;0.45703;0.46484;0.47266;0.48047;0.48828;0.49609;0.50391;0.51172;0.51953;0.52734;0.53516;0.54297;0.55078;0.55859;0.56641;0.57422;0.58203;0.58984;0.59766;0.60547;0.61328;0.62109;0.62891;0.63672;0.64453;0.65234;0.66016;0.66797;0.67578;0.68359;0.69141;0.69922;0.70703;0.71484;0.72266;0.73047;0.73828;0.74609
N3,64,uniform,4,0;2;4;6;8;10;12;14;16;18;20;22;24;26;28;30;32;34;36;38;40;42;44;46;48;50;52;54;56;58;60;62;65;67;69;71;73;75;77;79;81;83;85;87;89;91;93;95;97;99;101;103;105;107;109;111;113;115;117;119;121;123;125;127,0.00391;0.01953;0.03516;0.05078;0.06641;0.08203;0.09766;0.11328;0.12891;0.14453;0.16016;0.17578;0.19141;0.20703;0.22266;0.23828;0.25391;0.26953;0.28516;0.30078;0.31641;0.33203;0.34766;0.36328;0.37891;0.39453;0.41016;0.42578;0.44141;0.45703;0.47266;0.48828;0.51172;0.52734;0.54297;0.55859;0.57422;0.58984;0.60547;0.62109;0.63672;0.65234;0.66797;0.68359;0.69922;0.71484;0.73047;0.74609;0.76172;0.77734;0.79297;0.80859;0.82422;0.83984;0.85547;0.87109;0.88672;0.90234;0.91797;0.93359;0.94922;0.96484;0.98047;0.99609
N3,64,imse,4,124;14;22;100;33;108;101;40;27;86;53;58;113;6;64;92;82;28;72;48;45;77;106;73;93;17;31;62;111;69;55;36;88;75;78;110;60;50;41;94;97;83;56;51;90;26;102;79;68;54;8;13;61;57;43;67;70;21;80;63;66;39;85;47,0.97266;0.11328;0.17578;0.78516;0.26172;0.84766;0.79297;0.31641;0.21484;0.67578;0.41797;0.45703;0.88672;0.05078;0.50391;0.72266;0.64453;0.22266;0.56641;0.37891;0.35547;0.60547;0.83203;0.57422;0.73047;0.13672;0.24609;0.48828;0.87109;0.54297;0.43359;0.28516;0.69141;0.58984;0.61328;0.86328;0.47266;0.39453;0.32422;0.73828;0.76172;0.65234;0.44141;0.40234;0.70703;0.20703;0.80078;0.62109;0.53516;0.42578;0.06641;0.10547;0.48047;0.44922;0.33984;0.52734;0.55078;0.16797;0.62891;0.49609;0.51953;0.30859;0.66797;0.37109
N3,64,kernel_quadrature,4,38;92;66;10;45;23;70;63;37;87;43;47;27;82;34;39;96;65;52;108;13;75;58;17;84;81;74;36;93;69;60;78;12;104;76;71;83;118;80;54;91;30;44;4;86;51;61;57;42;125;24;113;90;97;79;88;32;26;105;9;46;89;19;67,0.30078;0.72266;0.51953;0.08203;0.35547;0.18359;0.55078;0.49609;0.29297;0.68359;0.33984;0.37109;0.21484;0.64453;0.26953;0.30859;0.75391;0.51172;0.41016;0.84766;0.10547;0.58984;0.45703;0.13672;0.66016;0.63672;0.58203;0.28516;0.73047;0.54297;0.47266;0.61328;0.09766;0.81641;0.59766;0.55859;0.65234;0.92578;0.62891;0.42578;0.71484;0.23828;0.34766;0.03516;0.67578;0.40234;0.48047;0.44922;0.33203;0.98047;0.19141;0.88672;0.70703;0.76172;0.62109;0.69141;0.25391;0.20703;0.82422;0.07422;0.36328;0.69922;0.15234;0.52734
N3,64,label_aware,4,7;8;10;11;12;14;15;17;19;20;21;22;24;26;31;32;33;34;37;39;43;44;45;46;47;48;49;51;52;54;55;56;57;58;60;61;62;65;66;67;69;70;71;72;74;77;78;80;81;83;84;86;88;90;92;95;97;98;99;100;104;110;111;127,0.05859;0.06641;0.08203;0.08984;0.09766;0.11328;0.12109;0.13672;0.15234;0.16016;0.16797;0.17578;0.19141;0.20703;0.24609;0.25391;0.26172;0.26953;0.29297;0.30859;0.33984;0.34766;0.35547;0.36328;0.37109;0.37891;0.38672;0.40234;0.41016;0.42578;0.43359;0.44141;0.44922;0.45703;0.47266;0.48047;0.48828;0.51172;0.51953;0.52734;0.54297;0.55078;0.55859;0.56641;0.58203;0.60547;0.61328;0.62891;0.63672;0.65234;0.66016;0.67578;0.69141;0.70703;0.72266;0.74609;0.76172;0.76953;0.77734;0.78516;0.81641;0.86328;0.87109;0.99609
wake,4,consecutive,0,62;63;64;65,0.48828;0.49609;0.50391;0.51172
wake,4,uniform,0,0;42;85;127,0.00391;0.33203;0.66797;0.99609
wake,4,imse,0,102;43;109;9,0.80078;0.33984;0.85547;0.07422
wake,4,kernel_quadrature,0,108;11;30;121,0.84766;0.08984;0.23828;0.94922
wake,4,label_aware,0,3;42;83;105,0.02734;0.33203;0.65234;0.82422
wake,8,consecutive,0,60;61;62;63;64;65;66;67,0.47266;0.48047;0.48828;0.49609;0.50391;0.51172;0.51953;0.52734
wake,8,uniform,0,0;18;36;54;73;91;109;127,0.00391;0.14453;0.28516;0.42578;0.57422;0.71484;0.85547;0.99609
wake,8,imse,0,102;43;109;9;90;123;27;60,0.80078;0.33984;0.85547;0.07422;0.70703;0.96484;0.21484;0.47266
wake,8,kernel_quadrature,0,108;11;30;121;24;100;3;65,0.84766;0.08984;0.23828;0.94922;0.19141;0.78516;0.02734;0.51172
wake,8,label_aware,0,3;42;53;83;89;94;111;123,0.02734;0.33203;0.41797;0.65234;0.69922;0.73828;0.87109;0.96484
wake,16,consecutive,0,56;57;58;59;60;61;62;63;64;65;66;67;68;69;70;71,0.44141;0.44922;0.45703;0.46484;0.47266;0.48047;0.48828;0.49609;0.50391;0.51172;0.51953;0.52734;0.53516;0.54297;0.55078;0.55859
wake,16,uniform,0,0;8;17;25;34;42;51;59;68;76;85;93;102;110;119;127,0.00391;0.06641;0.13672;0.19922;0.26953;0.33203;0.40234;0.46484;0.53516;0.59766;0.66797;0.73047;0.80078;0.86328;0.93359;0.99609
wake,16,imse,0,102;43;109;9;90;123;27;60;33;24;13;70;3;83;118;38,0.80078;0.33984;0.85547;0.07422;0.70703;0.96484;0.21484;0.47266;0.26172;0.19141;0.10547;0.55078;0.02734;0.65234;0.92578;0.30078
wake,16,kernel_quadrature,0,108;11;30;121;24;100;3;65;58;46;85;93;114;53;126;25,0.84766;0.08984;0.23828;0.94922;0.19141;0.78516;0.02734;0.51172;0.45703;0.36328;0.66797;0.73047;0.89453;0.41797;0.98828;0.19922
wake,16,label_aware,0,11;21;25;40;48;53;66;70;80;83;89;94;101;105;114;123,0.08984;0.16797;0.19922;0.31641;0.37891;0.41797;0.51953;0.55078;0.62891;0.65234;0.69922;0.73828;0.79297;0.82422;0.89453;0.96484
wake,32,consecutive,0,48;49;50;51;52;53;54;55;56;57;58;59;60;61;62;63;64;65;66;67;68;69;70;71;72;73;74;75;76;77;78;79,0.37891;0.38672;0.39453;0.40234;0.41016;0.41797;0.42578;0.43359;0.44141;0.44922;0.45703;0.46484;0.47266;0.48047;0.48828;0.49609;0.50391;0.51172;0.51953;0.52734;0.53516;0.54297;0.55078;0.55859;0.56641;0.57422;0.58203;0.58984;0.59766;0.60547;0.61328;0.62109
wake,32,uniform,0,0;4;8;12;16;20;25;29;33;37;41;45;49;53;57;61;66;70;74;78;82;86;90;94;98;102;107;111;115;119;123;127,0.00391;0.03516;0.06641;0.09766;0.12891;0.16016;0.19922;0.23047;0.26172;0.29297;0.32422;0.35547;0.38672;0.41797;0.44922;0.48047;0.51953;0.55078;0.58203;0.61328;0.64453;0.67578;0.70703;0.73828;0.76953;0.80078;0.83984;0.87109;0.90234;0.93359;0.96484;0.99609
wake,32,imse,0,102;43;109;9;90;123;27;60;33;24;13;70;3;83;118;38;126;105;98;54;46;12;75;63;93;67;1;15;114;88;79;49,0.80078;0.33984;0.85547;0.07422;0.70703;0.96484;0.21484;0.47266;0.26172;0.19141;0.10547;0.55078;0.02734;0.65234;0.92578;0.30078;0.98828;0.82422;0.76953;0.42578;0.36328;0.09766;0.58984;0.49609;0.73047;0.52734;0.01172;0.12109;0.89453;0.69141;0.62109;0.38672
wake,32,kernel_quadrature,0,108;11;30;121;24;100;3;65;58;46;85;93;114;53;126;25;111;36;70;15;97;77;41;86;8;82;124;2;119;90;102;5,0.84766;0.08984;0.23828;0.94922;0.19141;0.78516;0.02734;0.51172;0.45703;0.36328;0.66797;0.73047;0.89453;0.41797;0.98828;0.19922;0.87109;0.28516;0.55078;0.12109;0.76172;0.60547;0.32422;0.67578;0.06641;0.64453;0.97266;0.01953;0.93359;0.70703;0.80078;0.04297
wake,32,label_aware,0,1;3;11;15;24;25;31;34;40;42;46;48;50;53;57;66;73;77;79;80;83;85;89;90;92;94;97;101;105;114;118;123,0.01172;0.02734;0.08984;0.12109;0.19141;0.19922;0.24609;0.26953;0.31641;0.33203;0.36328;0.37891;0.39453;0.41797;0.44922;0.51953;0.57422;0.60547;0.62109;0.62891;0.65234;0.66797;0.69922;0.70703;0.72266;0.73828;0.76172;0.79297;0.82422;0.89453;0.92578;0.96484
wake,64,consecutive,0,32;33;34;35;36;37;38;39;40;41;42;43;44;45;46;47;48;49;50;51;52;53;54;55;56;57;58;59;60;61;62;63;64;65;66;67;68;69;70;71;72;73;74;75;76;77;78;79;80;81;82;83;84;85;86;87;88;89;90;91;92;93;94;95,0.25391;0.26172;0.26953;0.27734;0.28516;0.29297;0.30078;0.30859;0.31641;0.32422;0.33203;0.33984;0.34766;0.35547;0.36328;0.37109;0.37891;0.38672;0.39453;0.40234;0.41016;0.41797;0.42578;0.43359;0.44141;0.44922;0.45703;0.46484;0.47266;0.48047;0.48828;0.49609;0.50391;0.51172;0.51953;0.52734;0.53516;0.54297;0.55078;0.55859;0.56641;0.57422;0.58203;0.58984;0.59766;0.60547;0.61328;0.62109;0.62891;0.63672;0.64453;0.65234;0.66016;0.66797;0.67578;0.68359;0.69141;0.69922;0.70703;0.71484;0.72266;0.73047;0.73828;0.74609
wake,64,uniform,0,0;2;4;6;8;10;12;14;16;18;20;22;24;26;28;30;32;34;36;38;40;42;44;46;48;50;52;54;56;58;60;62;65;67;69;71;73;75;77;79;81;83;85;87;89;91;93;95;97;99;101;103;105;107;109;111;113;115;117;119;121;123;125;127,0.00391;0.01953;0.03516;0.05078;0.06641;0.08203;0.09766;0.11328;0.12891;0.14453;0.16016;0.17578;0.19141;0.20703;0.22266;0.23828;0.25391;0.26953;0.28516;0.30078;0.31641;0.33203;0.34766;0.36328;0.37891;0.39453;0.41016;0.42578;0.44141;0.45703;0.47266;0.48828;0.51172;0.52734;0.54297;0.55859;0.57422;0.58984;0.60547;0.62109;0.63672;0.65234;0.66797;0.68359;0.69922;0.71484;0.73047;0.74609;0.76172;0.77734;0.79297;0.80859;0.82422;0.83984;0.85547;0.87109;0.88672;0.90234;0.91797;0.93359;0.94922;0.96484;0.98047;0.99609
wake,64,imse,0,102;43;109;9;90;123;27;60;33;24;13;70;3;83;118;38;126;105;98;54;46;12;75;63;93;67;1;15;114;88;79;49;31;6;74;58;18;17;66;73;120;23;78;55;76;11;81;68;106;32;91;25;124;77;61;94;71;52;29;84;64;69;127;100,0.80078;0.33984;0.85547;0.07422;0.70703;0.96484;0.21484;0.47266;0.26172;0.19141;0.10547;0.55078;0.02734;0.65234;0.92578;0.30078;0.98828;0.82422;0.76953;0.42578;0.36328;0.09766;0.58984;0.49609;0.73047;0.52734;0.01172;0.12109;0.89453;0.69141;0.62109;0.38672;0.24609;0.05078;0.58203;0.45703;0.14453;0.13672;0.51953;0.57422;0.94141;0.18359;0.61328;0.43359;0.59766;0.08984;0.63672;0.53516;0.83203;0.25391;0.71484;0.19922;0.97266;0.60547;0.48047;0.73828;0.55859;0.41016;0.23047;0.66016;0.50391;0.54297;0.99609;0.78516
wake,64,kernel_quadrature,0,108;11;30;121;24;100;3;65;58;46;85;93;114;53;126;25;111;36;70;15;97;77;41;86;8;82;124;2;119;90;102;5;49;57;66;23;19;55;29;115;54;61;42;10;106;0;91;105;81;38;67;48;74;72;32;64;87;43;120;17;96;35;22;79,0.84766;0.08984;0.23828;0.94922;0.19141;0.78516;0.02734;0.51172;0.45703;0.36328;0.66797;0.73047;0.89453;0.41797;0.98828;0.19922;0.87109;0.28516;0.55078;0.12109;0.76172;0.60547;0.32422;0.67578;0.06641;0.64453;0.97266;0.01953;0.93359;0.70703;0.80078;0.04297;0.38672;0.44922;0.51953;0.18359;0.15234;0.43359;0.23047;0.90234;0.42578;0.48047;0.33203;0.08203;0.83203;0.00391;0.71484;0.82422;0.63672;0.30078;0.52734;0.37891;0.58203;0.56641;0.25391;0.50391;0.68359;0.33984;0.94141;0.13672;0.75391;0.27734;0.17578;0.62109
wake,64,label_aware,0,0;1;3;5;10;11;15;17;21;23;24;25;27;28;29;31;34;36;40;42;43;46;47;48;50;51;52;53;55;57;58;60;61;63;66;68;70;71;73;77;79;80;81;83;85;87;89;90;91;92;94;95;97;101;102;105;110;111;114;118;119;120;124;127,0.00391;0.01172;0.02734;0.04297;0.08203;0.08984;0.12109;0.13672;0.16797;0.18359;0.19141;0.19922;0.21484;0.22266;0.23047;0.24609;0.26953;0.28516;0.31641;0.33203;0.33984;0.36328;0.37109;0.37891;0.39453;0.40234;0.41016;0.41797;0.43359;0.44922;0.45703;0.47266;0.48047;0.49609;0.51953;0.53516;0.55078;0.55859;0.57422;0.60547;0.62109;0.62891;0.63672;0.65234;0.66797;0.68359;0.69922;0.70703;0.71484;0.72266;0.73828;0.74609;0.76172;0.79297;0.80078;0.82422;0.86328;0.87109;0.89453;0.92578;0.93359;0.94141;0.97266;0.99609
wake,4,consecutive,1,62;63;64;65,0.48828;0.49609;0.50391;0.51172
wake,4,uniform,1,0;42;85;127,0.00391;0.33203;0.66797;0.99609
wake,4,imse,1,103;43;9;60,0.80859;0.33984;0.07422;0.47266
wake,4,kernel_quadrature,1,110;11;30;121,0.86328;0.08984;0.23828;0.94922
wake,4,label_aware,1,34;53;94;111,0.26953;0.41797;0.73828;0.87109
wake,8,consecutive,1,60;61;62;63;64;65;66;67,0.47266;0.48047;0.48828;0.49609;0.50391;0.51172;0.51953;0.52734
wake,8,uniform,1,0;18;36;54;73;91;109;127,0.00391;0.14453;0.28516;0.42578;0.57422;0.71484;0.85547;0.99609
wake,8,imse,1,103;43;9;60;92;109;123;33,0.80859;0.33984;0.07422;0.47266;0.72266;0.85547;0.96484;0.26172
wake,8,kernel_quadrature,1,110;11;30;121;7;94;52;41,0.86328;0.08984;0.23828;0.94922;0.05859;0.73828;0.41016;0.32422
wake,8,label_aware,1,11;42;50;70;83;89;94;111,0.08984;0.33203;0.39453;0.55078;0.65234;0.69922;0.73828;0.87109
wake,16,consecutive,1,56;57;58;59;60;61;62;63;64;65;66;67;68;69;70;71,0.44141;0.44922;0.45703;0.46484;0.47266;0.48047;0.48828;0.49609;0.50391;0.51172;0.51953;0.52734;0.53516;0.54297;0.55078;0.55859
wake,16,uniform,1,0;8;17;25;34;42;51;59;68;76;85;93;102;110;119;127,0.00391;0.06641;0.13672;0.19922;0.26953;0.33203;0.40234;0.46484;0.53516;0.59766;0.66797;0.73047;0.80078;0.86328;0.93359;0.99609
wake,16,imse,1,103;43;9;60;92;109;123;33;27;83;70;13;46;1;20;53,0.80859;0.33984;0.07422;0.47266;0.72266;0.85547;0.96484;0.26172;0.21484;0.65234;0.55078;0.10547;0.36328;0.01172;0.16016;0.41797
wake,16,kernel_quadrature,1,110;11;30;121;7;94;52;41;83;22;19;57;103;25;90;126,0.86328;0.08984;0.23828;0.94922;0.05859;0.73828;0.41016;0.32422;0.65234;0.17578;0.15234;0.44922;0.80859;0.19922;0.70703;0.98828
wake,16,label_aware,1,6;10;13;28;34;42;50;60;79;83;89;94;105;110;116;121,0.05078;0.08203;0.10547;0.22266;0.26953;0.33203;0.39453;0.47266;0.62109;0.65234;0.69922;0.73828;0.82422;0.86328;0.91016;0.94922
wake,32,consecutive,1,48;49;50;51;52;53;54;55;56;57;58;59;60;61;62;63;64;65;66;67;68;69;70;71;72;73;74;75;76;77;78;79,0.37891;0.38672;0.39453;0.40234;0.41016;0.41797;0.42578;0.43359;0.44141;0.44922;0.45703;0.46484;0.47266;0.48047;0.48828;0.49609;0.50391;0.51172;0.51953;0.52734;0.53516;0.54297;0.55078;0.55859;0.56641;0.57422;0.58203;0.58984;0.59766;0.60547;0.61328;0.62109
wake,32,uniform,1,0;4;8;12;16;20;25;29;33;37;41;45;49;53;57;61;66;70;74;78;82;86;90;94;98;102;107;111;115;119;123;127,0.00391;0.03516;0.06641;0.09766;0.12891;0.16016;0.19922;0.23047;0.26172;0.29297;0.32422;0.35547;0.38672;0.41797;0.44922;0.48047;0.51953;0.55078;0.58203;0.61328;0.64453;0.67578;0.70703;0.73828;0.76953;0.80078;0.83984;0.87109;0.90234;0.93359;0.96484;0.99609
wake,32,imse,1,103;43;9;60;92;109;123;33;27;83;70;13;46;1;20;53;126;65;111;118;23;36;88;29;98;77;14;5;115;95;40;62,0.80859;0.33984;0.07422;0.47266;0.72266;0.85547;0.96484;0.26172;0.21484;0.65234;0.55078;0.10547;0.36328;0.01172;0.16016;0.41797;0.98828;0.51172;0.87109;0.92578;0.18359;0.28516;0.69141;0.23047;0.76953;0.60547;0.11328;0.04297;0.90234;0.74609;0.31641;0.48828
wake,32,kernel_quadrature,1,110;11;30;121;7;94;52;41;83;22;19;57;103;25;90;126;72;1;53;66;13;59;111;115;36;5;49;21;77;14;80;33,0.86328;0.08984;0.23828;0.94922;0.05859;0.73828;0.41016;0.32422;0.65234;0.17578;0.15234;0.44922;0.80859;0.19922;0.70703;0.98828;0.56641;0.01172;0.41797;0.51953;0.10547;0.46484;0.87109;0.90234;0.28516;0.04297;0.38672;0.16797;0.60547;0.11328;0.62891;0.26172
wake,32,label_aware,1,5;6;10;13;21;24;27;28;34;40;42;47;50;53;60;63;68;71;75;79;80;83;89;90;94;95;103;105;110;116;120;121,0.04297;0.05078;0.08203;0.10547;0.16797;0.19141;0.21484;0.22266;0.26953;0.31641;0.33203;0.37109;0.39453;0.41797;0.47266;0.49609;0.53516;0.55859;0.58984;0.62109;0.62891;0.65234;0.69922;0.70703;0.73828;0.74609;0.80859;0.82422;0.86328;0.91016;0.94141;0.94922
wake,64,consecutive,1,32;33;34;35;36;37;38;39;40;41;42;43;44;45;46;47;48;49;50;51;52;53;54;55;56;57;58;59;60;61;62;63;64;65;66;67;68;69;70;71;72;73;74;75;76;77;78;79;80;81;82;83;84;85;86;87;88;89;90;91;92;93;94;95,0.25391;0.26172;0.26953;0.27734;0.28516;0.29297;0.30078;0.30859;0.31641;0.32422;0.33203;0.33984;0.34766;0.35547;0.36328;0.37109;0.37891;0.38672;0.39453;0.40234;0.41016;0.41797;0.42578;0.43359;0.44141;0.44922;0.45703;0.46484;0.47266;0.48047;0.48828;0.49609;0.50391;0.51172;0.51953;0.52734;0.53516;0.54297;0.55078;0.55859;0.56641;0.57422;0.58203;0.58984;0.59766;0.60547;0.61328;0.62109;0.62891;0.63672;0.64453;0.65234;0.66016;0.66797;0.67578;0.68359;0.69141;0.69922;0.70703;0.71484;0.72266;0.73047;0.73828;0.74609
wake,64,uniform,1,0;2;4;6;8;10;12;14;16;18;20;22;24;26;28;30;32;34;36;38;40;42;44;46;48;50;52;54;56;58;60;62;65;67;69;71;73;75;77;79;81;83;85;87;89;91;93;95;97;99;101;103;105;107;109;111;113;115;117;119;121;123;125;127,0.00391;0.01953;0.03516;0.05078;0.06641;0.08203;0.09766;0.11328;0.12891;0.14453;0.16016;0.17578;0.19141;0.20703;0.22266;0.23828;0.25391;0.26953;0.28516;0.30078;0.31641;0.33203;0.34766;0.36328;0.37891;0.39453;0.41016;0.42578;0.44141;0.45703;0.47266;0.48828;0.51172;0.52734;0.54297;0.55859;0.57422;0.58984;0.60547;0.62109;0.63672;0.65234;0.66797;0.68359;0.69922;0.71484;0.73047;0.74609;0.76172;0.77734;0.79297;0.80859;0.82422;0.83984;0.85547;0.87109;0.88672;0.90234;0.91797;0.93359;0.94922;0.96484;0.98047;0.99609
wake,64,imse,1,103;43;9;60;92;109;123;33;27;83;70;13;46;1;20;53;126;65;111;118;23;36;88;29;98;77;14;5;115;95;40;62;59;121;15;75;68;25;49;80;124;17;101;74;73;78;112;18;7;67;32;64;28;116;120;66;76;55;24;114;71;69;11;39,0.80859;0.33984;0.07422;0.47266;0.72266;0.85547;0.96484;0.26172;0.21484;0.65234;0.55078;0.10547;0.36328;0.01172;0.16016;0.41797;0.98828;0.51172;0.87109;0.92578;0.18359;0.28516;0.69141;0.23047;0.76953;0.60547;0.11328;0.04297;0.90234;0.74609;0.31641;0.48828;0.46484;0.94922;0.12109;0.58984;0.53516;0.19922;0.38672;0.62891;0.97266;0.13672;0.79297;0.58203;0.57422;0.61328;0.87891;0.14453;0.05859;0.52734;0.25391;0.50391;0.22266;0.91016;0.94141;0.51953;0.59766;0.43359;0.19141;0.89453;0.55859;0.54297;0.08984;0.30859
wake,64,kernel_quadrature,1,110;11;30;121;7;94;52;41;83;22;19;57;103;25;90;126;72;1;53;66;13;59;111;115;36;5;49;21;77;14;80;33;68;55;113;50;63;100;31;47;93;24;118;75;56;45;120;78;102;70;99;15;26;73;89;18;39;98;76;107;127;64;37;61,0.86328;0.08984;0.23828;0.94922;0.05859;0.73828;0.41016;0.32422;0.65234;0.17578;0.15234;0.44922;0.80859;0.19922;0.70703;0.98828;0.56641;0.01172;0.41797;0.51953;0.10547;0.46484;0.87109;0.90234;0.28516;0.04297;0.38672;0.16797;0.60547;0.11328;0.62891;0.26172;0.53516;0.43359;0.88672;0.39453;0.49609;0.78516;0.24609;0.37109;0.73047;0.19141;0.92578;0.58984;0.44141;0.35547;0.94141;0.61328;0.80078;0.55078;0.77734;0.12109;0.20703;0.57422;0.69922;0.14453;0.30859;0.76953;0.59766;0.83984;0.99609;0.50391;0.29297;0.48047
wake,64,label_aware,1,1;3;5;6;8;10;12;13;15;16;17;18;20;21;26;27;28;34;37;39;40;42;44;46;47;49;50;51;53;54;56;60;62;63;66;68;71;73;75;76;79;80;81;83;85;87;88;89;90;92;94;95;99;103;105;109;110;114;116;119;120;122;123;125,0.01172;0.02734;0.04297;0.05078;0.06641;0.08203;0.09766;0.10547;0.12109;0.12891;0.13672;0.14453;0.16016;0.16797;0.20703;0.21484;0.22266;0.26953;0.29297;0.30859;0.31641;0.33203;0.34766;0.36328;0.37109;0.38672;0.39453;0.40234;0.41797;0.42578;0.44141;0.47266;0.48828;0.49609;0.51953;0.53516;0.55859;0.57422;0.58984;0.59766;0.62109;0.62891;0.63672;0.65234;0.66797;0.68359;0.69141;0.69922;0.70703;0.72266;0.73828;0.74609;0.77734;0.80859;0.82422;0.85547;0.86328;0.89453;0.91016;0.93359;0.94141;0.95703;0.96484;0.98047
wake,4,consecutive,2,62;63;64;65,0.48828;0.49609;0.50391;0.51172
wake,4,uniform,2,0;42;85;127,0.00391;0.33203;0.66797;0.99609
wake,4,imse,2,103;43;60;113,0.80859;0.33984;0.47266;0.88672
wake,4,kernel_quadrature,2,11;109;25;58,0.08984;0.85547;0.19922;0.45703
wake,4,label_aware,2,11;42;83;89,0.08984;0.33203;0.65234;0.69922
wake,8,consecutive,2,60;61;62;63;64;65;66;67,0.47266;0.48047;0.48828;0.49609;0.50391;0.51172;0.51953;0.52734
wake,8,uniform,2,0;18;36;54;73;91;109;127,0.00391;0.14453;0.28516;0.42578;0.57422;0.71484;0.85547;0.99609
wake,8,imse,2,103;43;60;113;9;89;27;16,0.80859;0.33984;0.47266;0.88672;0.07422;0.69922;0.21484;0.12891
wake,8,kernel_quadrature,2,11;109;25;58;30;100;65;121,0.08984;0.85547;0.19922;0.45703;0.23828;0.78516;0.51172;0.94922
wake,8,label_aware,2,11;25;41;61;83;89;116;125,0.08984;0.19922;0.32422;0.48047;0.65234;0.69922;0.91016;0.98047
wake,16,consecutive,2,56;57;58;59;60;61;62;63;64;65;66;67;68;69;70;71,0.44141;0.44922;0.45703;0.46484;0.47266;0.48047;0.48828;0.49609;0.50391;0.51172;0.51953;0.52734;0.53516;0.54297;0.55078;0.55859
wake,16,uniform,2,0;8;17;25;34;42;51;59;68;76;85;93;102;110;119;127,0.00391;0.06641;0.13672;0.19922;0.26953;0.33203;0.40234;0.46484;0.53516;0.59766;0.66797;0.73047;0.80078;0.86328;0.93359;0.99609
wake,16,imse,2,103;43;60;113;9;89;27;16;123;37;24;65;48;4;83;125,0.80859;0.33984;0.47266;0.88672;0.07422;0.69922;0.21484;0.12891;0.96484;0.29297;0.19141;0.51172;0.37891;0.03516;0.65234;0.98047
wake,16,kernel_quadrature,2,11;109;25;58;30;100;65;121;116;21;41;85;93;49;70;77,0.08984;0.85547;0.19922;0.45703;0.23828;0.78516;0.51172;0.94922;0.91016;0.16797;0.32422;0.66797;0.73047;0.38672;0.55078;0.60547
wake,16,label_aware,2,5;11;25;38;41;50;53;59;66;79;83;89;92;103;113;125,0.04297;0.08984;0.19922;0.30078;0.32422;0.39453;0.41797;0.46484;0.51953;0.62109;0.65234;0.69922;0.72266;0.80859;0.88672;0.98047
wake,32,consecutive,2,48;49;50;51;52;53;54;55;56;57;58;59;60;61;62;63;64;65;66;67;68;69;70;71;72;73;74;75;76;77;78;79,0.37891;0.38672;0.39453;0.40234;0.41016;0.41797;0.42578;0.43359;0.44141;0.44922;0.45703;0.46484;0.47266;0.48047;0.48828;0.49609;0.50391;0.51172;0.51953;0.52734;0.53516;0.54297;0.55078;0.55859;0.56641;0.57422;0.58203;0.58984;0.59766;0.60547;0.61328;0.62109
wake,32,uniform,2,0;4;8;12;16;20;25;29;33;37;41;45;49;53;57;61;66;70;74;78;82;86;90;94;98;102;107;111;115;119;123;127,0.00391;0.03516;0.06641;0.09766;0.12891;0.16016;0.19922;0.23047;0.26172;0.29297;0.32422;0.35547;0.38672;0.41797;0.44922;0.48047;0.51953;0.55078;0.58203;0.61328;0.64453;0.67578;0.70703;0.73828;0.76953;0.80078;0.83984;0.87109;0.90234;0.93359;0.96484;0.99609
wake,32,imse,2,103;43;60;113;9;89;27;16;123;37;24;65;48;4;83;125;31;70;2;79;23;96;53;107;12;75;120;68;7;56;18;86,0.80859;0.33984;0.47266;0.88672;0.07422;0.69922;0.21484;0.12891;0.96484;0.29297;0.19141;0.51172;0.37891;0.03516;0.65234;0.98047;0.24609;0.55078;0.01953;0.62109;0.18359;0.75391;0.41797;0.83984;0.09766;0.58984;0.94141;0.53516;0.05859;0.44141;0.14453;0.67578
wake,32,kernel_quadrature,2,11;109;25;58;30;100;65;121;116;21;41;85;93;49;70;77;34;4;88;46;126;102;53;82;5;113;17;98;66;37;43;2,0.08984;0.85547;0.19922;0.45703;0.23828;0.78516;0.51172;0.94922;0.91016;0.16797;0.32422;0.66797;0.73047;0.38672;0.55078;0.60547;0.26953;0.03516;0.69141;0.36328;0.98828;0.80078;0.41797;0.64453;0.04297;0.88672;0.13672;0.76953;0.51953;0.29297;0.33984;0.01953
wake,32,label_aware,2,0;5;8;11;20;25;34;38;41;44;47;49;53;59;62;65;66;73;77;80;83;88;89;92;96;103;105;109;113;116;120;125,0.00391;0.04297;0.06641;0.08984;0.16016;0.19922;0.26953;0.30078;0.32422;0.34766;0.37109;0.38672;0.41797;0.46484;0.48828;0.51172;0.51953;0.57422;0.60547;0.62891;0.65234;0.69141;0.69922;0.72266;0.75391;0.80859;0.82422;0.85547;0.88672;0.91016;0.94141;0.98047
wake,64,consecutive,2,32;33;34;35;36;37;38;39;40;41;42;43;44;45;46;47;48;49;50;51;52;53;54;55;56;57;58;59;60;61;62;63;64;65;66;67;68;69;70;71;72;73;74;75;76;77;78;79;80;81;82;83;84;85;86;87;88;89;90;91;92;93;94;95,0.25391;0.26172;0.26953;0.27734;0.28516;0.29297;0.30078;0.30859;0.31641;0.32422;0.33203;0.33984;0.34766;0.35547;0.36328;0.37109;0.37891;0.38672;0.39453;0.40234;0.41016;0.41797;0.42578;0.43359;0.44141;0.44922;0.45703;0.46484;0.47266;0.48047;0.48828;0.49609;0.50391;0.51172;0.51953;0.52734;0.53516;0.54297;0.55078;0.55859;0.56641;0.57422;0.58203;0.58984;0.59766;0.60547;0.61328;0.62109;0.62891;0.63672;0.64453;0.65234;0.66016;0.66797;0.67578;0.68359;0.69141;0.69922;0.70703;0.71484;0.72266;0.73047;0.73828;0.74609
wake,64,uniform,2,0;2;4;6;8;10;12;14;16;18;20;22;24;26;28;30;32;34;36;38;40;42;44;46;48;50;52;54;56;58;60;62;65;67;69;71;73;75;77;79;81;83;85;87;89;91;93;95;97;99;101;103;105;107;109;111;113;115;117;119;121;123;125;127,0.00391;0.01953;0.03516;0.05078;0.06641;0.08203;0.09766;0.11328;0.12891;0.14453;0.16016;0.17578;0.19141;0.20703;0.22266;0.23828;0.25391;0.26953;0.28516;0.30078;0.31641;0.33203;0.34766;0.36328;0.37891;0.39453;0.41016;0.42578;0.44141;0.45703;0.47266;0.48828;0.51172;0.52734;0.54297;0.55859;0.57422;0.58984;0.60547;0.62109;0.63672;0.65234;0.66797;0.68359;0.69922;0.71484;0.73047;0.74609;0.76172;0.77734;0.79297;0.80859;0.82422;0.83984;0.85547;0.87109;0.88672;0.90234;0.91797;0.93359;0.94922;0.96484;0.98047;0.99609
wake,64,imse,2,103;43;60;113;9;89;27;16;123;37;24;65;48;4;83;125;31;70;2;79;23;96;53;107;12;75;120;68;7;56;18;86;30;111;74;73;63;118;40;0;14;76;58;34;21;81;11;69;51;127;116;32;78;93;66;110;84;46;25;49;99;104;28;71,0.80859;0.33984;0.47266;0.88672;0.07422;0.69922;0.21484;0.12891;0.96484;0.29297;0.19141;0.51172;0.37891;0.03516;0.65234;0.98047;0.24609;0.55078;0.01953;0.62109;0.18359;0.75391;0.41797;0.83984;0.09766;0.58984;0.94141;0.53516;0.05859;0.44141;0.14453;0.67578;0.23828;0.87109;0.58203;0.57422;0.49609;0.92578;0.31641;0.00391;0.11328;0.59766;0.45703;0.26953;0.16797;0.63672;0.08984;0.54297;0.40234;0.99609;0.91016;0.25391;0.61328;0.73047;0.51953;0.86328;0.66016;0.36328;0.19922;0.38672;0.77734;0.81641;0.22266;0.55859
wake,64,kernel_quadrature,2,11;109;25;58;30;100;65;121;116;21;41;85;93;49;70;77;34;4;88;46;126;102;53;82;5;113;17;98;66;37;43;2;118;111;80;55;13;18;0;61;99;35;9;125;117;59;119;123;91;103;127;29;81;68;8;38;16;94;106;32;114;28;20;74,0.08984;0.85547;0.19922;0.45703;0.23828;0.78516;0.51172;0.94922;0.91016;0.16797;0.32422;0.66797;0.73047;0.38672;0.55078;0.60547;0.26953;0.03516;0.69141;0.36328;0.98828;0.80078;0.41797;0.64453;0.04297;0.88672;0.13672;0.76953;0.51953;0.29297;0.33984;0.01953;0.92578;0.87109;0.62891;0.43359;0.10547;0.14453;0.00391;0.48047;0.77734;0.27734;0.07422;0.98047;0.91797;0.46484;0.93359;0.96484;0.71484;0.80859;0.99609;0.23047;0.63672;0.53516;0.06641;0.30078;0.12891;0.73828;0.83203;0.25391;0.89453;0.22266;0.16016;0.58203
wake,64,label_aware,2,0;4;5;6;8;10;13;20;25;29;33;34;37;38;39;41;43;44;47;48;49;50;53;56;57;58;59;61;62;65;66;68;71;72;73;75;77;79;80;81;82;83;85;86;87;88;89;92;94;96;100;101;103;105;106;108;109;113;114;116;120;121;125;127,0.00391;0.03516;0.04297;0.05078;0.06641;0.08203;0.10547;0.16016;0.19922;0.23047;0.26172;0.26953;0.29297;0.30078;0.30859;0.32422;0.33984;0.34766;0.37109;0.37891;0.38672;0.39453;0.41797;0.44141;0.44922;0.45703;0.46484;0.48047;0.48828;0.51172;0.51953;0.53516;0.55859;0.56641;0.57422;0.58984;0.60547;0.62109;0.62891;0.63672;0.64453;0.65234;0.66797;0.67578;0.68359;0.69141;0.69922;0.72266;0.73828;0.75391;0.78516;0.79297;0.80859;0.82422;0.83203;0.84766;0.85547;0.88672;0.89453;0.91016;0.94141;0.94922;0.98047;0.99609
wake,4,consecutive,3,62;63;64;65,0.48828;0.49609;0.50391;0.51172
wake,4,uniform,3,0;42;85;127,0.00391;0.33203;0.66797;0.99609
wake,4,imse,3,48;104;9;43,0.37891;0.81641;0.07422;0.33984
wake,4,kernel_quadrature,3,108;3;103;21,0.84766;0.02734;0.80859;0.16797
wake,4,label_aware,3,53;83;103;108,0.41797;0.65234;0.80859;0.84766
wake,8,consecutive,3,60;61;62;63;64;65;66;67,0.47266;0.48047;0.48828;0.49609;0.50391;0.51172;0.51953;0.52734
wake,8,uniform,3,0;18;36;54;73;91;109;127,0.00391;0.14453;0.28516;0.42578;0.57422;0.71484;0.85547;0.99609
wake,8,imse,3,48;104;9;43;19;122;109;96,0.37891;0.81641;0.07422;0.33984;0.15234;0.95703;0.85547;0.75391
wake,8,kernel_quadrature,3,108;3;103;21;53;100;126;114,0.84766;0.02734;0.80859;0.16797;0.41797;0.78516;0.98828;0.89453
wake,8,label_aware,3,21;41;53;83;94;103;108;126,0.16797;0.32422;0.41797;0.65234;0.73828;0.80859;0.84766;0.98828
wake,16,consecutive,3,56;57;58;59;60;61;62;63;64;65;66;67;68;69;70;71,0.44141;0.44922;0.45703;0.46484;0.47266;0.48047;0.48828;0.49609;0.50391;0.51172;0.51953;0.52734;0.53516;0.54297;0.55078;0.55859
wake,16,uniform,3,0;8;17;25;34;42;51;59;68;76;85;93;102;110;119;127,0.00391;0.06641;0.13672;0.19922;0.26953;0.33203;0.40234;0.46484;0.53516;0.59766;0.66797;0.73047;0.80078;0.86328;0.93359;0.99609
wake,16,imse,3,48;104;9;43;19;122;109;96;56;36;90;14;3;33;83;22,0.37891;0.81641;0.07422;0.33984;0.15234;0.95703;0.85547;0.75391;0.44141;0.28516;0.70703;0.11328;0.02734;0.26172;0.65234;0.17578
wake,16,kernel_quadrature,3,108;3;103;21;53;100;126;114;25;11;34;66;90;58;42;80,0.84766;0.02734;0.80859;0.16797;0.41797;0.78516;0.98828;0.89453;0.19922;0.08984;0.26953;0.51953;0.70703;0.45703;0.33203;0.62891
wake,16,label_aware,3,5;21;41;46;53;65;72;80;83;90;94;103;108;115;121;126,0.04297;0.16797;0.32422;0.36328;0.41797;0.51172;0.56641;0.62891;0.65234;0.70703;0.73828;0.80859;0.84766;0.90234;0.94922;0.98828
wake,32,consecutive,3,48;49;50;51;52;53;54;55;56;57;58;59;60;61;62;63;64;65;66;67;68;69;70;71;72;73;74;75;76;77;78;79,0.37891;0.38672;0.39453;0.40234;0.41016;0.41797;0.42578;0.43359;0.44141;0.44922;0.45703;0.46484;0.47266;0.48047;0.48828;0.49609;0.50391;0.51172;0.51953;0.52734;0.53516;0.54297;0.55078;0.55859;0.56641;0.57422;0.58203;0.58984;0.59766;0.60547;0.61328;0.62109
wake,32,uniform,3,0;4;8;12;16;20;25;29;33;37;41;45;49;53;57;61;66;70;74;78;82;86;90;94;98;102;107;111;115;119;123;127,0.00391;0.03516;0.06641;0.09766;0.12891;0.16016;0.19922;0.23047;0.26172;0.29297;0.32422;0.35547;0.38672;0.41797;0.44922;0.48047;0.51953;0.55078;0.58203;0.61328;0.64453;0.67578;0.70703;0.73828;0.76953;0.80078;0.83984;0.87109;0.90234;0.93359;0.96484;0.99609
wake,32,imse,3,48;104;9;43;19;122;109;96;56;36;90;14;3;33;83;22;29;62;72;125;7;67;78;26;58;0;120;12;16;52;116;112,0.37891;0.81641;0.07422;0.33984;0.15234;0.95703;0.85547;0.75391;0.44141;0.28516;0.70703;0.11328;0.02734;0.26172;0.65234;0.17578;0.23047;0.48828;0.56641;0.98047;0.05859;0.52734;0.61328;0.20703;0.45703;0.00391;0.94141;0.09766;0.12891;0.41016;0.91016;0.87891
wake,32,kernel_quadrature,3,108;3;103;21;53;100;126;114;25;11;34;66;90;58;42;80;111;15;49;74;6;123;38;110;88;65;96;72;47;61;75;18,0.84766;0.02734;0.80859;0.16797;0.41797;0.78516;0.98828;0.89453;0.19922;0.08984;0.26953;0.51953;0.70703;0.45703;0.33203;0.62891;0.87109;0.12109;0.38672;0.58203;0.05078;0.96484;0.30078;0.86328;0.69141;0.51172;0.75391;0.56641;0.37109;0.48047;0.58984;0.14453
wake,32,label_aware,3,1;5;15;19;20;38;41;46;48;50;53;57;61;62;65;72;73;77;80;83;85;88;90;94;95;101;103;106;108;115;121;126,0.01172;0.04297;0.12109;0.15234;0.16016;0.30078;0.32422;0.36328;0.37891;0.39453;0.41797;0.44922;0.48047;0.48828;0.51172;0.56641;0.57422;0.60547;0.62891;0.65234;0.66797;0.69141;0.70703;0.73828;0.74609;0.79297;0.80859;0.83203;0.84766;0.90234;0.94922;0.98828
wake,64,consecutive,3,32;33;34;35;36;37;38;39;40;41;42;43;44;45;46;47;48;49;50;51;52;53;54;55;56;57;58;59;60;61;62;63;64;65;66;67;68;69;70;71;72;73;74;75;76;77;78;79;80;81;82;83;84;85;86;87;88;89;90;91;92;93;94;95,0.25391;0.26172;0.26953;0.27734;0.28516;0.29297;0.30078;0.30859;0.31641;0.32422;0.33203;0.33984;0.34766;0.35547;0.36328;0.37109;0.37891;0.38672;0.39453;0.40234;0.41016;0.41797;0.42578;0.43359;0.44141;0.44922;0.45703;0.46484;0.47266;0.48047;0.48828;0.49609;0.50391;0.51172;0.51953;0.52734;0.53516;0.54297;0.55078;0.55859;0.56641;0.57422;0.58203;0.58984;0.59766;0.60547;0.61328;0.62109;0.62891;0.63672;0.64453;0.65234;0.66016;0.66797;0.67578;0.68359;0.69141;0.69922;0.70703;0.71484;0.72266;0.73047;0.73828;0.74609
wake,64,uniform,3,0;2;4;6;8;10;12;14;16;18;20;22;24;26;28;30;32;34;36;38;40;42;44;46;48;50;52;54;56;58;60;62;65;67;69;71;73;75;77;79;81;83;85;87;89;91;93;95;97;99;101;103;105;107;109;111;113;115;117;119;121;123;125;127,0.00391;0.01953;0.03516;0.05078;0.06641;0.08203;0.09766;0.11328;0.12891;0.14453;0.16016;0.17578;0.19141;0.20703;0.22266;0.23828;0.25391;0.26953;0.28516;0.30078;0.31641;0.33203;0.34766;0.36328;0.37891;0.39453;0.41016;0.42578;0.44141;0.45703;0.47266;0.48828;0.51172;0.52734;0.54297;0.55859;0.57422;0.58984;0.60547;0.62109;0.63672;0.65234;0.66797;0.68359;0.69922;0.71484;0.73047;0.74609;0.76172;0.77734;0.79297;0.80859;0.82422;0.83984;0.85547;0.87109;0.88672;0.90234;0.91797;0.93359;0.94922;0.96484;0.98047;0.99609
wake,64,imse,3,48;104;9;43;19;122;109;96;56;36;90;14;3;33;83;22;29;62;72;125;7;67;78;26;58;0;120;12;16;52;116;112;87;20;127;40;32;92;100;81;64;117;61;68;75;2;54;76;66;69;45;74;50;102;71;73;119;77;85;97;18;5;60;106,0.37891;0.81641;0.07422;0.33984;0.15234;0.95703;0.85547;0.75391;0.44141;0.28516;0.70703;0.11328;0.02734;0.26172;0.65234;0.17578;0.23047;0.48828;0.56641;0.98047;0.05859;0.52734;0.61328;0.20703;0.45703;0.00391;0.94141;0.09766;0.12891;0.41016;0.91016;0.87891;0.68359;0.16016;0.99609;0.31641;0.25391;0.72266;0.78516;0.63672;0.50391;0.91797;0.48047;0.53516;0.58984;0.01953;0.42578;0.59766;0.51953;0.54297;0.35547;0.58203;0.39453;0.80078;0.55859;0.57422;0.93359;0.60547;0.66797;0.76172;0.14453;0.04297;0.47266;0.83203
wake,64,kernel_quadrature,3,108;3;103;21;53;100;126;114;25;11;34;66;90;58;42;80;111;15;49;74;6;123;38;110;88;65;96;72;47;61;75;18;115;84;22;120;105;28;95;125;35;44;12;85;60;78;52;13;8;70;54;62;0;107;45;41;14;82;94;17;48;27;71;76,0.84766;0.02734;0.80859;0.16797;0.41797;0.78516;0.98828;0.89453;0.19922;0.08984;0.26953;0.51953;0.70703;0.45703;0.33203;0.62891;0.87109;0.12109;0.38672;0.58203;0.05078;0.96484;0.30078;0.86328;0.69141;0.51172;0.75391;0.56641;0.37109;0.48047;0.58984;0.14453;0.90234;0.66016;0.17578;0.94141;0.82422;0.22266;0.74609;0.98047;0.27734;0.34766;0.09766;0.66797;0.47266;0.61328;0.41016;0.10547;0.06641;0.55078;0.42578;0.48828;0.00391;0.83984;0.35547;0.32422;0.11328;0.64453;0.73828;0.13672;0.37891;0.21484;0.55859;0.59766
wake,64,label_aware,3,0;2;5;8;10;13;15;18;19;20;28;35;37;38;40;41;42;43;44;46;48;50;53;54;55;56;57;61;62;64;65;66;68;71;72;73;75;76;77;80;81;83;84;85;87;88;90;92;94;95;96;97;98;101;103;105;106;108;114;115;120;121;124;126,0.00391;0.01953;0.04297;0.06641;0.08203;0.10547;0.12109;0.14453;0.15234;0.16016;0.22266;0.27734;0.29297;0.30078;0.31641;0.32422;0.33203;0.33984;0.34766;0.36328;0.37891;0.39453;0.41797;0.42578;0.43359;0.44141;0.44922;0.48047;0.48828;0.50391;0.51172;0.51953;0.53516;0.55859;0.56641;0.57422;0.58984;0.59766;0.60547;0.62891;0.63672;0.65234;0.66016;0.66797;0.68359;0.69141;0.70703;0.72266;0.73828;0.74609;0.75391;0.76172;0.76953;0.79297;0.80859;0.82422;0.83203;0.84766;0.89453;0.90234;0.94141;0.94922;0.97266;0.98828
wake,4,consecutive,4,62;63;64;65,0.48828;0.49609;0.50391;0.51172
wake,4,uniform,4,0;42;85;127,0.00391;0.33203;0.66797;0.99609
wake,4,imse,4,103;45;9;60,0.80859;0.35547;0.07422;0.47266
wake,4,kernel_quadrature,4,103;3;123;21,0.80859;0.02734;0.96484;0.16797
wake,4,label_aware,4,3;89;105;123,0.02734;0.69922;0.82422;0.96484
wake,8,consecutive,4,60;61;62;63;64;65;66;67,0.47266;0.48047;0.48828;0.49609;0.50391;0.51172;0.51953;0.52734
wake,8,uniform,4,0;18;36;54;73;91;109;127,0.00391;0.14453;0.28516;0.42578;0.57422;0.71484;0.85547;0.99609
wake,8,imse,4,103;45;9;60;33;92;121;24,0.80859;0.35547;0.07422;0.47266;0.26172;0.72266;0.94922;0.19141
wake,8,kernel_quadrature,4,103;3;123;21;30;13;105;89,0.80859;0.02734;0.96484;0.16797;0.23828;0.10547;0.82422;0.69922
wake,8,label_aware,4,3;21;42;65;89;101;105;123,0.02734;0.16797;0.33203;0.51172;0.69922;0.79297;0.82422;0.96484
wake,16,consecutive,4,56;57;58;59;60;61;62;63;64;65;66;67;68;69;70;71,0.44141;0.44922;0.45703;0.46484;0.47266;0.48047;0.48828;0.49609;0.50391;0.51172;0.51953;0.52734;0.53516;0.54297;0.55078;0.55859
wake,16,uniform,4,0;8;17;25;34;42;51;59;68;76;85;93;102;110;119;127,0.00391;0.06641;0.13672;0.19922;0.26953;0.33203;0.40234;0.46484;0.53516;0.59766;0.66797;0.73047;0.80078;0.86328;0.93359;0.99609
wake,16,imse,4,103;45;9;60;33;92;121;24;113;27;13;41;1;70;83;125,0.80859;0.35547;0.07422;0.47266;0.26172;0.72266;0.94922;0.19141;0.88672;0.21484;0.10547;0.32422;0.01172;0.55078;0.65234;0.98047
wake,16,kernel_quadrature,4,103;3;123;21;30;13;105;89;42;22;15;50;100;110;26;59,0.80859;0.02734;0.96484;0.16797;0.23828;0.10547;0.82422;0.69922;0.33203;0.17578;0.12109;0.39453;0.78516;0.86328;0.20703;0.46484
wake,16,label_aware,4,3;15;21;26;40;45;53;61;65;76;83;89;101;105;110;123,0.02734;0.12109;0.16797;0.20703;0.31641;0.35547;0.41797;0.48047;0.51172;0.59766;0.65234;0.69922;0.79297;0.82422;0.86328;0.96484
wake,32,consecutive,4,48;49;50;51;52;53;54;55;56;57;58;59;60;61;62;63;64;65;66;67;68;69;70;71;72;73;74;75;76;77;78;79,0.37891;0.38672;0.39453;0.40234;0.41016;0.41797;0.42578;0.43359;0.44141;0.44922;0.45703;0.46484;0.47266;0.48047;0.48828;0.49609;0.50391;0.51172;0.51953;0.52734;0.53516;0.54297;0.55078;0.55859;0.56641;0.57422;0.58203;0.58984;0.59766;0.60547;0.61328;0.62109
wake,32,uniform,4,0;4;8;12;16;20;25;29;33;37;41;45;49;53;57;61;66;70;74;78;82;86;90;94;98;102;107;111;115;119;123;127,0.00391;0.03516;0.06641;0.09766;0.12891;0.16016;0.19922;0.23047;0.26172;0.29297;0.32422;0.35547;0.38672;0.41797;0.44922;0.48047;0.51953;0.55078;0.58203;0.61328;0.64453;0.67578;0.70703;0.73828;0.76953;0.80078;0.83984;0.87109;0.90234;0.93359;0.96484;0.99609
wake,32,imse,4,103;45;9;60;33;92;121;24;113;27;13;41;1;70;83;125;53;118;87;65;58;107;14;31;77;68;16;6;98;80;122;20,0.80859;0.35547;0.07422;0.47266;0.26172;0.72266;0.94922;0.19141;0.88672;0.21484;0.10547;0.32422;0.01172;0.55078;0.65234;0.98047;0.41797;0.92578;0.68359;0.51172;0.45703;0.83984;0.11328;0.24609;0.60547;0.53516;0.12891;0.05078;0.76953;0.62891;0.95703;0.16016
wake,32,kernel_quadrature,4,103;3;123;21;30;13;105;89;42;22;15;50;100;110;26;59;79;40;68;19;119;87;111;58;98;70;9;61;108;34;78;109,0.80859;0.02734;0.96484;0.16797;0.23828;0.10547;0.82422;0.69922;0.33203;0.17578;0.12109;0.39453;0.78516;0.86328;0.20703;0.46484;0.62109;0.31641;0.53516;0.15234;0.93359;0.68359;0.87109;0.45703;0.76953;0.55078;0.07422;0.48047;0.84766;0.26953;0.61328;0.85547
wake,32,label_aware,4,3;5;9;15;22;26;34;40;42;46;50;53;61;62;65;68;71;75;76;78;79;81;83;87;89;94;101;105;109;110;120;125,0.02734;0.04297;0.07422;0.12109;0.17578;0.20703;0.26953;0.31641;0.33203;0.36328;0.39453;0.41797;0.48047;0.48828;0.51172;0.53516;0.55859;0.58984;0.59766;0.61328;0.62109;0.63672;0.65234;0.68359;0.69922;0.73828;0.79297;0.82422;0.85547;0.86328;0.94141;0.98047
wake,64,consecutive,4,32;33;34;35;36;37;38;39;40;41;42;43;44;45;46;47;48;49;50;51;52;53;54;55;56;57;58;59;60;61;62;63;64;65;66;67;68;69;70;71;72;73;74;75;76;77;78;79;80;81;82;83;84;85;86;87;88;89;90;91;92;93;94;95,0.25391;0.26172;0.26953;0.27734;0.28516;0.29297;0.30078;0.30859;0.31641;0.32422;0.33203;0.33984;0.34766;0.35547;0.36328;0.37109;0.37891;0.38672;0.39453;0.40234;0.41016;0.41797;0.42578;0.43359;0.44141;0.44922;0.45703;0.46484;0.47266;0.48047;0.48828;0.49609;0.50391;0.51172;0.51953;0.52734;0.53516;0.54297;0.55078;0.55859;0.56641;0.57422;0.58203;0.58984;0.59766;0.60547;0.61328;0.62109;0.62891;0.63672;0.64453;0.65234;0.66016;0.66797;0.67578;0.68359;0.69141;0.69922;0.70703;0.71484;0.72266;0.73047;0.73828;0.74609
wake,64,uniform,4,0;2;4;6;8;10;12;14;16;18;20;22;24;26;28;30;32;34;36;38;40;42;44;46;48;50;52;54;56;58;60;62;65;67;69;71;73;75;77;79;81;83;85;87;89;91;93;95;97;99;101;103;105;107;109;111;113;115;117;119;121;123;125;127,0.00391;0.01953;0.03516;0.05078;0.06641;0.08203;0.09766;0.11328;0.12891;0.14453;0.16016;0.17578;0.19141;0.20703;0.22266;0.23828;0.25391;0.26953;0.28516;0.30078;0.31641;0.33203;0.34766;0.36328;0.37891;0.39453;0.41016;0.42578;0.44141;0.45703;0.47266;0.48828;0.51172;0.52734;0.54297;0.55859;0.57422;0.58984;0.60547;0.62109;0.63672;0.65234;0.66797;0.68359;0.69922;0.71484;0.73047;0.74609;0.76172;0.77734;0.79297;0.80859;0.82422;0.83984;0.85547;0.87109;0.88672;0.90234;0.91797;0.93359;0.94922;0.96484;0.98047;0.99609
wake,64,imse,4,103;45;9;60;33;92;121;24;113;27;13;41;1;70;83;125;53;118;87;65;58;107;14;31;77;68;16;6;98;80;122;20;111;38;89;4;71;10;49;22;75;78;12;127;63;116;74;35;28;69;2;76;51;64;81;56;18;84;26;96;66;114;73;79,0.80859;0.35547;0.07422;0.47266;0.26172;0.72266;0.94922;0.19141;0.88672;0.21484;0.10547;0.32422;0.01172;0.55078;0.65234;0.98047;0.41797;0.92578;0.68359;0.51172;0.45703;0.83984;0.11328;0.24609;0.60547;0.53516;0.12891;0.05078;0.76953;0.62891;0.95703;0.16016;0.87109;0.30078;0.69922;0.03516;0.55859;0.08203;0.38672;0.17578;0.58984;0.61328;0.09766;0.99609;0.49609;0.91016;0.58203;0.27734;0.22266;0.54297;0.01953;0.59766;0.40234;0.50391;0.63672;0.44141;0.14453;0.66016;0.20703;0.75391;0.51953;0.89453;0.57422;0.62109
wake,64,kernel_quadrature,4,103;3;123;21;30;13;105;89;42;22;15;50;100;110;26;59;79;40;68;19;119;87;111;58;98;70;9;61;108;34;78;109;48;63;97;82;104;113;43;54;75;0;23;91;38;94;33;125;17;76;74;71;52;127;60;47;31;7;10;81;27;20;88;85,0.80859;0.02734;0.96484;0.16797;0.23828;0.10547;0.82422;0.69922;0.33203;0.17578;0.12109;0.39453;0.78516;0.86328;0.20703;0.46484;0.62109;0.31641;0.53516;0.15234;0.93359;0.68359;0.87109;0.45703;0.76953;0.55078;0.07422;0.48047;0.84766;0.26953;0.61328;0.85547;0.37891;0.49609;0.76172;0.64453;0.81641;0.88672;0.33984;0.42578;0.58984;0.00391;0.18359;0.71484;0.30078;0.73828;0.26172;0.98047;0.13672;0.59766;0.58203;0.55859;0.41016;0.99609;0.47266;0.37109;0.24609;0.05859;0.08203;0.63672;0.21484;0.16016;0.69141;0.66797
wake,64,label_aware,4,1;2;3;5;9;12;15;19;22;24;26;33;35;37;39;40;41;42;44;46;47;48;50;53;55;57;61;62;63;64;65;68;70;71;73;75;76;77;78;79;80;81;82;83;86;87;89;90;93;94;95;99;101;103;105;109;110;111;115;118;120;121;123;125,0.01172;0.01953;0.02734;0.04297;0.07422;0.09766;0.12109;0.15234;0.17578;0.19141;0.20703;0.26172;0.27734;0.29297;0.30859;0.31641;0.32422;0.33203;0.34766;0.36328;0.37109;0.37891;0.39453;0.41797;0.43359;0.44922;0.48047;0.48828;0.49609;0.50391;0.51172;0.53516;0.55078;0.55859;0.57422;0.58984;0.59766;0.60547;0.61328;0.62109;0.62891;0.63672;0.64453;0.65234;0.67578;0.68359;0.69922;0.70703;0.73047;0.73828;0.74609;0.77734;0.79297;0.80859;0.82422;0.85547;0.86328;0.87109;0.90234;0.92578;0.94141;0.94922;0.96484;0.98047
